{"type":"FeatureCollection","features":[{"type":"Feature","geometry":{"type":"Polygon","coordinates":[[[26.161876120221823,44.39822554300947],[26.161707712735552,44.39797833359751],[26.159834608911623,44.39554573134862],[26.158143454012883,44.39328037855181],[26.157050661691752,44.39194985663033],[26.157037938527786,44.39172147130716],[26.156836327392536,44.39063973403546],[26.156561140275365,44.39020361921099],[26.156368129236423,44.38996025498552],[26.154910036951236,44.38854625165252],[26.154305408423873,44.38800964721163],[26.153608970619164,44.38696546706948],[26.154055020411445,44.38680735245489],[26.15343943693496,44.38599670877949],[26.15256107442336,44.38477060123043],[26.151760430929524,44.38364521476312],[26.151194678350336,44.38386061564806],[26.149916244175166,44.38221457696807],[26.150106780051413,44.382133788960694],[26.149987994627367,44.38197263811931],[26.149279547704985,44.38103025762617],[26.14903686965048,44.38070305614584],[26.14897858382037,44.380624358951515],[26.14876866219916,44.38034137376577],[26.148393825467366,44.37983605476408],[26.147494780496835,44.37863262077255],[26.148498262874472,44.378223679559994],[26.147893758253385,44.377387243299275],[26.147796928926557,44.37742135125118],[26.147621893250484,44.377238810922684],[26.147490332302592,44.377084357968144],[26.14734669331486,44.37691562759006],[26.14733009763767,44.37692038681499],[26.1469240417134,44.37635129977907],[26.14695042935772,44.37634041071813],[26.146821964251192,44.376183675420755],[26.145635091571847,44.37464745058586],[26.14559543790858,44.37466009435968],[26.14546870816169,44.37448920957638],[26.144972189659764,44.37468056443531],[26.143816245829903,44.37313698630372],[26.143769391731972,44.37315987283011],[26.143618560136225,44.37293720962547],[26.143655019845244,44.372921718920395],[26.143417628517707,44.372604712403415],[26.144877611568006,44.372035102493115],[26.14465703670047,44.37171837760213],[26.14445703958117,44.37142691373583],[26.144268929009318,44.371152699138236],[26.144171901944233,44.37101121182287],[26.143839876301836,44.37052740396513],[26.14371076776979,44.370349701333296],[26.143611065274747,44.37021238083342],[26.143302895471667,44.36989420307192],[26.14325636689555,44.36984445436703],[26.142840014589417,44.36945483214495],[26.143034166609766,44.36920283527053],[26.143617923809003,44.369428482593705],[26.143682885738407,44.36934421072913],[26.143726892988894,44.36936158410217],[26.14423594659215,44.36870164610566],[26.143675750924178,44.368404480999],[26.143756228837805,44.368280000529275],[26.143880390501195,44.368118445310415],[26.143913238376314,44.368079050643296],[26.144603327462978,44.367171385612856],[26.144694220834122,44.36720592232736],[26.1455971100899,44.36602077078564],[26.145747339723144,44.36608665359544],[26.146256316111685,44.36536199561595],[26.146342319882507,44.365390460624475],[26.1477286681941,44.36362237435863],[26.148167569825198,44.36330172152813],[26.148616291962412,44.36350198909469],[26.15041463890792,44.36111423053318],[26.152187199590493,44.357455966866894],[26.157450040439894,44.35059845647902],[26.161260193147466,44.34555994773326],[26.164363112657927,44.346803043615054],[26.166789884522917,44.34362936950118],[26.16410429323763,44.342571570587275],[26.16385846741076,44.34253964187982],[26.16374338663298,44.34258583280662],[26.16336474896511,44.342803951893785],[26.163233380275212,44.342744738169884],[26.163971035106094,44.341768689862356],[26.16337590766909,44.34158520810537],[26.163048582047495,44.34149768867598],[26.162690544179455,44.341404545414676],[26.156133095575786,44.33939601393904],[26.15716596660278,44.337637650630064],[26.156653610426325,44.33709291466292],[26.156467535852013,44.33553491195831],[26.151946030425545,44.33424745018338],[26.149477873203292,44.33561434321523],[26.148934831022586,44.336300842567255],[26.14763748980659,44.33708269475768],[26.14748771488355,44.33741623896076],[26.146299135409667,44.33723808610961],[26.14620893504271,44.337712054854066],[26.146534672358662,44.337799967678656],[26.14660804036165,44.33781521453956],[26.14660820413675,44.33781525247201],[26.14631388085873,44.33797624878167],[26.146045415620016,44.338123099131685],[26.14601805106653,44.33813806787167],[26.14590029285568,44.33820248146071],[26.14585503579844,44.33822723642505],[26.145718151565575,44.33830211105069],[26.145672842244387,44.338326894373715],[26.14564848232798,44.33834021960498],[26.145077181413075,44.338652712023986],[26.145075067344067,44.33865386845561],[26.14504086256309,44.338672577722825],[26.144962924709866,44.338715207961464],[26.14487596047207,44.33876281346361],[26.144829428792608,44.33878828569209],[26.144656296222653,44.33888305991741],[26.144428575470123,44.33900771514729],[26.14442164391273,44.33901150900427],[26.144085277285853,44.33919563619386],[26.144048087111518,44.33921599373667],[26.144028417600936,44.33922676078629],[26.14393668890077,44.33927697273749],[26.143647825867088,44.33943509306312],[26.143554439389327,44.33948578865424],[26.143215032236107,44.339670033214475],[26.142995899996837,44.33978898666979],[26.14285371779374,44.33986616793065],[26.14281429957351,44.33988767360895],[26.14257919780566,44.34001593528203],[26.142466709392185,44.34007730369064],[26.14180604144434,44.340437729518314],[26.141619419397088,44.340539539019176],[26.141550622614954,44.34057707095483],[26.141450077801117,44.340632094475055],[26.141110414882824,44.34081797416459],[26.141034546272003,44.34085949255924],[26.14058581153874,44.34110505763785],[26.139890848709353,44.341485360859785],[26.139717847296755,44.341580029795004],[26.139591247748555,44.341649307152466],[26.139280350290367,44.341819434009025],[26.138551469872308,44.34222246106213],[26.138140922017456,44.342449464057005],[26.137947789341705,44.342556250955],[26.13768777845905,44.34270001576951],[26.13729501653506,44.3429171777784],[26.13669760320934,44.34324748921463],[26.136139109252817,44.343553522622976],[26.13544474887561,44.34393399818777],[26.134645156250052,44.34437212433321],[26.134319934606104,44.344550320830706],[26.132828250622737,44.34536762703364],[26.131786644656295,44.345955373333574],[26.131741686080222,44.34598074148763],[26.13148847283043,44.34612361799991],[26.131123314182005,44.34632664483331],[26.131032488158976,44.34637714311613],[26.13077251730717,44.346521683437246],[26.130309747985702,44.34677897373388],[26.12886753872944,44.347564397850086],[26.128407430102623,44.34781496373936],[26.127435495982272,44.34834424469767],[26.127429136501387,44.34834770776298],[26.12743512152033,44.3483534943391],[26.127632755091692,44.34854454619615],[26.128088209823524,44.34898482865984],[26.12824226669455,44.3491337515905],[26.128562721442115,44.34944352436048],[26.128721646162784,44.34959714904786],[26.128813009096817,44.349685465264756],[26.12965458539023,44.350498958785984],[26.129666542226932,44.35051051653973],[26.130078326613116,44.35090854961551],[26.130199866919032,44.35102603020154],[26.130381952632366,44.351202031243275],[26.130362106566807,44.351213021758454],[26.129380908272434,44.351756423977996],[26.128471765655068,44.352259903037414],[26.128428292100335,44.35228397783437],[26.127157009663183,44.35297126768308],[26.126988312716925,44.35306246718392],[26.12631125173508,44.35342849050758],[26.126201395096455,44.35348787933085],[26.125868285975933,44.353667956188474],[26.124261942867435,44.35453630477054],[26.124172350047154,44.35458473579528],[26.123837399710094,44.354765794300974],[26.12175888690311,44.35588929939161],[26.120532457844032,44.35654252405875],[26.120380668168302,44.35662336877369],[26.120291293735992,44.35667097009375],[26.11941049951888,44.357140080649074],[26.11853105315307,44.357608458950274],[26.116128337298424,44.35888803005579],[26.116111417173602,44.35889704048896],[26.115726812608358,44.35910185221695],[26.115306542898654,44.35932565354466],[26.11473315439511,44.35963098840601],[26.114523168208535,44.35974280582436],[26.114066362911903,44.35998605357399],[26.113934724509594,44.3600561490934],[26.113336380871115,44.360374756872794],[26.112957110163755,44.36057670905593],[26.112542925105178,44.36079724836486],[26.112372254535313,44.36088812398167],[26.11255777370099,44.36157056114946],[26.11262414422822,44.36181470211256],[26.112683759035892,44.362033992806026],[26.11281199271347,44.36250568679334],[26.11352393315133,44.36512433617781],[26.113627495806607,44.36550523833613],[26.113661442337605,44.36563009334251],[26.112189447088117,44.36582392199733],[26.111867719799456,44.365866283037974],[26.109685710188234,44.366153559799095],[26.108263711591274,44.366347378799425],[26.108030078586964,44.36637922152164],[26.106412108491046,44.36659972492699],[26.105063487649375,44.36678350037375],[26.104548769501555,44.36685363619254],[26.1034467898005,44.36700378476182],[26.102204887576388,44.367172983200106],[26.101842984138948,44.36722228706906],[26.101182842183615,44.36731064833315],[26.099119806349556,44.36758676205979],[26.098886560627363,44.366560576138774],[26.09876858507848,44.3660415183268],[26.09868013492462,44.36565235622677],[26.098569631437275,44.36516615698042],[26.098347897859405,44.36419053696911],[26.098306165325802,44.36400691214706],[26.098154876922088,44.363341220396414],[26.097978609308022,44.36256560549999],[26.097909957018338,44.36226351193181],[26.09788068739231,44.36224751786166],[26.096888768777497,44.361705495090014],[26.0968298668624,44.36167330834762],[26.096488556467662,44.36148679792134],[26.096275668934602,44.36144209819706],[26.096071814720183,44.36130383795402],[26.096026711047305,44.36119909298538],[26.095977562542927,44.36103251390809],[26.09594811167683,44.36072936708395],[26.095934536949006,44.360646286362496],[26.095929332942863,44.36061443682085],[26.095869451728635,44.360614756932705],[26.095882433933667,44.36008870925074],[26.09550979516377,44.35998835621278],[26.095255772461638,44.36168417553364],[26.095185609201877,44.362152554651615],[26.09511956231384,44.36259345307505],[26.09475616202952,44.365019216084214],[26.093696275333347,44.364636352191646],[26.09258115574273,44.36423353364932],[26.092311661798007,44.36470276789739],[26.09221615765974,44.36486905368912],[26.0917549323985,44.36567209886926],[26.091536158064134,44.366053003132045],[26.091406937520695,44.3662779812217],[26.091128006772216,44.36676360970402],[26.090974950524934,44.367030082279186],[26.09097183081074,44.36703551261217],[26.090709874049487,44.36749157651077],[26.090480089019827,44.36789162163539],[26.090400330191798,44.368030477450944],[26.09035598509025,44.36782791618317],[26.09016059344461,44.366935396633586],[26.090160540893905,44.36693540434253],[26.089623921896287,44.3670101677726],[26.089328597586377,44.36705131233048],[26.089223881694664,44.36734691540983],[26.089093404454267,44.36771523696174],[26.088922048715936,44.36819894621189],[26.088764014664942,44.368645048771455],[26.088743485234236,44.368702994188205],[26.088699080679792,44.36882833694084],[26.08864232841042,44.36898853342711],[26.088616439418942,44.36906161042908],[26.088591336756497,44.369132467580435],[26.08814322505835,44.36924388795862],[26.088038215722776,44.3692483615817],[26.087202755511697,44.36928396027442],[26.08719212405117,44.36928441304384],[26.086114546220617,44.36937175591844],[26.086106538878898,44.36937411110658],[26.086088758474563,44.36937933892396],[26.0860009981876,44.36940514294935],[26.08597320636537,44.36941331407005],[26.085981792275895,44.36945982512372],[26.085986134288728,44.369483354682316],[26.085837658361022,44.36949926801457],[26.085818502191902,44.36950132119788],[26.085767737970887,44.36950676266147],[26.084228637953252,44.36967171048694],[26.0839695871895,44.369699471043795],[26.082843244684906,44.36982016653882],[26.082427551530966,44.369864707766155],[26.08227762480664,44.36988077254452],[26.082260073722484,44.369882653089036],[26.081720884532018,44.369965692537846],[26.08089769632559,44.370122842890126],[26.08077313126913,44.37014662191845],[26.080464142867186,44.37022473266142],[26.07988296766179,44.37041603136435],[26.078810038922057,44.37076918380973],[26.078080705000264,44.371009234460246],[26.077898328590678,44.3710743066834],[26.07669020314336,44.371505355062325],[26.07641299262747,44.371604257917014],[26.075645792463728,44.371877975121514],[26.07532211085524,44.371993454725235],[26.075332424199104,44.372033828151835],[26.075420354505646,44.37237803111706],[26.07547889866756,44.37260720195099],[26.07569766474027,44.37346354488109],[26.075874287826483,44.37415490586836],[26.07598349733285,44.37458237626413],[26.0762265446381,44.375289799998285],[26.07631545677782,44.375548587746266],[26.07647722609342,44.37601942929448],[26.076420210748257,44.37637690294732],[26.076651863678826,44.37710373660562],[26.0769458581358,44.378026143029686],[26.071443089263575,44.378660006477816],[26.070604565335035,44.377691356948745],[26.069377028278478,44.37627325666381],[26.069306605815022,44.37600798875922],[26.068945942402962,44.37464939231225],[26.06837615198115,44.37488497317128],[26.065131365514123,44.3762264462832],[26.06345036469373,44.37692135171765],[26.062691939993787,44.37716245797222],[26.061452953155694,44.37755632209753],[26.06147062102863,44.3776812297953],[26.05965194344763,44.3782719031922],[26.05718182829637,44.379114881624744],[26.05608888472181,44.37954619755591],[26.055377715848493,44.37834245500669],[26.055342663155717,44.37828312155181],[26.05518671319853,44.37801914708016],[26.054129187948885,44.37622902724586],[26.054035443253934,44.37607033672452],[26.052761848112294,44.376388833132744],[26.05135526618273,44.37673252250804],[26.05028374838853,44.376994326995316],[26.049285035668706,44.3772370941944],[26.048846969885833,44.37734798943306],[26.048190028156895,44.37748233570416],[26.048062046651104,44.377508507854685],[26.047257497997872,44.37765544210192],[26.047029327377505,44.377717270148835],[26.047040592251715,44.37766880311936],[26.04705138276141,44.37755342082546],[26.04702762464224,44.37744794495782],[26.046982306573987,44.377213077388284],[26.046860612620268,44.376950045678605],[26.046716195378426,44.37665410096337],[26.04663548077331,44.37648895163446],[26.046635589342724,44.37648891822471],[26.046651213561915,44.37648412171319],[26.046256005007066,44.37582605925493],[26.045754786965585,44.374991460435574],[26.045752723474177,44.37498802444653],[26.043687126289825,44.37631077987699],[26.04015648705501,44.37858769831294],[26.037805697456033,44.38010356700822],[26.037620913154633,44.38022289550875],[26.035919522939444,44.381321568685216],[26.035069758917324,44.38187027903332],[26.035051787930062,44.381881882504814],[26.034901440619308,44.381978963808194],[26.034708589885415,44.38210348720554],[26.03390703238114,44.3826210471433],[26.03378521230276,44.382699705423285],[26.033494822609214,44.38288720243438],[26.033413939770426,44.38293942646583],[26.033375082068677,44.38296451635991],[26.033141401574127,44.383115396047735],[26.033140969799966,44.383115674513576],[26.033115050037864,44.38313241048215],[26.03309267498296,44.383146857588294],[26.03309242930951,44.383147015544736],[26.03309201862565,44.383147280316614],[26.033075561187353,44.38315787326835],[26.033051346545925,44.38317346136097],[26.03304193041048,44.38317952203941],[26.03304118378431,44.38318002029673],[26.03304005140936,44.383180774096864],[26.033038565573378,44.383181764243254],[26.033038293950057,44.38318194493794],[26.0330382517844,44.38318197322524],[26.033038370699014,44.38318202613512],[26.03303850607042,44.38318208699417],[26.033038781848564,44.383182209565966],[26.033038993118225,44.383182303929225],[26.033039845789617,44.383182684912555],[26.033041287982563,44.38318332869151],[26.033041838919583,44.3831835742909],[26.033041996434687,44.383183645296896],[26.033043037596673,44.38318411005222],[26.033045236309597,44.38318509159592],[26.033045839762405,44.38318536146391],[26.033046906229142,44.38318583768717],[26.03304742237828,44.38318606785547],[26.033048334507065,44.38318647529369],[26.033049226398536,44.383186873917346],[26.033050605337817,44.383187489476114],[26.03305666635394,44.38319019556227],[26.03305778469316,44.3831906951599],[26.033059655764077,44.38319153120696],[26.03306498808313,44.38319391142293],[26.0330660064825,44.3831943664868],[26.033068803581852,44.38319561524425],[26.033070983329164,44.383196588861274],[26.03307134893688,44.38319675200959],[26.033083163568193,44.383202027497454],[26.033083879613784,44.383202347633045],[26.03308469811712,44.383202712729194],[26.03308958008444,44.383204892772746],[26.03309268587703,44.38320627999967],[26.03310785045708,44.38321305117342],[26.033110346474984,44.38321416589015],[26.033121552608478,44.38321916975274],[26.033122943913085,44.38321998590021],[26.03313415938549,44.383226568300145],[26.033136749226315,44.383228088061685],[26.033140692326825,44.38323040181916],[26.033141888337244,44.38323110455654],[26.033152978239887,44.38323761250555],[26.033183037938038,44.38325525327032],[26.033186655089768,44.383257375613994],[26.033191090308136,44.38325997915877],[26.03321499754867,44.38327400881135],[26.033216390142734,44.38327482674587],[26.033265221851043,44.38330348421021],[26.033294109717662,44.38332043728808],[26.033383734880836,44.38337303422567],[26.033386594882835,44.383374712604706],[26.033401780160506,44.383383623782294],[26.03355266303437,44.38347217104087],[26.033620234203326,44.383511825517715],[26.033628637953218,44.38351675695311],[26.033666196141585,44.383538798226894],[26.033728731041354,44.38357549732518],[26.03378219255392,44.38360687060749],[26.03378768685428,44.383610095315575],[26.033906111097874,44.38367959250282],[26.033912602298667,44.38368340206055],[26.0339126568822,44.38368343665993],[26.034054629485023,44.3837740252988],[26.034265823962205,44.38390877976525],[26.034534217935906,44.38408003221072],[26.034632010034315,44.38414242988775],[26.034655322481584,44.38415607319773],[26.03467107465999,44.38416529220231],[26.034807052362773,44.3842527489421],[26.034846292629577,44.38427798741962],[26.03487448719593,44.38429612188747],[26.03507658773232,44.38442610015739],[26.03511707130341,44.38445116061051],[26.035143249932755,44.38446786182115],[26.035178758244847,44.38449051545093],[26.035319498182623,44.38458030743803],[26.035394900960437,44.38462586675063],[26.03542738600508,44.384646480770016],[26.03543768117645,44.38465301290515],[26.035479463644002,44.384679525608846],[26.035833063683185,44.384903901374386],[26.035986087337278,44.385002029774896],[26.0360198082561,44.38502365287152],[26.03617415421211,44.38512262836782],[26.036407048490965,44.38527197182686],[26.03647425865509,44.385315069591755],[26.03648893555472,44.38532448184605],[26.03676226282018,44.38550205664969],[26.03711312772439,44.38571463915036],[26.03724059218295,44.385791867140256],[26.037243427192337,44.38579360865389],[26.037963223738615,44.386235593557224],[26.03806511525401,44.386298158411925],[26.038216092393316,44.38638763645393],[26.038496958185686,44.38655409352563],[26.038599854114832,44.38661507451474],[26.03890417238564,44.386787770073816],[26.039424245446344,44.38709347563859],[26.039423920943996,44.38709567466938],[26.039300028337472,44.38719945316797],[26.038831480172373,44.38759192953807],[26.038703789324195,44.387698887965115],[26.038623719206775,44.38776595579015],[26.037989386475207,44.38829728452736],[26.037856433437064,44.38840864656019],[26.037751204816452,44.3884967863683],[26.03758276018546,44.38863787412224],[26.03702941597309,44.38910134784616],[26.036624535630427,44.38944046344512],[26.036621447824167,44.3894430488113],[26.036582855312883,44.38947869993871],[26.036513213078607,44.3895430332143],[26.036097136964372,44.38992738927562],[26.035978205135766,44.39002757868329],[26.03587758475232,44.39011235327504],[26.03580482909389,44.390173650199095],[26.035000370959015,44.39085851930606],[26.03495514430723,44.39090119965655],[26.034940122015257,44.39089240237731],[26.03409260419772,44.390396115499335],[26.034446135830166,44.3900980111407],[26.034044166523678,44.38986812138879],[26.034107397461902,44.389811274548016],[26.033975858134944,44.38973631061841],[26.03368237650186,44.38956905441282],[26.0335070222842,44.38946911893017],[26.03306236450047,44.389215701428505],[26.033055982499793,44.38921206451849],[26.03288896646276,44.38911687926744],[26.03282199433586,44.389078710136964],[26.032753830710327,44.389140016059244],[26.031661256803194,44.38850524926928],[26.031613137306586,44.38854783596862],[26.031469719803912,44.38846733037574],[26.031422984912446,44.38844109553821],[26.031323218123077,44.38838509152193],[26.0312619201188,44.38844257069607],[26.031233205545327,44.38846949657745],[26.031077545144846,44.3886154579272],[26.030775042650795,44.388899108227356],[26.030568867190233,44.38904437113778],[26.030426172825226,44.38914490710949],[26.03015283953668,44.38934407629358],[26.029936765420185,44.3895018298829],[26.02958540442181,44.38975835278805],[26.02909936103849,44.38954195385146],[26.029025368255297,44.38962454209742],[26.029024942425234,44.38962501759599],[26.02900534054351,44.389646896954055],[26.028835808893376,44.389836122296806],[26.02859883916811,44.3897470490906],[26.02848481060717,44.38970418702776],[26.027983435078866,44.39035138493176],[26.027813607091367,44.39057060258811],[26.027483596726384,44.390717616419195],[26.027272008564942,44.39081854834614],[26.027250358981433,44.39081951805307],[26.027162486512648,44.39082105492474],[26.026999875347062,44.39082389708097],[26.026850120631224,44.39096564960802],[26.026700228162934,44.39110753189179],[26.02648524473168,44.39129697454691],[26.02644376603802,44.39133882167276],[26.026253409847147,44.39153086364321],[26.026093673123988,44.39169027349338],[26.025862521234934,44.391920948804064],[26.02578048481138,44.39200281435974],[26.025590958899976,44.39219194689128],[26.025418668174886,44.392352089317505],[26.025498675949418,44.39237432460275],[26.02552187969425,44.39238077339629],[26.025514111789317,44.392388033447176],[26.025030553121187,44.392839974209544],[26.02418650121888,44.39362881190311],[26.0241637311779,44.3936490280975],[26.024128018330206,44.39368073546848],[26.02395303491079,44.393836090443855],[26.023891993416825,44.3938902844847],[26.023339333631103,44.39438094195624],[26.023219875659358,44.394486996045885],[26.02318969475906,44.394517059827585],[26.023126651152662,44.394579858672174],[26.022896576773395,44.39480903392091],[26.022502737894524,44.3952013301333],[26.022477966661153,44.39522600392194],[26.022441503660403,44.39526232383439],[26.022040671617614,44.39566157871232],[26.021255469826627,44.39640027564201],[26.021186863022216,44.39646481766579],[26.020560556563215,44.3970197196395],[26.02045994222443,44.39710886064699],[26.02044809143239,44.397119361390736],[26.020367893139248,44.397190414242544],[26.020151393626016,44.39739592366837],[26.02004664976574,44.39749535106778],[26.01967028242579,44.39786645919888],[26.019636507024018,44.39789976221371],[26.019263847277866,44.39826720834838],[26.019234077484604,44.3982951100054],[26.01858146852209,44.39892136069802],[26.0185678198428,44.398934456942605],[26.01838306603196,44.399111745679434],[26.018319128199238,44.3991730999697],[26.018215549906884,44.39927249260917],[26.018148030370657,44.39933728303673],[26.017840920912242,44.39963197587054],[26.01755233022917,44.399908896266496],[26.017413744899358,44.400041877066464],[26.016848683526398,44.40058407449219],[26.01675489656169,44.40067406582528],[26.01658259106256,44.40083939501067],[26.016524658148256,44.40089498257997],[26.016325098928505,44.40108646155677],[26.01610927001776,44.401293549206564],[26.015780562478604,44.401608941644334],[26.015737231093777,44.40165051709288],[26.01567554612708,44.401705072444926],[26.01544196076184,44.4019107817163],[26.01534191458757,44.4019988878674],[26.01509024561158,44.402220519575614],[26.01507753742259,44.40223171058711],[26.01476473829962,44.40250717423673],[26.01465971626969,44.40259965997639],[26.014638218765757,44.40261859104151],[26.014249359849142,44.40296102807551],[26.01417229026026,44.40302889644698],[26.01411136119546,44.40308255131333],[26.01392770538533,44.40324427954433],[26.01387288723755,44.40329255208295],[26.01387211575606,44.40329323223841],[26.01353164849679,44.40359304477421],[26.013431663111913,44.40353280210881],[26.013309033131936,44.40345891549112],[26.012920324230397,44.40384168245641],[26.012668759245255,44.40408939826274],[26.0124337613295,44.404320798526236],[26.01223140652318,44.40452005432665],[26.012016331663688,44.40473183344935],[26.011907471764044,44.40483902310695],[26.011545539773646,44.40519540109217],[26.01126698628851,44.40540517035463],[26.01121116357153,44.40544720811079],[26.011036246016197,44.405612844683716],[26.010927528294744,44.40571579304403],[26.01087367565497,44.40576678698366],[26.010598014984144,44.405616777866875],[26.00948405883575,44.405010570245146],[26.009213622390995,44.40486339639642],[26.00846261808183,44.40445468642154],[26.00828667494265,44.40435893428854],[26.008267073347714,44.40434826641418],[26.008140510484896,44.40427938736928],[26.00791234090859,44.40415520992105],[26.006742101710635,44.4035183117247],[26.00644606427838,44.40335719034783],[26.00643928223151,44.40335349970037],[26.005905864955967,44.40306317797922],[26.00586700446953,44.40304202735001],[26.005763084690898,44.402985465311225],[26.005457074356105,44.40281891064685],[26.00518303864081,44.402669756837625],[26.004865266378523,44.402496797568226],[26.00484406279033,44.402485256886095],[26.004629278343824,44.40236835064419],[26.00428536698199,44.40218115881818],[26.003977469130334,44.4020135675973],[26.003787154839635,44.40190997781647],[26.00342520670422,44.40171296301167],[26.003366182998988,44.40168083551856],[26.00330700737159,44.401704616346706],[26.003124770061802,44.40177785102639],[26.003101584712443,44.40178716836865],[26.00295479510796,44.401846157537584],[26.00290374961809,44.40202313433533],[26.002819889667887,44.40231387152835],[26.002724343472245,44.40264512328788],[26.002594631163053,44.403094822023306],[26.0025061824251,44.40340145626804],[26.00247844660958,44.40349761123004],[26.001925350162242,44.403429939880596],[26.001747711642917,44.403408205239806],[26.001747671381548,44.40340820019785],[26.000381681528808,44.403241056825834],[26.000374611007768,44.40324019171743],[25.99991389519442,44.403183813966066],[25.999843634212272,44.403175215325625],[25.999262439258462,44.40310409212565],[25.998602511839177,44.40302332922516],[25.99856939889006,44.403019276667216],[25.9985617786395,44.403018344318426],[25.99772857308412,44.40291636922651],[25.9975035531451,44.40288882856613],[25.997238015567454,44.40285632806425],[25.997151328582138,44.40284571766486],[25.997075205595674,44.40318489533199],[25.99698062693456,44.40360630127264],[25.99693642286362,44.40380325711362],[25.996898985846208,44.403970062019674],[25.99687578635896,44.40407342680936],[25.996861356159698,44.4041377200314],[25.996854216875143,44.40416953116605],[25.996842039325735,44.404223788207226],[25.996836758557055,44.40424046357995],[25.996801130340973,44.404352973588296],[25.99678943402111,44.404389908323076],[25.99675863274285,44.404487173484405],[25.996725138280603,44.40462256090456],[25.996720187300298,44.40464257059987],[25.9966906963266,44.40476177095366],[25.996689146947375,44.40476803345262],[25.99668541316775,44.40478312460597],[25.996639705555815,44.40496797047402],[25.996590384740397,44.405167419501225],[25.996564259433974,44.405273071852264],[25.99649262842466,44.405562741111154],[25.99648817633026,44.40558074475465],[25.996485770097,44.40559047448081],[25.996454197616433,44.40571826761318],[25.99644952625014,44.405737173207896],[25.996443933511515,44.40576075531976],[25.996421464239678,44.40585550134027],[25.996410384099164,44.405902223622924],[25.99640274995024,44.40593441441416],[25.996396313246102,44.40596155634032],[25.996390567096473,44.40598578331599],[25.99638818237924,44.40599435813359],[25.99636796112758,44.40606705644663],[25.996352636055683,44.40613631389369],[25.996346483364803,44.40615632700456],[25.99634568921591,44.40615891346628],[25.99632654047721,44.40622120713811],[25.996304288688485,44.40629360029844],[25.99628541930826,44.40635498787949],[25.996282341227786,44.40636500434866],[25.996280392556358,44.40637134237534],[25.996272098625212,44.406398325221254],[25.9962648152741,44.40642202038106],[25.996262835726522,44.4064284612821],[25.99625955543397,44.40643913024846],[25.996245426234683,44.40648509737602],[25.996244519110675,44.40648805024154],[25.99623951372352,44.406504334345684],[25.99623906548482,44.406505791831044],[25.996236065825016,44.40651555110164],[25.996234548721922,44.40652048489054],[25.996234013739596,44.40652222754714],[25.996232342088092,44.40652766491005],[25.99622301509259,44.406563488714674],[25.996212544634965,44.40660370749453],[25.996209315497,44.406616109431425],[25.996209237741876,44.40661640622333],[25.996208559441957,44.40661901325973],[25.99620631367166,44.40662763994532],[25.996204669654706,44.40663395367573],[25.99620420921456,44.406635723573324],[25.996203249402367,44.40663940861479],[25.996202741831695,44.406641358031784],[25.996201671314687,44.40664546795851],[25.99620097295929,44.40664814987326],[25.996200675003642,44.40664929372482],[25.99620063148425,44.406649464212144],[25.99620028876936,44.406650779462],[25.996198914468803,44.40665605939213],[25.996198907432547,44.40665608825476],[25.996198474067626,44.406657753511375],[25.996198125478767,44.40665909221349],[25.996197540137018,44.406661337522465],[25.99619753311626,44.406661367285],[25.996197399985427,44.406661875169675],[25.996197327003717,44.406662157519186],[25.996197159714505,44.40666279620788],[25.996197047893887,44.406663229203005],[25.996197007861618,44.4066633834593],[25.99619699492051,44.40666343397446],[25.996196905402023,44.4066637767711],[25.996196874808238,44.406663895843415],[25.996196827677764,44.40666407536278],[25.99619678997026,44.4066642187983],[25.996196622758475,44.40666486198642],[25.996196606237284,44.40666492333337],[25.996196400202162,44.40666571806697],[25.996195186045494,44.406670381871855],[25.996191519954802,44.40668445989675],[25.99619056610784,44.406688126885165],[25.996185263061058,44.406708491577184],[25.99618502164285,44.40670941892559],[25.996166987027614,44.40677869041478],[25.996138369865566,44.406888606471895],[25.996126604997478,44.406933793962615],[25.996086203954434,44.407088972365734],[25.996009004886698,44.40738548477262],[25.99591030386463,44.407764580727246],[25.995904034961914,44.40778865749966],[25.99551754800108,44.40927304080424],[25.995517463503674,44.409273019050765],[25.995230808455386,44.40919951574689],[25.99481070695006,44.40907492405229],[25.99480196381836,44.40907233093984],[25.994491243726447,44.408980177652595],[25.994410052054064,44.408956098287526],[25.994072197883312,44.40885589520219],[25.99401052817298,44.408837673329515],[25.991917157982744,44.40821911025096],[25.991760631793582,44.40817077109455],[25.991732332706555,44.40816203186005],[25.991241405395705,44.408010418377124],[25.99063608643116,44.407823472785815],[25.989232982071496,44.407390124727755],[25.989005886961117,44.40735146829519],[25.988801299530113,44.40734416372984],[25.98745663852363,44.407369609814445],[25.986957134837837,44.40737905879347],[25.98401933449145,44.407434585711506],[25.983060862503304,44.407452684939365],[25.982736882941012,44.407458800970964],[25.982513649587286,44.407452571992124],[25.98227929455255,44.40744603186462],[25.9818629235882,44.40740999358125],[25.981138662428243,44.40730232058354],[25.98044222495994,44.40718685503402],[25.979869934297405,44.40709196843678],[25.979840733028343,44.40708712662399],[25.97982756708613,44.407084943436466],[25.979441976534293,44.407020692975266],[25.97771421770048,44.406732782749884],[25.97750953957294,44.40668628457878],[25.97735078878591,44.40665022003286],[25.977212353679164,44.406618769754886],[25.97708572310784,44.40659000153283],[25.976934949544034,44.4065557482202],[25.97682395378834,44.406530532331544],[25.97667329700023,44.40648956537301],[25.976550600795704,44.406456202076384],[25.97653862228108,44.40645294439638],[25.976401798490528,44.40641573888323],[25.976324633919873,44.40639475535903],[25.976323296133746,44.40639709708512],[25.976320005913173,44.40640285507896],[25.976309421908365,44.406421381759095],[25.976300273226517,44.406437394864724],[25.976295265964854,44.406446159379534],[25.976286455087365,44.40646158184843],[25.976179372920953,44.40664901306617],[25.976049782624433,44.40687583653682],[25.976007799767054,44.40694926328019],[25.975865632876708,44.40719790649669],[25.975690229044442,44.407504674896416],[25.975593510737202,44.40767382834204],[25.975579357525827,44.40769858064796],[25.975494762448857,44.4078465291307],[25.975007905566976,44.40869797951698],[25.974813295663722,44.40903831942546],[25.974701603563467,44.409233648027275],[25.973256340619773,44.41176101636146],[25.9730042121864,44.41220177479665],[25.972375297838312,44.41330117447226],[25.972133175728707,44.41372605385713],[25.971904581917297,44.41412675237817],[25.971283833917873,44.41521481630744],[25.970946456385356,44.41580616341226],[25.970711425557294,44.41632039473256],[25.970606227253956,44.41655056122708],[25.970403874391135,44.417063124290394],[25.970361211525685,44.41719600053469],[25.9703288332196,44.417296842256185],[25.969867522102657,44.418733566230635],[25.969304961856118,44.42081963157672],[25.96918563212287,44.42130603468062],[25.969009300803958,44.42200779683882],[25.968857040829377,44.42263798886305],[25.96882220060486,44.42278218330394],[25.968735397044288,44.42315951277752],[25.968566726913053,44.424333759593054],[25.96831371560706,44.426580193633775],[25.968123954420527,44.42826492447224],[25.968092234155744,44.42854653544108],[25.96807158539902,44.42872985094454],[25.968067574410544,44.428765461090244],[25.968010921988554,44.429260808763104],[25.967849677926107,44.430670630392314],[25.96784602588967,44.4307025617998],[25.967820187404584,44.430928465438505],[25.967812359427384,44.430996903015085],[25.967771113492276,44.431357518735126],[25.96774192916067,44.43161267450244],[25.967731268554118,44.43170588224502],[25.96769499480604,44.431725691714725],[25.9675979480989,44.43177868823239],[25.967557814473516,44.431800604439466],[25.967415862904943,44.43187812300498],[25.9673620226216,44.4319075243499],[25.967341116801553,44.43191894052362],[25.967340503177105,44.431919276097304],[25.967336462913266,44.431921482520686],[25.967332434376125,44.43192368416305],[25.96733244876842,44.43192382372135],[25.96733334085014,44.43193277748236],[25.967343094200668,44.43203056105489],[25.9673485239034,44.432082890638924],[25.96734441317752,44.43213728487453],[25.96734159202158,44.43217460740544],[25.96733285775997,44.43225378807875],[25.967319854349025,44.432371660934514],[25.967302893786055,44.432525404454566],[25.9672641950985,44.43287620150027],[25.96725141985771,44.43298655369024],[25.967235759465296,44.433121923991415],[25.967215237978426,44.433299357599985],[25.967164282189742,44.43374725418322],[25.967151939718114,44.43386172470722],[25.967178600000754,44.433924415677765],[25.967177189947197,44.43396328131414],[25.96714833144961,44.43398772140423],[25.967100567360394,44.434425987440726],[25.967070023265947,44.43469113317422],[25.967012387045337,44.43519143088371],[25.966945504176994,44.435689144805615],[25.966829137282026,44.436188325605656],[25.96682248537082,44.436369823392596],[25.96681833163092,44.436483153501975],[25.96721691902823,44.436445435311576],[25.966807872578958,44.43954898822175],[25.966755609819536,44.44000741892327],[25.966673689615465,44.44072597823715],[25.966926289714525,44.44074015655246],[25.96725111298751,44.440758387110954],[25.967513561310703,44.440772350855404],[25.967528472468718,44.44077314441134],[25.968054497334677,44.440801128704514],[25.971460276860633,44.440971200214044],[25.973605986019663,44.4410782949389],[25.977666340334153,44.441282347618376],[25.977948304258714,44.44130541665329],[25.977953294764685,44.441305825139665],[25.978382368819783,44.441340928990996],[25.979602546776864,44.44141677398424],[25.980117318994786,44.44144876710326],[25.98057148626777,44.4414687193927],[25.98244428002684,44.441550971980675],[25.984159330361702,44.441626268931],[25.984987126914262,44.4416734268864],[25.987352402526973,44.441808137780804],[25.990205983044476,44.441937528138624],[25.990227259570712,44.44193849314889],[25.992956333346786,44.44206216976633],[25.99422753886872,44.44210692324897],[25.998499677708157,44.4422572211982],[25.99977333387913,44.442318717996564],[25.999771978710452,44.442286842490915],[26.002994212280488,44.44245329071018],[26.007391320254435,44.442680278369345],[26.009549638633626,44.44283267327629],[26.01017472512096,44.442859750627996],[26.011235742154533,44.44290570447083],[26.012105569934306,44.442939709227886],[26.012331181189154,44.44294814487194],[26.012595512829296,44.44302737381285],[26.012811293207637,44.443103258552185],[26.01466177923766,44.44389533153093],[26.015534121676023,44.44429863500305],[26.0163839402959,44.44469151389403],[26.01648020370605,44.444735823531275],[26.017577534935327,44.445240911564625],[26.017649379826146,44.44527397995019],[26.01793017918583,44.44540509836972],[26.018617776009304,44.445726164819945],[26.018887435786215,44.44585207689472],[26.019174660880218,44.44598619058684],[26.019207719176134,44.44607624419647],[26.019199867232473,44.44607405618688],[26.019237921201604,44.44620795300528],[26.019208119771417,44.4463840462512],[26.01969340252113,44.448042849970726],[26.01975279579825,44.4482458601971],[26.01980271132418,44.44841647818019],[26.019807492568297,44.44843282060771],[26.019746588481105,44.448420411629634],[26.01949214138177,44.44843201153289],[26.01944019392953,44.44847593619183],[26.019379505104823,44.44852725165315],[26.019338719008708,44.448561738504814],[26.01923929261954,44.44864580766159],[26.019172373936005,44.448702389565554],[26.01908673569046,44.44875056719347],[26.018896832117512,44.448857398599245],[26.018692966245098,44.44897712986312],[26.018514945851454,44.44908167963521],[26.0183779358499,44.44922743381614],[26.018106074573804,44.449533907443545],[26.018040538193645,44.44962379929617],[26.017946893393713,44.44966366113949],[26.017848415232802,44.44963239324915],[26.01775595870486,44.44956561922094],[26.01751867346039,44.449376148893016],[26.01745031705344,44.44933797549576],[26.017263687508763,44.44928384168773],[26.0168110966961,44.44918978939096],[26.016608033208403,44.44916990444475],[26.015975757740545,44.4491185377345],[26.015851283228393,44.44912858828299],[26.015742298749252,44.44917286167585],[26.01525620221638,44.44942079647355],[26.014785308063498,44.44963170955741],[26.014726097517705,44.44968859287847],[26.014667840799145,44.44983060913688],[26.014628137519267,44.45004183155451],[26.01460185932113,44.450267018322364],[26.014621530830905,44.45035122672125],[26.014667537545467,44.45045402629589],[26.014862042407096,44.45087366219723],[26.01486035010352,44.45094474274787],[26.014799841961135,44.45100150279198],[26.014594312326498,44.45109915156023],[26.01429225991528,44.45123981670567],[26.01421319094439,44.45128931838631],[26.01405500134091,44.451429666103735],[26.014048961161738,44.45143502426441],[26.013786705080193,44.45170931531882],[26.0136442679295,44.45193927306091],[26.0135485967979,44.45210115569282],[26.01349241872192,44.45225309782386],[26.013391297705397,44.4525886785346],[26.013358992933004,44.45277504751021],[26.013327660031436,44.45322545459711],[26.013260679114882,44.45365294384789],[26.013176862457247,44.45408203348556],[26.01317138027043,44.45411982047929],[26.013208123513728,44.45418444426812],[26.01462781975877,44.45482273441153],[26.01589636163986,44.45539303879152],[26.01417250393118,44.45728889439107],[26.013618875658985,44.457897729869195],[26.013136914843294,44.458092860886644],[26.012584450456743,44.458168461304794],[26.012009956875403,44.45823550870464],[26.011729447846342,44.458229737725425],[26.011723559654286,44.458229616892794],[26.011452661114692,44.45822404333625],[26.01069930724469,44.45815130585402],[26.00976499420645,44.457923134096696],[26.00972299246927,44.457920820346814],[26.009201340674288,44.45789207712329],[26.008980069051944,44.457897925242754],[26.008512471259763,44.45791028184119],[26.00811845652919,44.45796796450843],[26.00655701907587,44.458348609577214],[26.00580967936119,44.45862119305842],[26.00493559967701,44.459081039759845],[26.00438447257408,44.459424989905855],[26.003162253664815,44.45988935559469],[26.001872436051812,44.46047253964242],[26.00150970446418,44.460590806131684],[26.000727842018797,44.46084572251982],[26.00028654038682,44.460973749587446],[25.999543711280843,44.46118925140224],[25.99693929383585,44.46189529781132],[25.992617347082135,44.46323217700021],[25.99183842112223,44.46350252360391],[25.98720524762328,44.465110426735144],[25.98598832218262,44.46558995350486],[25.985017760268136,44.46594760272614],[25.984569814510625,44.46610098035104],[25.98384011901267,44.46635082396912],[25.983304610222067,44.46653626984068],[25.98295510330177,44.466753719869764],[25.9826375503469,44.46688088954852],[25.982098169501132,44.46704149599983],[25.98131371044825,44.46693772640957],[25.980911848195195,44.46688456665089],[25.980428644151814,44.46675599894683],[25.97973551340881,44.46657157262323],[25.979548167059686,44.466505391523356],[25.979474897528135,44.466467357478],[25.979423970927073,44.46644092208437],[25.978983802899666,44.466170118307396],[25.978794112278717,44.46605874948532],[25.978604422403333,44.46594738124133],[25.978385986936257,44.4658159192363],[25.97804338613432,44.46595511510903],[25.977996411225927,44.46592855837553],[25.97786357749583,44.46585346192234],[25.977492039148093,44.466052348701204],[25.976026989925042,44.46558381007893],[25.97598043836448,44.4662207936459],[25.975959219728697,44.466404302311034],[25.976128540193926,44.46648789429052],[25.97638826816318,44.466640852540486],[25.977286444411153,44.46714887754491],[25.977104815064315,44.467404237890456],[25.97700959847082,44.467421017142954],[25.97687665850285,44.467444441450574],[25.976353093645866,44.46760733214019],[25.97644441749454,44.46769827754407],[25.977515665044475,44.46856946543741],[25.97870698193921,44.469596792702184],[25.978948291965647,44.46980158309562],[25.97903446113278,44.46987471042591],[25.97948568987244,44.47025764363546],[25.97962150612519,44.47044106154443],[25.97969802603291,44.47054439756739],[25.979848344796782,44.4707473976607],[25.980053781089303,44.47135349673757],[25.98006872244923,44.471399313469306],[25.98015158548214,44.47165342308597],[25.98017510227549,44.471711422525125],[25.980216453970755,44.47183323181069],[25.98021805091681,44.47183793759994],[25.980263782135797,44.471972649194605],[25.980334294415954,44.47417655944759],[25.980369989285798,44.47529208623792],[25.980388171172898,44.475775895176966],[25.98043547908933,44.477034642203996],[25.980635051410204,44.47805418224603],[25.980791067538892,44.478041641853906],[25.981069850109744,44.47887392488905],[25.98134328637978,44.479416845704975],[25.981635607305222,44.479951719068616],[25.981780932797097,44.48014805070713],[25.981878305495094,44.4802795974166],[25.98190439355665,44.48031867471263],[25.981917320168797,44.48033803482836],[25.982149612001116,44.48068036663424],[25.98259990525091,44.48124108986878],[25.983321388053657,44.48212627642272],[25.983606545482836,44.482565409691595],[25.983812590627164,44.482954920202715],[25.98382217980646,44.482973047419605],[25.98382290333547,44.48297441452808],[25.983888914520104,44.48309920060345],[25.98398930509663,44.483311532553664],[25.983990849236083,44.483314798730554],[25.984252746396315,44.48394024786412],[25.984451982177866,44.48450946267743],[25.984723095456996,44.485245980510626],[25.984729456161766,44.485263261047926],[25.98515713209137,44.486303642289045],[25.985894200657718,44.48813566245661],[25.986577784120396,44.48986622580689],[25.987095225331018,44.490933354986055],[25.9875379508178,44.491636914216066],[25.98784227075458,44.49210646012264],[25.987835418732924,44.49210671818061],[25.987582422995644,44.492128015616004],[25.987521547182084,44.49204601746481],[25.987468161977848,44.49200499442082],[25.987422330968457,44.491993965732036],[25.987392250546943,44.49199224921881],[25.987248297862724,44.49200053035596],[25.987196524314935,44.491987573590535],[25.98698114899491,44.49186318745799],[25.986674293740002,44.49167579060039],[25.98634343837612,44.49146709255254],[25.986255912731654,44.49141188283942],[25.986186802145838,44.49136828864978],[25.986123997584052,44.49140629685653],[25.98611263288004,44.49141317521449],[25.98742438463079,44.492301512277095],[25.987952989902688,44.49270009749468],[25.987884939381892,44.49268453146352],[25.987767437064146,44.49268394575921],[25.987451832194388,44.492746774731856],[25.986758943048013,44.49292415848008],[25.986476526496556,44.49305754076881],[25.98617077591481,44.49327313333693],[25.98456959818748,44.494357957010244],[25.983600218486437,44.49503638493292],[25.983630185670506,44.4950772082775],[25.983633583811123,44.495106915173004],[25.98362484756398,44.495165402495175],[25.983605361104352,44.495209178356255],[25.983650693692496,44.49530525553319],[25.983716544939778,44.49541592288955],[25.983740854475332,44.495562989454726],[25.983813115136602,44.4957154875957],[25.983920214589027,44.49592005355044],[25.98400585933508,44.49607056270448],[25.98408987954935,44.49621352583945],[25.98426778735367,44.49648145543065],[25.984329274884345,44.49659564361809],[25.984251956021627,44.49661867523202],[25.984108196361483,44.49666628135472],[25.983996239384428,44.49670069441923],[25.98384045968011,44.49675135718818],[25.983730939361436,44.49678562271676],[25.983573575169903,44.49683556993023],[25.983481148002216,44.49686049688356],[25.982959547219497,44.497023378705876],[25.982963090203818,44.49703235607558],[25.98296697521806,44.497053742592946],[25.982963019185096,44.49706511730349],[25.9829769687643,44.49707939591846],[25.982978842121188,44.49710079997907],[25.983004503708273,44.497167807432156],[25.983028208433414,44.49726759255559],[25.983040040493545,44.49729043978993],[25.983091319144144,44.497458745692114],[25.983091358794148,44.49747584566446],[25.983182200053445,44.49776683875206],[25.983182114000794,44.4977839398213],[25.983191962200564,44.49780104423828],[25.983199781544457,44.497846696883656],[25.98324317557322,44.4979950011278],[25.983273088560093,44.49802363072494],[25.983273079226915,44.49803785107158],[25.983296938895073,44.49805069317292],[25.98339873342016,44.4980765356009],[25.983683821092495,44.498165849679566],[25.983977401115197,44.49825166884181],[25.98400930938485,44.49826453053287],[25.984033328725246,44.498264590846404],[25.984079755935152,44.49827345569077],[25.984149110801738,44.498284730380306],[25.984244947637045,44.49830774401168],[25.984268865807987,44.49830924518549],[25.98428888022166,44.498317800575435],[25.984836707944932,44.498446577857706],[25.98515756404808,44.498524145486826],[25.985404042153956,44.498583462113906],[25.985570298207733,44.49862106925809],[25.985644982391904,44.498642466623565],[25.986024808250782,44.49873418639586],[25.986313948731812,44.49880266801001],[25.98664010646371,44.49888117506473],[25.98669603256323,44.49890129590365],[25.986791768757858,44.498925658285714],[25.98680773569198,44.49893280863808],[25.986914941482098,44.49901755164986],[25.987031792547512,44.49910743019973],[25.98772947018555,44.49964429899726],[25.987942484710445,44.49951867980524],[25.988044709009127,44.499466482802326],[25.98812449351111,44.499425732640155],[25.98815654127147,44.49941726153453],[25.98818451876929,44.49939874591116],[25.989117024780683,44.49897583885336],[25.990312657930474,44.49843235024932],[25.990351171737448,44.49840501134433],[25.990395674461155,44.49838959003365],[25.99071458895778,44.498199673786566],[25.991322569477525,44.49784683159711],[25.99135852454472,44.49781699480026],[25.99152068700307,44.497718636554985],[25.991624853280715,44.49764076870363],[25.991787072508256,44.49753844949598],[25.991931230931296,44.497438899046365],[25.992185528989577,44.497272587676036],[25.992275667733114,44.49722004318245],[25.992443850452332,44.497106330302884],[25.992580361112058,44.4970228666627],[25.99275617919322,44.49691448617893],[25.99297009452681,44.496762028956375],[25.993034480366376,44.49671835088847],[25.9930625876418,44.49668561262561],[25.993090663204303,44.49666565488227],[25.993260979371072,44.4965007109845],[25.993313246336477,44.49643238907071],[25.99335029056589,44.4963709514226],[25.993395542911422,44.49630422131972],[25.99339358611517,44.49629280834468],[25.993403624477935,44.49628425970826],[25.993759414586386,44.496491997468574],[25.994812850755885,44.49586763279421],[25.99513430622675,44.49606027895477],[25.99529046241593,44.496124781443015],[25.995362588797622,44.49630414803212],[25.995383084959272,44.49634788788701],[25.99539488255919,44.49640493481529],[25.99540671939338,44.49642049058688],[25.995432599984632,44.49648479328389],[25.995482238365017,44.49656319642971],[25.99553299136412,44.496640599690544],[25.995585371204996,44.496717538551025],[25.995641184636764,44.496796697102106],[25.99573278243306,44.49693107059396],[25.995780839148313,44.49702993058633],[25.9958380276723,44.49709093974043],[25.995876197841152,44.497131660402104],[25.9958924044185,44.49714894965078],[25.996423442952487,44.49753527356457],[25.996589183665883,44.497655846157365],[25.996816276801667,44.49779199796261],[25.99735626247632,44.49811573848879],[25.998426447344805,44.498871360113334],[25.99855397445348,44.49901182123547],[25.99856812255873,44.49903725460471],[25.998569492789198,44.499037372968196],[25.998570960005274,44.49903750037271],[25.998577166393925,44.49903803940097],[25.998578019021853,44.49903811374898],[25.998578521520933,44.499038156998196],[25.99857934139612,44.49903822803629],[25.998584816062845,44.49903870334523],[25.998592683607765,44.499039386059074],[25.99860037734581,44.499040053211914],[25.99860372989613,44.499040343916505],[25.99861305332625,44.49904115323348],[25.998661905897226,44.49904539150473],[25.99868556521115,44.49904744452656],[25.99869253101661,44.49904804882136],[25.998699470371466,44.49904865064994],[25.998709351719345,44.499049508116634],[25.99871460095271,44.49904996381623],[25.99872391555334,44.49905077140214],[25.998725960849185,44.49905094948367],[25.998734528624333,44.499051692584516],[25.9987753109064,44.4990552309989],[25.99879379402763,44.499056833954135],[25.998837496889497,44.499060625471785],[25.99884147412056,44.49906097093498],[25.998845324143424,44.49906130492499],[25.998957732984437,44.49907105586152],[25.99898672466468,44.49907357097165],[25.9990603437488,44.499111576943385],[25.99909028879589,44.49912703573504],[25.999104250053158,44.499134243531046],[25.999115315767956,44.49913995596115],[25.999304320259576,44.49923752905063],[25.999443938520134,44.49922322829615],[25.999469768813086,44.49922058181046],[25.99951419151454,44.499216040617284],[25.999582587996898,44.499209048461914],[25.999708611664023,44.49919616486263],[25.99981109458577,44.49918568777861],[25.999845732149442,44.49918214676808],[25.999981363919588,44.49914106107197],[26.00018088320463,44.49908062225163],[26.000563620573363,44.49896467994689],[26.00056378194198,44.498964630813525],[26.00056629136545,44.498964234130156],[26.000580903887734,44.49896192007194],[26.000606193652914,44.498957916396066],[26.001076644599554,44.498883437802114],[26.001311211838708,44.49884630126615],[26.001387931440398,44.498845559400884],[26.001412689061553,44.49884531964674],[26.00244567934507,44.498835317503904],[26.003262978907784,44.49893163793487],[26.003790592296426,44.498962574038956],[26.003856000987913,44.49896640881362],[26.003929022620348,44.49900900253274],[26.004170305123278,44.499149741946525],[26.004223631993142,44.499180847595824],[26.004240807981496,44.49919086567521],[26.00431011743012,44.49921383672402],[26.004312271406448,44.49921455014685],[26.00470977030451,44.4993462885509],[26.004713268807127,44.499347448090866],[26.004958847910853,44.4993875488821],[26.005109404807257,44.4994121323731],[26.00550620882082,44.499476924510525],[26.006037895665106,44.499563738231444],[26.00644312954445,44.499696833444844],[26.006504254749053,44.499805549889004],[26.00655414239449,44.499819316598376],[26.00658046135183,44.49996090468527],[26.006846354135412,44.50005922307917],[26.00685219031226,44.50006138139283],[26.006860040134235,44.500102713926296],[26.006891185448012,44.50026659819505],[26.006899259090726,44.50030907985084],[26.006904419548988,44.500336234113234],[26.006911737909757,44.500374741733275],[26.006919590208927,44.500416031040615],[26.006913903015743,44.50041657685514],[26.006863436084945,44.5004446222382],[26.00672449717577,44.5006023098678],[26.00670401447821,44.500625554880294],[26.00671183437504,44.5006676248077],[26.00696046239712,44.50063532444778],[26.00699105844667,44.500794793611796],[26.00700983432641,44.50089266129583],[26.007026221091248,44.500978067064125],[26.007073603037902,44.50122503095535],[26.00708107033579,44.50126395304509],[26.007121571962685,44.50147505325055],[26.007135716729746,44.50154877609672],[26.007172285759736,44.50173937210105],[26.007181988551395,44.50178626007645],[26.007207453923815,44.501925489520964],[26.007215280706685,44.50196828297226],[26.007221528154727,44.50200243685625],[26.007226427235363,44.50202922443572],[26.00722678960538,44.50203529002351],[26.007229118167107,44.502074330925936],[26.007196132631712,44.50208138121179],[26.007220794692078,44.50221225576068],[26.00726249390284,44.50243354244197],[26.007278612018837,44.5025190720875],[26.00728979229682,44.50257840581233],[26.007379194630847,44.503052831132564],[26.007386027214174,44.503084325625856],[26.007443623809664,44.503349851903266],[26.007488516701585,44.50355680508026],[26.00748902960095,44.50355917114547],[26.00752670707397,44.5037328611069],[26.007527404570524,44.50373607603964],[26.00755400977123,44.50385872859443],[26.007565960445724,44.503913820824],[26.007643825865944,44.50427663787748],[26.007652231395454,44.50431580445754],[26.007680310642268,44.504446644783094],[26.007680422725688,44.50444816661297],[26.007686354106525,44.504528737273695],[26.007694651389887,44.504641456156726],[26.007700505412746,44.50472097898739],[26.007761282619974,44.50502184294612],[26.00783899485792,44.50544315349394],[26.007870274269898,44.50561272988506],[26.007888757340595,44.50570927885217],[26.007925828902433,44.50590292934838],[26.008006702707235,44.506325382466265],[26.00810537088542,44.50684077346437],[26.008127238531475,44.50695499910635],[26.00820091599386,44.50733984798609],[26.008211659787086,44.50739597157928],[26.008249641053524,44.50758454855291],[26.00826860294538,44.507678698240106],[26.008292938459153,44.50779952412386],[26.00829853221263,44.5078298776312],[26.008368901763358,44.50821170855323],[26.008406690138855,44.50841675666079],[26.008425795691345,44.50851737077986],[26.008464729905818,44.50872239782239],[26.008551510334435,44.50917938824004],[26.008607816247906,44.50947950254209],[26.008614786829504,44.5095166514635],[26.008663515259645,44.50977637768491],[26.008727890285144,44.51011949465668],[26.0087466335746,44.51021939376188],[26.008748910954527,44.51023153174131],[26.00882443269865,44.51063405009095],[26.008818451970615,44.51071932733026],[26.008809518986514,44.510846690686286],[26.00879921554075,44.51099358862302],[26.008793461253468,44.51107563366694],[26.00878314720608,44.511156943698815],[26.00876437976565,44.511277777218744],[26.008752667933617,44.51133308920155],[26.00870704227763,44.51148398158754],[26.008652786095126,44.51166341698617],[26.00872962298356,44.51172231972439],[26.00873768835124,44.51172867368998],[26.008761156261166,44.51174716338712],[26.008841127722093,44.51181016278875],[26.008884230374612,44.51185537201696],[26.008998048114854,44.512013620735246],[26.009031157517832,44.51206421146804],[26.009105001408702,44.51217705190038],[26.009146161746546,44.512233513358986],[26.00916974018455,44.51226585868057],[26.009296170457183,44.51243928912623],[26.00931559256429,44.51251417684287],[26.009384606767476,44.51259331141771],[26.009396482245275,44.512606928577995],[26.009413687680112,44.51261698253548],[26.0094726159567,44.51265140080815],[26.009492014770355,44.51267769126156],[26.00952094229661,44.512716894459274],[26.009367106949803,44.51282743533248],[26.00922308606097,44.512930867978675],[26.00919440555493,44.51295146607654],[26.009128692313563,44.513000420482534],[26.009066117591196,44.51305450296703],[26.00904411728215,44.51307351749769],[26.008910903294836,44.51318865316097],[26.008863477565534,44.513247632858096],[26.008823962725256,44.513319160911244],[26.00881563818186,44.513373553372794],[26.008799640389416,44.513478079874695],[26.00879713979836,44.51349441510198],[26.008797041519543,44.51349505319513],[26.008756938440957,44.513529917001634],[26.00871725710963,44.51356250177113],[26.008471216142226,44.5137574368242],[26.008464010087895,44.513783647749094],[26.008463817277214,44.51378434698894],[26.008478142679678,44.513805572693926],[26.00875152206463,44.51400482106462],[26.00876222559945,44.514012622054985],[26.008769811459974,44.51401815049353],[26.00887501673521,44.51409723513628],[26.00887593317926,44.51409792444963],[26.00888075242247,44.51410154619886],[26.008882736985186,44.51410303867056],[26.008886567035045,44.51414599111766],[26.008895296650035,44.51439611927286],[26.00888147745852,44.51441509475336],[26.00877845726326,44.51455655470308],[26.00857732516293,44.51480717550957],[26.00878613689694,44.514934100808986],[26.008891549720463,44.51499128521874],[26.00909327195099,44.51510071492507],[26.00950577329244,44.5153244854717],[26.009708309921844,44.51543841409447],[26.009708452325228,44.515438501020896],[26.00979624750941,44.515491999305766],[26.01043853193203,44.51585145595092],[26.010468299739518,44.51586811580119],[26.010612813721266,44.51595159141182],[26.010696357638896,44.515999848500776],[26.010719078572485,44.515982732527974],[26.01089881938975,44.51584732938499],[26.011215480545644,44.51560877873467],[26.011217072758658,44.51560933776487],[26.011297997958497,44.515637721164154],[26.01131281001847,44.51564291640324],[26.01164040518633,44.51582622085572],[26.011665832493605,44.51584044878807],[26.011893036199606,44.51596757774322],[26.011937186125817,44.51599228119078],[26.011974869802156,44.51596773239069],[26.01213122469997,44.51583627137846],[26.012141794857747,44.51582738418521],[26.012448205244635,44.51556975526306],[26.012717763629748,44.51534310763183],[26.0128363134819,44.515231070160034],[26.012884088906837,44.5151859189348],[26.012902119696395,44.515167594531285],[26.013006617079938,44.515203754378966],[26.01343774248227,44.51539573096003],[26.013461687089855,44.51540595232921],[26.014084145619066,44.51567164406636],[26.014300390109913,44.51576913281786],[26.01432216434993,44.5157789496241],[26.014512978599292,44.51586497282273],[26.014640807177596,44.515922600878305],[26.014654273110292,44.515927978799574],[26.014690110479833,44.5159422905606],[26.01482652251869,44.516006314091335],[26.014886516083898,44.51603447564259],[26.014897496471875,44.5160351328067],[26.014940555686817,44.51602663597026],[26.014999832935978,44.516024077232096],[26.015058530266025,44.516017869603765],[26.015126576686264,44.51600396359081],[26.015159247107345,44.516000555328844],[26.015248409534493,44.516008590579176],[26.015302239811664,44.51602389212984],[26.015580900998135,44.51613819566689],[26.015716890182805,44.51619397685419],[26.015753885347404,44.516209151766866],[26.01608665389361,44.51634564703089],[26.01618668949629,44.51638678527606],[26.016476807251177,44.516505935255346],[26.016506270427833,44.516518035866476],[26.01694308020196,44.516697428617064],[26.017617572804557,44.516973633442824],[26.01794735209597,44.517109100819226],[26.01798500013438,44.51712456611708],[26.01835765999466,44.517277646385985],[26.018623538834568,44.51738566688657],[26.01874275435113,44.51743410064532],[26.018872477774746,44.51748789253304],[26.01901970540533,44.517548447206565],[26.019036886406816,44.51755672419309],[26.019133420834308,44.5176032295132],[26.019277334256213,44.517672607911976],[26.019441126585527,44.51775156978797],[26.019485252122088,44.517773491260456],[26.019604134566062,44.51782206753137],[26.019696094238537,44.51785964234748],[26.020074059025653,44.51801369952975],[26.020101400820746,44.51802483108211],[26.020362390656093,44.51813108091416],[26.020787610791366,44.5183050304644],[26.020809071872193,44.5183138093404],[26.02102065940479,44.518400202326376],[26.02130846132317,44.51851771301128],[26.021353440211396,44.51853589094355],[26.021649476724534,44.51862845769529],[26.021662141445212,44.518632489316175],[26.021697423262477,44.51864371953154],[26.021735275326414,44.51865723679401],[26.021772525609848,44.51867157851662],[26.022078337790315,44.51879681629359],[26.02241792697749,44.5189355172368],[26.022998694453563,44.51917231188541],[26.0230453067929,44.51919131674482],[26.023068781500683,44.51920088783953],[26.023522506365264,44.5193867889544],[26.023816099003767,44.51950707938021],[26.02412768564099,44.51963474055938],[26.024306733202195,44.51970775261179],[26.024538479909673,44.51980355460387],[26.024656428075236,44.519852312285025],[26.025345068831857,44.52013698376263],[26.02524972893742,44.52014492500842],[26.025218757774446,44.52015415286948],[26.025194676462057,44.520168826195],[26.024901647647955,44.52037811730938],[26.02463192147984,44.52025551121289],[26.024367572616224,44.52061221566605],[26.024378635344256,44.52064969911245],[26.02438849341995,44.52068310020961],[26.02430700810825,44.5206991229518],[26.02430434653829,44.52069942614074],[26.024207080253273,44.520809609259736],[26.023979934145913,44.52106691311696],[26.023731287226145,44.52134857191081],[26.023587705900848,44.521511213348894],[26.023581669224434,44.521518051614265],[26.023479001577254,44.52162842084041],[26.02334759102982,44.521769686686945],[26.023298853557563,44.52182208007368],[26.023265296464057,44.521858152382926],[26.023250705597764,44.52187331516187],[26.02312243098181,44.522006607796754],[26.022969749288073,44.52216526203108],[26.022963013347542,44.52217226141141],[26.022925906959397,44.52221081838034],[26.022842741595706,44.52233532399471],[26.022737840102305,44.52249236807843],[26.0227142049417,44.52257595590804],[26.022676008526407,44.522711040004545],[26.022619922735103,44.52284904402176],[26.022564371909617,44.52298573092844],[26.022564063313236,44.52298649064488],[26.02258685389736,44.52309516303705],[26.022605631672423,44.52318468518162],[26.022629327652698,44.52329765595389],[26.02263536267633,44.52331122212586],[26.022755601016268,44.523581493969125],[26.022755623085747,44.523581532469784],[26.022777475701105,44.5236199370159],[26.023059001577565,44.52411469095767],[26.02308185705931,44.524154856688085],[26.02319828407029,44.5243594638533],[26.02320236406644,44.524366632391285],[26.023214275621932,44.5243875658721],[26.023517312410775,44.52468353208419],[26.023616515527923,44.52484327615498],[26.023631522407474,44.5248841466533],[26.023856943496092,44.52549809924369],[26.023897632900198,44.52553673212582],[26.02393687762875,44.52557399388208],[26.024154388099472,44.52578051166966],[26.024233236603727,44.52585537644017],[26.024233281381147,44.52585541833435],[26.024233348785035,44.52585545912296],[26.024578663785036,44.52606471115334],[26.024845118870143,44.52616057434697],[26.025258463031157,44.52630928069848],[26.025316064368376,44.52633000366608],[26.025555823676736,44.52641250864995],[26.025791987344302,44.52649377591277],[26.02597673200783,44.52655734819022],[26.02598723367704,44.52656096251],[26.026498892359715,44.52673702667967],[26.026753384838972,44.52682459801334],[26.026775209691753,44.526832025131455],[26.026856571323382,44.52685971399403],[26.02708227974708,44.52693652419021],[26.027095158008837,44.526940906975504],[26.027230150715468,44.52698684541811],[26.02760292416828,44.527113701251686],[26.027988730821004,44.52724499113353],[26.028115517397733,44.527288135877946],[26.028124779362606,44.52729128699366],[26.028384687271846,44.52737973140756],[26.02842287834223,44.52739272765956],[26.02845382133601,44.52740325735634],[26.028551677773784,44.52743561415029],[26.028673029008363,44.52747573878519],[26.028691730859073,44.5274819222988],[26.02871239820003,44.527488755691415],[26.02873486145773,44.52749618380774],[26.028914487898128,44.5275555769048],[26.02893612981246,44.52756273257042],[26.02895351549975,44.527568481642],[26.02896844082607,44.527573416145806],[26.029011322237448,44.527587595222],[26.02901825145669,44.527589886434804],[26.029032443999593,44.52759457831243],[26.029079298667902,44.52761101435262],[26.029110952908564,44.52762211699205],[26.029118032782197,44.52762460122829],[26.02915213056654,44.527636561772574],[26.029181788248668,44.52764696440024],[26.029192357397474,44.52765067140972],[26.02919314110497,44.52765094686231],[26.02920229098268,44.52765415561469],[26.029211033203055,44.52765722228422],[26.029216847002875,44.52765926176109],[26.029216948296526,44.527659297737294],[26.029218638486963,44.527659889822345],[26.02921982986909,44.52766030825663],[26.029230581338556,44.52766407929972],[26.029259224934087,44.52767412665601],[26.02927397339181,44.52767929943988],[26.02927421521635,44.52767938453436],[26.029276828389037,44.52768030120015],[26.02927799571064,44.5276807108533],[26.029279689708257,44.52768130470269],[26.02928182177998,44.527682052956486],[26.029283651244636,44.52768269417018],[26.029284238703305,44.527682900312094],[26.029287365892753,44.52768399678947],[26.02929047790665,44.527685088905116],[26.029293132865018,44.52768602048948],[26.02929800090168,44.52768772748845],[26.02930147753184,44.527688946778206],[26.02930275374328,44.52768939503786],[26.029302839829356,44.527689424852674],[26.029303110779296,44.52768952048128],[26.02930469843585,44.52769007750035],[26.029304733883066,44.52769008977701],[26.029305036474305,44.527690195917046],[26.02930516055552,44.527690239785294],[26.029305654316477,44.52769041258167],[26.029305817634793,44.52769046959209],[26.029306020206352,44.52769054064438],[26.029307424272993,44.527691032737806],[26.029307691417007,44.527691126601184],[26.029307868669022,44.52769118888451],[26.029308190257918,44.527691302051274],[26.029308591594944,44.527691442390655],[26.029308998011903,44.527691585383714],[26.02930995008665,44.527691918699745],[26.029310179888594,44.527691999853694],[26.029310209634865,44.52769200993239],[26.029310243840197,44.527692023120444],[26.02931037679131,44.52769207050778],[26.029310426156172,44.527692087157554],[26.02931047805297,44.52769210468414],[26.02974971134126,44.527190676227534],[26.031718456636053,44.525298359975366],[26.033522380786536,44.523554201924405],[26.033620462426633,44.52359329519188],[26.039635449493698,44.52607770266604],[26.04825896912863,44.529533580939166],[26.049223473292912,44.52982323686687],[26.048750794253497,44.53090575240975],[26.048751331938636,44.531023920428524],[26.04949124369279,44.53131478558802],[26.050169771984464,44.530078113473344],[26.058267006626338,44.53210768686721],[26.068596866715726,44.53485053979191],[26.06859790665492,44.534974464230935],[26.068850468132943,44.53505028332083],[26.068780797725193,44.53532410035281],[26.06875387248383,44.538325937224855],[26.068910676265364,44.538744087402684],[26.069224667632525,44.53926789487749],[26.069277620063183,44.53937188291948],[26.070048872162797,44.53977052527075],[26.07053154557115,44.539998060093424],[26.071016937355324,44.54022268696957],[26.07170013517401,44.540538302767466],[26.071721157827167,44.54054801492966],[26.071763355199053,44.5405704744818],[26.071848964773533,44.54061304192583],[26.072382307068377,44.540963140481765],[26.07283044772369,44.54125730605151],[26.07302142157983,44.54138266241966],[26.073040957651216,44.541373320549994],[26.073041000062684,44.54137330034581],[26.073077303044695,44.54135593988631],[26.073591172561216,44.541110243858085],[26.073632747787443,44.54109036514974],[26.076251944571435,44.54100311725954],[26.076252084166732,44.541003112327],[26.076469117317526,44.54086842988261],[26.076698694208037,44.54072596171991],[26.076698775366882,44.54072579264014],[26.076839760056473,44.54043728055018],[26.07718716157763,44.53972568715671],[26.07720246299203,44.53969464309952],[26.07739849333563,44.5392968759239],[26.07742637061309,44.53914549526162],[26.077433454708554,44.53909358609981],[26.07748026108529,44.538716028141074],[26.077498700889794,44.53855951119961],[26.07752726368716,44.53833775637153],[26.07760093120889,44.53776579807453],[26.0776738792036,44.537278588510965],[26.07769812033585,44.53711668254347],[26.078208335909252,44.537182640287305],[26.078828460726942,44.53726051352172],[26.079383417183692,44.537324770628544],[26.079387643153844,44.5373069042664],[26.080226309654474,44.537408606333024],[26.080447500908743,44.537443438439425],[26.080767658786367,44.537505441931735],[26.080758411802215,44.537531674512934],[26.08143726948496,44.53769578513365],[26.081680290734287,44.537752378680885],[26.08210655359793,44.53784098222144],[26.082284335468533,44.5378742328802],[26.08231794495893,44.53788641162475],[26.082346461230845,44.537911837229636],[26.082387100979453,44.537958197151],[26.08245833099776,44.537966216594754],[26.082525700938277,44.53793993976794],[26.082565087813684,44.537926511237394],[26.082598459222865,44.53792781087218],[26.082697890439825,44.53794345621318],[26.082870473292378,44.53796919655672],[26.082905740693203,44.53798066168446],[26.082922467314802,44.537993543311444],[26.082937974164512,44.538015183102836],[26.08297144387824,44.53807231568893],[26.083083587555254,44.538011159984116],[26.083104581293885,44.53799997890404],[26.083469302558292,44.53806261770036],[26.083615920523727,44.53808788098536],[26.083628344232224,44.53809945292295],[26.08363674023025,44.53811030754672],[26.083643118307794,44.5381222615948],[26.08364744591699,44.53813760144634],[26.08364745224174,44.538159840126475],[26.083637247168273,44.53821632573015],[26.083715573749465,44.5382333214395],[26.083790690488954,44.53823285144348],[26.083820266691255,44.53819670921667],[26.0839303118008,44.53813266395422],[26.083958544378476,44.53811623257543],[26.084406820119465,44.53818247968646],[26.08451058280024,44.53819781266754],[26.084898458219662,44.538255142597706],[26.085042860881533,44.538275500405476],[26.08517049972823,44.53829186124997],[26.08529849364521,44.5383067577903],[26.08542679938836,44.538320166140814],[26.085555391954067,44.53833209554137],[26.085684246000078,44.538342537234584],[26.085735201849847,44.53834607869275],[26.0858911390508,44.53835598934644],[26.086031708585097,44.53836307772004],[26.086037893879702,44.538363361953394],[26.086392614605167,44.538373119305724],[26.08646077073739,44.53837388463171],[26.08659038492317,44.538373895662964],[26.086720096100834,44.53837237556599],[26.086849665053965,44.53836938514777],[26.08697893207109,44.538364930448616],[26.086983591035388,44.538364885534456],[26.08707235056128,44.53836069972559],[26.087095924087397,44.538359572420184],[26.087107553580253,44.53835901028203],[26.0871734072805,44.538355792259324],[26.08723792868144,44.53835265904719],[26.087358875817834,44.538348171634226],[26.087598550869863,44.538345703414215],[26.087718384259247,44.53834768674695],[26.087957653686892,44.53835807225159],[26.088076934896314,44.53836647051855],[26.088195888857665,44.538376997679926],[26.088346973786784,44.538393485960064],[26.08880914219011,44.53844934550339],[26.089393068946794,44.53851989068766],[26.090027777952958,44.53859321083102],[26.090598919137427,44.53865087070419],[26.091136899778157,44.538705180087945],[26.092378122042607,44.53881911231179],[26.09560799866325,44.5391795047127],[26.096228512392816,44.53924801380852],[26.096355652286558,44.53926206909867],[26.09683038035467,44.539316646876266],[26.09691946362876,44.53932527195363],[26.09694669543367,44.53932790871409],[26.096787973213683,44.53990395350386],[26.09675509350353,44.54046866047964],[26.097651471201424,44.54056305674737],[26.097713253626136,44.54123023312315],[26.100438089390728,44.54140926895618],[26.100613656470784,44.54139943802748],[26.100699644667767,44.54133437900549],[26.100837259908396,44.540793190119985],[26.100892699081655,44.54069580140321],[26.101582944356124,44.54070190431428],[26.101657653510678,44.54067749198114],[26.10174044623817,44.540475773510806],[26.10179606415815,44.53957797831589],[26.101886428969987,44.539577805384134],[26.102068076377968,44.53957543877155],[26.103625561748384,44.53955513692975],[26.10367604433171,44.53955447809377],[26.103716111095387,44.53955395539427],[26.103720968635756,44.53955389254459],[26.103730667343086,44.539553766104774],[26.103761965141867,44.53955335802767],[26.103766644020602,44.53955329692497],[26.10380703663377,44.53955277010332],[26.10436396040658,44.53954550404791],[26.104478141898678,44.5395440139309],[26.104396986100237,44.53930529081942],[26.104336133671257,44.539126288136444],[26.104335489315364,44.53912076467806],[26.104220785179827,44.53813662880945],[26.104192608921174,44.537894877446135],[26.104187701676633,44.53785276551452],[26.10415076724435,44.53753586931665],[26.104150342461892,44.53753208526076],[26.10410223035219,44.537103431399515],[26.103735545057503,44.533836303163746],[26.103662840033806,44.53331913108185],[26.10342309927579,44.5316137119678],[26.10342187157817,44.531604981119116],[26.103380795009105,44.531312767188744],[26.103277717036413,44.530646660498604],[26.103163307265927,44.529907303419094],[26.10315139596778,44.52983032544727],[26.103205178689773,44.529638046626964],[26.10341179248854,44.52921945708134],[26.103656932748883,44.528722806881106],[26.104152958304446,44.52786205137734],[26.10491165412736,44.526545430949824],[26.10492060378753,44.52640244144265],[26.10479647298801,44.5245727311896],[26.104779287823078,44.52431938990363],[26.104757604055397,44.52399975711705],[26.104757428426236,44.523997286464045],[26.104715846749123,44.52341196271086],[26.104704220416064,44.5232483149423],[26.104512041815557,44.52054299375076],[26.10450304181297,44.52051353584894],[26.10432942731924,44.51994524524967],[26.104327714297703,44.51985573367315],[26.10437831813448,44.51981406443244],[26.104450949220716,44.51975425533919],[26.10453392768823,44.519642426777416],[26.10472334121373,44.51933617366486],[26.104977392923047,44.518873930372685],[26.104918030903164,44.5186150111059],[26.104908981517706,44.51857554452697],[26.106227696654354,44.51840813673916],[26.10615749097087,44.517572092350356],[26.10575207452899,44.51757964998498],[26.105581041563756,44.51596981712012],[26.10553636824846,44.5155389138814],[26.104821493546858,44.515578626610946],[26.104904549127188,44.51650618100053],[26.104915852050933,44.51663202894027],[26.10445604710176,44.51664391492431],[26.104396537708613,44.516323278458806],[26.104368033534456,44.51617143521706],[26.104361558839187,44.5161282343705],[26.1043484523843,44.51607437917499],[26.104310278027906,44.51589244376442],[26.104241553136134,44.51554633676001],[26.104258365412935,44.51554669409035],[26.10425722728621,44.515534545880854],[26.104403987239635,44.515394296196156],[26.104278765696353,44.515221073474684],[26.10405006431556,44.515225794030286],[26.103992129693587,44.51491074103493],[26.10381353673625,44.51393950914814],[26.103735928295066,44.51351744745485],[26.10368368566055,44.51326372491203],[26.103529438631217,44.512631965669314],[26.10323113609229,44.511460733713946],[26.103042336970535,44.51072601065987],[26.102958040876196,44.510259971211966],[26.102889552367014,44.509723028706254],[26.10288372960167,44.50930552846109],[26.102890200923152,44.5092048233273],[26.10293027075973,44.50858115871176],[26.103236872798096,44.507486287247964],[26.10345632631587,44.50677352633098],[26.103588035708448,44.506345743386994],[26.10395372038187,44.505178857353705],[26.103978474807878,44.50510315223248],[26.104041654575116,44.504909935970566],[26.104880576860587,44.5050943134246],[26.105149048167924,44.50515331623053],[26.106240843787408,44.50540294541764],[26.10725312245213,44.505627208440636],[26.10873295799098,44.505920401087415],[26.109075646522857,44.50505311519573],[26.109160178615195,44.50483917608543],[26.109199840331335,44.50474067663129],[26.10920879032708,44.5047184488108],[26.109757257372113,44.503356262336254],[26.109615933090215,44.503320487959655],[26.10914876543688,44.50324594566493],[26.107923053788184,44.50299421498344],[26.107685122895962,44.502945348212215],[26.1069601383979,44.50277663226477],[26.10632585586432,44.50264204508185],[26.10633944260184,44.50261649139072],[26.10635117965273,44.50259357672902],[26.10480876638085,44.50227539159126],[26.104787370322562,44.50211252111079],[26.104744600602142,44.5019682656448],[26.1046644545595,44.50185150325323],[26.104589556293927,44.50177750541103],[26.10454211478767,44.50173063345396],[26.104478046036327,44.501683789400694],[26.104461142517554,44.50167450746111],[26.10439566739654,44.50163854945457],[26.104729176335102,44.50114696140403],[26.105258079798332,44.500323470149496],[26.105307620686954,44.50034162838744],[26.105560124999794,44.50042627449862],[26.105559663723575,44.50042320093445],[26.105560557413497,44.500417990019166],[26.10581600806789,44.49975692621363],[26.10588968262906,44.499566261925246],[26.105914832482515,44.49950121330374],[26.105968449100867,44.49936243424901],[26.106022078037412,44.49922365504769],[26.10603771335387,44.49918317146393],[26.106039678466765,44.49917835774295],[26.10605592276811,44.49913854950037],[26.106075925274386,44.49909431494965],[26.106093076091287,44.499059423647374],[26.106111461451242,44.499024646231],[26.106131794290008,44.49899371981093],[26.10649140287611,44.498539241203346],[26.106543266915256,44.49847054608929],[26.106591635207305,44.49840055323312],[26.106636421649604,44.49832936248781],[26.106677590086367,44.49825705521498],[26.106715066817284,44.498183722144816],[26.106748828778738,44.4981094715107],[26.10677484268449,44.49804497222614],[26.106798016973624,44.497979942803454],[26.106815502091205,44.49795334634525],[26.106860877582776,44.49775220399203],[26.10690866955062,44.49756732205742],[26.106918685874568,44.497528573880075],[26.106943980236366,44.49743050165851],[26.10695611295253,44.497387100259836],[26.10697924045792,44.49731703111466],[26.10700678556004,44.497247818603036],[26.107038547945937,44.497179509690284],[26.107074531052714,44.49711228434423],[26.10711463670306,44.49704626952862],[26.10715880461078,44.49698160083517],[26.107206923338612,44.49691836935623],[26.107258971700848,44.49685678230079],[26.107314762137626,44.49679689550753],[26.10737420818821,44.496738790822604],[26.107482336387537,44.496593760291596],[26.107663924149982,44.49665577872732],[26.10774264484362,44.49654251084418],[26.10783967074322,44.49639525081295],[26.10881054016033,44.49683111597473],[26.108907809283533,44.49681082648029],[26.109493517523163,44.49585562507405],[26.109556615100416,44.49575272048907],[26.11023559702521,44.4946453574493],[26.11042677948475,44.494333546514405],[26.111238539278798,44.493020159106585],[26.1113694580063,44.49279426586135],[26.111387720092477,44.492762757680154],[26.111675734418903,44.492280280815415],[26.111747520669674,44.492135398476435],[26.111752052234202,44.49212625271426],[26.11177415664776,44.49204394330442],[26.111677526086396,44.49198896974496],[26.111125150469427,44.491674716728895],[26.111079001419217,44.49164846161577],[26.11065646261883,44.49140806946483],[26.110644869491367,44.49073206631524],[26.110947689338985,44.490566663140214],[26.111004008547987,44.49053176569668],[26.111429095487264,44.490268364411484],[26.11175931934469,44.48996377880086],[26.11208627606935,44.48972345929364],[26.11227469163915,44.48958386542716],[26.11267853895861,44.48928465985477],[26.113362869455177,44.48877763486116],[26.11359992313778,44.48860199823903],[26.113899027885317,44.48838038384203],[26.113912886456024,44.48837011527818],[26.113926726252863,44.48835985139838],[26.114290520347062,44.488090024788846],[26.11456941826221,44.487883163595285],[26.114572644830712,44.48788077181804],[26.1147436866993,44.4877539513575],[26.11471644810146,44.48771717570346],[26.114739232140874,44.487700994688495],[26.114864550275417,44.487611991764126],[26.114870715520297,44.48755165603748],[26.114834808362847,44.48738561209208],[26.114911160008234,44.487378945974534],[26.114892308003782,44.48730832742532],[26.115195891548307,44.48726606471483],[26.115182890852378,44.48722241609362],[26.116714244145186,44.487089934573994],[26.118843266983433,44.48684231825244],[26.120623513995113,44.486635229234864],[26.121543565152898,44.486528289244546],[26.124521040941474,44.4861829622213],[26.126974436397926,44.48591368435671],[26.129362497075753,44.48564897682002],[26.131737137480112,44.48537737812471],[26.13452396478086,44.485053294151264],[26.135458392833957,44.48494475452833],[26.1372089943466,44.484737134570366],[26.139306001508793,44.48448698776123],[26.13960945918239,44.48442977393248],[26.140060955932128,44.48434465499807],[26.140136987032594,44.48454691411322],[26.14036074896018,44.484517712328916],[26.140345423715473,44.48431459611446],[26.1408089242022,44.48426572283784],[26.140819321391398,44.484310915992104],[26.141000772373495,44.484305037935634],[26.14109370581081,44.48427895022553],[26.14134753008577,44.48424930707868],[26.141768792874295,44.484200101576214],[26.142446679830453,44.484121157488325],[26.143733376768832,44.48397657650395],[26.143781581010582,44.48397037210708],[26.14416215037114,44.48392148962807],[26.14446495706596,44.48388256686612],[26.144684171384302,44.48385441068623],[26.145441004273565,44.48375715010634],[26.14588887291024,44.48369959449244],[26.146418234427138,44.48365037042373],[26.147244144954605,44.48357399567041],[26.147234521157714,44.483520514951984],[26.14799384641811,44.48343142907045],[26.148625974028043,44.483357269978676],[26.150144124442726,44.483179142397255],[26.151270722855806,44.48304811532117],[26.15202032380929,44.4829612166517],[26.15230159788239,44.48292862208574],[26.152522891474504,44.48290296744019],[26.152865260849094,44.482863275433786],[26.153013369623842,44.48283681141536],[26.153107133961132,44.48283572605812],[26.153227825271063,44.48281691352359],[26.153456178741042,44.48279354287218],[26.15362883948925,44.48277587203867],[26.153798125108953,44.482758541504694],[26.154059651664426,44.482729960837894],[26.154605478776592,44.482668757233924],[26.157093753578,44.482392524616635],[26.15890824550937,44.48219188502658],[26.15940171647735,44.48216900675937],[26.15939209844825,44.482106967688935],[26.159958968139456,44.482041822490395],[26.16046386136752,44.48198434187142],[26.160599070004345,44.481973094181924],[26.161024148694967,44.4819377096847],[26.16138513078294,44.481907664300394],[26.16171709538092,44.4818800319561],[26.161985324605418,44.481858807003626],[26.16217826798955,44.48184599907621],[26.162289855565465,44.48183858406306],[26.16225617081712,44.4818008332199],[26.162465493746996,44.48175549081171],[26.162569989005174,44.48188040801143],[26.162609536089068,44.4819339568041],[26.162900963858,44.48192728682962],[26.162798004454896,44.48172820065435],[26.163494591843186,44.48166236514161],[26.163621899794386,44.48164902631528],[26.164064635796723,44.48159671645631],[26.164765591762137,44.48151388038797],[26.164765367379132,44.48149714215556],[26.165322921548956,44.48141637867445],[26.165707567502253,44.4813681191231],[26.165707185316325,44.48137721337663],[26.16644618423375,44.481290337188284],[26.166444582686943,44.481283243529816],[26.16701980951523,44.48121561814991],[26.167361533710707,44.48117544766415],[26.168068170416337,44.48109238815204],[26.168521841585132,44.48104037940993],[26.168765085139572,44.48101046006048],[26.16935722296134,44.48095004558045],[26.170079408234546,44.48083797512524],[26.170166782876148,44.48082820260437],[26.17046840260392,44.48079623335386],[26.170625868223787,44.48078362640314],[26.170791571448778,44.48076498445202],[26.17118534010678,44.48072067051535],[26.171526746959742,44.480678150587735],[26.17174513481728,44.48065385635772],[26.172333979724137,44.48058141803396],[26.172613804608883,44.48055038077736],[26.172953827679653,44.48051596218611],[26.17305914646098,44.4804965683304],[26.173190395469216,44.4804819086029],[26.173500885956603,44.48045111691165],[26.173631984834266,44.48043650323341],[26.173825430191076,44.480412248712064],[26.174107447243728,44.48037843081115],[26.175158962967398,44.48025415678602],[26.17540964960642,44.4802246044579],[26.175526634844466,44.48022999944906],[26.17589559280716,44.480175784473175],[26.176035092308624,44.48016446445119],[26.1764514301278,44.48011578340348],[26.177280293949746,44.48000975320738],[26.177795547372373,44.479944157250166],[26.17806436064328,44.47991714564621],[26.17825385840301,44.479897982943186],[26.17849606554378,44.47986394923321],[26.17869316595819,44.47983972911435],[26.17973157936627,44.479722398592045],[26.179837726799484,44.47971298004876],[26.180264622851457,44.479665146371985],[26.180759469729157,44.47958861716816],[26.180986238101585,44.47956448718715],[26.184153179220786,44.479227520589816],[26.184895197910286,44.47914855567046],[26.18489146460332,44.47911066979549],[26.184730772913067,44.47900370620823],[26.1846940289185,44.478972932512185],[26.184301141460555,44.47900949924052],[26.182909816830147,44.47914954963558],[26.182182512544653,44.47909651057182],[26.181349017527715,44.47892953811604],[26.181192261944357,44.47887630638916],[26.180184697961856,44.478458061089],[26.179405389102847,44.478052340733846],[26.178726976262617,44.477573539299264],[26.17743394286872,44.47650371711168],[26.176110499171628,44.47539804358051],[26.17533503577081,44.474737960856054],[26.17445005810033,44.473984637192586],[26.173598980795404,44.47325242839087],[26.17039521307897,44.47055067522222],[26.165618552783464,44.46649316613949],[26.16479684549915,44.46579633856576],[26.164122424854224,44.46522814391925],[26.16364574266387,44.46471421012168],[26.162644155298054,44.46352193101968],[26.160800243623232,44.46131783608133],[26.159099168658273,44.45922089406476],[26.156471182952384,44.45605643591897],[26.155962512771172,44.45544646902867],[26.15627597241014,44.45499311279348],[26.15650637052472,44.45478105066039],[26.157192412992266,44.45451505965475],[26.158524361485764,44.45421776394402],[26.158591082014553,44.454445180882935],[26.159137418989662,44.45446429424293],[26.159073035437597,44.45406402125052],[26.159193578692935,44.45402963307774],[26.160432610064216,44.45417365426386],[26.16078681658269,44.45412768623055],[26.161759589759548,44.453315239953675],[26.162466488417678,44.453099916158344],[26.163311950880278,44.45309367383585],[26.16331909263849,44.45349161948815],[26.163733582399075,44.45348000379367],[26.163731130975265,44.45336136041398],[26.164208518765676,44.453356428510645],[26.164206508380023,44.453254116089646],[26.165691675998364,44.453149279060135],[26.16652210512603,44.45291922315182],[26.16706774467117,44.45237099937511],[26.16861699041497,44.45098190060923],[26.169106569448353,44.450722143965265],[26.169399868317722,44.45069695486314],[26.16971109261362,44.450793380635325],[26.17121344978694,44.45167467826263],[26.17441378215815,44.453610734124254],[26.175245324604415,44.4538697085222],[26.17609281527015,44.453945384126754],[26.17679975860725,44.45388165788835],[26.177442244127484,44.4535509528613],[26.17772551226461,44.45297044074048],[26.177710304341005,44.4522240084173],[26.177296854917408,44.45124226662746],[26.177065018274757,44.45048401324957],[26.177272188255944,44.450031075418686],[26.17722740338592,44.44976389726932],[26.176782639890344,44.44909981056364],[26.175455033560233,44.44788181844781],[26.17453637857865,44.44686787793469],[26.174341496712778,44.44599131152886],[26.17444242777806,44.445356217219064],[26.17471308248074,44.444982030133986],[26.175211536290966,44.44461452329269],[26.175807462996797,44.44439097624175],[26.17626299415169,44.44427868285918],[26.176694050580785,44.44428000636632],[26.17724813457545,44.44433245765551],[26.178897525011326,44.445054875184205],[26.179859664366614,44.44557480029405],[26.180704891964176,44.44594451363391],[26.181145524211605,44.446015612473666],[26.181673678753615,44.4459925954051],[26.182249443716746,44.4459108443582],[26.182884913222974,44.445700398343675],[26.182646541003837,44.44530182991438],[26.183600818521995,44.44498271123973],[26.183864429124426,44.44537600829541],[26.184371179465924,44.44520818534257],[26.18600379243402,44.444427362074975],[26.187012668990544,44.443953945104475],[26.187415031021562,44.4438362724008],[26.187784013550615,44.44380717648],[26.18826115658992,44.4439029733091],[26.188919954813382,44.44427412962046],[26.189956306441758,44.44503200586029],[26.190833880019426,44.44609743803249],[26.191496615166415,44.44665759102961],[26.19216916509729,44.446839530131435],[26.193102280402073,44.44685485830964],[26.19408350167241,44.44664280548575],[26.194876267259232,44.4463537221504],[26.195559486863853,44.445904134130686],[26.195781623108356,44.445704263119964],[26.19601874224366,44.44557312182248],[26.196030660811612,44.445549341595026],[26.196347259658978,44.44491784076978],[26.197444639921574,44.4427288440395],[26.197532864319957,44.44255285216671],[26.197647621768002,44.44232392638405],[26.197678482943232,44.442262363835866],[26.197716475145068,44.44224242026595],[26.197766249602566,44.44219085035495],[26.197788898600493,44.44210159655493],[26.197710264157337,44.44202203289182],[26.19762950313001,44.44198293014095],[26.197298416415222,44.441874890661545],[26.1971732312719,44.441795650354514],[26.197010410587797,44.441690447927314],[26.19687210808912,44.44152915591553],[26.196855512433807,44.441471496293914],[26.196800698210783,44.44136699111389],[26.19677394383944,44.44131744067086],[26.19668906130856,44.44115256583238],[26.196691606060227,44.4410187583271],[26.196748966260728,44.44083476786363],[26.19685762577584,44.440573990821875],[26.196891720555175,44.44049385892176],[26.196986093494697,44.44029611864299],[26.197087432418957,44.44010235439734],[26.19715205236424,44.43999910028313],[26.19720240213746,44.439936553140605],[26.19729254226997,44.43983723087147],[26.197354836059606,44.439773341676315],[26.19754698065034,44.43960292164317],[26.197655224938067,44.43950676373635],[26.19781364215928,44.43938022726005],[26.19790297636637,44.439314862199986],[26.19804876955647,44.43921450649792],[26.19812097642754,44.43917076212584],[26.198254814992715,44.43909552713331],[26.19843370361304,44.439010677426936],[26.198699113914337,44.43890487214677],[26.198805404912626,44.4388679558893],[26.19887646539164,44.438847128995164],[26.19943619013359,44.43875433595349],[26.199465367154296,44.43875105519531],[26.199532823972074,44.438743046684024],[26.19957898379519,44.43873666896261],[26.19998714132789,44.43869346764794],[26.200352374861907,44.438681224256634],[26.200796896826155,44.43867420075066],[26.20110109290077,44.43868327022827],[26.201499869211517,44.438732776570575],[26.201914132406838,44.438799657865246],[26.202054212575767,44.43883580250135],[26.20213886756642,44.438859848003524],[26.20227201305111,44.438887507082406],[26.2023631865778,44.438903022562194],[26.20257742447921,44.43893682697259],[26.20279019580397,44.438958091210345],[26.203054677505506,44.43896503235897],[26.20328546623962,44.43897193676657],[26.203440272822974,44.43897679033019],[26.203627872279927,44.438982490353055],[26.203742048733258,44.43898415948214],[26.20419133898553,44.438969538382665],[26.204315915964585,44.43895426518118],[26.204642748545155,44.43890952228269],[26.20469653718883,44.438901521830545],[26.20476800197793,44.438890551220595],[26.204791744210095,44.43888630116902],[26.20487548164746,44.4388620317882],[26.204942712949897,44.438835391811004],[26.20498846232122,44.438808738569286],[26.205025916376833,44.438784298115365],[26.2050556858826,44.438764854019226],[26.205072281419138,44.438752229069166],[26.20512211855157,44.43870894447941],[26.205217863429564,44.43861226492594],[26.205317068451297,44.438503811868244],[26.2054578768865,44.43834040768443],[26.205540675840012,44.43824767351264],[26.2056471030523,44.4380904242111],[26.20572814182394,44.43772533245609],[26.20579026317723,44.43773746597753],[26.20582789027081,44.437399677726575],[26.20588673499172,44.43728000077581],[26.20589116367226,44.43714840488903],[26.205927389500516,44.43698441852688],[26.205995681799855,44.436752181554446],[26.20605411529196,44.43655139815846],[26.206143434992775,44.4362523067049],[26.20619012423025,44.43613292174868],[26.20629336900942,44.43592334212222],[26.20636431979929,44.435767489057056],[26.20646966595389,44.43561413867573],[26.20657507424726,44.43548606938836],[26.20667530906522,44.43543035487704],[26.20680667267027,44.43534581182803],[26.206858983708425,44.435295470714124],[26.206961654747346,44.43513261720108],[26.207005757320157,44.435041088562436],[26.20740785217996,44.43448398966573],[26.207778371012253,44.43415957077149],[26.208057525140898,44.4340232468672],[26.20827142470104,44.43390447978809],[26.20844929285575,44.43382335110911],[26.208536842100727,44.43378655464848],[26.208819770754854,44.43365430148389],[26.209027096801954,44.43355410812819],[26.209233573632446,44.43347581225057],[26.209509647988654,44.433409369162064],[26.209684483744685,44.43336357928272],[26.2098024739598,44.43333431219797],[26.21017005044219,44.43324544599953],[26.210426938724336,44.433182455878594],[26.210680671734597,44.4331289764051],[26.210927297559945,44.43306303532927],[26.211080213434755,44.433024508145834],[26.211226841693044,44.433007244087975],[26.21134995400449,44.43300430020379],[26.211431651144338,44.432997697442524],[26.211533594468452,44.43300717643133],[26.211722004962482,44.43305726167139],[26.211866523603874,44.43309817947042],[26.212024228705555,44.43315274367961],[26.212203841233837,44.43322171542689],[26.212196015827534,44.43326007795301],[26.212284161441215,44.43330042279947],[26.21239716715226,44.433349824336275],[26.2126238834448,44.43344926750794],[26.21265284090118,44.433424294932635],[26.212712545714815,44.433460310451835],[26.21282961659789,44.43355018719134],[26.212954112639043,44.433650298215355],[26.213078897704957,44.43376416746713],[26.213264742885357,44.4339552406425],[26.213167948727982,44.433997306536355],[26.21341929888691,44.43425766040323],[26.213439303143304,44.43424779658566],[26.213518523560253,44.434331411116474],[26.213595174515348,44.434291974017576],[26.213739545644774,44.434430391404],[26.213883512328312,44.43454950729998],[26.214037488032368,44.434663690979534],[26.214201257688366,44.43476329638514],[26.214378338479534,44.43485550380761],[26.21454466407153,44.43491646082682],[26.21470707928048,44.43495090884668],[26.21487922466814,44.43496836710993],[26.21509749940898,44.434974626166756],[26.21528553000982,44.4349470008982],[26.215433893305505,44.434884810100264],[26.215590791210115,44.43473683502568],[26.216233885289242,44.433791205826644],[26.217170712966936,44.43244756466555],[26.21734843039653,44.43222341749837],[26.217718444514098,44.43185328543258],[26.217920406845366,44.43167656791495],[26.21810177998356,44.43155050143337],[26.218727033878995,44.431285420407704],[26.21877523055225,44.43126103911425],[26.218887070614535,44.43121571844836],[26.219074757672242,44.43115279126921],[26.219210393648495,44.431123863331585],[26.219482515307117,44.43112002665282],[26.21978574202054,44.43116168209767],[26.22002765989055,44.431200931660904],[26.220713462700875,44.43131226995293],[26.220987982914583,44.431358346401],[26.22142799889783,44.43142737866978],[26.221946534611153,44.4315107410213],[26.222205983869276,44.4315526578452],[26.22244944575895,44.43159467557126],[26.222685741796585,44.431680350091305],[26.223011367293935,44.431866820879314],[26.223346424281505,44.432059641540704],[26.22367960833743,44.43225110451716],[26.224072533350544,44.43247752262076],[26.224243568028314,44.43255605478068],[26.22446764341707,44.43260706318282],[26.22493978134193,44.43256268682103],[26.22521988157982,44.432536358557],[26.225255453042628,44.43252337300067],[26.22557252927188,44.4324076248915],[26.225552706041295,44.43234410479586],[26.225532882855035,44.43228058469683],[26.225524512197293,44.43225135902243],[26.225509743224183,44.43219979575992],[26.225492406585133,44.432139270010325],[26.225475532608783,44.43198350053764],[26.225459551880544,44.431835974640464],[26.225395977697303,44.43164490542826],[26.225427918461364,44.43154050526149],[26.22529098830895,44.431393822539306],[26.225238432279838,44.43126744469895],[26.225189209242952,44.43116207603151],[26.225003182784235,44.430763857728046],[26.224800837648104,44.43033069823722],[26.22477323421196,44.430335066516996],[26.224763173976452,44.43030900297538],[26.224744039574603,44.43025942845913],[26.22468283855871,44.43010087103434],[26.224617906112424,44.4299326410035],[26.224592099431167,44.42986578278923],[26.224536854403613,44.42972266269107],[26.224520096969794,44.42967926531988],[26.22447192319816,44.42955445057194],[26.224423265478674,44.42939430581894],[26.22441819796367,44.42937896585931],[26.224387473778474,44.42928597103207],[26.22415482495608,44.42858180370735],[26.2241405111079,44.42853870374175],[26.224059108224193,44.42837474666083],[26.223859155806846,44.427972013999984],[26.223858449163323,44.42797067163029],[26.223833041404728,44.427922048967055],[26.22362119625927,44.427967371952406],[26.223578864586727,44.42788285080917],[26.223565876371065,44.427845982595166],[26.223556549235244,44.42781949697755],[26.223494213631447,44.42769537569694],[26.22347778453589,44.427662684993535],[26.22342885408902,44.42753872408607],[26.223359379006077,44.42737274781027],[26.223343507897884,44.42733733293344],[26.22330424276519,44.42722732549872],[26.22328283680779,44.427197442915606],[26.223259256224118,44.42716450583686],[26.22324381889906,44.42710089724876],[26.22321542413319,44.42701907772819],[26.22318631329627,44.4269747234889],[26.223170935737503,44.426951293450045],[26.223147505534964,44.42695812710886],[26.22308011173215,44.42684595895891],[26.223004641852455,44.42671654385187],[26.22298788170191,44.42668361366806],[26.222935383822684,44.42669617207082],[26.22278890680372,44.42641489139428],[26.222748760030658,44.42634568277763],[26.22210657638812,44.4264885298508],[26.221741530509615,44.42656469941076],[26.221356506043954,44.42664347849597],[26.221204661825336,44.426660263369804],[26.2210636525127,44.426615575449425],[26.220900350291675,44.42635133234672],[26.220951268641695,44.42623656646148],[26.220963013300743,44.42616344661828],[26.22096482542227,44.426019025958055],[26.220956902370403,44.42597509131114],[26.22079713239993,44.425482363867616],[26.2219993948936,44.4251837111995],[26.222067118559732,44.42516603786495],[26.223048895736245,44.42487530375908],[26.224460754156723,44.424457188858284],[26.224297326769598,44.42407888204262],[26.224000048624063,44.4241464111217],[26.223343688045894,44.42266538851779],[26.223199497323407,44.42234002353465],[26.223183889516825,44.42231283208134],[26.22317186002867,44.42231588781832],[26.223153511124842,44.422321208255305],[26.223052805256852,44.422345702625684],[26.222868741377415,44.422383612375654],[26.222645125634923,44.42184149855068],[26.222598707930327,44.42172896838832],[26.22255973339314,44.421634479546526],[26.2223312379587,44.42108052331159],[26.222200932856786,44.42076461247817],[26.222155945770186,44.42051896913596],[26.221794145386173,44.41937341077684],[26.22141218706279,44.41814971333808],[26.220539176969233,44.418287827544454],[26.218274574437423,44.418639704363535],[26.21775565635883,44.41700208530123],[26.21778073621005,44.41637514994399],[26.21784244762954,44.41587527722302],[26.217873336211685,44.41562507138951],[26.217886492001732,44.41551849964132],[26.21799038462934,44.41467691972784],[26.21800616438717,44.41448051006794],[26.218021701481998,44.41428713253409],[26.21806747879386,44.41371733769869],[26.218136122348326,44.41286290849386],[26.21814854633612,44.41270826502924],[26.218152160369005,44.41266330273175],[26.21815218009158,44.4126631063119],[26.218152187382717,44.41266303513061],[26.218152194711738,44.412662965749035],[26.21815221568978,44.41266276931551],[26.218152221971803,44.41266270984556],[26.21815229291246,44.41266202370527],[26.218152297053116,44.412661981809094],[26.21815231367257,44.412661816923794],[26.218152318907674,44.412661767365535],[26.21815234291297,44.4126615357981],[26.21815235244966,44.41266145199217],[26.218152362768237,44.412661345676966],[26.21815260719921,44.412658999354576],[26.218152659435795,44.41265849837279],[26.21815271062538,44.412658007302625],[26.218152727188,44.412657839717845],[26.218152742874185,44.41265769014318],[26.21815293289877,44.412655861026565],[26.218153057302963,44.41265467254115],[26.218153073884523,44.412654505856196],[26.218153185573122,44.41265342911205],[26.218153189799022,44.4126533912651],[26.218153273313174,44.41265258663488],[26.218153316164607,44.41265217665759],[26.218153402876595,44.41265134499189],[26.218153473826614,44.41265065930143],[26.218153696175726,44.4126485166247],[26.218153707673814,44.4126484066966],[26.218154043805406,44.41264516745242],[26.218154155569742,44.41264409430762],[26.218154594137307,44.41263987562259],[26.218154768608205,44.412638202379405],[26.21815496915952,44.4126362768457],[26.21815504424078,44.41263554880917],[26.21815514446903,44.41263458379278],[26.218155827372463,44.41262801428619],[26.218155878599884,44.41262752501572],[26.218155967386856,44.41262667262684],[26.218156308734354,44.4126233829245],[26.21815648101644,44.412621725005515],[26.218157027216662,44.41261647552179],[26.218157677662553,44.41261021327658],[26.218157792340364,44.412609099598896],[26.218157811243312,44.412608923888484],[26.218158095175855,44.41260618742574],[26.21815866012709,44.4126007550331],[26.218159796197796,44.412589825378866],[26.21815989429401,44.41258887838612],[26.21816256519545,44.41256317613572],[26.21816321246132,44.41255694182578],[26.218164339145194,44.41254610317614],[26.218166561177547,44.412524726825716],[26.21816728158103,44.41251779150133],[26.218167651347894,44.412514241382794],[26.21816801567127,44.41251073092461],[26.218168241179207,44.41250855941269],[26.218168872871463,44.41250248007641],[26.218173119386485,44.41246161687566],[26.218178773459048,44.41240721279638],[26.218180322882805,44.41239229873759],[26.218182742123076,44.41236901759018],[26.21819131976503,44.41228648114568],[26.21819297786146,44.41227052637646],[26.21819767743086,44.41222529942857],[26.21819893566336,44.412213194813404],[26.218205258876935,44.412152345579905],[26.218205839297305,44.412146753714495],[26.218212156404704,44.41208597294904],[26.218218964009388,44.4120204590195],[26.218226354432026,44.41194934869812],[26.218229146272424,44.41192247509956],[26.218246909981648,44.41175154362926],[26.218254472350544,44.41167876279119],[26.218270339836263,44.411526078341296],[26.218281196264144,44.411421596109044],[26.218291161203307,44.41132570440724],[26.218291896349562,44.41131863571836],[26.21836009930635,44.41066230157663],[26.21838947120366,44.41037964798426],[26.21840647264442,44.41021602939236],[26.21843442946658,44.40994699235781],[26.2184597413954,44.40970340168386],[26.218478724148046,44.40952071791469],[26.21848633092258,44.409447508174146],[26.21850865124945,44.40923270132144],[26.218510560558915,44.40888748314542],[26.21851163145317,44.40869236845244],[26.218511879712597,44.408646973652985],[26.218511881247533,44.40864680803083],[26.218498157383134,44.40854625305768],[26.21847471535116,44.40837449475046],[26.218454117643546,44.40831319154852],[26.218433018996905,44.40825039701296],[26.218393080317227,44.408131532821656],[26.218391330962078,44.40812632797305],[26.218345229449497,44.40798912212614],[26.218329851237993,44.407953813806586],[26.218250670247695,44.40777202007538],[26.218244640923835,44.40775817713322],[26.21814924828473,44.40760099721124],[26.217873216059356,44.40714617423186],[26.21781622224383,44.40713247556893],[26.217735155890434,44.40711299076841],[26.217699296187313,44.40710887205325],[26.217601467380568,44.40709763536498],[26.217401669111585,44.40707468537636],[26.217310588953175,44.40706422331285],[26.21709756008204,44.40706402364205],[26.21675525226088,44.407005758105555],[26.21653757557085,44.406968705472345],[26.21602487304611,44.406906320013164],[26.21590362422854,44.406891566305134],[26.215329957654795,44.4068217590029],[26.214970259190387,44.406767994068204],[26.214186377257896,44.40665082096973],[26.21341979355316,44.40656041553762],[26.21278629984946,44.40648570111877],[26.212786111034045,44.40648567795131],[26.211767677167224,44.40636102243778],[26.211537859424144,44.40637856867797],[26.211365305740035,44.40637197535537],[26.211172974939185,44.40636435962272],[26.211385125742183,44.405995117926146],[26.21139224146863,44.40598273438651],[26.211694955201885,44.40545586243578],[26.21173338577193,44.405388972788074],[26.211840215313483,44.4052353943488],[26.21175360412202,44.40520300631465],[26.211675471093717,44.40514451525347],[26.211624821519713,44.40508610107081],[26.21158119715223,44.405014520362954],[26.211593847907885,44.404989947569874],[26.211690144576206,44.40480289980205],[26.21180814578848,44.40469735050664],[26.211960732574255,44.404613671315346],[26.21191772847325,44.404555226291016],[26.211913078888628,44.404548906819684],[26.211798112505008,44.40456714189113],[26.208496731182862,44.40509074319585],[26.208491690689137,44.4050791554102],[26.208424794094984,44.40492535807773],[26.20846666589168,44.4049187885802],[26.208301859678564,44.404330803995094],[26.20808193749745,44.403502031742065],[26.208041531923513,44.40335324040329],[26.208689032679423,44.403259224043424],[26.208671165312,44.40306554059699],[26.208989386690103,44.40299752614397],[26.208993805049204,44.40300523875976],[26.209054962474937,44.40311199253499],[26.20919151389192,44.40337388299017],[26.209506812298034,44.40398028294136],[26.209795044848352,44.403897454315434],[26.209845481625933,44.40382733034847],[26.210062063750467,44.4038081242705],[26.210429855762715,44.40408904718653],[26.21099573675148,44.4039463410084],[26.211240875579218,44.40388451971791],[26.21148522492226,44.40377181153817],[26.211575965934884,44.403682829608975],[26.211837326221733,44.40343974573575],[26.21194191917545,44.40332559184142],[26.21194830049266,44.40331862714498],[26.212088150913782,44.40319857560041],[26.2121436008624,44.403136531095825],[26.212362102879077,44.40321333302149],[26.212473664219175,44.40304162324843],[26.212494162763875,44.40301007343765],[26.212601601518223,44.40284470812593],[26.212785535338117,44.40256160336362],[26.212709969343273,44.402539284571674],[26.212736139374805,44.40248111648317],[26.212769595631173,44.402406755801636],[26.212816375343383,44.402317873659236],[26.2128327545959,44.40228675516101],[26.21284810628818,44.40225758548964],[26.212865944018215,44.402223696289894],[26.21290294331214,44.40211862621762],[26.212916303348972,44.402080688303094],[26.212831647632317,44.4019452096328],[26.212858129766392,44.40175001862481],[26.212859508694752,44.401739855945834],[26.212776818255556,44.40166758311819],[26.212694103220812,44.40154678992888],[26.212709312351112,44.40144940500935],[26.212731359902545,44.40140847187206],[26.212745559986,44.40138210830709],[26.212770615270298,44.40133559319274],[26.212899432786454,44.401206010224534],[26.212971183912842,44.40113383361454],[26.2129660241268,44.4011022018669],[26.21294397295319,44.40096700030281],[26.212890284935202,44.40083308720808],[26.21295665930079,44.400648613390636],[26.21301187977566,44.400530311007806],[26.213033012290357,44.4004850387269],[26.21310335573242,44.40034083436971],[26.21311156185108,44.400323203505735],[26.213149643346174,44.400241393750065],[26.21315576880305,44.400228234140485],[26.213173216586952,44.40010953215824],[26.21322910366656,44.39998714175529],[26.21326914918586,44.39986872462043],[26.213398266087346,44.399607688608405],[26.21371968527745,44.399644788305885],[26.214022090791268,44.39928079701159],[26.214033644829122,44.399266889408516],[26.214085898791925,44.39920399365845],[26.214086450212147,44.39906461281725],[26.21408712622021,44.39889346500988],[26.214087275060297,44.39885591149448],[26.214086462842165,44.39885465481021],[26.214047726892026,44.39879472457286],[26.21403940622877,44.39878185115746],[26.213977009861644,44.39868531618124],[26.211741590438074,44.39860471508935],[26.211770948300938,44.398384335845805],[26.211774314780975,44.39835319462564],[26.21179909871182,44.39812391920938],[26.211845423856648,44.39769536882165],[26.21186134811029,44.397548051754896],[26.211873032073722,44.3974399648702],[26.2118783134453,44.397391103976055],[26.21193565231562,44.39686065169359],[26.21196777335461,44.39656349093215],[26.211993876734724,44.39632199960429],[26.21200291433939,44.39623838957374],[26.212004916548658,44.39621986253475],[26.212014507350354,44.396131138887114],[26.2120165853135,44.39611191351043],[26.212020773773734,44.39607315819727],[26.212027595637885,44.39601005036591],[26.212036756116778,44.395925298675174],[26.212043348665524,44.39586431017891],[26.212043917548094,44.395859045188494],[26.21204804411702,44.39582087285947],[26.21205160168649,44.39578796012191],[26.212055968958317,44.39574755493098],[26.21205799429934,44.39572881523572],[26.21205854415002,44.395723720555516],[26.212059372922685,44.395716059591635],[26.212059611577196,44.39571384835261],[26.21205962312151,44.39571374022487],[26.212060059605204,44.395709706098614],[26.212060878683786,44.39570212174149],[26.21206097951483,44.3957011819263],[26.212061299224594,44.39569822549114],[26.212062480187157,44.39568730083273],[26.212063181726293,44.39568081757571],[26.212063623335236,44.39567672849251],[26.21206512825395,44.39566281045199],[26.212065172335606,44.3956623977644],[26.21206543426679,44.3956599792683],[26.21206585697799,44.395656066794054],[26.212065945273334,44.39565524771767],[26.212066284890213,44.39565210296227],[26.212066375413052,44.39565127036151],[26.212066417399154,44.39565087749709],[26.21206644683096,44.39565060447161],[26.212066525181907,44.395649880005266],[26.212066547831387,44.39564967275483],[26.212066558346848,44.39564957543861],[26.21206657101426,44.39564946099861],[26.212066595150702,44.395649234831644],[26.21206662046671,44.39564900505189],[26.21206664778414,44.39564875094976],[26.212066676149334,44.395648486936025],[26.21206674085094,44.39564788997068],[26.2120667539292,44.39564776517591],[26.212074992222636,44.39557155388096],[26.212129050669237,44.39507146332156],[26.21119199271166,44.39502788893792],[26.20869234616677,44.39491161245038],[26.205010620166085,44.39475422498359],[26.204376268719137,44.394733245419935],[26.197339119188186,44.39443243772964],[26.1940067340685,44.394295645534946],[26.19117193908523,44.394168603859505],[26.188264473783274,44.39404442679503],[26.185691197095053,44.39393316292629],[26.1836705067969,44.39384094594519],[26.182180725276616,44.393785259652475],[26.180924421357,44.39383345249375],[26.18061747361014,44.3938629787834],[26.179984248336133,44.393914743183295],[26.17958582933695,44.39396645671898],[26.179211091101138,44.3940179118649],[26.17778261324613,44.39431868259625],[26.174937635407574,44.39503755183037],[26.172702580853432,44.3955956805486],[26.161928202086614,44.398311723023944],[26.161906985082034,44.39827662046814],[26.161876120221823,44.39822554300947]]]},"properties":{"name":"București","type":"polygon"}},{"type":"Feature","geometry":{"type":"LineString","coordinates":[[26.161876120221823,44.39822554300947],[26.161707712735552,44.39797833359751],[26.159834608911623,44.39554573134862],[26.158143454012883,44.39328037855181],[26.157050661691752,44.39194985663033],[26.157037938527786,44.39172147130716],[26.156836327392536,44.39063973403546],[26.156561140275365,44.39020361921099],[26.156368129236423,44.38996025498552],[26.154910036951236,44.38854625165252],[26.154305408423873,44.38800964721163],[26.153608970619164,44.38696546706948],[26.154055020411445,44.38680735245489],[26.15343943693496,44.38599670877949],[26.15256107442336,44.38477060123043],[26.151760430929524,44.38364521476312],[26.151194678350336,44.38386061564806],[26.149916244175166,44.38221457696807],[26.150106780051413,44.382133788960694],[26.149987994627367,44.38197263811931],[26.149279547704985,44.38103025762617],[26.14903686965048,44.38070305614584],[26.14897858382037,44.380624358951515],[26.14876866219916,44.38034137376577],[26.148393825467366,44.37983605476408],[26.147494780496835,44.37863262077255],[26.148498262874472,44.378223679559994],[26.147893758253385,44.377387243299275],[26.147796928926557,44.37742135125118],[26.147621893250484,44.377238810922684],[26.147490332302592,44.377084357968144],[26.14734669331486,44.37691562759006],[26.14733009763767,44.37692038681499],[26.1469240417134,44.37635129977907],[26.14695042935772,44.37634041071813],[26.146821964251192,44.376183675420755],[26.145635091571847,44.37464745058586],[26.14559543790858,44.37466009435968],[26.14546870816169,44.37448920957638],[26.144972189659764,44.37468056443531],[26.143816245829903,44.37313698630372],[26.143769391731972,44.37315987283011],[26.143618560136225,44.37293720962547],[26.143655019845244,44.372921718920395],[26.143417628517707,44.372604712403415],[26.144877611568006,44.372035102493115],[26.14465703670047,44.37171837760213],[26.14445703958117,44.37142691373583],[26.144268929009318,44.371152699138236],[26.144171901944233,44.37101121182287],[26.143839876301836,44.37052740396513],[26.14371076776979,44.370349701333296],[26.143611065274747,44.37021238083342],[26.143302895471667,44.36989420307192],[26.14325636689555,44.36984445436703],[26.142840014589417,44.36945483214495],[26.143034166609766,44.36920283527053],[26.143617923809003,44.369428482593705],[26.143682885738407,44.36934421072913],[26.143726892988894,44.36936158410217],[26.14423594659215,44.36870164610566],[26.143675750924178,44.368404480999],[26.143756228837805,44.368280000529275],[26.143880390501195,44.368118445310415],[26.143913238376314,44.368079050643296],[26.144603327462978,44.367171385612856],[26.144694220834122,44.36720592232736],[26.1455971100899,44.36602077078564],[26.145747339723144,44.36608665359544],[26.146256316111685,44.36536199561595],[26.146342319882507,44.365390460624475],[26.1477286681941,44.36362237435863],[26.148167569825198,44.36330172152813],[26.148616291962412,44.36350198909469],[26.15041463890792,44.36111423053318],[26.152187199590493,44.357455966866894],[26.157450040439894,44.35059845647902],[26.161260193147466,44.34555994773326],[26.164363112657927,44.346803043615054],[26.166789884522917,44.34362936950118],[26.16410429323763,44.342571570587275],[26.16385846741076,44.34253964187982],[26.16374338663298,44.34258583280662],[26.16336474896511,44.342803951893785],[26.163233380275212,44.342744738169884],[26.163971035106094,44.341768689862356],[26.16337590766909,44.34158520810537],[26.163048582047495,44.34149768867598],[26.162690544179455,44.341404545414676],[26.156133095575786,44.33939601393904],[26.15716596660278,44.337637650630064],[26.156653610426325,44.33709291466292],[26.156467535852013,44.33553491195831],[26.151946030425545,44.33424745018338],[26.149477873203292,44.33561434321523],[26.148934831022586,44.336300842567255],[26.14763748980659,44.33708269475768],[26.14748771488355,44.33741623896076],[26.146299135409667,44.33723808610961],[26.14620893504271,44.337712054854066],[26.146534672358662,44.337799967678656],[26.14660804036165,44.33781521453956],[26.14660820413675,44.33781525247201],[26.14631388085873,44.33797624878167],[26.146045415620016,44.338123099131685],[26.14601805106653,44.33813806787167],[26.14590029285568,44.33820248146071],[26.14585503579844,44.33822723642505],[26.145718151565575,44.33830211105069],[26.145672842244387,44.338326894373715],[26.14564848232798,44.33834021960498],[26.145077181413075,44.338652712023986],[26.145075067344067,44.33865386845561],[26.14504086256309,44.338672577722825],[26.144962924709866,44.338715207961464],[26.14487596047207,44.33876281346361],[26.144829428792608,44.33878828569209],[26.144656296222653,44.33888305991741],[26.144428575470123,44.33900771514729],[26.14442164391273,44.33901150900427],[26.144085277285853,44.33919563619386],[26.144048087111518,44.33921599373667],[26.144028417600936,44.33922676078629],[26.14393668890077,44.33927697273749],[26.143647825867088,44.33943509306312],[26.143554439389327,44.33948578865424],[26.143215032236107,44.339670033214475],[26.142995899996837,44.33978898666979],[26.14285371779374,44.33986616793065],[26.14281429957351,44.33988767360895],[26.14257919780566,44.34001593528203],[26.142466709392185,44.34007730369064],[26.14180604144434,44.340437729518314],[26.141619419397088,44.340539539019176],[26.141550622614954,44.34057707095483],[26.141450077801117,44.340632094475055],[26.141110414882824,44.34081797416459],[26.141034546272003,44.34085949255924],[26.14058581153874,44.34110505763785],[26.139890848709353,44.341485360859785],[26.139717847296755,44.341580029795004],[26.139591247748555,44.341649307152466],[26.139280350290367,44.341819434009025],[26.138551469872308,44.34222246106213],[26.138140922017456,44.342449464057005],[26.137947789341705,44.342556250955],[26.13768777845905,44.34270001576951],[26.13729501653506,44.3429171777784],[26.13669760320934,44.34324748921463],[26.136139109252817,44.343553522622976],[26.13544474887561,44.34393399818777],[26.134645156250052,44.34437212433321],[26.134319934606104,44.344550320830706],[26.132828250622737,44.34536762703364],[26.131786644656295,44.345955373333574],[26.131741686080222,44.34598074148763],[26.13148847283043,44.34612361799991],[26.131123314182005,44.34632664483331],[26.131032488158976,44.34637714311613],[26.13077251730717,44.346521683437246],[26.130309747985702,44.34677897373388],[26.12886753872944,44.347564397850086],[26.128407430102623,44.34781496373936],[26.127435495982272,44.34834424469767],[26.127429136501387,44.34834770776298],[26.12743512152033,44.3483534943391],[26.127632755091692,44.34854454619615],[26.128088209823524,44.34898482865984],[26.12824226669455,44.3491337515905],[26.128562721442115,44.34944352436048],[26.128721646162784,44.34959714904786],[26.128813009096817,44.349685465264756],[26.12965458539023,44.350498958785984],[26.129666542226932,44.35051051653973],[26.130078326613116,44.35090854961551],[26.130199866919032,44.35102603020154],[26.130381952632366,44.351202031243275],[26.130362106566807,44.351213021758454],[26.129380908272434,44.351756423977996],[26.128471765655068,44.352259903037414],[26.128428292100335,44.35228397783437],[26.127157009663183,44.35297126768308],[26.126988312716925,44.35306246718392],[26.12631125173508,44.35342849050758],[26.126201395096455,44.35348787933085],[26.125868285975933,44.353667956188474],[26.124261942867435,44.35453630477054],[26.124172350047154,44.35458473579528],[26.123837399710094,44.354765794300974],[26.12175888690311,44.35588929939161],[26.120532457844032,44.35654252405875],[26.120380668168302,44.35662336877369],[26.120291293735992,44.35667097009375],[26.11941049951888,44.357140080649074],[26.11853105315307,44.357608458950274],[26.116128337298424,44.35888803005579],[26.116111417173602,44.35889704048896],[26.115726812608358,44.35910185221695],[26.115306542898654,44.35932565354466],[26.11473315439511,44.35963098840601],[26.114523168208535,44.35974280582436],[26.114066362911903,44.35998605357399],[26.113934724509594,44.3600561490934],[26.113336380871115,44.360374756872794],[26.112957110163755,44.36057670905593],[26.112542925105178,44.36079724836486],[26.112372254535313,44.36088812398167],[26.11255777370099,44.36157056114946],[26.11262414422822,44.36181470211256],[26.112683759035892,44.362033992806026],[26.11281199271347,44.36250568679334],[26.11352393315133,44.36512433617781],[26.113627495806607,44.36550523833613],[26.113661442337605,44.36563009334251],[26.112189447088117,44.36582392199733],[26.111867719799456,44.365866283037974],[26.109685710188234,44.366153559799095],[26.108263711591274,44.366347378799425],[26.108030078586964,44.36637922152164],[26.106412108491046,44.36659972492699],[26.105063487649375,44.36678350037375],[26.104548769501555,44.36685363619254],[26.1034467898005,44.36700378476182],[26.102204887576388,44.367172983200106],[26.101842984138948,44.36722228706906],[26.101182842183615,44.36731064833315],[26.099119806349556,44.36758676205979],[26.098886560627363,44.366560576138774],[26.09876858507848,44.3660415183268],[26.09868013492462,44.36565235622677],[26.098569631437275,44.36516615698042],[26.098347897859405,44.36419053696911],[26.098306165325802,44.36400691214706],[26.098154876922088,44.363341220396414],[26.097978609308022,44.36256560549999],[26.097909957018338,44.36226351193181],[26.09788068739231,44.36224751786166],[26.096888768777497,44.361705495090014],[26.0968298668624,44.36167330834762],[26.096488556467662,44.36148679792134],[26.096275668934602,44.36144209819706],[26.096071814720183,44.36130383795402],[26.096026711047305,44.36119909298538],[26.095977562542927,44.36103251390809],[26.09594811167683,44.36072936708395],[26.095934536949006,44.360646286362496],[26.095929332942863,44.36061443682085],[26.095869451728635,44.360614756932705],[26.095882433933667,44.36008870925074],[26.09550979516377,44.35998835621278],[26.095255772461638,44.36168417553364],[26.095185609201877,44.362152554651615],[26.09511956231384,44.36259345307505],[26.09475616202952,44.365019216084214],[26.093696275333347,44.364636352191646],[26.09258115574273,44.36423353364932],[26.092311661798007,44.36470276789739],[26.09221615765974,44.36486905368912],[26.0917549323985,44.36567209886926],[26.091536158064134,44.366053003132045],[26.091406937520695,44.3662779812217],[26.091128006772216,44.36676360970402],[26.090974950524934,44.367030082279186],[26.09097183081074,44.36703551261217],[26.090709874049487,44.36749157651077],[26.090480089019827,44.36789162163539],[26.090400330191798,44.368030477450944],[26.09035598509025,44.36782791618317],[26.09016059344461,44.366935396633586],[26.090160540893905,44.36693540434253],[26.089623921896287,44.3670101677726],[26.089328597586377,44.36705131233048],[26.089223881694664,44.36734691540983],[26.089093404454267,44.36771523696174],[26.088922048715936,44.36819894621189],[26.088764014664942,44.368645048771455],[26.088743485234236,44.368702994188205],[26.088699080679792,44.36882833694084],[26.08864232841042,44.36898853342711],[26.088616439418942,44.36906161042908],[26.088591336756497,44.369132467580435],[26.08814322505835,44.36924388795862],[26.088038215722776,44.3692483615817],[26.087202755511697,44.36928396027442],[26.08719212405117,44.36928441304384],[26.086114546220617,44.36937175591844],[26.086106538878898,44.36937411110658],[26.086088758474563,44.36937933892396],[26.0860009981876,44.36940514294935],[26.08597320636537,44.36941331407005],[26.085981792275895,44.36945982512372],[26.085986134288728,44.369483354682316],[26.085837658361022,44.36949926801457],[26.085818502191902,44.36950132119788],[26.085767737970887,44.36950676266147],[26.084228637953252,44.36967171048694],[26.0839695871895,44.369699471043795],[26.082843244684906,44.36982016653882],[26.082427551530966,44.369864707766155],[26.08227762480664,44.36988077254452],[26.082260073722484,44.369882653089036],[26.081720884532018,44.369965692537846],[26.08089769632559,44.370122842890126],[26.08077313126913,44.37014662191845],[26.080464142867186,44.37022473266142],[26.07988296766179,44.37041603136435],[26.078810038922057,44.37076918380973],[26.078080705000264,44.371009234460246],[26.077898328590678,44.3710743066834],[26.07669020314336,44.371505355062325],[26.07641299262747,44.371604257917014],[26.075645792463728,44.371877975121514],[26.07532211085524,44.371993454725235],[26.075332424199104,44.372033828151835],[26.075420354505646,44.37237803111706],[26.07547889866756,44.37260720195099],[26.07569766474027,44.37346354488109],[26.075874287826483,44.37415490586836],[26.07598349733285,44.37458237626413],[26.0762265446381,44.375289799998285],[26.07631545677782,44.375548587746266],[26.07647722609342,44.37601942929448],[26.076420210748257,44.37637690294732],[26.076651863678826,44.37710373660562],[26.0769458581358,44.378026143029686],[26.071443089263575,44.378660006477816],[26.070604565335035,44.377691356948745],[26.069377028278478,44.37627325666381],[26.069306605815022,44.37600798875922],[26.068945942402962,44.37464939231225],[26.06837615198115,44.37488497317128],[26.065131365514123,44.3762264462832],[26.06345036469373,44.37692135171765],[26.062691939993787,44.37716245797222],[26.061452953155694,44.37755632209753],[26.06147062102863,44.3776812297953],[26.05965194344763,44.3782719031922],[26.05718182829637,44.379114881624744],[26.05608888472181,44.37954619755591],[26.055377715848493,44.37834245500669],[26.055342663155717,44.37828312155181],[26.05518671319853,44.37801914708016],[26.054129187948885,44.37622902724586],[26.054035443253934,44.37607033672452],[26.052761848112294,44.376388833132744],[26.05135526618273,44.37673252250804],[26.05028374838853,44.376994326995316],[26.049285035668706,44.3772370941944],[26.048846969885833,44.37734798943306],[26.048190028156895,44.37748233570416],[26.048062046651104,44.377508507854685],[26.047257497997872,44.37765544210192],[26.047029327377505,44.377717270148835],[26.047040592251715,44.37766880311936],[26.04705138276141,44.37755342082546],[26.04702762464224,44.37744794495782],[26.046982306573987,44.377213077388284],[26.046860612620268,44.376950045678605],[26.046716195378426,44.37665410096337],[26.04663548077331,44.37648895163446],[26.046635589342724,44.37648891822471],[26.046651213561915,44.37648412171319],[26.046256005007066,44.37582605925493],[26.045754786965585,44.374991460435574],[26.045752723474177,44.37498802444653],[26.043687126289825,44.37631077987699],[26.04015648705501,44.37858769831294],[26.037805697456033,44.38010356700822],[26.037620913154633,44.38022289550875],[26.035919522939444,44.381321568685216],[26.035069758917324,44.38187027903332],[26.035051787930062,44.381881882504814],[26.034901440619308,44.381978963808194],[26.034708589885415,44.38210348720554],[26.03390703238114,44.3826210471433],[26.03378521230276,44.382699705423285],[26.033494822609214,44.38288720243438],[26.033413939770426,44.38293942646583],[26.033375082068677,44.38296451635991],[26.033141401574127,44.383115396047735],[26.033140969799966,44.383115674513576],[26.033115050037864,44.38313241048215],[26.03309267498296,44.383146857588294],[26.03309242930951,44.383147015544736],[26.03309201862565,44.383147280316614],[26.033075561187353,44.38315787326835],[26.033051346545925,44.38317346136097],[26.03304193041048,44.38317952203941],[26.03304118378431,44.38318002029673],[26.03304005140936,44.383180774096864],[26.033038565573378,44.383181764243254],[26.033038293950057,44.38318194493794],[26.0330382517844,44.38318197322524],[26.033038370699014,44.38318202613512],[26.03303850607042,44.38318208699417],[26.033038781848564,44.383182209565966],[26.033038993118225,44.383182303929225],[26.033039845789617,44.383182684912555],[26.033041287982563,44.38318332869151],[26.033041838919583,44.3831835742909],[26.033041996434687,44.383183645296896],[26.033043037596673,44.38318411005222],[26.033045236309597,44.38318509159592],[26.033045839762405,44.38318536146391],[26.033046906229142,44.38318583768717],[26.03304742237828,44.38318606785547],[26.033048334507065,44.38318647529369],[26.033049226398536,44.383186873917346],[26.033050605337817,44.383187489476114],[26.03305666635394,44.38319019556227],[26.03305778469316,44.3831906951599],[26.033059655764077,44.38319153120696],[26.03306498808313,44.38319391142293],[26.0330660064825,44.3831943664868],[26.033068803581852,44.38319561524425],[26.033070983329164,44.383196588861274],[26.03307134893688,44.38319675200959],[26.033083163568193,44.383202027497454],[26.033083879613784,44.383202347633045],[26.03308469811712,44.383202712729194],[26.03308958008444,44.383204892772746],[26.03309268587703,44.38320627999967],[26.03310785045708,44.38321305117342],[26.033110346474984,44.38321416589015],[26.033121552608478,44.38321916975274],[26.033122943913085,44.38321998590021],[26.03313415938549,44.383226568300145],[26.033136749226315,44.383228088061685],[26.033140692326825,44.38323040181916],[26.033141888337244,44.38323110455654],[26.033152978239887,44.38323761250555],[26.033183037938038,44.38325525327032],[26.033186655089768,44.383257375613994],[26.033191090308136,44.38325997915877],[26.03321499754867,44.38327400881135],[26.033216390142734,44.38327482674587],[26.033265221851043,44.38330348421021],[26.033294109717662,44.38332043728808],[26.033383734880836,44.38337303422567],[26.033386594882835,44.383374712604706],[26.033401780160506,44.383383623782294],[26.03355266303437,44.38347217104087],[26.033620234203326,44.383511825517715],[26.033628637953218,44.38351675695311],[26.033666196141585,44.383538798226894],[26.033728731041354,44.38357549732518],[26.03378219255392,44.38360687060749],[26.03378768685428,44.383610095315575],[26.033906111097874,44.38367959250282],[26.033912602298667,44.38368340206055],[26.0339126568822,44.38368343665993],[26.034054629485023,44.3837740252988],[26.034265823962205,44.38390877976525],[26.034534217935906,44.38408003221072],[26.034632010034315,44.38414242988775],[26.034655322481584,44.38415607319773],[26.03467107465999,44.38416529220231],[26.034807052362773,44.3842527489421],[26.034846292629577,44.38427798741962],[26.03487448719593,44.38429612188747],[26.03507658773232,44.38442610015739],[26.03511707130341,44.38445116061051],[26.035143249932755,44.38446786182115],[26.035178758244847,44.38449051545093],[26.035319498182623,44.38458030743803],[26.035394900960437,44.38462586675063],[26.03542738600508,44.384646480770016],[26.03543768117645,44.38465301290515],[26.035479463644002,44.384679525608846],[26.035833063683185,44.384903901374386],[26.035986087337278,44.385002029774896],[26.0360198082561,44.38502365287152],[26.03617415421211,44.38512262836782],[26.036407048490965,44.38527197182686],[26.03647425865509,44.385315069591755],[26.03648893555472,44.38532448184605],[26.03676226282018,44.38550205664969],[26.03711312772439,44.38571463915036],[26.03724059218295,44.385791867140256],[26.037243427192337,44.38579360865389],[26.037963223738615,44.386235593557224],[26.03806511525401,44.386298158411925],[26.038216092393316,44.38638763645393],[26.038496958185686,44.38655409352563],[26.038599854114832,44.38661507451474],[26.03890417238564,44.386787770073816],[26.039424245446344,44.38709347563859],[26.039423920943996,44.38709567466938],[26.039300028337472,44.38719945316797],[26.038831480172373,44.38759192953807],[26.038703789324195,44.387698887965115],[26.038623719206775,44.38776595579015],[26.037989386475207,44.38829728452736],[26.037856433437064,44.38840864656019],[26.037751204816452,44.3884967863683],[26.03758276018546,44.38863787412224],[26.03702941597309,44.38910134784616],[26.036624535630427,44.38944046344512],[26.036621447824167,44.3894430488113],[26.036582855312883,44.38947869993871],[26.036513213078607,44.3895430332143],[26.036097136964372,44.38992738927562],[26.035978205135766,44.39002757868329],[26.03587758475232,44.39011235327504],[26.03580482909389,44.390173650199095],[26.035000370959015,44.39085851930606],[26.03495514430723,44.39090119965655],[26.034940122015257,44.39089240237731],[26.03409260419772,44.390396115499335],[26.034446135830166,44.3900980111407],[26.034044166523678,44.38986812138879],[26.034107397461902,44.389811274548016],[26.033975858134944,44.38973631061841],[26.03368237650186,44.38956905441282],[26.0335070222842,44.38946911893017],[26.03306236450047,44.389215701428505],[26.033055982499793,44.38921206451849],[26.03288896646276,44.38911687926744],[26.03282199433586,44.389078710136964],[26.032753830710327,44.389140016059244],[26.031661256803194,44.38850524926928],[26.031613137306586,44.38854783596862],[26.031469719803912,44.38846733037574],[26.031422984912446,44.38844109553821],[26.031323218123077,44.38838509152193],[26.0312619201188,44.38844257069607],[26.031233205545327,44.38846949657745],[26.031077545144846,44.3886154579272],[26.030775042650795,44.388899108227356],[26.030568867190233,44.38904437113778],[26.030426172825226,44.38914490710949],[26.03015283953668,44.38934407629358],[26.029936765420185,44.3895018298829],[26.02958540442181,44.38975835278805],[26.02909936103849,44.38954195385146],[26.029025368255297,44.38962454209742],[26.029024942425234,44.38962501759599],[26.02900534054351,44.389646896954055],[26.028835808893376,44.389836122296806],[26.02859883916811,44.3897470490906],[26.02848481060717,44.38970418702776],[26.027983435078866,44.39035138493176],[26.027813607091367,44.39057060258811],[26.027483596726384,44.390717616419195],[26.027272008564942,44.39081854834614],[26.027250358981433,44.39081951805307],[26.027162486512648,44.39082105492474],[26.026999875347062,44.39082389708097],[26.026850120631224,44.39096564960802],[26.026700228162934,44.39110753189179],[26.02648524473168,44.39129697454691],[26.02644376603802,44.39133882167276],[26.026253409847147,44.39153086364321],[26.026093673123988,44.39169027349338],[26.025862521234934,44.391920948804064],[26.02578048481138,44.39200281435974],[26.025590958899976,44.39219194689128],[26.025418668174886,44.392352089317505],[26.025498675949418,44.39237432460275],[26.02552187969425,44.39238077339629],[26.025514111789317,44.392388033447176],[26.025030553121187,44.392839974209544],[26.02418650121888,44.39362881190311],[26.0241637311779,44.3936490280975],[26.024128018330206,44.39368073546848],[26.02395303491079,44.393836090443855],[26.023891993416825,44.3938902844847],[26.023339333631103,44.39438094195624],[26.023219875659358,44.394486996045885],[26.02318969475906,44.394517059827585],[26.023126651152662,44.394579858672174],[26.022896576773395,44.39480903392091],[26.022502737894524,44.3952013301333],[26.022477966661153,44.39522600392194],[26.022441503660403,44.39526232383439],[26.022040671617614,44.39566157871232],[26.021255469826627,44.39640027564201],[26.021186863022216,44.39646481766579],[26.020560556563215,44.3970197196395],[26.02045994222443,44.39710886064699],[26.02044809143239,44.397119361390736],[26.020367893139248,44.397190414242544],[26.020151393626016,44.39739592366837],[26.02004664976574,44.39749535106778],[26.01967028242579,44.39786645919888],[26.019636507024018,44.39789976221371],[26.019263847277866,44.39826720834838],[26.019234077484604,44.3982951100054],[26.01858146852209,44.39892136069802],[26.0185678198428,44.398934456942605],[26.01838306603196,44.399111745679434],[26.018319128199238,44.3991730999697],[26.018215549906884,44.39927249260917],[26.018148030370657,44.39933728303673],[26.017840920912242,44.39963197587054],[26.01755233022917,44.399908896266496],[26.017413744899358,44.400041877066464],[26.016848683526398,44.40058407449219],[26.01675489656169,44.40067406582528],[26.01658259106256,44.40083939501067],[26.016524658148256,44.40089498257997],[26.016325098928505,44.40108646155677],[26.01610927001776,44.401293549206564],[26.015780562478604,44.401608941644334],[26.015737231093777,44.40165051709288],[26.01567554612708,44.401705072444926],[26.01544196076184,44.4019107817163],[26.01534191458757,44.4019988878674],[26.01509024561158,44.402220519575614],[26.01507753742259,44.40223171058711],[26.01476473829962,44.40250717423673],[26.01465971626969,44.40259965997639],[26.014638218765757,44.40261859104151],[26.014249359849142,44.40296102807551],[26.01417229026026,44.40302889644698],[26.01411136119546,44.40308255131333],[26.01392770538533,44.40324427954433],[26.01387288723755,44.40329255208295],[26.01387211575606,44.40329323223841],[26.01353164849679,44.40359304477421],[26.013431663111913,44.40353280210881],[26.013309033131936,44.40345891549112],[26.012920324230397,44.40384168245641],[26.012668759245255,44.40408939826274],[26.0124337613295,44.404320798526236],[26.01223140652318,44.40452005432665],[26.012016331663688,44.40473183344935],[26.011907471764044,44.40483902310695],[26.011545539773646,44.40519540109217],[26.01126698628851,44.40540517035463],[26.01121116357153,44.40544720811079],[26.011036246016197,44.405612844683716],[26.010927528294744,44.40571579304403],[26.01087367565497,44.40576678698366],[26.010598014984144,44.405616777866875],[26.00948405883575,44.405010570245146],[26.009213622390995,44.40486339639642],[26.00846261808183,44.40445468642154],[26.00828667494265,44.40435893428854],[26.008267073347714,44.40434826641418],[26.008140510484896,44.40427938736928],[26.00791234090859,44.40415520992105],[26.006742101710635,44.4035183117247],[26.00644606427838,44.40335719034783],[26.00643928223151,44.40335349970037],[26.005905864955967,44.40306317797922],[26.00586700446953,44.40304202735001],[26.005763084690898,44.402985465311225],[26.005457074356105,44.40281891064685],[26.00518303864081,44.402669756837625],[26.004865266378523,44.402496797568226],[26.00484406279033,44.402485256886095],[26.004629278343824,44.40236835064419],[26.00428536698199,44.40218115881818],[26.003977469130334,44.4020135675973],[26.003787154839635,44.40190997781647],[26.00342520670422,44.40171296301167],[26.003366182998988,44.40168083551856],[26.00330700737159,44.401704616346706],[26.003124770061802,44.40177785102639],[26.003101584712443,44.40178716836865],[26.00295479510796,44.401846157537584],[26.00290374961809,44.40202313433533],[26.002819889667887,44.40231387152835],[26.002724343472245,44.40264512328788],[26.002594631163053,44.403094822023306],[26.0025061824251,44.40340145626804],[26.00247844660958,44.40349761123004],[26.001925350162242,44.403429939880596],[26.001747711642917,44.403408205239806],[26.001747671381548,44.40340820019785],[26.000381681528808,44.403241056825834],[26.000374611007768,44.40324019171743],[25.99991389519442,44.403183813966066],[25.999843634212272,44.403175215325625],[25.999262439258462,44.40310409212565],[25.998602511839177,44.40302332922516],[25.99856939889006,44.403019276667216],[25.9985617786395,44.403018344318426],[25.99772857308412,44.40291636922651],[25.9975035531451,44.40288882856613],[25.997238015567454,44.40285632806425],[25.997151328582138,44.40284571766486],[25.997075205595674,44.40318489533199],[25.99698062693456,44.40360630127264],[25.99693642286362,44.40380325711362],[25.996898985846208,44.403970062019674],[25.99687578635896,44.40407342680936],[25.996861356159698,44.4041377200314],[25.996854216875143,44.40416953116605],[25.996842039325735,44.404223788207226],[25.996836758557055,44.40424046357995],[25.996801130340973,44.404352973588296],[25.99678943402111,44.404389908323076],[25.99675863274285,44.404487173484405],[25.996725138280603,44.40462256090456],[25.996720187300298,44.40464257059987],[25.9966906963266,44.40476177095366],[25.996689146947375,44.40476803345262],[25.99668541316775,44.40478312460597],[25.996639705555815,44.40496797047402],[25.996590384740397,44.405167419501225],[25.996564259433974,44.405273071852264],[25.99649262842466,44.405562741111154],[25.99648817633026,44.40558074475465],[25.996485770097,44.40559047448081],[25.996454197616433,44.40571826761318],[25.99644952625014,44.405737173207896],[25.996443933511515,44.40576075531976],[25.996421464239678,44.40585550134027],[25.996410384099164,44.405902223622924],[25.99640274995024,44.40593441441416],[25.996396313246102,44.40596155634032],[25.996390567096473,44.40598578331599],[25.99638818237924,44.40599435813359],[25.99636796112758,44.40606705644663],[25.996352636055683,44.40613631389369],[25.996346483364803,44.40615632700456],[25.99634568921591,44.40615891346628],[25.99632654047721,44.40622120713811],[25.996304288688485,44.40629360029844],[25.99628541930826,44.40635498787949],[25.996282341227786,44.40636500434866],[25.996280392556358,44.40637134237534],[25.996272098625212,44.406398325221254],[25.9962648152741,44.40642202038106],[25.996262835726522,44.4064284612821],[25.99625955543397,44.40643913024846],[25.996245426234683,44.40648509737602],[25.996244519110675,44.40648805024154],[25.99623951372352,44.406504334345684],[25.99623906548482,44.406505791831044],[25.996236065825016,44.40651555110164],[25.996234548721922,44.40652048489054],[25.996234013739596,44.40652222754714],[25.996232342088092,44.40652766491005],[25.99622301509259,44.406563488714674],[25.996212544634965,44.40660370749453],[25.996209315497,44.406616109431425],[25.996209237741876,44.40661640622333],[25.996208559441957,44.40661901325973],[25.99620631367166,44.40662763994532],[25.996204669654706,44.40663395367573],[25.99620420921456,44.406635723573324],[25.996203249402367,44.40663940861479],[25.996202741831695,44.406641358031784],[25.996201671314687,44.40664546795851],[25.99620097295929,44.40664814987326],[25.996200675003642,44.40664929372482],[25.99620063148425,44.406649464212144],[25.99620028876936,44.406650779462],[25.996198914468803,44.40665605939213],[25.996198907432547,44.40665608825476],[25.996198474067626,44.406657753511375],[25.996198125478767,44.40665909221349],[25.996197540137018,44.406661337522465],[25.99619753311626,44.406661367285],[25.996197399985427,44.406661875169675],[25.996197327003717,44.406662157519186],[25.996197159714505,44.40666279620788],[25.996197047893887,44.406663229203005],[25.996197007861618,44.4066633834593],[25.99619699492051,44.40666343397446],[25.996196905402023,44.4066637767711],[25.996196874808238,44.406663895843415],[25.996196827677764,44.40666407536278],[25.99619678997026,44.4066642187983],[25.996196622758475,44.40666486198642],[25.996196606237284,44.40666492333337],[25.996196400202162,44.40666571806697],[25.996195186045494,44.406670381871855],[25.996191519954802,44.40668445989675],[25.99619056610784,44.406688126885165],[25.996185263061058,44.406708491577184],[25.99618502164285,44.40670941892559],[25.996166987027614,44.40677869041478],[25.996138369865566,44.406888606471895],[25.996126604997478,44.406933793962615],[25.996086203954434,44.407088972365734],[25.996009004886698,44.40738548477262],[25.99591030386463,44.407764580727246],[25.995904034961914,44.40778865749966],[25.99551754800108,44.40927304080424],[25.995517463503674,44.409273019050765],[25.995230808455386,44.40919951574689],[25.99481070695006,44.40907492405229],[25.99480196381836,44.40907233093984],[25.994491243726447,44.408980177652595],[25.994410052054064,44.408956098287526],[25.994072197883312,44.40885589520219],[25.99401052817298,44.408837673329515],[25.991917157982744,44.40821911025096],[25.991760631793582,44.40817077109455],[25.991732332706555,44.40816203186005],[25.991241405395705,44.408010418377124],[25.99063608643116,44.407823472785815],[25.989232982071496,44.407390124727755],[25.989005886961117,44.40735146829519],[25.988801299530113,44.40734416372984],[25.98745663852363,44.407369609814445],[25.986957134837837,44.40737905879347],[25.98401933449145,44.407434585711506],[25.983060862503304,44.407452684939365],[25.982736882941012,44.407458800970964],[25.982513649587286,44.407452571992124],[25.98227929455255,44.40744603186462],[25.9818629235882,44.40740999358125],[25.981138662428243,44.40730232058354],[25.98044222495994,44.40718685503402],[25.979869934297405,44.40709196843678],[25.979840733028343,44.40708712662399],[25.97982756708613,44.407084943436466],[25.979441976534293,44.407020692975266],[25.97771421770048,44.406732782749884],[25.97750953957294,44.40668628457878],[25.97735078878591,44.40665022003286],[25.977212353679164,44.406618769754886],[25.97708572310784,44.40659000153283],[25.976934949544034,44.4065557482202],[25.97682395378834,44.406530532331544],[25.97667329700023,44.40648956537301],[25.976550600795704,44.406456202076384],[25.97653862228108,44.40645294439638],[25.976401798490528,44.40641573888323],[25.976324633919873,44.40639475535903],[25.976323296133746,44.40639709708512],[25.976320005913173,44.40640285507896],[25.976309421908365,44.406421381759095],[25.976300273226517,44.406437394864724],[25.976295265964854,44.406446159379534],[25.976286455087365,44.40646158184843],[25.976179372920953,44.40664901306617],[25.976049782624433,44.40687583653682],[25.976007799767054,44.40694926328019],[25.975865632876708,44.40719790649669],[25.975690229044442,44.407504674896416],[25.975593510737202,44.40767382834204],[25.975579357525827,44.40769858064796],[25.975494762448857,44.4078465291307],[25.975007905566976,44.40869797951698],[25.974813295663722,44.40903831942546],[25.974701603563467,44.409233648027275],[25.973256340619773,44.41176101636146],[25.9730042121864,44.41220177479665],[25.972375297838312,44.41330117447226],[25.972133175728707,44.41372605385713],[25.971904581917297,44.41412675237817],[25.971283833917873,44.41521481630744],[25.970946456385356,44.41580616341226],[25.970711425557294,44.41632039473256],[25.970606227253956,44.41655056122708],[25.970403874391135,44.417063124290394],[25.970361211525685,44.41719600053469],[25.9703288332196,44.417296842256185],[25.969867522102657,44.418733566230635],[25.969304961856118,44.42081963157672],[25.96918563212287,44.42130603468062],[25.969009300803958,44.42200779683882],[25.968857040829377,44.42263798886305],[25.96882220060486,44.42278218330394],[25.968735397044288,44.42315951277752],[25.968566726913053,44.424333759593054],[25.96831371560706,44.426580193633775],[25.968123954420527,44.42826492447224],[25.968092234155744,44.42854653544108],[25.96807158539902,44.42872985094454],[25.968067574410544,44.428765461090244],[25.968010921988554,44.429260808763104],[25.967849677926107,44.430670630392314],[25.96784602588967,44.4307025617998],[25.967820187404584,44.430928465438505],[25.967812359427384,44.430996903015085],[25.967771113492276,44.431357518735126],[25.96774192916067,44.43161267450244],[25.967731268554118,44.43170588224502],[25.96769499480604,44.431725691714725],[25.9675979480989,44.43177868823239],[25.967557814473516,44.431800604439466],[25.967415862904943,44.43187812300498],[25.9673620226216,44.4319075243499],[25.967341116801553,44.43191894052362],[25.967340503177105,44.431919276097304],[25.967336462913266,44.431921482520686],[25.967332434376125,44.43192368416305],[25.96733244876842,44.43192382372135],[25.96733334085014,44.43193277748236],[25.967343094200668,44.43203056105489],[25.9673485239034,44.432082890638924],[25.96734441317752,44.43213728487453],[25.96734159202158,44.43217460740544],[25.96733285775997,44.43225378807875],[25.967319854349025,44.432371660934514],[25.967302893786055,44.432525404454566],[25.9672641950985,44.43287620150027],[25.96725141985771,44.43298655369024],[25.967235759465296,44.433121923991415],[25.967215237978426,44.433299357599985],[25.967164282189742,44.43374725418322],[25.967151939718114,44.43386172470722],[25.967178600000754,44.433924415677765],[25.967177189947197,44.43396328131414],[25.96714833144961,44.43398772140423],[25.967100567360394,44.434425987440726],[25.967070023265947,44.43469113317422],[25.967012387045337,44.43519143088371],[25.966945504176994,44.435689144805615],[25.966829137282026,44.436188325605656],[25.96682248537082,44.436369823392596],[25.96681833163092,44.436483153501975],[25.96721691902823,44.436445435311576],[25.966807872578958,44.43954898822175],[25.966755609819536,44.44000741892327],[25.966673689615465,44.44072597823715],[25.966926289714525,44.44074015655246],[25.96725111298751,44.440758387110954],[25.967513561310703,44.440772350855404],[25.967528472468718,44.44077314441134],[25.968054497334677,44.440801128704514],[25.971460276860633,44.440971200214044],[25.973605986019663,44.4410782949389],[25.977666340334153,44.441282347618376],[25.977948304258714,44.44130541665329],[25.977953294764685,44.441305825139665],[25.978382368819783,44.441340928990996],[25.979602546776864,44.44141677398424],[25.980117318994786,44.44144876710326],[25.98057148626777,44.4414687193927],[25.98244428002684,44.441550971980675],[25.984159330361702,44.441626268931],[25.984987126914262,44.4416734268864],[25.987352402526973,44.441808137780804],[25.990205983044476,44.441937528138624],[25.990227259570712,44.44193849314889],[25.992956333346786,44.44206216976633],[25.99422753886872,44.44210692324897],[25.998499677708157,44.4422572211982],[25.99977333387913,44.442318717996564],[25.999771978710452,44.442286842490915],[26.002994212280488,44.44245329071018],[26.007391320254435,44.442680278369345],[26.009549638633626,44.44283267327629],[26.01017472512096,44.442859750627996],[26.011235742154533,44.44290570447083],[26.012105569934306,44.442939709227886],[26.012331181189154,44.44294814487194],[26.012595512829296,44.44302737381285],[26.012811293207637,44.443103258552185],[26.01466177923766,44.44389533153093],[26.015534121676023,44.44429863500305],[26.0163839402959,44.44469151389403],[26.01648020370605,44.444735823531275],[26.017577534935327,44.445240911564625],[26.017649379826146,44.44527397995019],[26.01793017918583,44.44540509836972],[26.018617776009304,44.445726164819945],[26.018887435786215,44.44585207689472],[26.019174660880218,44.44598619058684],[26.019207719176134,44.44607624419647],[26.019199867232473,44.44607405618688],[26.019237921201604,44.44620795300528],[26.019208119771417,44.4463840462512],[26.01969340252113,44.448042849970726],[26.01975279579825,44.4482458601971],[26.01980271132418,44.44841647818019],[26.019807492568297,44.44843282060771],[26.019746588481105,44.448420411629634],[26.01949214138177,44.44843201153289],[26.01944019392953,44.44847593619183],[26.019379505104823,44.44852725165315],[26.019338719008708,44.448561738504814],[26.01923929261954,44.44864580766159],[26.019172373936005,44.448702389565554],[26.01908673569046,44.44875056719347],[26.018896832117512,44.448857398599245],[26.018692966245098,44.44897712986312],[26.018514945851454,44.44908167963521],[26.0183779358499,44.44922743381614],[26.018106074573804,44.449533907443545],[26.018040538193645,44.44962379929617],[26.017946893393713,44.44966366113949],[26.017848415232802,44.44963239324915],[26.01775595870486,44.44956561922094],[26.01751867346039,44.449376148893016],[26.01745031705344,44.44933797549576],[26.017263687508763,44.44928384168773],[26.0168110966961,44.44918978939096],[26.016608033208403,44.44916990444475],[26.015975757740545,44.4491185377345],[26.015851283228393,44.44912858828299],[26.015742298749252,44.44917286167585],[26.01525620221638,44.44942079647355],[26.014785308063498,44.44963170955741],[26.014726097517705,44.44968859287847],[26.014667840799145,44.44983060913688],[26.014628137519267,44.45004183155451],[26.01460185932113,44.450267018322364],[26.014621530830905,44.45035122672125],[26.014667537545467,44.45045402629589],[26.014862042407096,44.45087366219723],[26.01486035010352,44.45094474274787],[26.014799841961135,44.45100150279198],[26.014594312326498,44.45109915156023],[26.01429225991528,44.45123981670567],[26.01421319094439,44.45128931838631],[26.01405500134091,44.451429666103735],[26.014048961161738,44.45143502426441],[26.013786705080193,44.45170931531882],[26.0136442679295,44.45193927306091],[26.0135485967979,44.45210115569282],[26.01349241872192,44.45225309782386],[26.013391297705397,44.4525886785346],[26.013358992933004,44.45277504751021],[26.013327660031436,44.45322545459711],[26.013260679114882,44.45365294384789],[26.013176862457247,44.45408203348556],[26.01317138027043,44.45411982047929],[26.013208123513728,44.45418444426812],[26.01462781975877,44.45482273441153],[26.01589636163986,44.45539303879152],[26.01417250393118,44.45728889439107],[26.013618875658985,44.457897729869195],[26.013136914843294,44.458092860886644],[26.012584450456743,44.458168461304794],[26.012009956875403,44.45823550870464],[26.011729447846342,44.458229737725425],[26.011723559654286,44.458229616892794],[26.011452661114692,44.45822404333625],[26.01069930724469,44.45815130585402],[26.00976499420645,44.457923134096696],[26.00972299246927,44.457920820346814],[26.009201340674288,44.45789207712329],[26.008980069051944,44.457897925242754],[26.008512471259763,44.45791028184119],[26.00811845652919,44.45796796450843],[26.00655701907587,44.458348609577214],[26.00580967936119,44.45862119305842],[26.00493559967701,44.459081039759845],[26.00438447257408,44.459424989905855],[26.003162253664815,44.45988935559469],[26.001872436051812,44.46047253964242],[26.00150970446418,44.460590806131684],[26.000727842018797,44.46084572251982],[26.00028654038682,44.460973749587446],[25.999543711280843,44.46118925140224],[25.99693929383585,44.46189529781132],[25.992617347082135,44.46323217700021],[25.99183842112223,44.46350252360391],[25.98720524762328,44.465110426735144],[25.98598832218262,44.46558995350486],[25.985017760268136,44.46594760272614],[25.984569814510625,44.46610098035104],[25.98384011901267,44.46635082396912],[25.983304610222067,44.46653626984068],[25.98295510330177,44.466753719869764],[25.9826375503469,44.46688088954852],[25.982098169501132,44.46704149599983],[25.98131371044825,44.46693772640957],[25.980911848195195,44.46688456665089],[25.980428644151814,44.46675599894683],[25.97973551340881,44.46657157262323],[25.979548167059686,44.466505391523356],[25.979474897528135,44.466467357478],[25.979423970927073,44.46644092208437],[25.978983802899666,44.466170118307396],[25.978794112278717,44.46605874948532],[25.978604422403333,44.46594738124133],[25.978385986936257,44.4658159192363],[25.97804338613432,44.46595511510903],[25.977996411225927,44.46592855837553],[25.97786357749583,44.46585346192234],[25.977492039148093,44.466052348701204],[25.976026989925042,44.46558381007893],[25.97598043836448,44.4662207936459],[25.975959219728697,44.466404302311034],[25.976128540193926,44.46648789429052],[25.97638826816318,44.466640852540486],[25.977286444411153,44.46714887754491],[25.977104815064315,44.467404237890456],[25.97700959847082,44.467421017142954],[25.97687665850285,44.467444441450574],[25.976353093645866,44.46760733214019],[25.97644441749454,44.46769827754407],[25.977515665044475,44.46856946543741],[25.97870698193921,44.469596792702184],[25.978948291965647,44.46980158309562],[25.97903446113278,44.46987471042591],[25.97948568987244,44.47025764363546],[25.97962150612519,44.47044106154443],[25.97969802603291,44.47054439756739],[25.979848344796782,44.4707473976607],[25.980053781089303,44.47135349673757],[25.98006872244923,44.471399313469306],[25.98015158548214,44.47165342308597],[25.98017510227549,44.471711422525125],[25.980216453970755,44.47183323181069],[25.98021805091681,44.47183793759994],[25.980263782135797,44.471972649194605],[25.980334294415954,44.47417655944759],[25.980369989285798,44.47529208623792],[25.980388171172898,44.475775895176966],[25.98043547908933,44.477034642203996],[25.980635051410204,44.47805418224603],[25.980791067538892,44.478041641853906],[25.981069850109744,44.47887392488905],[25.98134328637978,44.479416845704975],[25.981635607305222,44.479951719068616],[25.981780932797097,44.48014805070713],[25.981878305495094,44.4802795974166],[25.98190439355665,44.48031867471263],[25.981917320168797,44.48033803482836],[25.982149612001116,44.48068036663424],[25.98259990525091,44.48124108986878],[25.983321388053657,44.48212627642272],[25.983606545482836,44.482565409691595],[25.983812590627164,44.482954920202715],[25.98382217980646,44.482973047419605],[25.98382290333547,44.48297441452808],[25.983888914520104,44.48309920060345],[25.98398930509663,44.483311532553664],[25.983990849236083,44.483314798730554],[25.984252746396315,44.48394024786412],[25.984451982177866,44.48450946267743],[25.984723095456996,44.485245980510626],[25.984729456161766,44.485263261047926],[25.98515713209137,44.486303642289045],[25.985894200657718,44.48813566245661],[25.986577784120396,44.48986622580689],[25.987095225331018,44.490933354986055],[25.9875379508178,44.491636914216066],[25.98784227075458,44.49210646012264],[25.987835418732924,44.49210671818061],[25.987582422995644,44.492128015616004],[25.987521547182084,44.49204601746481],[25.987468161977848,44.49200499442082],[25.987422330968457,44.491993965732036],[25.987392250546943,44.49199224921881],[25.987248297862724,44.49200053035596],[25.987196524314935,44.491987573590535],[25.98698114899491,44.49186318745799],[25.986674293740002,44.49167579060039],[25.98634343837612,44.49146709255254],[25.986255912731654,44.49141188283942],[25.986186802145838,44.49136828864978],[25.986123997584052,44.49140629685653],[25.98611263288004,44.49141317521449],[25.98742438463079,44.492301512277095],[25.987952989902688,44.49270009749468],[25.987884939381892,44.49268453146352],[25.987767437064146,44.49268394575921],[25.987451832194388,44.492746774731856],[25.986758943048013,44.49292415848008],[25.986476526496556,44.49305754076881],[25.98617077591481,44.49327313333693],[25.98456959818748,44.494357957010244],[25.983600218486437,44.49503638493292],[25.983630185670506,44.4950772082775],[25.983633583811123,44.495106915173004],[25.98362484756398,44.495165402495175],[25.983605361104352,44.495209178356255],[25.983650693692496,44.49530525553319],[25.983716544939778,44.49541592288955],[25.983740854475332,44.495562989454726],[25.983813115136602,44.4957154875957],[25.983920214589027,44.49592005355044],[25.98400585933508,44.49607056270448],[25.98408987954935,44.49621352583945],[25.98426778735367,44.49648145543065],[25.984329274884345,44.49659564361809],[25.984251956021627,44.49661867523202],[25.984108196361483,44.49666628135472],[25.983996239384428,44.49670069441923],[25.98384045968011,44.49675135718818],[25.983730939361436,44.49678562271676],[25.983573575169903,44.49683556993023],[25.983481148002216,44.49686049688356],[25.982959547219497,44.497023378705876],[25.982963090203818,44.49703235607558],[25.98296697521806,44.497053742592946],[25.982963019185096,44.49706511730349],[25.9829769687643,44.49707939591846],[25.982978842121188,44.49710079997907],[25.983004503708273,44.497167807432156],[25.983028208433414,44.49726759255559],[25.983040040493545,44.49729043978993],[25.983091319144144,44.497458745692114],[25.983091358794148,44.49747584566446],[25.983182200053445,44.49776683875206],[25.983182114000794,44.4977839398213],[25.983191962200564,44.49780104423828],[25.983199781544457,44.497846696883656],[25.98324317557322,44.4979950011278],[25.983273088560093,44.49802363072494],[25.983273079226915,44.49803785107158],[25.983296938895073,44.49805069317292],[25.98339873342016,44.4980765356009],[25.983683821092495,44.498165849679566],[25.983977401115197,44.49825166884181],[25.98400930938485,44.49826453053287],[25.984033328725246,44.498264590846404],[25.984079755935152,44.49827345569077],[25.984149110801738,44.498284730380306],[25.984244947637045,44.49830774401168],[25.984268865807987,44.49830924518549],[25.98428888022166,44.498317800575435],[25.984836707944932,44.498446577857706],[25.98515756404808,44.498524145486826],[25.985404042153956,44.498583462113906],[25.985570298207733,44.49862106925809],[25.985644982391904,44.498642466623565],[25.986024808250782,44.49873418639586],[25.986313948731812,44.49880266801001],[25.98664010646371,44.49888117506473],[25.98669603256323,44.49890129590365],[25.986791768757858,44.498925658285714],[25.98680773569198,44.49893280863808],[25.986914941482098,44.49901755164986],[25.987031792547512,44.49910743019973],[25.98772947018555,44.49964429899726],[25.987942484710445,44.49951867980524],[25.988044709009127,44.499466482802326],[25.98812449351111,44.499425732640155],[25.98815654127147,44.49941726153453],[25.98818451876929,44.49939874591116],[25.989117024780683,44.49897583885336],[25.990312657930474,44.49843235024932],[25.990351171737448,44.49840501134433],[25.990395674461155,44.49838959003365],[25.99071458895778,44.498199673786566],[25.991322569477525,44.49784683159711],[25.99135852454472,44.49781699480026],[25.99152068700307,44.497718636554985],[25.991624853280715,44.49764076870363],[25.991787072508256,44.49753844949598],[25.991931230931296,44.497438899046365],[25.992185528989577,44.497272587676036],[25.992275667733114,44.49722004318245],[25.992443850452332,44.497106330302884],[25.992580361112058,44.4970228666627],[25.99275617919322,44.49691448617893],[25.99297009452681,44.496762028956375],[25.993034480366376,44.49671835088847],[25.9930625876418,44.49668561262561],[25.993090663204303,44.49666565488227],[25.993260979371072,44.4965007109845],[25.993313246336477,44.49643238907071],[25.99335029056589,44.4963709514226],[25.993395542911422,44.49630422131972],[25.99339358611517,44.49629280834468],[25.993403624477935,44.49628425970826],[25.993759414586386,44.496491997468574],[25.994812850755885,44.49586763279421],[25.99513430622675,44.49606027895477],[25.99529046241593,44.496124781443015],[25.995362588797622,44.49630414803212],[25.995383084959272,44.49634788788701],[25.99539488255919,44.49640493481529],[25.99540671939338,44.49642049058688],[25.995432599984632,44.49648479328389],[25.995482238365017,44.49656319642971],[25.99553299136412,44.496640599690544],[25.995585371204996,44.496717538551025],[25.995641184636764,44.496796697102106],[25.99573278243306,44.49693107059396],[25.995780839148313,44.49702993058633],[25.9958380276723,44.49709093974043],[25.995876197841152,44.497131660402104],[25.9958924044185,44.49714894965078],[25.996423442952487,44.49753527356457],[25.996589183665883,44.497655846157365],[25.996816276801667,44.49779199796261],[25.99735626247632,44.49811573848879],[25.998426447344805,44.498871360113334],[25.99855397445348,44.49901182123547],[25.99856812255873,44.49903725460471],[25.998569492789198,44.499037372968196],[25.998570960005274,44.49903750037271],[25.998577166393925,44.49903803940097],[25.998578019021853,44.49903811374898],[25.998578521520933,44.499038156998196],[25.99857934139612,44.49903822803629],[25.998584816062845,44.49903870334523],[25.998592683607765,44.499039386059074],[25.99860037734581,44.499040053211914],[25.99860372989613,44.499040343916505],[25.99861305332625,44.49904115323348],[25.998661905897226,44.49904539150473],[25.99868556521115,44.49904744452656],[25.99869253101661,44.49904804882136],[25.998699470371466,44.49904865064994],[25.998709351719345,44.499049508116634],[25.99871460095271,44.49904996381623],[25.99872391555334,44.49905077140214],[25.998725960849185,44.49905094948367],[25.998734528624333,44.499051692584516],[25.9987753109064,44.4990552309989],[25.99879379402763,44.499056833954135],[25.998837496889497,44.499060625471785],[25.99884147412056,44.49906097093498],[25.998845324143424,44.49906130492499],[25.998957732984437,44.49907105586152],[25.99898672466468,44.49907357097165],[25.9990603437488,44.499111576943385],[25.99909028879589,44.49912703573504],[25.999104250053158,44.499134243531046],[25.999115315767956,44.49913995596115],[25.999304320259576,44.49923752905063],[25.999443938520134,44.49922322829615],[25.999469768813086,44.49922058181046],[25.99951419151454,44.499216040617284],[25.999582587996898,44.499209048461914],[25.999708611664023,44.49919616486263],[25.99981109458577,44.49918568777861],[25.999845732149442,44.49918214676808],[25.999981363919588,44.49914106107197],[26.00018088320463,44.49908062225163],[26.000563620573363,44.49896467994689],[26.00056378194198,44.498964630813525],[26.00056629136545,44.498964234130156],[26.000580903887734,44.49896192007194],[26.000606193652914,44.498957916396066],[26.001076644599554,44.498883437802114],[26.001311211838708,44.49884630126615],[26.001387931440398,44.498845559400884],[26.001412689061553,44.49884531964674],[26.00244567934507,44.498835317503904],[26.003262978907784,44.49893163793487],[26.003790592296426,44.498962574038956],[26.003856000987913,44.49896640881362],[26.003929022620348,44.49900900253274],[26.004170305123278,44.499149741946525],[26.004223631993142,44.499180847595824],[26.004240807981496,44.49919086567521],[26.00431011743012,44.49921383672402],[26.004312271406448,44.49921455014685],[26.00470977030451,44.4993462885509],[26.004713268807127,44.499347448090866],[26.004958847910853,44.4993875488821],[26.005109404807257,44.4994121323731],[26.00550620882082,44.499476924510525],[26.006037895665106,44.499563738231444],[26.00644312954445,44.499696833444844],[26.006504254749053,44.499805549889004],[26.00655414239449,44.499819316598376],[26.00658046135183,44.49996090468527],[26.006846354135412,44.50005922307917],[26.00685219031226,44.50006138139283],[26.006860040134235,44.500102713926296],[26.006891185448012,44.50026659819505],[26.006899259090726,44.50030907985084],[26.006904419548988,44.500336234113234],[26.006911737909757,44.500374741733275],[26.006919590208927,44.500416031040615],[26.006913903015743,44.50041657685514],[26.006863436084945,44.5004446222382],[26.00672449717577,44.5006023098678],[26.00670401447821,44.500625554880294],[26.00671183437504,44.5006676248077],[26.00696046239712,44.50063532444778],[26.00699105844667,44.500794793611796],[26.00700983432641,44.50089266129583],[26.007026221091248,44.500978067064125],[26.007073603037902,44.50122503095535],[26.00708107033579,44.50126395304509],[26.007121571962685,44.50147505325055],[26.007135716729746,44.50154877609672],[26.007172285759736,44.50173937210105],[26.007181988551395,44.50178626007645],[26.007207453923815,44.501925489520964],[26.007215280706685,44.50196828297226],[26.007221528154727,44.50200243685625],[26.007226427235363,44.50202922443572],[26.00722678960538,44.50203529002351],[26.007229118167107,44.502074330925936],[26.007196132631712,44.50208138121179],[26.007220794692078,44.50221225576068],[26.00726249390284,44.50243354244197],[26.007278612018837,44.5025190720875],[26.00728979229682,44.50257840581233],[26.007379194630847,44.503052831132564],[26.007386027214174,44.503084325625856],[26.007443623809664,44.503349851903266],[26.007488516701585,44.50355680508026],[26.00748902960095,44.50355917114547],[26.00752670707397,44.5037328611069],[26.007527404570524,44.50373607603964],[26.00755400977123,44.50385872859443],[26.007565960445724,44.503913820824],[26.007643825865944,44.50427663787748],[26.007652231395454,44.50431580445754],[26.007680310642268,44.504446644783094],[26.007680422725688,44.50444816661297],[26.007686354106525,44.504528737273695],[26.007694651389887,44.504641456156726],[26.007700505412746,44.50472097898739],[26.007761282619974,44.50502184294612],[26.00783899485792,44.50544315349394],[26.007870274269898,44.50561272988506],[26.007888757340595,44.50570927885217],[26.007925828902433,44.50590292934838],[26.008006702707235,44.506325382466265],[26.00810537088542,44.50684077346437],[26.008127238531475,44.50695499910635],[26.00820091599386,44.50733984798609],[26.008211659787086,44.50739597157928],[26.008249641053524,44.50758454855291],[26.00826860294538,44.507678698240106],[26.008292938459153,44.50779952412386],[26.00829853221263,44.5078298776312],[26.008368901763358,44.50821170855323],[26.008406690138855,44.50841675666079],[26.008425795691345,44.50851737077986],[26.008464729905818,44.50872239782239],[26.008551510334435,44.50917938824004],[26.008607816247906,44.50947950254209],[26.008614786829504,44.5095166514635],[26.008663515259645,44.50977637768491],[26.008727890285144,44.51011949465668],[26.0087466335746,44.51021939376188],[26.008748910954527,44.51023153174131],[26.00882443269865,44.51063405009095],[26.008818451970615,44.51071932733026],[26.008809518986514,44.510846690686286],[26.00879921554075,44.51099358862302],[26.008793461253468,44.51107563366694],[26.00878314720608,44.511156943698815],[26.00876437976565,44.511277777218744],[26.008752667933617,44.51133308920155],[26.00870704227763,44.51148398158754],[26.008652786095126,44.51166341698617],[26.00872962298356,44.51172231972439],[26.00873768835124,44.51172867368998],[26.008761156261166,44.51174716338712],[26.008841127722093,44.51181016278875],[26.008884230374612,44.51185537201696],[26.008998048114854,44.512013620735246],[26.009031157517832,44.51206421146804],[26.009105001408702,44.51217705190038],[26.009146161746546,44.512233513358986],[26.00916974018455,44.51226585868057],[26.009296170457183,44.51243928912623],[26.00931559256429,44.51251417684287],[26.009384606767476,44.51259331141771],[26.009396482245275,44.512606928577995],[26.009413687680112,44.51261698253548],[26.0094726159567,44.51265140080815],[26.009492014770355,44.51267769126156],[26.00952094229661,44.512716894459274],[26.009367106949803,44.51282743533248],[26.00922308606097,44.512930867978675],[26.00919440555493,44.51295146607654],[26.009128692313563,44.513000420482534],[26.009066117591196,44.51305450296703],[26.00904411728215,44.51307351749769],[26.008910903294836,44.51318865316097],[26.008863477565534,44.513247632858096],[26.008823962725256,44.513319160911244],[26.00881563818186,44.513373553372794],[26.008799640389416,44.513478079874695],[26.00879713979836,44.51349441510198],[26.008797041519543,44.51349505319513],[26.008756938440957,44.513529917001634],[26.00871725710963,44.51356250177113],[26.008471216142226,44.5137574368242],[26.008464010087895,44.513783647749094],[26.008463817277214,44.51378434698894],[26.008478142679678,44.513805572693926],[26.00875152206463,44.51400482106462],[26.00876222559945,44.514012622054985],[26.008769811459974,44.51401815049353],[26.00887501673521,44.51409723513628],[26.00887593317926,44.51409792444963],[26.00888075242247,44.51410154619886],[26.008882736985186,44.51410303867056],[26.008886567035045,44.51414599111766],[26.008895296650035,44.51439611927286],[26.00888147745852,44.51441509475336],[26.00877845726326,44.51455655470308],[26.00857732516293,44.51480717550957],[26.00878613689694,44.514934100808986],[26.008891549720463,44.51499128521874],[26.00909327195099,44.51510071492507],[26.00950577329244,44.5153244854717],[26.009708309921844,44.51543841409447],[26.009708452325228,44.515438501020896],[26.00979624750941,44.515491999305766],[26.01043853193203,44.51585145595092],[26.010468299739518,44.51586811580119],[26.010612813721266,44.51595159141182],[26.010696357638896,44.515999848500776],[26.010719078572485,44.515982732527974],[26.01089881938975,44.51584732938499],[26.011215480545644,44.51560877873467],[26.011217072758658,44.51560933776487],[26.011297997958497,44.515637721164154],[26.01131281001847,44.51564291640324],[26.01164040518633,44.51582622085572],[26.011665832493605,44.51584044878807],[26.011893036199606,44.51596757774322],[26.011937186125817,44.51599228119078],[26.011974869802156,44.51596773239069],[26.01213122469997,44.51583627137846],[26.012141794857747,44.51582738418521],[26.012448205244635,44.51556975526306],[26.012717763629748,44.51534310763183],[26.0128363134819,44.515231070160034],[26.012884088906837,44.5151859189348],[26.012902119696395,44.515167594531285],[26.013006617079938,44.515203754378966],[26.01343774248227,44.51539573096003],[26.013461687089855,44.51540595232921],[26.014084145619066,44.51567164406636],[26.014300390109913,44.51576913281786],[26.01432216434993,44.5157789496241],[26.014512978599292,44.51586497282273],[26.014640807177596,44.515922600878305],[26.014654273110292,44.515927978799574],[26.014690110479833,44.5159422905606],[26.01482652251869,44.516006314091335],[26.014886516083898,44.51603447564259],[26.014897496471875,44.5160351328067],[26.014940555686817,44.51602663597026],[26.014999832935978,44.516024077232096],[26.015058530266025,44.516017869603765],[26.015126576686264,44.51600396359081],[26.015159247107345,44.516000555328844],[26.015248409534493,44.516008590579176],[26.015302239811664,44.51602389212984],[26.015580900998135,44.51613819566689],[26.015716890182805,44.51619397685419],[26.015753885347404,44.516209151766866],[26.01608665389361,44.51634564703089],[26.01618668949629,44.51638678527606],[26.016476807251177,44.516505935255346],[26.016506270427833,44.516518035866476],[26.01694308020196,44.516697428617064],[26.017617572804557,44.516973633442824],[26.01794735209597,44.517109100819226],[26.01798500013438,44.51712456611708],[26.01835765999466,44.517277646385985],[26.018623538834568,44.51738566688657],[26.01874275435113,44.51743410064532],[26.018872477774746,44.51748789253304],[26.01901970540533,44.517548447206565],[26.019036886406816,44.51755672419309],[26.019133420834308,44.5176032295132],[26.019277334256213,44.517672607911976],[26.019441126585527,44.51775156978797],[26.019485252122088,44.517773491260456],[26.019604134566062,44.51782206753137],[26.019696094238537,44.51785964234748],[26.020074059025653,44.51801369952975],[26.020101400820746,44.51802483108211],[26.020362390656093,44.51813108091416],[26.020787610791366,44.5183050304644],[26.020809071872193,44.5183138093404],[26.02102065940479,44.518400202326376],[26.02130846132317,44.51851771301128],[26.021353440211396,44.51853589094355],[26.021649476724534,44.51862845769529],[26.021662141445212,44.518632489316175],[26.021697423262477,44.51864371953154],[26.021735275326414,44.51865723679401],[26.021772525609848,44.51867157851662],[26.022078337790315,44.51879681629359],[26.02241792697749,44.5189355172368],[26.022998694453563,44.51917231188541],[26.0230453067929,44.51919131674482],[26.023068781500683,44.51920088783953],[26.023522506365264,44.5193867889544],[26.023816099003767,44.51950707938021],[26.02412768564099,44.51963474055938],[26.024306733202195,44.51970775261179],[26.024538479909673,44.51980355460387],[26.024656428075236,44.519852312285025],[26.025345068831857,44.52013698376263],[26.02524972893742,44.52014492500842],[26.025218757774446,44.52015415286948],[26.025194676462057,44.520168826195],[26.024901647647955,44.52037811730938],[26.02463192147984,44.52025551121289],[26.024367572616224,44.52061221566605],[26.024378635344256,44.52064969911245],[26.02438849341995,44.52068310020961],[26.02430700810825,44.5206991229518],[26.02430434653829,44.52069942614074],[26.024207080253273,44.520809609259736],[26.023979934145913,44.52106691311696],[26.023731287226145,44.52134857191081],[26.023587705900848,44.521511213348894],[26.023581669224434,44.521518051614265],[26.023479001577254,44.52162842084041],[26.02334759102982,44.521769686686945],[26.023298853557563,44.52182208007368],[26.023265296464057,44.521858152382926],[26.023250705597764,44.52187331516187],[26.02312243098181,44.522006607796754],[26.022969749288073,44.52216526203108],[26.022963013347542,44.52217226141141],[26.022925906959397,44.52221081838034],[26.022842741595706,44.52233532399471],[26.022737840102305,44.52249236807843],[26.0227142049417,44.52257595590804],[26.022676008526407,44.522711040004545],[26.022619922735103,44.52284904402176],[26.022564371909617,44.52298573092844],[26.022564063313236,44.52298649064488],[26.02258685389736,44.52309516303705],[26.022605631672423,44.52318468518162],[26.022629327652698,44.52329765595389],[26.02263536267633,44.52331122212586],[26.022755601016268,44.523581493969125],[26.022755623085747,44.523581532469784],[26.022777475701105,44.5236199370159],[26.023059001577565,44.52411469095767],[26.02308185705931,44.524154856688085],[26.02319828407029,44.5243594638533],[26.02320236406644,44.524366632391285],[26.023214275621932,44.5243875658721],[26.023517312410775,44.52468353208419],[26.023616515527923,44.52484327615498],[26.023631522407474,44.5248841466533],[26.023856943496092,44.52549809924369],[26.023897632900198,44.52553673212582],[26.02393687762875,44.52557399388208],[26.024154388099472,44.52578051166966],[26.024233236603727,44.52585537644017],[26.024233281381147,44.52585541833435],[26.024233348785035,44.52585545912296],[26.024578663785036,44.52606471115334],[26.024845118870143,44.52616057434697],[26.025258463031157,44.52630928069848],[26.025316064368376,44.52633000366608],[26.025555823676736,44.52641250864995],[26.025791987344302,44.52649377591277],[26.02597673200783,44.52655734819022],[26.02598723367704,44.52656096251],[26.026498892359715,44.52673702667967],[26.026753384838972,44.52682459801334],[26.026775209691753,44.526832025131455],[26.026856571323382,44.52685971399403],[26.02708227974708,44.52693652419021],[26.027095158008837,44.526940906975504],[26.027230150715468,44.52698684541811],[26.02760292416828,44.527113701251686],[26.027988730821004,44.52724499113353],[26.028115517397733,44.527288135877946],[26.028124779362606,44.52729128699366],[26.028384687271846,44.52737973140756],[26.02842287834223,44.52739272765956],[26.02845382133601,44.52740325735634],[26.028551677773784,44.52743561415029],[26.028673029008363,44.52747573878519],[26.028691730859073,44.5274819222988],[26.02871239820003,44.527488755691415],[26.02873486145773,44.52749618380774],[26.028914487898128,44.5275555769048],[26.02893612981246,44.52756273257042],[26.02895351549975,44.527568481642],[26.02896844082607,44.527573416145806],[26.029011322237448,44.527587595222],[26.02901825145669,44.527589886434804],[26.029032443999593,44.52759457831243],[26.029079298667902,44.52761101435262],[26.029110952908564,44.52762211699205],[26.029118032782197,44.52762460122829],[26.02915213056654,44.527636561772574],[26.029181788248668,44.52764696440024],[26.029192357397474,44.52765067140972],[26.02919314110497,44.52765094686231],[26.02920229098268,44.52765415561469],[26.029211033203055,44.52765722228422],[26.029216847002875,44.52765926176109],[26.029216948296526,44.527659297737294],[26.029218638486963,44.527659889822345],[26.02921982986909,44.52766030825663],[26.029230581338556,44.52766407929972],[26.029259224934087,44.52767412665601],[26.02927397339181,44.52767929943988],[26.02927421521635,44.52767938453436],[26.029276828389037,44.52768030120015],[26.02927799571064,44.5276807108533],[26.029279689708257,44.52768130470269],[26.02928182177998,44.527682052956486],[26.029283651244636,44.52768269417018],[26.029284238703305,44.527682900312094],[26.029287365892753,44.52768399678947],[26.02929047790665,44.527685088905116],[26.029293132865018,44.52768602048948],[26.02929800090168,44.52768772748845],[26.02930147753184,44.527688946778206],[26.02930275374328,44.52768939503786],[26.029302839829356,44.527689424852674],[26.029303110779296,44.52768952048128],[26.02930469843585,44.52769007750035],[26.029304733883066,44.52769008977701],[26.029305036474305,44.527690195917046],[26.02930516055552,44.527690239785294],[26.029305654316477,44.52769041258167],[26.029305817634793,44.52769046959209],[26.029306020206352,44.52769054064438],[26.029307424272993,44.527691032737806],[26.029307691417007,44.527691126601184],[26.029307868669022,44.52769118888451],[26.029308190257918,44.527691302051274],[26.029308591594944,44.527691442390655],[26.029308998011903,44.527691585383714],[26.02930995008665,44.527691918699745],[26.029310179888594,44.527691999853694],[26.029310209634865,44.52769200993239],[26.029310243840197,44.527692023120444],[26.02931037679131,44.52769207050778],[26.029310426156172,44.527692087157554],[26.02931047805297,44.52769210468414],[26.02974971134126,44.527190676227534],[26.031718456636053,44.525298359975366],[26.033522380786536,44.523554201924405],[26.033620462426633,44.52359329519188],[26.039635449493698,44.52607770266604],[26.04825896912863,44.529533580939166],[26.049223473292912,44.52982323686687],[26.048750794253497,44.53090575240975],[26.048751331938636,44.531023920428524],[26.04949124369279,44.53131478558802],[26.050169771984464,44.530078113473344],[26.058267006626338,44.53210768686721],[26.068596866715726,44.53485053979191],[26.06859790665492,44.534974464230935],[26.068850468132943,44.53505028332083],[26.068780797725193,44.53532410035281],[26.06875387248383,44.538325937224855],[26.068910676265364,44.538744087402684],[26.069224667632525,44.53926789487749],[26.069277620063183,44.53937188291948],[26.070048872162797,44.53977052527075],[26.07053154557115,44.539998060093424],[26.071016937355324,44.54022268696957],[26.07170013517401,44.540538302767466],[26.071721157827167,44.54054801492966],[26.071763355199053,44.5405704744818],[26.071848964773533,44.54061304192583],[26.072382307068377,44.540963140481765],[26.07283044772369,44.54125730605151],[26.07302142157983,44.54138266241966],[26.073040957651216,44.541373320549994],[26.073041000062684,44.54137330034581],[26.073077303044695,44.54135593988631],[26.073591172561216,44.541110243858085],[26.073632747787443,44.54109036514974],[26.076251944571435,44.54100311725954],[26.076252084166732,44.541003112327],[26.076469117317526,44.54086842988261],[26.076698694208037,44.54072596171991],[26.076698775366882,44.54072579264014],[26.076839760056473,44.54043728055018],[26.07718716157763,44.53972568715671],[26.07720246299203,44.53969464309952],[26.07739849333563,44.5392968759239],[26.07742637061309,44.53914549526162],[26.077433454708554,44.53909358609981],[26.07748026108529,44.538716028141074],[26.077498700889794,44.53855951119961],[26.07752726368716,44.53833775637153],[26.07760093120889,44.53776579807453],[26.0776738792036,44.537278588510965],[26.07769812033585,44.53711668254347],[26.078208335909252,44.537182640287305],[26.078828460726942,44.53726051352172],[26.079383417183692,44.537324770628544],[26.079387643153844,44.5373069042664],[26.080226309654474,44.537408606333024],[26.080447500908743,44.537443438439425],[26.080767658786367,44.537505441931735],[26.080758411802215,44.537531674512934],[26.08143726948496,44.53769578513365],[26.081680290734287,44.537752378680885],[26.08210655359793,44.53784098222144],[26.082284335468533,44.5378742328802],[26.08231794495893,44.53788641162475],[26.082346461230845,44.537911837229636],[26.082387100979453,44.537958197151],[26.08245833099776,44.537966216594754],[26.082525700938277,44.53793993976794],[26.082565087813684,44.537926511237394],[26.082598459222865,44.53792781087218],[26.082697890439825,44.53794345621318],[26.082870473292378,44.53796919655672],[26.082905740693203,44.53798066168446],[26.082922467314802,44.537993543311444],[26.082937974164512,44.538015183102836],[26.08297144387824,44.53807231568893],[26.083083587555254,44.538011159984116],[26.083104581293885,44.53799997890404],[26.083469302558292,44.53806261770036],[26.083615920523727,44.53808788098536],[26.083628344232224,44.53809945292295],[26.08363674023025,44.53811030754672],[26.083643118307794,44.5381222615948],[26.08364744591699,44.53813760144634],[26.08364745224174,44.538159840126475],[26.083637247168273,44.53821632573015],[26.083715573749465,44.5382333214395],[26.083790690488954,44.53823285144348],[26.083820266691255,44.53819670921667],[26.0839303118008,44.53813266395422],[26.083958544378476,44.53811623257543],[26.084406820119465,44.53818247968646],[26.08451058280024,44.53819781266754],[26.084898458219662,44.538255142597706],[26.085042860881533,44.538275500405476],[26.08517049972823,44.53829186124997],[26.08529849364521,44.5383067577903],[26.08542679938836,44.538320166140814],[26.085555391954067,44.53833209554137],[26.085684246000078,44.538342537234584],[26.085735201849847,44.53834607869275],[26.0858911390508,44.53835598934644],[26.086031708585097,44.53836307772004],[26.086037893879702,44.538363361953394],[26.086392614605167,44.538373119305724],[26.08646077073739,44.53837388463171],[26.08659038492317,44.538373895662964],[26.086720096100834,44.53837237556599],[26.086849665053965,44.53836938514777],[26.08697893207109,44.538364930448616],[26.086983591035388,44.538364885534456],[26.08707235056128,44.53836069972559],[26.087095924087397,44.538359572420184],[26.087107553580253,44.53835901028203],[26.0871734072805,44.538355792259324],[26.08723792868144,44.53835265904719],[26.087358875817834,44.538348171634226],[26.087598550869863,44.538345703414215],[26.087718384259247,44.53834768674695],[26.087957653686892,44.53835807225159],[26.088076934896314,44.53836647051855],[26.088195888857665,44.538376997679926],[26.088346973786784,44.538393485960064],[26.08880914219011,44.53844934550339],[26.089393068946794,44.53851989068766],[26.090027777952958,44.53859321083102],[26.090598919137427,44.53865087070419],[26.091136899778157,44.538705180087945],[26.092378122042607,44.53881911231179],[26.09560799866325,44.5391795047127],[26.096228512392816,44.53924801380852],[26.096355652286558,44.53926206909867],[26.09683038035467,44.539316646876266],[26.09691946362876,44.53932527195363],[26.09694669543367,44.53932790871409],[26.096787973213683,44.53990395350386],[26.09675509350353,44.54046866047964],[26.097651471201424,44.54056305674737],[26.097713253626136,44.54123023312315],[26.100438089390728,44.54140926895618],[26.100613656470784,44.54139943802748],[26.100699644667767,44.54133437900549],[26.100837259908396,44.540793190119985],[26.100892699081655,44.54069580140321],[26.101582944356124,44.54070190431428],[26.101657653510678,44.54067749198114],[26.10174044623817,44.540475773510806],[26.10179606415815,44.53957797831589],[26.101886428969987,44.539577805384134],[26.102068076377968,44.53957543877155],[26.103625561748384,44.53955513692975],[26.10367604433171,44.53955447809377],[26.103716111095387,44.53955395539427],[26.103720968635756,44.53955389254459],[26.103730667343086,44.539553766104774],[26.103761965141867,44.53955335802767],[26.103766644020602,44.53955329692497],[26.10380703663377,44.53955277010332],[26.10436396040658,44.53954550404791],[26.104478141898678,44.5395440139309],[26.104396986100237,44.53930529081942],[26.104336133671257,44.539126288136444],[26.104335489315364,44.53912076467806],[26.104220785179827,44.53813662880945],[26.104192608921174,44.537894877446135],[26.104187701676633,44.53785276551452],[26.10415076724435,44.53753586931665],[26.104150342461892,44.53753208526076],[26.10410223035219,44.537103431399515],[26.103735545057503,44.533836303163746],[26.103662840033806,44.53331913108185],[26.10342309927579,44.5316137119678],[26.10342187157817,44.531604981119116],[26.103380795009105,44.531312767188744],[26.103277717036413,44.530646660498604],[26.103163307265927,44.529907303419094],[26.10315139596778,44.52983032544727],[26.103205178689773,44.529638046626964],[26.10341179248854,44.52921945708134],[26.103656932748883,44.528722806881106],[26.104152958304446,44.52786205137734],[26.10491165412736,44.526545430949824],[26.10492060378753,44.52640244144265],[26.10479647298801,44.5245727311896],[26.104779287823078,44.52431938990363],[26.104757604055397,44.52399975711705],[26.104757428426236,44.523997286464045],[26.104715846749123,44.52341196271086],[26.104704220416064,44.5232483149423],[26.104512041815557,44.52054299375076],[26.10450304181297,44.52051353584894],[26.10432942731924,44.51994524524967],[26.104327714297703,44.51985573367315],[26.10437831813448,44.51981406443244],[26.104450949220716,44.51975425533919],[26.10453392768823,44.519642426777416],[26.10472334121373,44.51933617366486],[26.104977392923047,44.518873930372685],[26.104918030903164,44.5186150111059],[26.104908981517706,44.51857554452697],[26.106227696654354,44.51840813673916],[26.10615749097087,44.517572092350356],[26.10575207452899,44.51757964998498],[26.105581041563756,44.51596981712012],[26.10553636824846,44.5155389138814],[26.104821493546858,44.515578626610946],[26.104904549127188,44.51650618100053],[26.104915852050933,44.51663202894027],[26.10445604710176,44.51664391492431],[26.104396537708613,44.516323278458806],[26.104368033534456,44.51617143521706],[26.104361558839187,44.5161282343705],[26.1043484523843,44.51607437917499],[26.104310278027906,44.51589244376442],[26.104241553136134,44.51554633676001],[26.104258365412935,44.51554669409035],[26.10425722728621,44.515534545880854],[26.104403987239635,44.515394296196156],[26.104278765696353,44.515221073474684],[26.10405006431556,44.515225794030286],[26.103992129693587,44.51491074103493],[26.10381353673625,44.51393950914814],[26.103735928295066,44.51351744745485],[26.10368368566055,44.51326372491203],[26.103529438631217,44.512631965669314],[26.10323113609229,44.511460733713946],[26.103042336970535,44.51072601065987],[26.102958040876196,44.510259971211966],[26.102889552367014,44.509723028706254],[26.10288372960167,44.50930552846109],[26.102890200923152,44.5092048233273],[26.10293027075973,44.50858115871176],[26.103236872798096,44.507486287247964],[26.10345632631587,44.50677352633098],[26.103588035708448,44.506345743386994],[26.10395372038187,44.505178857353705],[26.103978474807878,44.50510315223248],[26.104041654575116,44.504909935970566],[26.104880576860587,44.5050943134246],[26.105149048167924,44.50515331623053],[26.106240843787408,44.50540294541764],[26.10725312245213,44.505627208440636],[26.10873295799098,44.505920401087415],[26.109075646522857,44.50505311519573],[26.109160178615195,44.50483917608543],[26.109199840331335,44.50474067663129],[26.10920879032708,44.5047184488108],[26.109757257372113,44.503356262336254],[26.109615933090215,44.503320487959655],[26.10914876543688,44.50324594566493],[26.107923053788184,44.50299421498344],[26.107685122895962,44.502945348212215],[26.1069601383979,44.50277663226477],[26.10632585586432,44.50264204508185],[26.10633944260184,44.50261649139072],[26.10635117965273,44.50259357672902],[26.10480876638085,44.50227539159126],[26.104787370322562,44.50211252111079],[26.104744600602142,44.5019682656448],[26.1046644545595,44.50185150325323],[26.104589556293927,44.50177750541103],[26.10454211478767,44.50173063345396],[26.104478046036327,44.501683789400694],[26.104461142517554,44.50167450746111],[26.10439566739654,44.50163854945457],[26.104729176335102,44.50114696140403],[26.105258079798332,44.500323470149496],[26.105307620686954,44.50034162838744],[26.105560124999794,44.50042627449862],[26.105559663723575,44.50042320093445],[26.105560557413497,44.500417990019166],[26.10581600806789,44.49975692621363],[26.10588968262906,44.499566261925246],[26.105914832482515,44.49950121330374],[26.105968449100867,44.49936243424901],[26.106022078037412,44.49922365504769],[26.10603771335387,44.49918317146393],[26.106039678466765,44.49917835774295],[26.10605592276811,44.49913854950037],[26.106075925274386,44.49909431494965],[26.106093076091287,44.499059423647374],[26.106111461451242,44.499024646231],[26.106131794290008,44.49899371981093],[26.10649140287611,44.498539241203346],[26.106543266915256,44.49847054608929],[26.106591635207305,44.49840055323312],[26.106636421649604,44.49832936248781],[26.106677590086367,44.49825705521498],[26.106715066817284,44.498183722144816],[26.106748828778738,44.4981094715107],[26.10677484268449,44.49804497222614],[26.106798016973624,44.497979942803454],[26.106815502091205,44.49795334634525],[26.106860877582776,44.49775220399203],[26.10690866955062,44.49756732205742],[26.106918685874568,44.497528573880075],[26.106943980236366,44.49743050165851],[26.10695611295253,44.497387100259836],[26.10697924045792,44.49731703111466],[26.10700678556004,44.497247818603036],[26.107038547945937,44.497179509690284],[26.107074531052714,44.49711228434423],[26.10711463670306,44.49704626952862],[26.10715880461078,44.49698160083517],[26.107206923338612,44.49691836935623],[26.107258971700848,44.49685678230079],[26.107314762137626,44.49679689550753],[26.10737420818821,44.496738790822604],[26.107482336387537,44.496593760291596],[26.107663924149982,44.49665577872732],[26.10774264484362,44.49654251084418],[26.10783967074322,44.49639525081295],[26.10881054016033,44.49683111597473],[26.108907809283533,44.49681082648029],[26.109493517523163,44.49585562507405],[26.109556615100416,44.49575272048907],[26.11023559702521,44.4946453574493],[26.11042677948475,44.494333546514405],[26.111238539278798,44.493020159106585],[26.1113694580063,44.49279426586135],[26.111387720092477,44.492762757680154],[26.111675734418903,44.492280280815415],[26.111747520669674,44.492135398476435],[26.111752052234202,44.49212625271426],[26.11177415664776,44.49204394330442],[26.111677526086396,44.49198896974496],[26.111125150469427,44.491674716728895],[26.111079001419217,44.49164846161577],[26.11065646261883,44.49140806946483],[26.110644869491367,44.49073206631524],[26.110947689338985,44.490566663140214],[26.111004008547987,44.49053176569668],[26.111429095487264,44.490268364411484],[26.11175931934469,44.48996377880086],[26.11208627606935,44.48972345929364],[26.11227469163915,44.48958386542716],[26.11267853895861,44.48928465985477],[26.113362869455177,44.48877763486116],[26.11359992313778,44.48860199823903],[26.113899027885317,44.48838038384203],[26.113912886456024,44.48837011527818],[26.113926726252863,44.48835985139838],[26.114290520347062,44.488090024788846],[26.11456941826221,44.487883163595285],[26.114572644830712,44.48788077181804],[26.1147436866993,44.4877539513575],[26.11471644810146,44.48771717570346],[26.114739232140874,44.487700994688495],[26.114864550275417,44.487611991764126],[26.114870715520297,44.48755165603748],[26.114834808362847,44.48738561209208],[26.114911160008234,44.487378945974534],[26.114892308003782,44.48730832742532],[26.115195891548307,44.48726606471483],[26.115182890852378,44.48722241609362],[26.116714244145186,44.487089934573994],[26.118843266983433,44.48684231825244],[26.120623513995113,44.486635229234864],[26.121543565152898,44.486528289244546],[26.124521040941474,44.4861829622213],[26.126974436397926,44.48591368435671],[26.129362497075753,44.48564897682002],[26.131737137480112,44.48537737812471],[26.13452396478086,44.485053294151264],[26.135458392833957,44.48494475452833],[26.1372089943466,44.484737134570366],[26.139306001508793,44.48448698776123],[26.13960945918239,44.48442977393248],[26.140060955932128,44.48434465499807],[26.140136987032594,44.48454691411322],[26.14036074896018,44.484517712328916],[26.140345423715473,44.48431459611446],[26.1408089242022,44.48426572283784],[26.140819321391398,44.484310915992104],[26.141000772373495,44.484305037935634],[26.14109370581081,44.48427895022553],[26.14134753008577,44.48424930707868],[26.141768792874295,44.484200101576214],[26.142446679830453,44.484121157488325],[26.143733376768832,44.48397657650395],[26.143781581010582,44.48397037210708],[26.14416215037114,44.48392148962807],[26.14446495706596,44.48388256686612],[26.144684171384302,44.48385441068623],[26.145441004273565,44.48375715010634],[26.14588887291024,44.48369959449244],[26.146418234427138,44.48365037042373],[26.147244144954605,44.48357399567041],[26.147234521157714,44.483520514951984],[26.14799384641811,44.48343142907045],[26.148625974028043,44.483357269978676],[26.150144124442726,44.483179142397255],[26.151270722855806,44.48304811532117],[26.15202032380929,44.4829612166517],[26.15230159788239,44.48292862208574],[26.152522891474504,44.48290296744019],[26.152865260849094,44.482863275433786],[26.153013369623842,44.48283681141536],[26.153107133961132,44.48283572605812],[26.153227825271063,44.48281691352359],[26.153456178741042,44.48279354287218],[26.15362883948925,44.48277587203867],[26.153798125108953,44.482758541504694],[26.154059651664426,44.482729960837894],[26.154605478776592,44.482668757233924],[26.157093753578,44.482392524616635],[26.15890824550937,44.48219188502658],[26.15940171647735,44.48216900675937],[26.15939209844825,44.482106967688935],[26.159958968139456,44.482041822490395],[26.16046386136752,44.48198434187142],[26.160599070004345,44.481973094181924],[26.161024148694967,44.4819377096847],[26.16138513078294,44.481907664300394],[26.16171709538092,44.4818800319561],[26.161985324605418,44.481858807003626],[26.16217826798955,44.48184599907621],[26.162289855565465,44.48183858406306],[26.16225617081712,44.4818008332199],[26.162465493746996,44.48175549081171],[26.162569989005174,44.48188040801143],[26.162609536089068,44.4819339568041],[26.162900963858,44.48192728682962],[26.162798004454896,44.48172820065435],[26.163494591843186,44.48166236514161],[26.163621899794386,44.48164902631528],[26.164064635796723,44.48159671645631],[26.164765591762137,44.48151388038797],[26.164765367379132,44.48149714215556],[26.165322921548956,44.48141637867445],[26.165707567502253,44.4813681191231],[26.165707185316325,44.48137721337663],[26.16644618423375,44.481290337188284],[26.166444582686943,44.481283243529816],[26.16701980951523,44.48121561814991],[26.167361533710707,44.48117544766415],[26.168068170416337,44.48109238815204],[26.168521841585132,44.48104037940993],[26.168765085139572,44.48101046006048],[26.16935722296134,44.48095004558045],[26.170079408234546,44.48083797512524],[26.170166782876148,44.48082820260437],[26.17046840260392,44.48079623335386],[26.170625868223787,44.48078362640314],[26.170791571448778,44.48076498445202],[26.17118534010678,44.48072067051535],[26.171526746959742,44.480678150587735],[26.17174513481728,44.48065385635772],[26.172333979724137,44.48058141803396],[26.172613804608883,44.48055038077736],[26.172953827679653,44.48051596218611],[26.17305914646098,44.4804965683304],[26.173190395469216,44.4804819086029],[26.173500885956603,44.48045111691165],[26.173631984834266,44.48043650323341],[26.173825430191076,44.480412248712064],[26.174107447243728,44.48037843081115],[26.175158962967398,44.48025415678602],[26.17540964960642,44.4802246044579],[26.175526634844466,44.48022999944906],[26.17589559280716,44.480175784473175],[26.176035092308624,44.48016446445119],[26.1764514301278,44.48011578340348],[26.177280293949746,44.48000975320738],[26.177795547372373,44.479944157250166],[26.17806436064328,44.47991714564621],[26.17825385840301,44.479897982943186],[26.17849606554378,44.47986394923321],[26.17869316595819,44.47983972911435],[26.17973157936627,44.479722398592045],[26.179837726799484,44.47971298004876],[26.180264622851457,44.479665146371985],[26.180759469729157,44.47958861716816],[26.180986238101585,44.47956448718715],[26.184153179220786,44.479227520589816],[26.184895197910286,44.47914855567046],[26.18489146460332,44.47911066979549],[26.184730772913067,44.47900370620823],[26.1846940289185,44.478972932512185],[26.184301141460555,44.47900949924052],[26.182909816830147,44.47914954963558],[26.182182512544653,44.47909651057182],[26.181349017527715,44.47892953811604],[26.181192261944357,44.47887630638916],[26.180184697961856,44.478458061089],[26.179405389102847,44.478052340733846],[26.178726976262617,44.477573539299264],[26.17743394286872,44.47650371711168],[26.176110499171628,44.47539804358051],[26.17533503577081,44.474737960856054],[26.17445005810033,44.473984637192586],[26.173598980795404,44.47325242839087],[26.17039521307897,44.47055067522222],[26.165618552783464,44.46649316613949],[26.16479684549915,44.46579633856576],[26.164122424854224,44.46522814391925],[26.16364574266387,44.46471421012168],[26.162644155298054,44.46352193101968],[26.160800243623232,44.46131783608133],[26.159099168658273,44.45922089406476],[26.156471182952384,44.45605643591897],[26.155962512771172,44.45544646902867],[26.15627597241014,44.45499311279348],[26.15650637052472,44.45478105066039],[26.157192412992266,44.45451505965475],[26.158524361485764,44.45421776394402],[26.158591082014553,44.454445180882935],[26.159137418989662,44.45446429424293],[26.159073035437597,44.45406402125052],[26.159193578692935,44.45402963307774],[26.160432610064216,44.45417365426386],[26.16078681658269,44.45412768623055],[26.161759589759548,44.453315239953675],[26.162466488417678,44.453099916158344],[26.163311950880278,44.45309367383585],[26.16331909263849,44.45349161948815],[26.163733582399075,44.45348000379367],[26.163731130975265,44.45336136041398],[26.164208518765676,44.453356428510645],[26.164206508380023,44.453254116089646],[26.165691675998364,44.453149279060135],[26.16652210512603,44.45291922315182],[26.16706774467117,44.45237099937511],[26.16861699041497,44.45098190060923],[26.169106569448353,44.450722143965265],[26.169399868317722,44.45069695486314],[26.16971109261362,44.450793380635325],[26.17121344978694,44.45167467826263],[26.17441378215815,44.453610734124254],[26.175245324604415,44.4538697085222],[26.17609281527015,44.453945384126754],[26.17679975860725,44.45388165788835],[26.177442244127484,44.4535509528613],[26.17772551226461,44.45297044074048],[26.177710304341005,44.4522240084173],[26.177296854917408,44.45124226662746],[26.177065018274757,44.45048401324957],[26.177272188255944,44.450031075418686],[26.17722740338592,44.44976389726932],[26.176782639890344,44.44909981056364],[26.175455033560233,44.44788181844781],[26.17453637857865,44.44686787793469],[26.174341496712778,44.44599131152886],[26.17444242777806,44.445356217219064],[26.17471308248074,44.444982030133986],[26.175211536290966,44.44461452329269],[26.175807462996797,44.44439097624175],[26.17626299415169,44.44427868285918],[26.176694050580785,44.44428000636632],[26.17724813457545,44.44433245765551],[26.178897525011326,44.445054875184205],[26.179859664366614,44.44557480029405],[26.180704891964176,44.44594451363391],[26.181145524211605,44.446015612473666],[26.181673678753615,44.4459925954051],[26.182249443716746,44.4459108443582],[26.182884913222974,44.445700398343675],[26.182646541003837,44.44530182991438],[26.183600818521995,44.44498271123973],[26.183864429124426,44.44537600829541],[26.184371179465924,44.44520818534257],[26.18600379243402,44.444427362074975],[26.187012668990544,44.443953945104475],[26.187415031021562,44.4438362724008],[26.187784013550615,44.44380717648],[26.18826115658992,44.4439029733091],[26.188919954813382,44.44427412962046],[26.189956306441758,44.44503200586029],[26.190833880019426,44.44609743803249],[26.191496615166415,44.44665759102961],[26.19216916509729,44.446839530131435],[26.193102280402073,44.44685485830964],[26.19408350167241,44.44664280548575],[26.194876267259232,44.4463537221504],[26.195559486863853,44.445904134130686],[26.195781623108356,44.445704263119964],[26.19601874224366,44.44557312182248],[26.196030660811612,44.445549341595026],[26.196347259658978,44.44491784076978],[26.197444639921574,44.4427288440395],[26.197532864319957,44.44255285216671],[26.197647621768002,44.44232392638405],[26.197678482943232,44.442262363835866],[26.197716475145068,44.44224242026595],[26.197766249602566,44.44219085035495],[26.197788898600493,44.44210159655493],[26.197710264157337,44.44202203289182],[26.19762950313001,44.44198293014095],[26.197298416415222,44.441874890661545],[26.1971732312719,44.441795650354514],[26.197010410587797,44.441690447927314],[26.19687210808912,44.44152915591553],[26.196855512433807,44.441471496293914],[26.196800698210783,44.44136699111389],[26.19677394383944,44.44131744067086],[26.19668906130856,44.44115256583238],[26.196691606060227,44.4410187583271],[26.196748966260728,44.44083476786363],[26.19685762577584,44.440573990821875],[26.196891720555175,44.44049385892176],[26.196986093494697,44.44029611864299],[26.197087432418957,44.44010235439734],[26.19715205236424,44.43999910028313],[26.19720240213746,44.439936553140605],[26.19729254226997,44.43983723087147],[26.197354836059606,44.439773341676315],[26.19754698065034,44.43960292164317],[26.197655224938067,44.43950676373635],[26.19781364215928,44.43938022726005],[26.19790297636637,44.439314862199986],[26.19804876955647,44.43921450649792],[26.19812097642754,44.43917076212584],[26.198254814992715,44.43909552713331],[26.19843370361304,44.439010677426936],[26.198699113914337,44.43890487214677],[26.198805404912626,44.4388679558893],[26.19887646539164,44.438847128995164],[26.19943619013359,44.43875433595349],[26.199465367154296,44.43875105519531],[26.199532823972074,44.438743046684024],[26.19957898379519,44.43873666896261],[26.19998714132789,44.43869346764794],[26.200352374861907,44.438681224256634],[26.200796896826155,44.43867420075066],[26.20110109290077,44.43868327022827],[26.201499869211517,44.438732776570575],[26.201914132406838,44.438799657865246],[26.202054212575767,44.43883580250135],[26.20213886756642,44.438859848003524],[26.20227201305111,44.438887507082406],[26.2023631865778,44.438903022562194],[26.20257742447921,44.43893682697259],[26.20279019580397,44.438958091210345],[26.203054677505506,44.43896503235897],[26.20328546623962,44.43897193676657],[26.203440272822974,44.43897679033019],[26.203627872279927,44.438982490353055],[26.203742048733258,44.43898415948214],[26.20419133898553,44.438969538382665],[26.204315915964585,44.43895426518118],[26.204642748545155,44.43890952228269],[26.20469653718883,44.438901521830545],[26.20476800197793,44.438890551220595],[26.204791744210095,44.43888630116902],[26.20487548164746,44.4388620317882],[26.204942712949897,44.438835391811004],[26.20498846232122,44.438808738569286],[26.205025916376833,44.438784298115365],[26.2050556858826,44.438764854019226],[26.205072281419138,44.438752229069166],[26.20512211855157,44.43870894447941],[26.205217863429564,44.43861226492594],[26.205317068451297,44.438503811868244],[26.2054578768865,44.43834040768443],[26.205540675840012,44.43824767351264],[26.2056471030523,44.4380904242111],[26.20572814182394,44.43772533245609],[26.20579026317723,44.43773746597753],[26.20582789027081,44.437399677726575],[26.20588673499172,44.43728000077581],[26.20589116367226,44.43714840488903],[26.205927389500516,44.43698441852688],[26.205995681799855,44.436752181554446],[26.20605411529196,44.43655139815846],[26.206143434992775,44.4362523067049],[26.20619012423025,44.43613292174868],[26.20629336900942,44.43592334212222],[26.20636431979929,44.435767489057056],[26.20646966595389,44.43561413867573],[26.20657507424726,44.43548606938836],[26.20667530906522,44.43543035487704],[26.20680667267027,44.43534581182803],[26.206858983708425,44.435295470714124],[26.206961654747346,44.43513261720108],[26.207005757320157,44.435041088562436],[26.20740785217996,44.43448398966573],[26.207778371012253,44.43415957077149],[26.208057525140898,44.4340232468672],[26.20827142470104,44.43390447978809],[26.20844929285575,44.43382335110911],[26.208536842100727,44.43378655464848],[26.208819770754854,44.43365430148389],[26.209027096801954,44.43355410812819],[26.209233573632446,44.43347581225057],[26.209509647988654,44.433409369162064],[26.209684483744685,44.43336357928272],[26.2098024739598,44.43333431219797],[26.21017005044219,44.43324544599953],[26.210426938724336,44.433182455878594],[26.210680671734597,44.4331289764051],[26.210927297559945,44.43306303532927],[26.211080213434755,44.433024508145834],[26.211226841693044,44.433007244087975],[26.21134995400449,44.43300430020379],[26.211431651144338,44.432997697442524],[26.211533594468452,44.43300717643133],[26.211722004962482,44.43305726167139],[26.211866523603874,44.43309817947042],[26.212024228705555,44.43315274367961],[26.212203841233837,44.43322171542689],[26.212196015827534,44.43326007795301],[26.212284161441215,44.43330042279947],[26.21239716715226,44.433349824336275],[26.2126238834448,44.43344926750794],[26.21265284090118,44.433424294932635],[26.212712545714815,44.433460310451835],[26.21282961659789,44.43355018719134],[26.212954112639043,44.433650298215355],[26.213078897704957,44.43376416746713],[26.213264742885357,44.4339552406425],[26.213167948727982,44.433997306536355],[26.21341929888691,44.43425766040323],[26.213439303143304,44.43424779658566],[26.213518523560253,44.434331411116474],[26.213595174515348,44.434291974017576],[26.213739545644774,44.434430391404],[26.213883512328312,44.43454950729998],[26.214037488032368,44.434663690979534],[26.214201257688366,44.43476329638514],[26.214378338479534,44.43485550380761],[26.21454466407153,44.43491646082682],[26.21470707928048,44.43495090884668],[26.21487922466814,44.43496836710993],[26.21509749940898,44.434974626166756],[26.21528553000982,44.4349470008982],[26.215433893305505,44.434884810100264],[26.215590791210115,44.43473683502568],[26.216233885289242,44.433791205826644],[26.217170712966936,44.43244756466555],[26.21734843039653,44.43222341749837],[26.217718444514098,44.43185328543258],[26.217920406845366,44.43167656791495],[26.21810177998356,44.43155050143337],[26.218727033878995,44.431285420407704],[26.21877523055225,44.43126103911425],[26.218887070614535,44.43121571844836],[26.219074757672242,44.43115279126921],[26.219210393648495,44.431123863331585],[26.219482515307117,44.43112002665282],[26.21978574202054,44.43116168209767],[26.22002765989055,44.431200931660904],[26.220713462700875,44.43131226995293],[26.220987982914583,44.431358346401],[26.22142799889783,44.43142737866978],[26.221946534611153,44.4315107410213],[26.222205983869276,44.4315526578452],[26.22244944575895,44.43159467557126],[26.222685741796585,44.431680350091305],[26.223011367293935,44.431866820879314],[26.223346424281505,44.432059641540704],[26.22367960833743,44.43225110451716],[26.224072533350544,44.43247752262076],[26.224243568028314,44.43255605478068],[26.22446764341707,44.43260706318282],[26.22493978134193,44.43256268682103],[26.22521988157982,44.432536358557],[26.225255453042628,44.43252337300067],[26.22557252927188,44.4324076248915],[26.225552706041295,44.43234410479586],[26.225532882855035,44.43228058469683],[26.225524512197293,44.43225135902243],[26.225509743224183,44.43219979575992],[26.225492406585133,44.432139270010325],[26.225475532608783,44.43198350053764],[26.225459551880544,44.431835974640464],[26.225395977697303,44.43164490542826],[26.225427918461364,44.43154050526149],[26.22529098830895,44.431393822539306],[26.225238432279838,44.43126744469895],[26.225189209242952,44.43116207603151],[26.225003182784235,44.430763857728046],[26.224800837648104,44.43033069823722],[26.22477323421196,44.430335066516996],[26.224763173976452,44.43030900297538],[26.224744039574603,44.43025942845913],[26.22468283855871,44.43010087103434],[26.224617906112424,44.4299326410035],[26.224592099431167,44.42986578278923],[26.224536854403613,44.42972266269107],[26.224520096969794,44.42967926531988],[26.22447192319816,44.42955445057194],[26.224423265478674,44.42939430581894],[26.22441819796367,44.42937896585931],[26.224387473778474,44.42928597103207],[26.22415482495608,44.42858180370735],[26.2241405111079,44.42853870374175],[26.224059108224193,44.42837474666083],[26.223859155806846,44.427972013999984],[26.223858449163323,44.42797067163029],[26.223833041404728,44.427922048967055],[26.22362119625927,44.427967371952406],[26.223578864586727,44.42788285080917],[26.223565876371065,44.427845982595166],[26.223556549235244,44.42781949697755],[26.223494213631447,44.42769537569694],[26.22347778453589,44.427662684993535],[26.22342885408902,44.42753872408607],[26.223359379006077,44.42737274781027],[26.223343507897884,44.42733733293344],[26.22330424276519,44.42722732549872],[26.22328283680779,44.427197442915606],[26.223259256224118,44.42716450583686],[26.22324381889906,44.42710089724876],[26.22321542413319,44.42701907772819],[26.22318631329627,44.4269747234889],[26.223170935737503,44.426951293450045],[26.223147505534964,44.42695812710886],[26.22308011173215,44.42684595895891],[26.223004641852455,44.42671654385187],[26.22298788170191,44.42668361366806],[26.222935383822684,44.42669617207082],[26.22278890680372,44.42641489139428],[26.222748760030658,44.42634568277763],[26.22210657638812,44.4264885298508],[26.221741530509615,44.42656469941076],[26.221356506043954,44.42664347849597],[26.221204661825336,44.426660263369804],[26.2210636525127,44.426615575449425],[26.220900350291675,44.42635133234672],[26.220951268641695,44.42623656646148],[26.220963013300743,44.42616344661828],[26.22096482542227,44.426019025958055],[26.220956902370403,44.42597509131114],[26.22079713239993,44.425482363867616],[26.2219993948936,44.4251837111995],[26.222067118559732,44.42516603786495],[26.223048895736245,44.42487530375908],[26.224460754156723,44.424457188858284],[26.224297326769598,44.42407888204262],[26.224000048624063,44.4241464111217],[26.223343688045894,44.42266538851779],[26.223199497323407,44.42234002353465],[26.223183889516825,44.42231283208134],[26.22317186002867,44.42231588781832],[26.223153511124842,44.422321208255305],[26.223052805256852,44.422345702625684],[26.222868741377415,44.422383612375654],[26.222645125634923,44.42184149855068],[26.222598707930327,44.42172896838832],[26.22255973339314,44.421634479546526],[26.2223312379587,44.42108052331159],[26.222200932856786,44.42076461247817],[26.222155945770186,44.42051896913596],[26.221794145386173,44.41937341077684],[26.22141218706279,44.41814971333808],[26.220539176969233,44.418287827544454],[26.218274574437423,44.418639704363535],[26.21775565635883,44.41700208530123],[26.21778073621005,44.41637514994399],[26.21784244762954,44.41587527722302],[26.217873336211685,44.41562507138951],[26.217886492001732,44.41551849964132],[26.21799038462934,44.41467691972784],[26.21800616438717,44.41448051006794],[26.218021701481998,44.41428713253409],[26.21806747879386,44.41371733769869],[26.218136122348326,44.41286290849386],[26.21814854633612,44.41270826502924],[26.218152160369005,44.41266330273175],[26.21815218009158,44.4126631063119],[26.218152187382717,44.41266303513061],[26.218152194711738,44.412662965749035],[26.21815221568978,44.41266276931551],[26.218152221971803,44.41266270984556],[26.21815229291246,44.41266202370527],[26.218152297053116,44.412661981809094],[26.21815231367257,44.412661816923794],[26.218152318907674,44.412661767365535],[26.21815234291297,44.4126615357981],[26.21815235244966,44.41266145199217],[26.218152362768237,44.412661345676966],[26.21815260719921,44.412658999354576],[26.218152659435795,44.41265849837279],[26.21815271062538,44.412658007302625],[26.218152727188,44.412657839717845],[26.218152742874185,44.41265769014318],[26.21815293289877,44.412655861026565],[26.218153057302963,44.41265467254115],[26.218153073884523,44.412654505856196],[26.218153185573122,44.41265342911205],[26.218153189799022,44.4126533912651],[26.218153273313174,44.41265258663488],[26.218153316164607,44.41265217665759],[26.218153402876595,44.41265134499189],[26.218153473826614,44.41265065930143],[26.218153696175726,44.4126485166247],[26.218153707673814,44.4126484066966],[26.218154043805406,44.41264516745242],[26.218154155569742,44.41264409430762],[26.218154594137307,44.41263987562259],[26.218154768608205,44.412638202379405],[26.21815496915952,44.4126362768457],[26.21815504424078,44.41263554880917],[26.21815514446903,44.41263458379278],[26.218155827372463,44.41262801428619],[26.218155878599884,44.41262752501572],[26.218155967386856,44.41262667262684],[26.218156308734354,44.4126233829245],[26.21815648101644,44.412621725005515],[26.218157027216662,44.41261647552179],[26.218157677662553,44.41261021327658],[26.218157792340364,44.412609099598896],[26.218157811243312,44.412608923888484],[26.218158095175855,44.41260618742574],[26.21815866012709,44.4126007550331],[26.218159796197796,44.412589825378866],[26.21815989429401,44.41258887838612],[26.21816256519545,44.41256317613572],[26.21816321246132,44.41255694182578],[26.218164339145194,44.41254610317614],[26.218166561177547,44.412524726825716],[26.21816728158103,44.41251779150133],[26.218167651347894,44.412514241382794],[26.21816801567127,44.41251073092461],[26.218168241179207,44.41250855941269],[26.218168872871463,44.41250248007641],[26.218173119386485,44.41246161687566],[26.218178773459048,44.41240721279638],[26.218180322882805,44.41239229873759],[26.218182742123076,44.41236901759018],[26.21819131976503,44.41228648114568],[26.21819297786146,44.41227052637646],[26.21819767743086,44.41222529942857],[26.21819893566336,44.412213194813404],[26.218205258876935,44.412152345579905],[26.218205839297305,44.412146753714495],[26.218212156404704,44.41208597294904],[26.218218964009388,44.4120204590195],[26.218226354432026,44.41194934869812],[26.218229146272424,44.41192247509956],[26.218246909981648,44.41175154362926],[26.218254472350544,44.41167876279119],[26.218270339836263,44.411526078341296],[26.218281196264144,44.411421596109044],[26.218291161203307,44.41132570440724],[26.218291896349562,44.41131863571836],[26.21836009930635,44.41066230157663],[26.21838947120366,44.41037964798426],[26.21840647264442,44.41021602939236],[26.21843442946658,44.40994699235781],[26.2184597413954,44.40970340168386],[26.218478724148046,44.40952071791469],[26.21848633092258,44.409447508174146],[26.21850865124945,44.40923270132144],[26.218510560558915,44.40888748314542],[26.21851163145317,44.40869236845244],[26.218511879712597,44.408646973652985],[26.218511881247533,44.40864680803083],[26.218498157383134,44.40854625305768],[26.21847471535116,44.40837449475046],[26.218454117643546,44.40831319154852],[26.218433018996905,44.40825039701296],[26.218393080317227,44.408131532821656],[26.218391330962078,44.40812632797305],[26.218345229449497,44.40798912212614],[26.218329851237993,44.407953813806586],[26.218250670247695,44.40777202007538],[26.218244640923835,44.40775817713322],[26.21814924828473,44.40760099721124],[26.217873216059356,44.40714617423186],[26.21781622224383,44.40713247556893],[26.217735155890434,44.40711299076841],[26.217699296187313,44.40710887205325],[26.217601467380568,44.40709763536498],[26.217401669111585,44.40707468537636],[26.217310588953175,44.40706422331285],[26.21709756008204,44.40706402364205],[26.21675525226088,44.407005758105555],[26.21653757557085,44.406968705472345],[26.21602487304611,44.406906320013164],[26.21590362422854,44.406891566305134],[26.215329957654795,44.4068217590029],[26.214970259190387,44.406767994068204],[26.214186377257896,44.40665082096973],[26.21341979355316,44.40656041553762],[26.21278629984946,44.40648570111877],[26.212786111034045,44.40648567795131],[26.211767677167224,44.40636102243778],[26.211537859424144,44.40637856867797],[26.211365305740035,44.40637197535537],[26.211172974939185,44.40636435962272],[26.211385125742183,44.405995117926146],[26.21139224146863,44.40598273438651],[26.211694955201885,44.40545586243578],[26.21173338577193,44.405388972788074],[26.211840215313483,44.4052353943488],[26.21175360412202,44.40520300631465],[26.211675471093717,44.40514451525347],[26.211624821519713,44.40508610107081],[26.21158119715223,44.405014520362954],[26.211593847907885,44.404989947569874],[26.211690144576206,44.40480289980205],[26.21180814578848,44.40469735050664],[26.211960732574255,44.404613671315346],[26.21191772847325,44.404555226291016],[26.211913078888628,44.404548906819684],[26.211798112505008,44.40456714189113],[26.208496731182862,44.40509074319585],[26.208491690689137,44.4050791554102],[26.208424794094984,44.40492535807773],[26.20846666589168,44.4049187885802],[26.208301859678564,44.404330803995094],[26.20808193749745,44.403502031742065],[26.208041531923513,44.40335324040329],[26.208689032679423,44.403259224043424],[26.208671165312,44.40306554059699],[26.208989386690103,44.40299752614397],[26.208993805049204,44.40300523875976],[26.209054962474937,44.40311199253499],[26.20919151389192,44.40337388299017],[26.209506812298034,44.40398028294136],[26.209795044848352,44.403897454315434],[26.209845481625933,44.40382733034847],[26.210062063750467,44.4038081242705],[26.210429855762715,44.40408904718653],[26.21099573675148,44.4039463410084],[26.211240875579218,44.40388451971791],[26.21148522492226,44.40377181153817],[26.211575965934884,44.403682829608975],[26.211837326221733,44.40343974573575],[26.21194191917545,44.40332559184142],[26.21194830049266,44.40331862714498],[26.212088150913782,44.40319857560041],[26.2121436008624,44.403136531095825],[26.212362102879077,44.40321333302149],[26.212473664219175,44.40304162324843],[26.212494162763875,44.40301007343765],[26.212601601518223,44.40284470812593],[26.212785535338117,44.40256160336362],[26.212709969343273,44.402539284571674],[26.212736139374805,44.40248111648317],[26.212769595631173,44.402406755801636],[26.212816375343383,44.402317873659236],[26.2128327545959,44.40228675516101],[26.21284810628818,44.40225758548964],[26.212865944018215,44.402223696289894],[26.21290294331214,44.40211862621762],[26.212916303348972,44.402080688303094],[26.212831647632317,44.4019452096328],[26.212858129766392,44.40175001862481],[26.212859508694752,44.401739855945834],[26.212776818255556,44.40166758311819],[26.212694103220812,44.40154678992888],[26.212709312351112,44.40144940500935],[26.212731359902545,44.40140847187206],[26.212745559986,44.40138210830709],[26.212770615270298,44.40133559319274],[26.212899432786454,44.401206010224534],[26.212971183912842,44.40113383361454],[26.2129660241268,44.4011022018669],[26.21294397295319,44.40096700030281],[26.212890284935202,44.40083308720808],[26.21295665930079,44.400648613390636],[26.21301187977566,44.400530311007806],[26.213033012290357,44.4004850387269],[26.21310335573242,44.40034083436971],[26.21311156185108,44.400323203505735],[26.213149643346174,44.400241393750065],[26.21315576880305,44.400228234140485],[26.213173216586952,44.40010953215824],[26.21322910366656,44.39998714175529],[26.21326914918586,44.39986872462043],[26.213398266087346,44.399607688608405],[26.21371968527745,44.399644788305885],[26.214022090791268,44.39928079701159],[26.214033644829122,44.399266889408516],[26.214085898791925,44.39920399365845],[26.214086450212147,44.39906461281725],[26.21408712622021,44.39889346500988],[26.214087275060297,44.39885591149448],[26.214086462842165,44.39885465481021],[26.214047726892026,44.39879472457286],[26.21403940622877,44.39878185115746],[26.213977009861644,44.39868531618124],[26.211741590438074,44.39860471508935],[26.211770948300938,44.398384335845805],[26.211774314780975,44.39835319462564],[26.21179909871182,44.39812391920938],[26.211845423856648,44.39769536882165],[26.21186134811029,44.397548051754896],[26.211873032073722,44.3974399648702],[26.2118783134453,44.397391103976055],[26.21193565231562,44.39686065169359],[26.21196777335461,44.39656349093215],[26.211993876734724,44.39632199960429],[26.21200291433939,44.39623838957374],[26.212004916548658,44.39621986253475],[26.212014507350354,44.396131138887114],[26.2120165853135,44.39611191351043],[26.212020773773734,44.39607315819727],[26.212027595637885,44.39601005036591],[26.212036756116778,44.395925298675174],[26.212043348665524,44.39586431017891],[26.212043917548094,44.395859045188494],[26.21204804411702,44.39582087285947],[26.21205160168649,44.39578796012191],[26.212055968958317,44.39574755493098],[26.21205799429934,44.39572881523572],[26.21205854415002,44.395723720555516],[26.212059372922685,44.395716059591635],[26.212059611577196,44.39571384835261],[26.21205962312151,44.39571374022487],[26.212060059605204,44.395709706098614],[26.212060878683786,44.39570212174149],[26.21206097951483,44.3957011819263],[26.212061299224594,44.39569822549114],[26.212062480187157,44.39568730083273],[26.212063181726293,44.39568081757571],[26.212063623335236,44.39567672849251],[26.21206512825395,44.39566281045199],[26.212065172335606,44.3956623977644],[26.21206543426679,44.3956599792683],[26.21206585697799,44.395656066794054],[26.212065945273334,44.39565524771767],[26.212066284890213,44.39565210296227],[26.212066375413052,44.39565127036151],[26.212066417399154,44.39565087749709],[26.21206644683096,44.39565060447161],[26.212066525181907,44.395649880005266],[26.212066547831387,44.39564967275483],[26.212066558346848,44.39564957543861],[26.21206657101426,44.39564946099861],[26.212066595150702,44.395649234831644],[26.21206662046671,44.39564900505189],[26.21206664778414,44.39564875094976],[26.212066676149334,44.395648486936025],[26.21206674085094,44.39564788997068],[26.2120667539292,44.39564776517591],[26.212074992222636,44.39557155388096],[26.212129050669237,44.39507146332156],[26.21119199271166,44.39502788893792],[26.20869234616677,44.39491161245038],[26.205010620166085,44.39475422498359],[26.204376268719137,44.394733245419935],[26.197339119188186,44.39443243772964],[26.1940067340685,44.394295645534946],[26.19117193908523,44.394168603859505],[26.188264473783274,44.39404442679503],[26.185691197095053,44.39393316292629],[26.1836705067969,44.39384094594519],[26.182180725276616,44.393785259652475],[26.180924421357,44.39383345249375],[26.18061747361014,44.3938629787834],[26.179984248336133,44.393914743183295],[26.17958582933695,44.39396645671898],[26.179211091101138,44.3940179118649],[26.17778261324613,44.39431868259625],[26.174937635407574,44.39503755183037],[26.172702580853432,44.3955956805486],[26.161928202086614,44.398311723023944],[26.161906985082034,44.39827662046814],[26.161876120221823,44.39822554300947]]},"properties":{"name":"București","type":"line"}}]}