{"type": "FeatureCollection", "name": "bucuresti_sectoare", "crs": {"type": "name", "properties": {"name": "urn:ogc:def:crs:OGC:1.3:CRS84"}}, "features": [{"type": "Feature", "properties": {"id": 3169, "natCode": 179141, "name": "BucureșTi Sectorul 1", "natLevName": "Sectoarele municipiului Bucuresti", "countyId": 40, "countyCode": 403, "county": "București", "countyMn": "B", "regionId": 8, "regionCode": 886, "region": "București-Ilfov", "version": "2025-03-26", "displayName": "Sector 1", "sectorNumber": 1}, "geometry": {"type": "Polygon", "coordinates": [[[26.104478141898724, 44.53954401393095], [26.104396986100284, 44.53930529081947], [26.10433613367122, 44.539126288136465], [26.104335489315325, 44.539120764678024], [26.104220785179873, 44.538136628809454], [26.10419260892121, 44.537894877446114], [26.104187701676675, 44.53785276551454], [26.104150767244306, 44.53753586931668], [26.10415034246185, 44.53753208526073], [26.104102230352147, 44.53710343139949], [26.10373554505746, 44.53383630316368], [26.10366284003385, 44.53331913108185], [26.10342309927575, 44.53161371196783], [26.103421871578124, 44.53160498111907], [26.103380795009066, 44.53131276718872], [26.10327771703646, 44.530646660498554], [26.103163307265877, 44.529907303419066], [26.103151395967828, 44.52983032544733], [26.103205178689816, 44.52963804662696], [26.103411792488586, 44.52921945708129], [26.103656932748837, 44.528722806881085], [26.104152958304496, 44.5278620513774], [26.104911654127314, 44.52654543094985], [26.104920603787576, 44.526402441442606], [26.104796472987967, 44.52457273118958], [26.10477928782312, 44.52431938990361], [26.104757604055358, 44.52399975711703], [26.104757428426282, 44.52399728646411], [26.104715846749166, 44.523411962710846], [26.10470422041602, 44.52324831494227], [26.104512041815603, 44.52054299375072], [26.10450304181301, 44.52051353584889], [26.10432942731919, 44.519945245249716], [26.10432771429766, 44.51985573367312], [26.10437831813452, 44.51981406443246], [26.104450949220677, 44.51975425533924], [26.104533927688276, 44.51964242677746], [26.10472334121377, 44.51933617366491], [26.104977392923093, 44.51887393037275], [26.104918030903214, 44.51861501110594], [26.10490898151775, 44.51857554452699], [26.106227696654393, 44.51840813673914], [26.106157490970826, 44.517572092350385], [26.105752074529036, 44.51757964998493], [26.10558104156379, 44.515969817120094], [26.105536368248423, 44.515538913881436], [26.104821493546815, 44.51557862661093], [26.10490454912723, 44.516506181000516], [26.104915852050887, 44.51663202894025], [26.104456047101802, 44.51664391492429], [26.104396537708652, 44.51632327845877], [26.104368033534495, 44.51617143521704], [26.10436155883923, 44.516128234370534], [26.10434845238426, 44.516074379175016], [26.104310278027953, 44.5158924437644], [26.104241553136188, 44.515546336759996], [26.10425836541289, 44.51554669409031], [26.104257227286173, 44.515534545880875], [26.104403987239678, 44.515394296196185], [26.104278765696396, 44.51522107347473], [26.10405006431561, 44.5152257940303], [26.103992129693633, 44.51491074103495], [26.103813536736297, 44.513939509148116], [26.103735928295027, 44.51351744745482], [26.10368368566059, 44.513263724912], [26.10352943863126, 44.51263196566931], [26.10323113609234, 44.511460733713974], [26.10304233697058, 44.510726010659845], [26.10295804087615, 44.510259971211944], [26.10288955236706, 44.50972302870627], [26.10288372960162, 44.50930552846108], [26.102890200923195, 44.50920482332728], [26.10293027075977, 44.5085811587117], [26.103236872798053, 44.50748628724802], [26.103456326315918, 44.50677352633095], [26.103588035708405, 44.506345743387], [26.10395372038191, 44.50517885735369], [26.10397847480792, 44.50510315223245], [26.10404165457516, 44.50490993597056], [26.104880576860545, 44.50509431342458], [26.105149048167885, 44.505153316230526], [26.106240843787454, 44.50540294541759], [26.107253122452086, 44.50562720844063], [26.10873295799102, 44.50592040108745], [26.109075646522903, 44.50505311519571], [26.109160178615237, 44.50483917608541], [26.109199840331385, 44.504740676631265], [26.109208790327127, 44.50471844881082], [26.10975725737216, 44.50335626233624], [26.10961593309018, 44.503320487959606], [26.109148765436917, 44.50324594566493], [26.107923053788223, 44.502994214983424], [26.107685122895923, 44.50294534821228], [26.106960138397866, 44.50277663226481], [26.106325855864362, 44.50264204508177], [26.106339442601882, 44.50261649139076], [26.106351179652776, 44.502593576729076], [26.104808766380806, 44.502275391591276], [26.10478737032261, 44.502112521110845], [26.10474460060219, 44.50196826564485], [26.104664454559547, 44.501851503253164], [26.104589556293888, 44.501777505411056], [26.10454211478763, 44.50173063345393], [26.10447804603637, 44.50168378940074], [26.104461142517604, 44.50167450746114], [26.1043956673965, 44.50163854945452], [26.10472917633514, 44.501146961403975], [26.105258079798297, 44.500323470149475], [26.105307620687, 44.500341628387446], [26.105560124999837, 44.500426274498544], [26.10555966372361, 44.50042320093443], [26.10556055741354, 44.500417990019145], [26.105816008067844, 44.49975692621362], [26.105889682629105, 44.49956626192527], [26.10591483248256, 44.4995012133037], [26.105968449100907, 44.49936243424897], [26.10602207803737, 44.49922365504774], [26.106037713353917, 44.49918317146396], [26.106039678466722, 44.49917835774297], [26.106055922768064, 44.499138549500415], [26.10607592527434, 44.499094314949645], [26.10609307609125, 44.49905942364745], [26.106111461451196, 44.49902464623097], [26.106131794290054, 44.49899371981097], [26.106491402876067, 44.49853924120338], [26.10654326691521, 44.49847054608926], [26.10659163520735, 44.4984005532331], [26.10663642164957, 44.49832936248786], [26.106677590086406, 44.49825705521496], [26.10671506681724, 44.49818372214477], [26.10674882877869, 44.49810947151069], [26.106774842684445, 44.498044972226104], [26.10679801697359, 44.49797994280348], [26.106815502091166, 44.49795334634525], [26.106860877582736, 44.49775220399205], [26.106908669550567, 44.49756732205739], [26.106918685874607, 44.49752857388012], [26.10694398023632, 44.497430501658485], [26.10695611295249, 44.497387100259814], [26.106979240457964, 44.49731703111469], [26.10700678556008, 44.49724781860302], [26.107038547945894, 44.497179509690305], [26.10707453105267, 44.497112284344205], [26.10711463670301, 44.497046269528646], [26.107158804610823, 44.496981600835184], [26.107206923338566, 44.49691836935623], [26.10725897170081, 44.49685678230079], [26.107314762137587, 44.49679689550751], [26.107374208188254, 44.496738790822576], [26.10748233638758, 44.496593760291645], [26.107663924150028, 44.4966557787273], [26.107742644843572, 44.49654251084421], [26.10783967074326, 44.49639525081289], [26.10881054016038, 44.496831115974764], [26.10890780928358, 44.49681082648025], [26.109493517523212, 44.49585562507408], [26.10955661510037, 44.49575272048907], [26.11023559702525, 44.49464535744932], [26.11042677948479, 44.49433354651444], [26.111238539278755, 44.49302015910655], [26.11136945800634, 44.492794265861356], [26.11138772009243, 44.492762757680104], [26.111675734418952, 44.4922802808154], [26.111747520669635, 44.492135398476485], [26.11175205223425, 44.49212625271423], [26.1117741566478, 44.49204394330438], [26.111677526086357, 44.491988969744995], [26.111125150469384, 44.49167471672887], [26.11107900141917, 44.49164846161577], [26.11065646261879, 44.49140806946489], [26.110644869491328, 44.490732066315296], [26.110947689338936, 44.49056666314018], [26.111004008548036, 44.49053176569664], [26.11142909548731, 44.49026836441148], [26.111759319344735, 44.48996377880086], [26.112086276069313, 44.48972345929363], [26.112274691639104, 44.489583865427186], [26.112678538958658, 44.48928465985475], [26.11336286945522, 44.48877763486112], [26.113599923137823, 44.48860199823909], [26.113899027885278, 44.488380383842035], [26.11391288645607, 44.488370115278265], [26.11392672625282, 44.48835985139842], [26.114290520347108, 44.488090024788825], [26.11456941826217, 44.48788316359524], [26.114572644830755, 44.48788077181809], [26.114743686699256, 44.487753951357476], [26.114716448101504, 44.48771717570343], [26.11473923214083, 44.48770099468849], [26.114864550275456, 44.48761199176419], [26.11487071552034, 44.48755165603748], [26.114834808362804, 44.487385612092076], [26.11475165858298, 44.48712117496256], [26.11081881595097, 44.487569300566186], [26.110818806677944, 44.487569210654996], [26.110742559694206, 44.48710870979871], [26.109398345262285, 44.487255089671905], [26.109335077810734, 44.487033453835295], [26.106812914205825, 44.48744365945197], [26.10548180358025, 44.48758124248945], [26.105481810777594, 44.48758115871646], [26.105778239069988, 44.484988034895764], [26.10569992644792, 44.48494961795521], [26.105699924794152, 44.484949531569036], [26.10569758611086, 44.48487189404646], [26.105754479012784, 44.48477265440168], [26.107684304149885, 44.48298263463933], [26.107684248188505, 44.48298260098843], [26.107623270330862, 44.4829459167681], [26.10561761751419, 44.48473099843766], [26.10296500327023, 44.484930670665356], [26.102965016859144, 44.48493059223023], [26.103806136532, 44.48070045583066], [26.10360844919488, 44.48073792759666], [26.10361694225491, 44.48079516520136], [26.103616952634816, 44.48079524790204], [26.103180653731954, 44.482921094064466], [26.10318064150393, 44.48292117788646], [26.103240132846597, 44.482925535756465], [26.10285254217122, 44.484947273266016], [26.102852526119808, 44.48494735442538], [26.102710785686327, 44.48566817178142], [26.102710783876724, 44.48566820870015], [26.102793847959777, 44.48600490888814], [26.102793862093453, 44.48600499065214], [26.102693868106027, 44.48612378592753], [26.10243211143353, 44.48613263698654], [26.102432101002666, 44.486132551586174], [26.10217692850657, 44.48467315857464], [26.10181723126719, 44.48270278826429], [26.101817212039325, 44.482702702949865], [26.101712940674815, 44.48227784415525], [26.101712925200804, 44.482277757904164], [26.101662408423284, 44.48192821144588], [26.101662405656057, 44.48192813227074], [26.101666578952578, 44.48172957303811], [26.101783279300378, 44.48172304192655], [26.101783280252263, 44.48172296001496], [26.101783392874836, 44.48159902641979], [26.10178340391638, 44.481598946209594], [26.10183997495969, 44.48132652088219], [26.101936207577268, 44.481094191734236], [26.1027268235898, 44.48048761704446], [26.102726757561403, 44.480487582589646], [26.10226062973817, 44.4802409431188], [26.102260625575976, 44.48024085675714], [26.102255183997155, 44.48016564812252], [26.102361575494637, 44.48005504927672], [26.10236151476924, 44.480055029170146], [26.101742719856155, 44.479850202847395], [26.10174276121706, 44.479850130441015], [26.102285899806528, 44.478899027510316], [26.102775472338234, 44.47904402261598], [26.102775521647892, 44.47904403743392], [26.10272892308338, 44.479125207622694], [26.10272887927922, 44.47912528365341], [26.10281476391256, 44.479148311879506], [26.102861905458433, 44.47906674753017], [26.10316617126903, 44.479155505383616], [26.103166210455253, 44.479155516700295], [26.103125260327374, 44.479232991163464], [26.103125216626765, 44.479233072593495], [26.103254869745765, 44.479267272460476], [26.103306042503796, 44.47918947106142], [26.103596982428304, 44.479269638782775], [26.10398138808563, 44.478999830007176], [26.104635718723483, 44.478507354356154], [26.10502376939656, 44.47816686331754], [26.105414459511348, 44.477774625114726], [26.10593375753794, 44.47714380766435], [26.105933700653754, 44.477143791122074], [26.10458395671155, 44.476749709454275], [26.104583991885804, 44.47674964250761], [26.104762669965467, 44.47641073187507], [26.104905235921176, 44.47613732061136], [26.1049052267454, 44.47613723519903], [26.10486338399259, 44.475792241209525], [26.104047661142978, 44.47584495452688], [26.10381859402174, 44.47587322990311], [26.10381863751264, 44.47587313767464], [26.103892150886345, 44.47571794367369], [26.103892124098337, 44.4757179232355], [26.103823941820416, 44.4756651602578], [26.103806336242826, 44.47560721452424], [26.103806345471835, 44.47560717123258], [26.103815956309358, 44.47556603417709], [26.104201431967198, 44.47504351692132], [26.104739845791727, 44.474321678234176], [26.104969001461804, 44.4740009200228], [26.105076214844395, 44.47380186240441], [26.105172996273858, 44.4735569625422], [26.10517304353102, 44.47355687027628], [26.105224222707122, 44.47345667082134], [26.10535096024612, 44.47314291403251], [26.105494749471088, 44.47280037624218], [26.105549551666524, 44.472584325045986], [26.10554122021101, 44.472332522337446], [26.105500580449196, 44.472143265182645], [26.105462945009705, 44.472056224919655], [26.10550652726927, 44.472054330328675], [26.10562729216385, 44.472049081901304], [26.106080326429197, 44.47202373028721], [26.106080278397776, 44.472023650656446], [26.10597881803782, 44.471852083903435], [26.105978860490104, 44.471852069086445], [26.106341451061297, 44.471723259708945], [26.106341408315043, 44.471723193526785], [26.106216917243497, 44.471528207657144], [26.105808404919262, 44.47165147311918], [26.10545828438335, 44.47175331701842], [26.10542111408083, 44.4716916879714], [26.10542115405426, 44.47169167497895], [26.105748785964284, 44.47158763800236], [26.10574874311556, 44.47158756642086], [26.105538780267324, 44.47122965634375], [26.105447492733976, 44.47125793514889], [26.10538331592321, 44.47114444251], [26.105129889185434, 44.47122209372059], [26.105095582843877, 44.4711499494004], [26.10536036925292, 44.471067100799644], [26.105360323822747, 44.47106702564321], [26.105291189467025, 44.47095054310223], [26.10529122570435, 44.47095053194649], [26.10536167817312, 44.47092849770746], [26.105361634068604, 44.47092842613814], [26.10521314050892, 44.47068518672536], [26.105148726576495, 44.470579938710635], [26.104808713785243, 44.470688780872706], [26.104767213561743, 44.470602961818166], [26.10476724981616, 44.47060295156251], [26.105476441389463, 44.47039618743412], [26.105476398524754, 44.470396114952614], [26.105208685165486, 44.46994571283785], [26.10486049958939, 44.470054004412084], [26.10480493966627, 44.469962379468576], [26.10444181670724, 44.47007529921585], [26.10439020081024, 44.469995799242604], [26.10439024703165, 44.4699957843892], [26.10469631665158, 44.46989832223929], [26.104696276249925, 44.46989824703329], [26.104695818610576, 44.469897385696356], [26.104571173780833, 44.46966315222674], [26.104513174891682, 44.46954889924336], [26.104181335454612, 44.46965056902534], [26.104114473103333, 44.469556079921105], [26.104113738102807, 44.46955504219472], [26.104113786854438, 44.469555028216675], [26.10446378277086, 44.46945598335065], [26.104463744969127, 44.46945591261924], [26.104326518951474, 44.46919870488603], [26.10413811033624, 44.46925878993026], [26.10406687205276, 44.46914305450836], [26.103871793278163, 44.46919729490115], [26.10381703676815, 44.46911358452927], [26.103817088015575, 44.46911356962685], [26.105193043749814, 44.46872043460289], [26.10519300598203, 44.46872036567146], [26.105040573801933, 44.46844092524943], [26.10362593899307, 44.468849427163555], [26.103581029343466, 44.468756757704185], [26.103726640488688, 44.4687151004753], [26.103726597627354, 44.468715027993184], [26.1036705889626, 44.46862001381733], [26.103519332897083, 44.46833541801981], [26.10332768657559, 44.468391580517014], [26.103268157607427, 44.468306990494106], [26.103268206375407, 44.468306977416354], [26.103454337385678, 44.46826009607523], [26.10345429573018, 44.46826002088114], [26.103256783101635, 44.46790169862494], [26.10303624861247, 44.46797455720318], [26.102972729107147, 44.46788116335723], [26.102972784072023, 44.467881145718714], [26.103363829821724, 44.46775704626533], [26.103363784602973, 44.46775698190636], [26.103252634930605, 44.467595637464406], [26.103126030783457, 44.46763971538962], [26.10303406192816, 44.467508747777366], [26.102785286836294, 44.467600943916004], [26.102724939599774, 44.46751198480953], [26.102724983306416, 44.467511969981466], [26.103142589939406, 44.46737223984794], [26.103142543395805, 44.46737217190177], [26.10303133327805, 44.467210749541614], [26.103031384472477, 44.46721073194007], [26.10343258400346, 44.467070279301666], [26.103432541178105, 44.46707020861917], [26.103284887380873, 44.46683247663387], [26.102485117835304, 44.466972454955794], [26.10245673828932, 44.46689767422255], [26.10262081597472, 44.46686859827355], [26.102620804376503, 44.466868517384874], [26.102555053819238, 44.46651239126661], [26.102352624272644, 44.46655064725601], [26.10235261258912, 44.46655056186806], [26.102337988533638, 44.466473629585884], [26.102511822502095, 44.46644169257346], [26.10251181219513, 44.46644161347218], [26.102452658235467, 44.46608737941729], [26.1021810929906, 44.466117151950606], [26.10218108137608, 44.46611707016201], [26.10211729183497, 44.4658185666673], [26.10250155067907, 44.4657815859518], [26.10250154026923, 44.46578150145143], [26.102459305269182, 44.46554909290931], [26.102459287285715, 44.465549006682956], [26.102205879638557, 44.464321397083054], [26.10220586551122, 44.464321315319104], [26.10218993535513, 44.46422857699003], [26.102189929903542, 44.46422848884102], [26.102189297768398, 44.46417689576199], [26.102189287290678, 44.46417680766217], [26.10213770847527, 44.46389354188719], [26.102129379866888, 44.46385894543596], [26.10181346493439, 44.46388879000187], [26.10176172129227, 44.46358463883191], [26.101761708353752, 44.46358455345621], [26.10171070168354, 44.46335001369648], [26.102028703655158, 44.463322407152994], [26.102028690699136, 44.46332232087742], [26.10196283323623, 44.462986998719906], [26.10196281781875, 44.46298691516841], [26.10184809277777, 44.46236400748864], [26.10154378503345, 44.46239619939569], [26.101543774608512, 44.46239611399539], [26.10153538506327, 44.46233587282904], [26.10182627457238, 44.46230659232813], [26.101826262942026, 44.46230650963974], [26.10175800563873, 44.46194656641503], [26.10147225549725, 44.46197947850483], [26.10147224755127, 44.461979391280174], [26.101460146856724, 44.46189751292065], [26.10159330816619, 44.4618842012283], [26.10159329908354, 44.46188412031496], [26.10152987393744, 44.46154722073353], [26.10140895657677, 44.461563776959444], [26.10139583754288, 44.46148780280437], [26.101515298549707, 44.46147594545166], [26.10148699400829, 44.461336446691334], [26.10152126954464, 44.46132741289325], [26.10152125794923, 44.46132733200444], [26.101455294333157, 44.461032251606184], [26.101270253684607, 44.46105284648852], [26.101270249628413, 44.461052765526055], [26.10126514567259, 44.46095170496858], [26.101596699372262, 44.460921717973775], [26.101596687622457, 44.46092162898627], [26.101431848840722, 44.46003230987111], [26.10104886046881, 44.46007008831812], [26.10103655429028, 44.459982383383654], [26.10134359640608, 44.459951758204106], [26.101358937708834, 44.45995022761377], [26.10108937927453, 44.45855644340145], [26.101078381215068, 44.458557506702576], [26.10081175968431, 44.45858328388019], [26.100811749278343, 44.458583199379646], [26.10079509249619, 44.458475527615796], [26.101034879471147, 44.45845122323386], [26.101034874056246, 44.45845113688459], [26.101000389790773, 44.45816216944902], [26.100981031608292, 44.45804173117958], [26.100968965799225, 44.45782741942108], [26.100972394731073, 44.45782752901951], [26.101082343179616, 44.45783104653786], [26.10109734021024, 44.45783152639693], [26.101098653358537, 44.45759491903222], [26.10113175749712, 44.45711925270597], [26.10149907155516, 44.45713720446191], [26.10147367428589, 44.457018197855355], [26.101375397981233, 44.456482518760936], [26.101349081628516, 44.45630937931799], [26.10130610909042, 44.456107544332575], [26.101262466543435, 44.45593694218981], [26.101179823339653, 44.45593202037501], [26.101180730384325, 44.45557636283247], [26.101202793039317, 44.455573962846586], [26.10120348875618, 44.455115077415925], [26.10083205158038, 44.45510837213553], [26.100854263019922, 44.454706113876895], [26.10085444335017, 44.45470284863096], [26.10123588920371, 44.454718468832425], [26.101269135025156, 44.45471983052719], [26.10130844443727, 44.45457943149434], [26.10133154901568, 44.45457627247772], [26.101343682763417, 44.45453626034459], [26.101362018016285, 44.45448716755766], [26.10140314429843, 44.454409298741695], [26.101434037286968, 44.45435485224963], [26.101462955108786, 44.45431096702969], [26.10151591947202, 44.45425487460558], [26.101554406850124, 44.454219217418846], [26.10161585052816, 44.45416834678252], [26.101718858612575, 44.45408208398928], [26.101808601103688, 44.45401131962317], [26.101873617884763, 44.45395991708993], [26.101927627864193, 44.453915867354574], [26.101968103804637, 44.453899056862326], [26.10220230682494, 44.4538465869923], [26.102257912436098, 44.45355550652178], [26.102261837009458, 44.45349852816019], [26.102171708145022, 44.45349880865604], [26.10102537699659, 44.453502371880234], [26.10102533260319, 44.45350116268296], [26.101022976292693, 44.453437553177054], [26.101019088690446, 44.453252318716196], [26.101177433260528, 44.453246696829595], [26.101173130253798, 44.45319389582988], [26.101437724431968, 44.45319472328311], [26.10143170812724, 44.45284495212125], [26.101278062202663, 44.45280727513506], [26.10117304629272, 44.4527558005201], [26.101124169592087, 44.45272484310479], [26.10109591468771, 44.452661348107476], [26.101132938520635, 44.452516382267966], [26.101520003408734, 44.45257646705927], [26.1016188380526, 44.45233154768617], [26.101683583617714, 44.451924354394144], [26.10168455528909, 44.45185699436804], [26.101691238050154, 44.4517102036654], [26.101703770403937, 44.45161935339732], [26.101703732647334, 44.4516193501664], [26.10149085319305, 44.45159940082044], [26.10143786319687, 44.451566975322415], [26.101437888309626, 44.45156690847526], [26.101511465634726, 44.451369112917206], [26.1023446537407, 44.451516580690324], [26.1023853080676, 44.45141460271231], [26.10238545439874, 44.45141423767122], [26.102527429414806, 44.45143471449364], [26.102541097487375, 44.451436685894926], [26.10259516440233, 44.45127317521014], [26.102666733804753, 44.4511078803629], [26.1028442432742, 44.45114793461315], [26.10305701745329, 44.45119594514665], [26.103074386575646, 44.451199863898985], [26.103103380552376, 44.45108755414925], [26.1031565730532, 44.450918881117495], [26.103174403100745, 44.450856490638344], [26.103348625918883, 44.45086893386208], [26.103381345293403, 44.45068760168457], [26.10338681669933, 44.45051523147617], [26.103389104977598, 44.45030847465983], [26.103371394754703, 44.450306289142404], [26.103308767937545, 44.45029856103475], [26.103308979191823, 44.45029587059709], [26.10332219001455, 44.45012735230693], [26.103649860972077, 44.450154555666344], [26.10370038826442, 44.449824694546066], [26.10378813957047, 44.449831408570745], [26.103808131453935, 44.449832938951786], [26.103823930666824, 44.449834147697246], [26.103824921736784, 44.44982505225414], [26.10382501360401, 44.449824204432296], [26.10386352428878, 44.449828159833295], [26.103985479459393, 44.44984068663722], [26.104017985283537, 44.44966284575567], [26.104078270433835, 44.44945365394361], [26.104064118420105, 44.44945276840133], [26.103748296144808, 44.449433018483155], [26.103629193160508, 44.4494228809502], [26.103376314874712, 44.44941493731241], [26.103201161942806, 44.44941370314848], [26.10289285615525, 44.449390455346375], [26.10289327819323, 44.4493889337762], [26.102953826866802, 44.44917017456414], [26.10339907174189, 44.449180322342265], [26.10365489025202, 44.44915107606971], [26.10365428012372, 44.44914860158302], [26.103627388281875, 44.44903947350906], [26.10399283313183, 44.44899567830106], [26.10406543111594, 44.44898499013877], [26.1041080728687, 44.44897732347345], [26.1041080624254, 44.44897723717363], [26.10408640307699, 44.44886397452342], [26.104070359540867, 44.44886555108186], [26.10397100192252, 44.448875312531705], [26.103962301244326, 44.44881209196538], [26.10395943561175, 44.4487250599148], [26.103941516087332, 44.44872590421788], [26.103512673857324, 44.448746113223606], [26.103503631265923, 44.44869628471617], [26.10348432061327, 44.4485898877301], [26.10348203561089, 44.44855160153124], [26.103472118709558, 44.4484778841749], [26.103476715948386, 44.44837295676788], [26.10345833155729, 44.44837247981384], [26.103397434897683, 44.44837089907866], [26.103397495253787, 44.44837024327079], [26.10340920541479, 44.448242283919434], [26.103417420243588, 44.4481361843577], [26.103403188813466, 44.44813500430435], [26.103389576528542, 44.44813387578702], [26.103282929575244, 44.448125034347754], [26.10328864801116, 44.44800042957112], [26.103288669143943, 44.44799995685208], [26.103338715952027, 44.4480033017419], [26.103353259991852, 44.44800427353647], [26.103367439025295, 44.447910677191075], [26.103376487270182, 44.44785765732665], [26.103414886602486, 44.4477271532348], [26.1032393710352, 44.44770566049095], [26.10322079425312, 44.44770338623733], [26.103220815198686, 44.44770329873], [26.103245563661133, 44.44760260932583], [26.10330638924421, 44.4476064993939], [26.103334418907576, 44.44739249105073], [26.103493995761095, 44.447415813799374], [26.10352862991602, 44.44727021356236], [26.103290628196085, 44.44724351068977], [26.103311040939584, 44.44714310763778], [26.103363170153575, 44.44711544703077], [26.10336318729587, 44.44711535776066], [26.10338935229666, 44.447013144214715], [26.10363843339812, 44.447042089201055], [26.10363844696044, 44.447042009866216], [26.103659213185182, 44.446955156731576], [26.10366950116273, 44.44691214465535], [26.10373531662758, 44.44691597750576], [26.103751638875597, 44.44684360695851], [26.10390815016915, 44.44684153799815], [26.10390814223881, 44.44684145167359], [26.103897053568808, 44.446766190603014], [26.10370890257405, 44.44678042911722], [26.103708892063057, 44.44678033921794], [26.103676886194975, 44.446577147681126], [26.103490759134637, 44.446592272329426], [26.10349077249096, 44.44659218219636], [26.10352592504181, 44.446415314592656], [26.10420698489666, 44.44635551228945], [26.10420697194151, 44.44635542601425], [26.104164401019407, 44.446081389355406], [26.10416440184751, 44.44608130114499], [26.10418293108695, 44.44585593201082], [26.104273376933506, 44.445414588716666], [26.104273364012773, 44.44541450424112], [26.104230269018885, 44.445181089894206], [26.10381418933754, 44.4451357128221], [26.10379746755805, 44.445133889405106], [26.103797489723604, 44.44513380008565], [26.103855545281583, 44.444896203955835], [26.103584264583617, 44.44487988737522], [26.10356543032744, 44.444878755134305], [26.103565431259504, 44.44487867232311], [26.103566778560488, 44.444600601582735], [26.10337605666825, 44.444647304277844], [26.103240850534636, 44.44467111905186], [26.103180324210246, 44.444785797733346], [26.102956906822644, 44.444761017851725], [26.102956914001826, 44.44476093317927], [26.102972802846423, 44.44462960200925], [26.102972816340543, 44.44462951907504], [26.102985987124793, 44.44456158061543], [26.102985981585263, 44.444561553668976], [26.102959711498656, 44.44449794164641], [26.102964649233602, 44.4444964424685], [26.103305751753858, 44.44439286245753], [26.103305680038083, 44.44439279115801], [26.103213263286573, 44.444301460047434], [26.103213284608707, 44.44430139233692], [26.10326567732827, 44.44413426526297], [26.103414835058544, 44.44407674386098], [26.103272043490694, 44.44385610849583], [26.103419381265248, 44.44380121677398], [26.10330893940381, 44.4434885352006], [26.1033669462807, 44.44347681132343], [26.103169948174266, 44.44302364225229], [26.10281142654847, 44.44311217481523], [26.102998926242382, 44.44289667295568], [26.102770160591948, 44.442883815504445], [26.10245461361292, 44.442871917550406], [26.102463751168138, 44.44275445978427], [26.102102947337265, 44.4427038509369], [26.10210055119796, 44.44268768387166], [26.102053635231194, 44.44267678364078], [26.10201857106029, 44.44266626786997], [26.10202530181221, 44.44265371601696], [26.10202048561247, 44.4426491928144], [26.10195469209441, 44.442638537502134], [26.101975309227207, 44.44257109875128], [26.10197987037837, 44.4425342252132], [26.10177092146504, 44.44250254593345], [26.10132866224662, 44.44243800503504], [26.10132866815472, 44.44243791947514], [26.101346845072342, 44.44227887430905], [26.10114615598632, 44.44224368044289], [26.101146161963225, 44.442243598482456], [26.101169872283982, 44.44207823330773], [26.10124608430857, 44.44208629507001], [26.10124609284884, 44.442086215784585], [26.101273569554124, 44.44192344273644], [26.101352028447092, 44.44193088754715], [26.101352038054724, 44.441930798351], [26.10136066250276, 44.44187533115482], [26.1012953957938, 44.44186807509774], [26.101295402975094, 44.441867990425465], [26.101323157917996, 44.441657046344794], [26.101445187951928, 44.441665008358434], [26.101452737282685, 44.441634226682595], [26.101456148944333, 44.44163479904177], [26.101551344600303, 44.441339280119124], [26.101594644605306, 44.441347386239826], [26.101633224730378, 44.44124194216425], [26.10130243419129, 44.44113939762819], [26.101209662517054, 44.44131995707438], [26.10080047004213, 44.44131688736354], [26.100775318530257, 44.44131875586272], [26.100775320790873, 44.44131867663868], [26.100781127215356, 44.44098627944051], [26.10079838137605, 44.4409642025025], [26.100945682832965, 44.44101158659923], [26.101014650334328, 44.44087109951153], [26.101130409256594, 44.44064529823084], [26.101130370165485, 44.44064529051274], [26.100963130730882, 44.4406099467075], [26.100924160974028, 44.44064462469466], [26.10089952101385, 44.44069538463868], [26.100685082721977, 44.440643418322466], [26.10068565553742, 44.44064222829647], [26.100791407880315, 44.44042262638999], [26.10098071638243, 44.44042285820272], [26.10098403748722, 44.44012744921282], [26.10070454009926, 44.440114355296195], [26.100703399658975, 44.440114301637315], [26.100707289626115, 44.44003579968524], [26.100748692670134, 44.44002871788234], [26.100748688462268, 44.4400286288213], [26.100744564268776, 44.439954390277116], [26.100740445499135, 44.43988023808233], [26.100752325439043, 44.43985421756286], [26.100828847518198, 44.439761462363464], [26.100901035286014, 44.439625617698894], [26.100901034914486, 44.43962553220045], [26.10089970622747, 44.439584379964785], [26.101315264883034, 44.43965633772956], [26.101462606510466, 44.43920212299233], [26.10146257853569, 44.43920210526544], [26.1014473272459, 44.43919250803923], [26.101409099183574, 44.43919535865656], [26.10140443244571, 44.43918560573945], [26.10124048496339, 44.43920549155387], [26.101192460710028, 44.43906261714596], [26.101166574636185, 44.439063923203435], [26.101155860740565, 44.43907529440696], [26.10113748092635, 44.43906480789663], [26.101137518594154, 44.43906474092679], [26.10116534749217, 44.43901590820912], [26.1011652972696, 44.43901590960005], [26.10108609939256, 44.43901813454239], [26.101080058587183, 44.439008984557], [26.101057787082357, 44.43896386451275], [26.101038025183946, 44.43896048817029], [26.100989216099464, 44.438957798019786], [26.100989253390445, 44.43895771125321], [26.101014000013414, 44.43890131340909], [26.101063965422217, 44.43891030500312], [26.101156003137646, 44.438911318855226], [26.101261609106576, 44.43888065871482], [26.101261559973718, 44.43888058539327], [26.10117958098644, 44.438758592214036], [26.101162132584964, 44.43873262702119], [26.10116217122925, 44.43873261134303], [26.101268492476795, 44.43868866977475], [26.101268452187387, 44.438688599066815], [26.101249046085012, 44.43865469232823], [26.101249083507525, 44.438654678462086], [26.101275570768482, 44.438644976500136], [26.101275579308258, 44.438644897214715], [26.10127728719608, 44.438629959949694], [26.101223684852844, 44.43860439049239], [26.10118320534305, 44.438563732566486], [26.101161716251806, 44.438518860502846], [26.101161712094836, 44.438518774141315], [26.101159267857412, 44.438473868021966], [26.101167588706957, 44.43841870172599], [26.101344054919398, 44.43844790233872], [26.101420528345002, 44.4384827991662], [26.101590921490384, 44.43855349939643], [26.10171798095696, 44.438598769125996], [26.101945989776684, 44.438274253663955], [26.10207987772087, 44.438020671282985], [26.102091814618294, 44.43800770938673], [26.101935209043738, 44.43796211258269], [26.101852736647192, 44.43795228280201], [26.10185376725591, 44.437945058143164], [26.10164716523976, 44.437915750730106], [26.10161403081917, 44.43791128933031], [26.101526291179187, 44.43789947496788], [26.101442561839985, 44.43787515421975], [26.10156981118865, 44.43762614107625], [26.101652714471157, 44.43764865896134], [26.101652781007488, 44.437648590809], [26.101824376916156, 44.437473452230805], [26.102806687105197, 44.437739306531995], [26.10273041209562, 44.437847612159636], [26.10315367596227, 44.43804447556735], [26.1032603441449, 44.43788250067396], [26.103939158275644, 44.43804577317833], [26.103995191026986, 44.43792284352528], [26.104081342120242, 44.43790899749565], [26.104162874719393, 44.43765932598508], [26.104176427199803, 44.43758975371958], [26.104186637159057, 44.437537365042324], [26.10420795163331, 44.43751371413925], [26.104220821683345, 44.437496956473886], [26.104230941151737, 44.4374791718421], [26.104262998834844, 44.43743849790097], [26.104310464950274, 44.43740249612685], [26.104357746699986, 44.43736993332562], [26.10437463367426, 44.4373427014037], [26.104394690517335, 44.437336347724646], [26.10440489436073, 44.43731627619291], [26.10448241560168, 44.43729124437432], [26.10448238031597, 44.4372911727184], [26.104469432345446, 44.43726503880847], [26.10446947102222, 44.437265024928855], [26.10452608881544, 44.43724516884286], [26.104634472504387, 44.437201753767376], [26.104873878809116, 44.437088778819266], [26.104873819831965, 44.437088716396104], [26.104838321348193, 44.437051241107895], [26.104838373444736, 44.43705120639613], [26.10489070907512, 44.43701618894303], [26.104911250051575, 44.437005268209155], [26.10491118243759, 44.43700521397098], [26.104674958868802, 44.43681663497235], [26.104674987722188, 44.436816567187705], [26.10470093195245, 44.436756154375416], [26.104734986792632, 44.43668684000023], [26.104816822693362, 44.43652968284381], [26.10481677851214, 44.436529671576814], [26.104623617977573, 44.43648014571751], [26.104535958460474, 44.43645580641094], [26.104440117423735, 44.43642093508436], [26.104248469879746, 44.43634982471599], [26.104158037561067, 44.43630840377202], [26.10414426624373, 44.43629597173836], [26.103851928069542, 44.4360320574535], [26.103796245427887, 44.43606472665901], [26.103756457844263, 44.43601096125978], [26.10375645122331, 44.43601087762259], [26.1037479043444, 44.43593795605439], [26.103747908818505, 44.43593792720981], [26.103759944632085, 44.435895702640146], [26.103689111223538, 44.4358944588947], [26.10364404279703, 44.43589367100676], [26.10361585371334, 44.4358883589321], [26.10358616051442, 44.435890393166986], [26.103543008959793, 44.43590737720077], [26.103508182709202, 44.43589859572949], [26.103412628060557, 44.43588767212505], [26.103267981129008, 44.43587264542823], [26.10314978376953, 44.435853132135165], [26.102943740285017, 44.435823707365756], [26.10291884349241, 44.43585948489919], [26.102860943491212, 44.435908034641166], [26.102808597527275, 44.4359321141784], [26.102762963021636, 44.435946369951004], [26.102699718568395, 44.435956550877656], [26.102643221204204, 44.43595969685585], [26.102544717220006, 44.43595543094729], [26.102525431703256, 44.435970601466515], [26.10237681796152, 44.435936667881194], [26.10231419971535, 44.435922369959634], [26.102243288881517, 44.436014406162805], [26.102153041025094, 44.436009385912236], [26.10214960238014, 44.435984839048935], [26.10219263764857, 44.43589377766274], [26.101950707043063, 44.43583750622523], [26.101840087086124, 44.4360564467119], [26.101833587902924, 44.43606944539835], [26.101824393102536, 44.43608759247586], [26.101812945994826, 44.43609657505546], [26.10180150654035, 44.436101937669875], [26.101788555403267, 44.436105097413495], [26.101775955136652, 44.4361059046661], [26.101763418682136, 44.4361046547426], [26.101755057882432, 44.436102094947856], [26.101746153005976, 44.43609906526192], [26.10172727887063, 44.436096214976395], [26.10145614209255, 44.43602853231672], [26.101454433269854, 44.43603286193081], [26.101277161158862, 44.435988530138125], [26.101278753203317, 44.4359851916928], [26.10097296746375, 44.4359087266731], [26.10097088249652, 44.43591269904698], [26.100911522328754, 44.43589651266], [26.10090858204777, 44.43590247163995], [26.100647268311548, 44.43583679619705], [26.100650090313994, 44.43583128749068], [26.10058961557663, 44.435816459157806], [26.100591334504507, 44.43581311948267], [26.100284793066734, 44.43573638638105], [26.10028319931069, 44.43573963752669], [26.100107059817194, 44.435695385542054], [26.1001085297358, 44.435692227410506], [26.099629631022747, 44.43557238687826], [26.09960644342611, 44.43556596295558], [26.099590824438472, 44.43556246132441], [26.09957490614513, 44.43555491161366], [26.099564678567525, 44.43554638923269], [26.099558522142342, 44.435534099222664], [26.099558506202847, 44.43551740487082], [26.099562868236504, 44.435494779843225], [26.099572060128544, 44.43543502406728], [26.099419854801948, 44.43541267253553], [26.099463435711694, 44.43507266892233], [26.099456361712228, 44.43505519023621], [26.099440666100552, 44.43504025005423], [26.099419560351468, 44.435029276865926], [26.098829055569862, 44.434918679035206], [26.098445713100936, 44.43484687878336], [26.098325079355895, 44.43482428362889], [26.098286402738022, 44.43482413959983], [26.098254292266613, 44.434832810258285], [26.0982281218424, 44.434844512773275], [26.098209504625107, 44.43485886511379], [26.098196356035757, 44.434881654045306], [26.09803471457368, 44.43489842658759], [26.097996342219748, 44.43489810128866], [26.09791838001216, 44.43489743461676], [26.09762296337569, 44.434901155841025], [26.0971205247017, 44.43490398202294], [26.09710893221186, 44.43486698882689], [26.097088518904187, 44.434847397052806], [26.097055291436853, 44.43483871322752], [26.097011143178147, 44.434841752321745], [26.09699354330399, 44.43483326730174], [26.09667882005439, 44.434828636451265], [26.096660649800583, 44.43536749793731], [26.09641550767173, 44.43539505503596], [26.096415635729166, 44.435388889540945], [26.096417567552965, 44.4352951964793], [26.096419040854986, 44.43522369791595], [26.09641977457778, 44.43518812551713], [26.096289163870722, 44.4351889466483], [26.096289528796138, 44.435219130724505], [26.09628956213871, 44.43522188356635], [26.096231535095537, 44.43522224124916], [26.09623138630007, 44.43520988539937], [26.096231136860588, 44.4351893043307], [26.096202874926114, 44.435190299367065], [26.096172124968778, 44.43519138160794], [26.096171853775154, 44.43516898900743], [26.096171250261964, 44.43511938838508], [26.09600770815991, 44.4351197826125], [26.096007369195146, 44.435132386213624], [26.095722763289487, 44.435135863164], [26.095724755409346, 44.43514971312081], [26.095725662432944, 44.43515601615023], [26.09568798256266, 44.43515624764204], [26.095689872837525, 44.43531197530246], [26.0956916878992, 44.4354614782462], [26.095691767536568, 44.435468068330266], [26.095332988998308, 44.43550335784222], [26.095352357378424, 44.435084069048365], [26.095237767121155, 44.43507603717814], [26.095117962007667, 44.4350676391769], [26.09502998956112, 44.43506147238306], [26.094786157012194, 44.43504437933824], [26.09476217455664, 44.434816166234306], [26.094748449879024, 44.43480461193263], [26.09473926179534, 44.43479687643536], [26.094702874180754, 44.43479674763226], [26.094660558478495, 44.43479659812072], [26.094608136499108, 44.434796412691355], [26.09461516590132, 44.43480258873713], [26.094621678495134, 44.4348220757227], [26.09460947557082, 44.43484187506817], [26.094579487547055, 44.43485380463128], [26.094243328725916, 44.434987538457456], [26.09418223173502, 44.434910872263714], [26.094213033641502, 44.434778301418234], [26.093850165125936, 44.43477369559621], [26.093816831506317, 44.43503950490141], [26.093801641786936, 44.43516061977808], [26.093641939849473, 44.43518879204738], [26.093607434416928, 44.43519487906539], [26.09357048065116, 44.43517691336557], [26.09357500972929, 44.434799967407805], [26.093585386787517, 44.434784098294436], [26.093297864481404, 44.43476405197609], [26.092815499177192, 44.434756266194526], [26.092729652738765, 44.434754880397556], [26.091920012974807, 44.43474180741634], [26.09184570967616, 44.434782829665586], [26.09170822903626, 44.434785259210834], [26.091611132908653, 44.43473617155052], [26.09071198454493, 44.434716385332074], [26.090714474350595, 44.43495010304203], [26.09067417869343, 44.43527926375165], [26.090486999510915, 44.435443877982365], [26.09010515015805, 44.43522686689934], [26.08979983143108, 44.43513757602306], [26.089672405428146, 44.43511154614146], [26.089598530480878, 44.435102741183584], [26.08962155337416, 44.435065225219134], [26.089729141260957, 44.434903877249475], [26.08989938979839, 44.434749612731096], [26.08955234292907, 44.43473120556963], [26.08944581570293, 44.434918193713045], [26.08944106384307, 44.43492653426294], [26.089279758070983, 44.43487843455857], [26.089267564112593, 44.43487479847936], [26.089204463701215, 44.434860407052426], [26.089115871327344, 44.434866559327226], [26.08907709457388, 44.4351115662587], [26.08894079793961, 44.43511401337582], [26.088790572498986, 44.43511261955952], [26.08859412691246, 44.4351296852183], [26.08858336200248, 44.4349822829864], [26.08841343433422, 44.43499657021868], [26.088356060854885, 44.43499787065279], [26.08834712153256, 44.43497734473534], [26.088368374475642, 44.43497062235144], [26.088344068032512, 44.43485660670899], [26.088275399753112, 44.43477534658938], [26.08815898734556, 44.43482947248193], [26.08809521172008, 44.43484947766161], [26.087976686399582, 44.43488665567639], [26.088074302479708, 44.43504585180953], [26.08790930081696, 44.43509417989747], [26.087911813839973, 44.435103300742135], [26.087913158037843, 44.435108182075204], [26.08795041173525, 44.435243414068516], [26.087869046546754, 44.43525624661921], [26.087836389072248, 44.435270790418734], [26.087780347983152, 44.435086964964576], [26.087629398737608, 44.43511039736906], [26.08757187306005, 44.43516285876743], [26.087630580642823, 44.43531430552266], [26.0875416470852, 44.435330748889754], [26.087484531824924, 44.43523791678669], [26.08734777072414, 44.43512769192836], [26.08766338591166, 44.43491469266034], [26.087705948698407, 44.43488596794091], [26.08751988317883, 44.43481747270852], [26.087311202977276, 44.43495584026936], [26.08713128592269, 44.43506071909294], [26.086989225795115, 44.43513472163507], [26.086836240988347, 44.435202259242885], [26.0866019031794, 44.435292271882226], [26.08655588586158, 44.43523612512451], [26.086534057427453, 44.43520949163922], [26.08695702574627, 44.435039276402215], [26.087293169879622, 44.434838784790216], [26.087337242029733, 44.434812498199975], [26.087271597337548, 44.43474599653599], [26.08669124437254, 44.43473851642124], [26.0865829895544, 44.434871152712624], [26.086578483942635, 44.43486875351488], [26.08641753690241, 44.43478304339027], [26.08635303100839, 44.43485333969177], [26.08616233374539, 44.435061155507334], [26.086139816903582, 44.43505343442381], [26.086109335091624, 44.435040975017245], [26.085963315542994, 44.43497108399211], [26.086059855558183, 44.434893272615234], [26.086164551335784, 44.4348254906531], [26.086319782419462, 44.43463527024833], [26.0859866052644, 44.43462931145158], [26.08569662439819, 44.43494474862246], [26.0855096050426, 44.43502213645232], [26.085510607465498, 44.43502642079248], [26.0855110758749, 44.435028421525345], [26.08548379510632, 44.43502634884623], [26.085347818962074, 44.434999417247525], [26.085288869145593, 44.434987741305555], [26.085289927425986, 44.434978469895604], [26.0852408034555, 44.43497758771734], [26.08517330891527, 44.43497498793975], [26.085173304204222, 44.434986384948886], [26.084805474871654, 44.434990081564806], [26.084758001097654, 44.435193299903105], [26.084592832067788, 44.43514968400473], [26.084625974846578, 44.4346056722516], [26.08447102214974, 44.43460310406814], [26.084148265875847, 44.43461045882398], [26.08414631966022, 44.43460534113598], [26.084138360360644, 44.43460142974375], [26.08390621466433, 44.43459925444506], [26.083713141828998, 44.43458647225452], [26.08369968204601, 44.43458558111479], [26.08380225449908, 44.43469735881679], [26.083721320713426, 44.43473583390965], [26.083717726586897, 44.4347399050785], [26.083790105003768, 44.434826579176004], [26.083896991487467, 44.43481027024345], [26.083902569096963, 44.43480941915877], [26.083989500567228, 44.43490509281392], [26.08399642075231, 44.43493130322939], [26.083771227673754, 44.43539169660089], [26.083496376533247, 44.43595829438235], [26.083349063702787, 44.436265907211656], [26.08321333982978, 44.43654474005214], [26.08319588913339, 44.43657706649017], [26.08316070938254, 44.436607881253416], [26.08312016249971, 44.43663107853189], [26.08306910641624, 44.436646024641156], [26.083044790831703, 44.43665314267253], [26.08249523926636, 44.436704024268955], [26.082493104620802, 44.436699573478016], [26.082465808303112, 44.43655893032395], [26.08244748593006, 44.43655947448809], [26.082397852853244, 44.43626797207092], [26.082383712290873, 44.43614488790432], [26.082458767524482, 44.436119093959455], [26.08241837696858, 44.436049836658], [26.082343290160207, 44.43607534917306], [26.082282345661014, 44.436096056462326], [26.082154793231435, 44.436130394481594], [26.0820777162121, 44.436145086088004], [26.082023373678762, 44.43614892823579], [26.081821085077447, 44.43611313496472], [26.08169178630408, 44.43609025601668], [26.08166891254125, 44.4360862086512], [26.081601568146954, 44.43608558443124], [26.081437804264755, 44.43608406687627], [26.081371950817697, 44.43607369538344], [26.08137125959001, 44.43603585615235], [26.081188138409292, 44.43605079822007], [26.08116816205561, 44.435900781007454], [26.081168953339514, 44.435810740754995], [26.081110066333324, 44.435810889192936], [26.08040714621339, 44.43586199395737], [26.080367959870664, 44.43658486125828], [26.080112066119092, 44.43660017634253], [26.08010073490385, 44.43654795599122], [26.080067147471567, 44.43651964296483], [26.07994865265206, 44.43653112831591], [26.079943520171653, 44.43653732915866], [26.079915492016323, 44.43653770674874], [26.07990783400294, 44.43652746052465], [26.079826097269613, 44.43653107910068], [26.07982548515812, 44.43653644189005], [26.07976332972663, 44.43653838588977], [26.07951621179925, 44.436554988036335], [26.07940136600101, 44.43657993455057], [26.079283104921945, 44.43658975552285], [26.079281390623876, 44.43658075644172], [26.079214491536604, 44.436584771531294], [26.079215707090754, 44.43659430730344], [26.079030423748698, 44.43660700031447], [26.07901221269891, 44.4366297382578], [26.078828015795313, 44.43664249883082], [26.07875568615545, 44.43615789056352], [26.078771480891685, 44.43608622819102], [26.078730988044164, 44.43547816616496], [26.078897268600613, 44.43536548425847], [26.07881678322961, 44.43469249172634], [26.078816692401443, 44.43469173027895], [26.078713635100257, 44.43452151800764], [26.077846282232755, 44.434844478977624], [26.077832633912966, 44.43485813776841], [26.07579480285146, 44.43565146154487], [26.075741726683642, 44.435672123445656], [26.07566549767742, 44.435701798696755], [26.075176105611995, 44.435892308576044], [26.07515478480325, 44.43589020981251], [26.075142129881282, 44.4358964039263], [26.0749727691626, 44.43578316949397], [26.07485373407817, 44.435703581609296], [26.074536671402484, 44.435861643826314], [26.074470750993015, 44.435894506809106], [26.072969709337194, 44.43664277903582], [26.07236163883786, 44.4369752978367], [26.071612168249654, 44.43738513095951], [26.071366778246546, 44.437519315166675], [26.070746841299194, 44.43781854009309], [26.070487347036476, 44.43794378872497], [26.070364171610663, 44.43800323990685], [26.070254179578214, 44.43807211491829], [26.070055904179462, 44.438196271521896], [26.070164319856005, 44.43825811796755], [26.07033025393945, 44.438418045625326], [26.070496188942474, 44.438577973035976], [26.070937454610814, 44.4388870400293], [26.071197671655508, 44.43900183862972], [26.071153036018835, 44.43905666025296], [26.071413708425823, 44.43911223721386], [26.071674381328968, 44.43916781356938], [26.072052505282794, 44.439183386331884], [26.072105396822916, 44.439209370584585], [26.072082981892805, 44.439251173825625], [26.07217327982581, 44.439270834931335], [26.07236460442975, 44.4393115308337], [26.072768750845086, 44.439606345744885], [26.072754391710934, 44.43975259175186], [26.07270637769928, 44.439932692974], [26.072525156327472, 44.44005348207303], [26.072640315166673, 44.44013197444989], [26.07274043283758, 44.44012762807592], [26.07300504970766, 44.44035446917561], [26.072896044374456, 44.44061444316588], [26.073278337027684, 44.44074578676779], [26.072996867122317, 44.44118828986051], [26.07257782096098, 44.44099705686012], [26.072504600606887, 44.44112817587567], [26.07263509340558, 44.441292285221195], [26.07258826649952, 44.44130891342314], [26.07242192168084, 44.44124921465395], [26.072209709484753, 44.44156477460838], [26.072572926486995, 44.441724022807634], [26.072968733921012, 44.44197265548063], [26.072842972154177, 44.442105643149844], [26.072111376827596, 44.44171702183541], [26.071878687317106, 44.44207411395815], [26.07242111125865, 44.44243152497983], [26.07232161155694, 44.44251005384147], [26.073003875094763, 44.44306139039952], [26.072869364761523, 44.44315362749586], [26.07289884948338, 44.44318810549233], [26.072868302896516, 44.44320811584095], [26.0728962877821, 44.44323217688529], [26.07274345709393, 44.443325623322444], [26.07270924456552, 44.44329498838785], [26.0725196547189, 44.443404075867875], [26.071551093657884, 44.44254506085102], [26.071457092304026, 44.44265123026799], [26.07140581935061, 44.44271003920449], [26.07131629833866, 44.442830224209736], [26.071554810406685, 44.44300795991278], [26.07142875461975, 44.443084697515786], [26.071363685419755, 44.44303697623897], [26.071251694921262, 44.443142596536866], [26.07109972212432, 44.443033591023486], [26.071009457826552, 44.44308997141456], [26.07114802343345, 44.44319681847271], [26.071039363527063, 44.44326660408544], [26.071353785787213, 44.443498033757386], [26.071282228201547, 44.443544273246616], [26.071469352202122, 44.44369992527961], [26.071013593468543, 44.443925681899145], [26.07074876920113, 44.443571422135705], [26.07058659329516, 44.44368012878723], [26.070474368854107, 44.44350929131775], [26.07037874467389, 44.4435843165445], [26.07053540403495, 44.44380937211025], [26.070441176629096, 44.44384450422068], [26.07042610953572, 44.443825980960284], [26.07040211233428, 44.443836766201045], [26.07028326625421, 44.44367130157295], [26.07025977771539, 44.44368716706533], [26.07037836128552, 44.443837774878475], [26.070297230035006, 44.44387658952682], [26.07057407266721, 44.44425848377082], [26.07047431558112, 44.444297628542046], [26.07051623237937, 44.44435423753409], [26.07040685811578, 44.44439305961869], [26.070244205336206, 44.444138162124794], [26.070153670831782, 44.4441719358807], [26.069953902910765, 44.44390523125515], [26.06990688300191, 44.44394077858854], [26.070092151003923, 44.44425015597964], [26.069980865618923, 44.44427057238868], [26.070041022662163, 44.44437734645013], [26.070208234264847, 44.44473261619384], [26.070316072068504, 44.44497723428471], [26.06999958461325, 44.445009158214575], [26.069962831562453, 44.44490028081253], [26.070029338743414, 44.44489055895877], [26.070021711916333, 44.44484231830931], [26.07007253400374, 44.44483907254316], [26.069959102462622, 44.44451343353014], [26.069855432786575, 44.444534002490165], [26.069765651350725, 44.44431518710918], [26.069598967678676, 44.4443441033373], [26.06953663544809, 44.44425009397988], [26.069438603609637, 44.444277269184155], [26.069470607497486, 44.44435972223594], [26.069396934431627, 44.44437663094167], [26.069456681642, 44.444553673777406], [26.069356692808896, 44.44457288430644], [26.06939729961712, 44.44471222700134], [26.069485505808778, 44.44503609899058], [26.069185691077323, 44.44508237968192], [26.069135346545888, 44.444930061025175], [26.069093453114185, 44.444948044972655], [26.068907859042955, 44.44507345077521], [26.068773754480176, 44.44498230897995], [26.068681146938935, 44.44504406483599], [26.068518671895013, 44.44494870975155], [26.068413334404095, 44.445004870992754], [26.06864002772885, 44.44518143794414], [26.068456327180378, 44.44529926486618], [26.068439173726826, 44.4452813641395], [26.068237786693853, 44.44541503678334], [26.068058164667352, 44.44526337635153], [26.067982091294652, 44.44532930397616], [26.06857123992992, 44.44581690163304], [26.06838726474495, 44.445930860954704], [26.068300185380192, 44.446026044818446], [26.0681958711655, 44.44614042745232], [26.06778337000982, 44.445788334807304], [26.067567782053747, 44.445615107971264], [26.067472148561947, 44.44568933877614], [26.06737794720979, 44.44574996562715], [26.067486426386218, 44.445899898200956], [26.067307366135697, 44.44602092833757], [26.06745887584866, 44.446172181323355], [26.067580727709363, 44.44631687499613], [26.067254904380288, 44.44646424422017], [26.067259503817027, 44.446468385743245], [26.067408691557986, 44.44659929334583], [26.06724638475052, 44.44669966219163], [26.066956128090556, 44.44647742436094], [26.066725298517834, 44.44664389982742], [26.066413952325583, 44.446447699867555], [26.066331363412893, 44.44650659588047], [26.066542721593038, 44.44665146949872], [26.06638143818955, 44.44682648406847], [26.066491210063116, 44.44687829418128], [26.06615786256817, 44.447249539428554], [26.066012243102065, 44.447190121002535], [26.06596118624885, 44.4472611656599], [26.06588008578152, 44.44738043860156], [26.065334076706435, 44.44727061635312], [26.065286401425805, 44.44734794686559], [26.065368117715078, 44.447363617538244], [26.06535150924696, 44.447427090999405], [26.065308342919035, 44.44742252206179], [26.065361874267357, 44.4474713909759], [26.065739517514483, 44.44774021038652], [26.06556622034699, 44.447888120809935], [26.065659373586957, 44.4479434729943], [26.0656026812465, 44.44799103526601], [26.06548058527628, 44.44793459772277], [26.065385901282433, 44.44799729749945], [26.065357996560948, 44.44798504209148], [26.06517180450675, 44.44787301303893], [26.06509057233402, 44.447941624521135], [26.065043123016352, 44.44790987036348], [26.064716101697112, 44.44769762251003], [26.06459406330262, 44.447782054600694], [26.06449581173362, 44.44785028645835], [26.063627594873612, 44.44807991826549], [26.06323499495855, 44.448170421904045], [26.063068505996903, 44.44822778519934], [26.062893323809696, 44.44833717040933], [26.062635464715473, 44.44892554274756], [26.062422871132327, 44.44931569027306], [26.062494174619133, 44.44942576532197], [26.062623308033036, 44.449943660972636], [26.062783753633035, 44.44993385841737], [26.06282044684279, 44.45007147634929], [26.062891405927818, 44.450106006729044], [26.062928303871164, 44.45023765556482], [26.063004908697717, 44.45022661859858], [26.063121244304437, 44.450269630899356], [26.063272803672437, 44.45077060088348], [26.06312116215311, 44.450792615324765], [26.06313673994453, 44.45085396670375], [26.06304290073183, 44.450865976386154], [26.063128687369733, 44.451197022339116], [26.063108729232898, 44.451878606882374], [26.062301735934767, 44.45199046789369], [26.06215477934956, 44.45149695936579], [26.061758514740347, 44.45156239974604], [26.06157185161253, 44.4508406416088], [26.061668291118348, 44.45060486369045], [26.061827059043374, 44.450406479135026], [26.06220650451295, 44.44996017359967], [26.06248397532176, 44.44995096914825], [26.06237505816317, 44.44952940985565], [26.062238572589646, 44.449790766513], [26.06162005688466, 44.45034975753371], [26.06154724147411, 44.45034343246897], [26.06127783061628, 44.45056729443212], [26.0610043461062, 44.450799339286505], [26.060963760232955, 44.45122439587927], [26.060762652115244, 44.45165401495342], [26.060629161109386, 44.45193885896373], [26.06056008796124, 44.45209415060414], [26.060486862521987, 44.452271747778695], [26.060397034395784, 44.4524409239747], [26.06035782929873, 44.45273811053312], [26.060392390795556, 44.45307550875736], [26.06037982705409, 44.45334341894942], [26.06015768167319, 44.45330147145002], [26.059995092091636, 44.45326272531339], [26.05998056641473, 44.453309312000364], [26.059925661902973, 44.45331580465295], [26.059895962537862, 44.45337570136426], [26.05983211910915, 44.45337233283938], [26.05983228090969, 44.453387325649864], [26.05937342843339, 44.45327947144081], [26.059336050153835, 44.45334960142704], [26.05928512832924, 44.453349900184946], [26.05914902773904, 44.45369111719952], [26.059274545766346, 44.45374197635808], [26.059366442891974, 44.45377796816214], [26.059146569016107, 44.45421389889579], [26.05809021993004, 44.45394393583855], [26.057699570646204, 44.45382573207019], [26.057704010894945, 44.45379645774299], [26.057646256122442, 44.45393633197628], [26.05772995336508, 44.453932828212764], [26.05878184603139, 44.45423125914601], [26.058653669835778, 44.454523791012946], [26.059725765357395, 44.45476364809141], [26.05956231863138, 44.454940896175124], [26.059310919472605, 44.45485120600713], [26.058999629142786, 44.455087075433354], [26.05882481700781, 44.4550151597236], [26.058740968707557, 44.455103798602345], [26.058668315879686, 44.455058634258485], [26.058344459270298, 44.45530977626819], [26.058255009846384, 44.455279916765164], [26.058049604389897, 44.455499965654695], [26.056850890934236, 44.455012757840514], [26.05531838937648, 44.45686057944018], [26.056015013710827, 44.457169275543905], [26.055580089786144, 44.45751418847807], [26.055317455946078, 44.45734766091516], [26.0549648029448, 44.457668751356096], [26.05495885122058, 44.45771857817871], [26.054891642390416, 44.457731420698124], [26.05475182330171, 44.457853629304914], [26.05459028356244, 44.45783917502116], [26.05452386126182, 44.45786896633184], [26.054416105255946, 44.45775600526511], [26.054217065970484, 44.457830310309646], [26.05419061134085, 44.45779778810403], [26.054037071723215, 44.45786092988498], [26.054072331984013, 44.4579042959901], [26.054000161030796, 44.4579441219885], [26.05381076784438, 44.458020982134855], [26.0537258255556, 44.45831908907356], [26.05339158391777, 44.45848455094174], [26.05333056995793, 44.458398836446726], [26.053030669370813, 44.45858421764269], [26.052958250317968, 44.45852084002331], [26.052714090336107, 44.458640538027446], [26.052322500416725, 44.458216434581445], [26.05221874624052, 44.4582637275546], [26.05235068785199, 44.45840145837332], [26.052147589230596, 44.458502240232235], [26.052202673885635, 44.45856883131146], [26.052088910586384, 44.458625487833714], [26.051176533271924, 44.459088360240386], [26.05110606291475, 44.45900629684828], [26.050671187918873, 44.459213856217225], [26.050408799765012, 44.459337760253085], [26.04986358237885, 44.45960954445766], [26.04992524984709, 44.45968233044778], [26.04954943645184, 44.45988059590669], [26.049512158258626, 44.45985124249101], [26.049019429469087, 44.4600859748724], [26.04896443802272, 44.46002716654231], [26.047840804345864, 44.46057678707277], [26.04789166050949, 44.46065430081218], [26.04726583736821, 44.46094745939588], [26.047194719168257, 44.46087662282725], [26.046344003548914, 44.46133360861243], [26.046075766019413, 44.46147559318979], [26.046035625712236, 44.461517195723324], [26.0459874613858, 44.46154457142131], [26.046922318814122, 44.46255066125941], [26.046032805306986, 44.46305690314189], [26.04580245146085, 44.462862153082725], [26.045365059696884, 44.46242117916811], [26.045320154072915, 44.46242033573798], [26.044628022937673, 44.46276934685253], [26.04407170641538, 44.46218589035714], [26.043972242346463, 44.46223003086332], [26.044130733548336, 44.462411194242314], [26.04365583925121, 44.462633794477874], [26.04375743762094, 44.46274674184997], [26.04364628371151, 44.46280613767185], [26.043703446395458, 44.462864937483495], [26.04323381628426, 44.46306825374922], [26.043134371230177, 44.46311287034204], [26.04284197602889, 44.46326045291149], [26.04273115888192, 44.46316309735623], [26.042620971714417, 44.463219756154835], [26.042162686683614, 44.46343091912265], [26.04213673278924, 44.46344195939401], [26.04211911176998, 44.46342027889686], [26.041812428684583, 44.46358699032263], [26.041665639432043, 44.46367342621495], [26.041880944686508, 44.463883822167205], [26.041576476176783, 44.46405364453066], [26.04155013111397, 44.46403045155118], [26.04143143754671, 44.46410271313463], [26.041488555895604, 44.46415840941347], [26.04144329003936, 44.46419134548186], [26.041546396864142, 44.46427790134611], [26.041585336099825, 44.46426211508238], [26.04169724747015, 44.46435950665709], [26.041435886303134, 44.46449950848312], [26.041268260620452, 44.46447246399894], [26.041191663250547, 44.464423103729054], [26.040662090238495, 44.46389860456791], [26.040417507644907, 44.46403518199672], [26.040342551723523, 44.46408251305381], [26.040243214858958, 44.46413754830111], [26.040423306136457, 44.46430769024711], [26.04024614841632, 44.46439895877042], [26.04008788986218, 44.4642380292191], [26.039979871889777, 44.464294665394085], [26.040151161843333, 44.46445552880721], [26.039658670905006, 44.46471822634965], [26.03951800261185, 44.464575863096634], [26.0393904889827, 44.46463728665108], [26.03953988395148, 44.46478271062236], [26.03903870686029, 44.465047015599666], [26.038887197252315, 44.46490627255919], [26.038761858948554, 44.464969232374045], [26.038931001488525, 44.46513166547081], [26.038689001658316, 44.46525442700873], [26.038739580954953, 44.465308600920395], [26.038609949635834, 44.4653747052029], [26.038495552639166, 44.46524931588625], [26.03835301252639, 44.465327932102944], [26.038260627766846, 44.46522731523609], [26.03814186900157, 44.46529491183072], [26.038326293144486, 44.46546502620962], [26.03781637484615, 44.46572470815394], [26.037640724381376, 44.46556232431328], [26.037530601569596, 44.46562519663536], [26.037695425081044, 44.465790758419004], [26.03718567995378, 44.46606600622089], [26.037007692660225, 44.46588962060725], [26.0368780145816, 44.46595260024855], [26.037077775889603, 44.466133537771775], [26.036835857309907, 44.46626407971487], [26.03675248657678, 44.4661929712929], [26.03656876443205, 44.46628116232055], [26.036592860444028, 44.46629814002154], [26.036512830293148, 44.46633127688772], [26.036288943645456, 44.46613025581016], [26.036159113697305, 44.466179231721064], [26.036365696850943, 44.46638813436291], [26.036119516698268, 44.46652648111494], [26.03603169101603, 44.46644450489466], [26.035906346412474, 44.466507470566526], [26.035761377987075, 44.46636823822743], [26.035633914958275, 44.466434328132635], [26.03557681529005, 44.46638018575506], [26.035427282612275, 44.46641683162507], [26.035660103304004, 44.4666395887562], [26.03549806315834, 44.46672454568365], [26.03550701435634, 44.46674783691756], [26.035424747532225, 44.4667747564288], [26.03535384154245, 44.46665222236137], [26.034987756513722, 44.46675546050758], [26.034875032068676, 44.46658492522138], [26.034729935567825, 44.46662932358336], [26.034818385864277, 44.46676732124916], [26.03435929604905, 44.466909986213906], [26.034465690570705, 44.46709767148345], [26.034342277784628, 44.467138837212836], [26.034271671074524, 44.467042751276374], [26.033948949413272, 44.46713795584999], [26.033807275205188, 44.46690378379838], [26.033664396871416, 44.46695283152848], [26.033870197502054, 44.467286236505515], [26.03341759575533, 44.467427308047725], [26.03334692928878, 44.46732500295391], [26.03289210872073, 44.46746296966027], [26.032757198764617, 44.467250541750616], [26.032609848550845, 44.46728716386205], [26.03274266020397, 44.46750738733914], [26.032480679450213, 44.46759290479494], [26.03254039790853, 44.46768748958347], [26.032354209070892, 44.46775079277894], [26.03228576395617, 44.467653146770985], [26.032086570457015, 44.467718071687415], [26.031945140603614, 44.46750568452903], [26.031702596677412, 44.46758175197701], [26.031658008654542, 44.46759609249065], [26.03154434660485, 44.46762321558199], [26.03160514632803, 44.46771860997824], [26.03147190757719, 44.467760105508766], [26.031411084134216, 44.46766266821598], [26.031152998205826, 44.467731352575505], [26.031164802247364, 44.46778078158437], [26.031098122683797, 44.46780098514757], [26.03108002063929, 44.46775500682992], [26.030321486760105, 44.4680050399849], [26.03043086858982, 44.46824809785617], [26.03051635476483, 44.46841695161897], [26.030566227221254, 44.46849307810545], [26.03064751688359, 44.46854217767224], [26.03082761955653, 44.468660934762624], [26.03096984695331, 44.46874480236843], [26.030035828546005, 44.46903505873325], [26.02980344900621, 44.46862128402811], [26.029565545964683, 44.468230266803666], [26.02941899138097, 44.468276525652506], [26.029861474145044, 44.46901383685961], [26.029404959012666, 44.46914678278582], [26.029422533591603, 44.46919354020676], [26.028960417723617, 44.46933466265395], [26.028896484748064, 44.469212798896315], [26.029355795802655, 44.46907372737168], [26.029231124941788, 44.46886053571702], [26.028726538825453, 44.468997266013304], [26.028472881162788, 44.468582278830105], [26.028327342158725, 44.4686320280545], [26.029213118412212, 44.47010197881502], [26.02936024975362, 44.47033616978956], [26.03046822533849, 44.47000102859499], [26.03080408415187, 44.470574067822284], [26.029358870741977, 44.47093253474921], [26.0293121179942, 44.47087704364761], [26.02918306050077, 44.47091809323685], [26.028783182495296, 44.47100752540814], [26.02824503652718, 44.47051464584309], [26.028043131738794, 44.47034110137843], [26.027904057396814, 44.47020836630494], [26.027762699653433, 44.47007088179147], [26.02748886563166, 44.46999485235073], [26.027235624956376, 44.469978476752466], [26.026959572470258, 44.46991051241912], [26.0267300952632, 44.46988325390035], [26.026586040502323, 44.46985056364686], [26.026186817738072, 44.46981392406875], [26.025898194935607, 44.46982504822789], [26.025713171936687, 44.46984648792428], [26.025633761906096, 44.46976365300973], [26.02513193500019, 44.46992079944244], [26.024509086405224, 44.47020524454177], [26.024169257677418, 44.47041646284675], [26.024012986289172, 44.47056676404575], [26.022805743853308, 44.47157510119373], [26.022434912031812, 44.471966419251515], [26.022121035141144, 44.47222886789461], [26.02167624663478, 44.47254332664133], [26.02110636608951, 44.47290642012959], [26.020802275578536, 44.47306959438285], [26.02038683678526, 44.473285158135624], [26.019847910329442, 44.4735576840991], [26.01925945216737, 44.47383936765326], [26.018642084405684, 44.474127132553626], [26.018011597069524, 44.47434980625903], [26.0176652050634, 44.47444946183248], [26.012381010179165, 44.476144125397354], [26.011197730335777, 44.47653523164728], [26.009773320660805, 44.477047108578596], [26.008044645287868, 44.4776586483279], [26.006460213308365, 44.478249594924115], [26.004138928585046, 44.47905999507691], [26.002740430112752, 44.47938795722606], [26.001725137091846, 44.47954810829124], [26.000555582202274, 44.47965397181315], [25.999597813078186, 44.47967663734907], [25.998745989595143, 44.47966064516775], [25.997817677211575, 44.4795765355161], [25.996606468802067, 44.47947773898144], [25.993210404697273, 44.47918404706216], [25.992066479613023, 44.479028159773776], [25.99110250039201, 44.47877414276637], [25.99047261389475, 44.47856289357806], [25.9899612679158, 44.478330763294196], [25.989176953389894, 44.47795027428574], [25.98827195824691, 44.477380124823135], [25.98792410684769, 44.4770985446637], [25.98635694364576, 44.475758108140056], [25.98461347825, 44.47420405101994], [25.983804897755206, 44.47348266271888], [25.98299633748006, 44.47276126855859], [25.98229996940072, 44.472174990241456], [25.979948928580797, 44.47019550493758], [25.979776228327374, 44.470325024779186], [25.979621506125238, 44.470441061544406], [25.979698026032956, 44.47054439756744], [25.979848344796828, 44.47074739766068], [25.980053781089357, 44.471353496737514], [25.98006872244927, 44.47139931346932], [25.980151585482183, 44.47165342308595], [25.980175102275446, 44.47171142252507], [25.98021645397071, 44.47183323181074], [25.98021805091686, 44.47183793759992], [25.98026378213584, 44.471972649194655], [25.980334294415915, 44.474176559447564], [25.98036998928575, 44.4752920862379], [25.980388171172944, 44.47577589517692], [25.980435479089284, 44.477034642203975], [25.98063505141025, 44.47805418224606], [25.980791067538938, 44.47804164185388], [25.9810698501097, 44.47887392488911], [25.981343286379733, 44.479416845705], [25.981635607305265, 44.47995171906866], [25.981780932797047, 44.48014805070717], [25.981878305495048, 44.48027959741664], [25.98190439355669, 44.48031867471266], [25.98191732016875, 44.48033803482841], [25.98214961200116, 44.48068036663419], [25.98259990525087, 44.48124108986883], [25.9833213880537, 44.48212627642276], [25.983606545482793, 44.48256540969166], [25.983812590627117, 44.482954920202765], [25.983822179806413, 44.48297304741962], [25.98382290333551, 44.48297441452805], [25.983888914520147, 44.483099200603455], [25.983989305096674, 44.48331153255373], [25.983990849236125, 44.48331479873055], [25.984252746396276, 44.48394024786415], [25.984451982177905, 44.48450946267744], [25.984723095457035, 44.48524598051057], [25.98472945616181, 44.48526326104797], [25.98515713209133, 44.48630364228903], [25.98589420065776, 44.488135662456585], [25.986577784120446, 44.48986622580689], [25.98709522533106, 44.49093335498603], [25.987537950817757, 44.491636914216045], [25.987842270754623, 44.49210646012262], [25.987835418732878, 44.49210671818059], [25.987582422995693, 44.49212801561598], [25.987521547182034, 44.49204601746475], [25.987468161977887, 44.49200499442081], [25.987422330968407, 44.491993965732014], [25.987392250546986, 44.491992249218875], [25.987248297862763, 44.492000530355945], [25.987196524314978, 44.49198757359055], [25.986981148994868, 44.49186318745798], [25.986674293740048, 44.49167579060035], [25.986343438376167, 44.49146709255252], [25.98625591273161, 44.49141188283945], [25.986186802145788, 44.49136828864973], [25.986123997584002, 44.491406296856475], [25.986112632880086, 44.49141317521452], [25.987424384630746, 44.49230151227713], [25.987952989902652, 44.49270009749465], [25.987884939381846, 44.492684531463475], [25.9877674370641, 44.49268394575924], [25.987451832194424, 44.49274677473183], [25.98675894304806, 44.49292415848012], [25.986476526496606, 44.49305754076885], [25.986170775914772, 44.49327313333687], [25.984569598187534, 44.494357957010266], [25.983600218486476, 44.49503638493287], [25.98363018567055, 44.49507720827748], [25.983633583811084, 44.495106915173004], [25.983624847564023, 44.495165402495154], [25.983605361104313, 44.49520917835628], [25.98365069369254, 44.49530525553316], [25.983716544939824, 44.49541592288955], [25.983740854475283, 44.495562989454676], [25.983813115136556, 44.49571548759565], [25.983920214589062, 44.49592005355042], [25.98400585933504, 44.4960705627045], [25.984089879549394, 44.49621352583942], [25.98426778735363, 44.49648145543067], [25.9843292748843, 44.49659564361804], [25.98425195602158, 44.496618675232014], [25.984108196361436, 44.49666628135475], [25.983996239384386, 44.49670069441921], [25.983840459680145, 44.49675135718812], [25.983730939361482, 44.49678562271673], [25.983573575169864, 44.496835569930255], [25.983481148002173, 44.496860496883535], [25.982959547219536, 44.497023378705855], [25.982963090203775, 44.49703235607556], [25.98296697521802, 44.497053742592925], [25.982963019185053, 44.49706511730354], [25.982976968764355, 44.497079395918504], [25.982978842121145, 44.497100799979066], [25.98300450370823, 44.49716780743215], [25.983028208433453, 44.49726759255561], [25.983040040493496, 44.4972904397899], [25.98309131914411, 44.49745874569214], [25.983091358794105, 44.4974758456645], [25.98318220005349, 44.49776683875206], [25.983182114000748, 44.497783939821275], [25.98319196220053, 44.49780104423826], [25.9831997815445, 44.497846696883656], [25.98324317557318, 44.49799500112785], [25.983273088560054, 44.49802363072489], [25.983273079226866, 44.49803785107155], [25.983296938895116, 44.49805069317294], [25.98339873342021, 44.49807653560094], [25.983683821092452, 44.4981658496795], [25.983977401115155, 44.498251668841796], [25.9840093093849, 44.49826453053291], [25.984033328725292, 44.498264590846404], [25.984079755935195, 44.49827345569081], [25.9841491108017, 44.49828473038029], [25.984244947637087, 44.498307744011726], [25.984268865807937, 44.498309245185524], [25.984288880221698, 44.49831780057544], [25.984836707944883, 44.49844657785769], [25.98515756404813, 44.498524145486805], [25.985404042153913, 44.49858346211388], [25.985570298207687, 44.49862106925807], [25.985644982391864, 44.49864246662353], [25.986024808250825, 44.4987341863958], [25.986313948731773, 44.49880266801003], [25.986640106463668, 44.49888117506473], [25.98669603256319, 44.49890129590359], [25.986791768757815, 44.49892565828566], [25.98680773569202, 44.49893280863807], [25.98691494148215, 44.499017551649835], [25.98703179254756, 44.49910743019971], [25.987729470185506, 44.499644298997296], [25.98794248471049, 44.499518679805206], [25.988044709009177, 44.4994664828023], [25.98812449351107, 44.499425732640134], [25.98815654127152, 44.49941726153458], [25.988184518769344, 44.499398745911144], [25.98911702478064, 44.49897583885335], [25.99031265793043, 44.49843235024936], [25.9903511717374, 44.49840501134431], [25.99039567446111, 44.49838959003362], [25.990714588957733, 44.498199673786544], [25.99132256947749, 44.49784683159713], [25.99135852454476, 44.497816994800246], [25.991520687003113, 44.49771863655497], [25.991624853280765, 44.49764076870366], [25.9917870725083, 44.49753844949603], [25.991931230931254, 44.49743889904634], [25.99218552898954, 44.497272587676036], [25.992275667733068, 44.497220043182416], [25.992443850452286, 44.49710633030287], [25.992580361112015, 44.49702286666272], [25.992756179193268, 44.49691448617887], [25.992970094526854, 44.49676202895633], [25.993034480366415, 44.49671835088844], [25.993062587641756, 44.49668561262559], [25.993090663204264, 44.49666565488227], [25.99326097937111, 44.49650071098448], [25.993313246336516, 44.496432389070684], [25.99335029056594, 44.49637095142265], [25.99339554291147, 44.4963042213197], [25.99339358611513, 44.496292808344734], [25.99340362447798, 44.49628425970824], [25.993759414586425, 44.496491997468596], [25.99481285075584, 44.49586763279423], [25.995134306226703, 44.49606027895474], [25.995290462415888, 44.49612478144299], [25.99536258879758, 44.49630414803218], [25.995383084959222, 44.49634788788699], [25.99539488255915, 44.49640493481532], [25.995406719393422, 44.496420490586864], [25.99543259998467, 44.4964847932839], [25.99548223836506, 44.4965631964297], [25.995532991364158, 44.496640599690586], [25.995585371205035, 44.49671753855107], [25.99564118463672, 44.49679669710215], [25.995732782433105, 44.496931070593966], [25.99578083914827, 44.49702993058627], [25.995838027672256, 44.497090939740474], [25.995876197841106, 44.497131660402054], [25.99589240441854, 44.49714894965069], [25.996423442952445, 44.4975352735646], [25.99658918366593, 44.49765584615732], [25.996816276801717, 44.49779199796258], [25.99735626247628, 44.498115738488764], [25.998426447344762, 44.49887136011332], [25.998553974453436, 44.49901182123541], [25.99856812255878, 44.49903725460468], [25.998569492789233, 44.499037372968246], [25.998570960005324, 44.49903750037268], [25.99857716639397, 44.49903803940099], [25.998578019021902, 44.49903811374901], [25.998578521520976, 44.499038156998196], [25.998579341396074, 44.49903822803632], [25.998584816062888, 44.499038703345185], [25.998592683607814, 44.49903938605905], [25.99860037734585, 44.499040053211914], [25.99860372989618, 44.49904034391657], [25.998613053326295, 44.49904115323346], [25.998661905897183, 44.499045391504794], [25.998685565211193, 44.49904744452651], [25.99869253101656, 44.4990480488213], [25.998699470371513, 44.49904865064997], [25.998709351719384, 44.4990495081166], [25.99871460095267, 44.49904996381624], [25.998723915553313, 44.499050771402196], [25.99872596084923, 44.49905094948366], [25.998734528624297, 44.499051692584544], [25.998775310906357, 44.49905523099888], [25.998793794027673, 44.49905683395408], [25.99883749688946, 44.49906062547181], [25.998841474120514, 44.49906097093492], [25.998845324143378, 44.499061304925036], [25.99895773298439, 44.499071055861506], [25.998986724664714, 44.499073570971596], [25.999060343748845, 44.499111576943356], [25.999090288795855, 44.49912703573501], [25.99910425005312, 44.49913424353106], [25.999115315767913, 44.49913995596112], [25.999304320259625, 44.49923752905062], [25.999443938520177, 44.49922322829615], [25.999469768813128, 44.499220581810434], [25.999514191514578, 44.499216040617284], [25.999582587996944, 44.49920904846191], [25.99970861166407, 44.49919616486259], [25.99981109458582, 44.49918568777863], [25.999845732149403, 44.49918214676812], [25.999981363919634, 44.499141061071974], [26.00018088320459, 44.499080622251675], [26.000563620573317, 44.49896467994691], [26.00056378194194, 44.498964630813475], [26.00056629136541, 44.498964234130185], [26.000580903887688, 44.49896192007193], [26.000606193652956, 44.49895791639605], [26.0010766445996, 44.49888343780215], [26.001311211838747, 44.49884630126612], [26.001387931440437, 44.49884555940086], [26.001412689061596, 44.49884531964669], [26.00244567934511, 44.49883531750383], [26.003262978907827, 44.49893163793489], [26.00379059229639, 44.49896257403901], [26.00385600098787, 44.49896640881359], [26.003929022620394, 44.49900900253277], [26.004170305123235, 44.49914974194657], [26.004223631993188, 44.49918084759581], [26.004240807981457, 44.49919086567519], [26.00431011743008, 44.49921383672406], [26.004312271406402, 44.49921455014684], [26.004709770304466, 44.49934628855092], [26.00471326880717, 44.4993474480908], [26.004958847910817, 44.499387548882154], [26.005109404807303, 44.499412132373145], [26.005506208820776, 44.49947692451057], [26.006037895665063, 44.499563738231465], [26.006443129544497, 44.499696833444794], [26.00650425474901, 44.499805549888976], [26.006554142394528, 44.499819316598426], [26.006580461351785, 44.499960904685246], [26.006846354135362, 44.50005922307923], [26.00685219031222, 44.50006138139289], [26.006860040134285, 44.50010271392634], [26.00689118544797, 44.50026659819502], [26.006899259090773, 44.50030907985081], [26.00690441954903, 44.50033623411321], [26.006911737909714, 44.50037474173328], [26.006919590208884, 44.50041603104064], [26.00691390301579, 44.50041657685518], [26.00686343608498, 44.50044462223823], [26.00672449717572, 44.500602309867766], [26.006704014478245, 44.500625554880266], [26.006711834375082, 44.500667624807676], [26.006960462397082, 44.50063532444779], [26.006991058446715, 44.50079479361177], [26.00700983432646, 44.5008926612958], [26.00702622109129, 44.500978067064096], [26.00707360303795, 44.50122503095532], [26.007081070335833, 44.50126395304512], [26.00712157196273, 44.50147505325053], [26.007135716729792, 44.501548776096776], [26.00717228575978, 44.50173937210099], [26.00718198855135, 44.50178626007648], [26.00720745392377, 44.501925489520985], [26.007215280706735, 44.50196828297229], [26.00722152815468, 44.5020024368563], [26.007226427235405, 44.50202922443572], [26.007226789605422, 44.50203529002349], [26.00722911816706, 44.502074330925886], [26.00719613263175, 44.50208138121174], [26.007220794692117, 44.502212255760654], [26.007262493902797, 44.50243354244199], [26.00727861201888, 44.50251907208748], [26.007289792296863, 44.50257840581231], [26.007379194630893, 44.503052831132585], [26.00738602721413, 44.503084325625906], [26.00744362380962, 44.503349851903245], [26.007488516701635, 44.50355680508031], [26.007489029600997, 44.503559171145426], [26.00752670707401, 44.50373286110692], [26.00752740457057, 44.50373607603967], [26.007554009771276, 44.503858728594466], [26.00756596044568, 44.50391382082403], [26.007643825865987, 44.504276637877425], [26.00765223139541, 44.50431580445749], [26.007680310642225, 44.50444664478311], [26.007680422725734, 44.50444816661298], [26.007686354106568, 44.50452873727372], [26.007694651389844, 44.50464145615673], [26.007700505412796, 44.504720978987365], [26.00776128261993, 44.50502184294609], [26.007838994857966, 44.50544315349398], [26.007870274269937, 44.50561272988502], [26.007888757340552, 44.50570927885214], [26.007925828902476, 44.505902929348444], [26.008006702707277, 44.50632538246621], [26.008105370885467, 44.50684077346437], [26.008127238531433, 44.5069549991063], [26.008200915993818, 44.50733984798614], [26.00821165978713, 44.507395971579335], [26.00824964105348, 44.50758454855289], [26.00826860294542, 44.50767869824015], [26.008292938459107, 44.50779952412381], [26.008298532212677, 44.507829877631195], [26.008368901763312, 44.5082117085532], [26.00840669013889, 44.508416756660765], [26.008425795691387, 44.50851737077984], [26.00846472990578, 44.50872239782241], [26.00855151033448, 44.50917938824007], [26.008607816247864, 44.50947950254213], [26.008614786829458, 44.509516651463464], [26.00866351525969, 44.50977637768492], [26.008727890285186, 44.510119494656635], [26.008746633574557, 44.51021939376183], [26.008748910954573, 44.51023153174129], [26.00882443269869, 44.510634050090914], [26.008818451970654, 44.510719327330236], [26.008809518986475, 44.51084669068632], [26.008799215540705, 44.51099358862299], [26.00879346125342, 44.51107563366692], [26.008783147206124, 44.51115694369885], [26.00876437976561, 44.511277777218794], [26.008752667933653, 44.51133308920154], [26.008707042277674, 44.51148398158752], [26.008652786095173, 44.51166341698613], [26.0087296229836, 44.51172231972438], [26.008737688351285, 44.51172867368995], [26.008761156261127, 44.51174716338709], [26.008841127722135, 44.51181016278872], [26.00888423037457, 44.51185537201694], [26.008998048114904, 44.51201362073521], [26.00903115751779, 44.512064211468086], [26.00910500140866, 44.51217705190035], [26.009146161746596, 44.51223351335901], [26.009169740184593, 44.512265858680564], [26.009296170457223, 44.512439289126306], [26.009315592564246, 44.51251417684281], [26.00938460676743, 44.512593311417774], [26.009396482245315, 44.51260692857795], [26.009413687680155, 44.51261698253553], [26.00947261595674, 44.512651400808124], [26.009492014770313, 44.51267769126161], [26.00952094229657, 44.51271689445928], [26.00936710694985, 44.51282743533255], [26.009223086061017, 44.51293086797865], [26.009194405554886, 44.512951466076565], [26.009128692313524, 44.51300042048258], [26.00906611759123, 44.51305450296698], [26.009044117282198, 44.51307351749767], [26.0089109032948, 44.51318865316099], [26.00886347756558, 44.51324763285807], [26.008823962725298, 44.513319160911294], [26.00881563818182, 44.51337355337277], [26.008799640389462, 44.513478079874645], [26.008797139798403, 44.51349441510201], [26.0087970415195, 44.5134950531951], [26.008756938440914, 44.51352991700166], [26.008717257109584, 44.51356250177108], [26.008471216142183, 44.51375743682418], [26.00846401008785, 44.51378364774908], [26.008463817277168, 44.51378434698892], [26.00847814267963, 44.51380557269394], [26.008751522064678, 44.51400482106464], [26.008762225599497, 44.51401262205502], [26.008769811460017, 44.514018150493555], [26.00887501673525, 44.51409723513632], [26.008875933179308, 44.51409792444962], [26.008880752422428, 44.514101546198894], [26.008882736985225, 44.514103038670505], [26.008886567035088, 44.51414599111766], [26.008895296650078, 44.51439611927284], [26.00888147745856, 44.5144150947534], [26.008778457263222, 44.5145565547031], [26.008577325162964, 44.51480717550956], [26.008786136896898, 44.51493410080904], [26.00889154972051, 44.51499128521871], [26.009093271950952, 44.51510071492507], [26.009505773292485, 44.51532448547168], [26.00970830992181, 44.515438414094454], [26.009708452325185, 44.515438501020874], [26.00979624750937, 44.51549199930576], [26.010438531931992, 44.515851455950894], [26.01046829973956, 44.51586811580118], [26.010612813721217, 44.515951591411785], [26.01069635763886, 44.51599984850079], [26.01071907857245, 44.515982732527995], [26.010898819389787, 44.515847329385], [26.01121548054569, 44.515608778734666], [26.01121707275862, 44.51560933776489], [26.011297997958536, 44.51563772116412], [26.011312810018513, 44.515642916403216], [26.011640405186288, 44.515826220855644], [26.011665832493648, 44.515840448788076], [26.011893036199563, 44.51596757774322], [26.01193718612578, 44.515992281190826], [26.01197486980211, 44.51596773239072], [26.01213122469993, 44.51583627137843], [26.012141794857797, 44.515827384185236], [26.012448205244677, 44.51556975526304], [26.012717763629794, 44.51534310763185], [26.012836313481948, 44.51523107016009], [26.012884088906876, 44.51518591893482], [26.012902119696353, 44.51516759453125], [26.013006617079895, 44.515203754378994], [26.013437742482235, 44.51539573096005], [26.013461687089904, 44.51540595232923], [26.014084145619112, 44.51567164406634], [26.014300390109874, 44.51576913281781], [26.01432216434998, 44.5157789496241], [26.014512978599253, 44.51586497282271], [26.01464080717764, 44.51592260087826], [26.014654273110327, 44.51592797879954], [26.014690110479876, 44.515942290560574], [26.014826522518643, 44.51600631409131], [26.014886516083852, 44.516034475642584], [26.014897496471914, 44.516035132806664], [26.014940555686785, 44.516026635970285], [26.014999832936027, 44.516024077232125], [26.01505853026598, 44.51601786960371], [26.0151265766863, 44.51600396359081], [26.015159247107388, 44.51600055532887], [26.01524840953454, 44.51600859057921], [26.015302239811618, 44.516023892129816], [26.01558090099818, 44.516138195666834], [26.015716890182766, 44.51619397685417], [26.015753885347454, 44.51620915176684], [26.01608665389357, 44.516345647030846], [26.016186689496333, 44.51638678527612], [26.016476807251138, 44.51650593525529], [26.016506270427875, 44.5165180358665], [26.016943080201912, 44.51669742861702], [26.017617572804593, 44.51697363344282], [26.017947352095927, 44.5171091008192], [26.017985000134345, 44.51712456611713], [26.018357659994614, 44.51727764638596], [26.01862353883452, 44.51738566688652], [26.018742754351088, 44.51743410064529], [26.018872477774703, 44.51748789253301], [26.01901970540537, 44.517548447206515], [26.019036886406862, 44.51755672419312], [26.019133420834265, 44.51760322951318], [26.01927733425626, 44.517672607912004], [26.019441126585487, 44.517751569788], [26.01948525212213, 44.517773491260435], [26.019604134566016, 44.51782206753134], [26.019696094238576, 44.517859642347496], [26.0200740590257, 44.51801369952978], [26.020101400820792, 44.51802483108206], [26.020362390656132, 44.518131080914216], [26.020787610791324, 44.51830503046444], [26.02080907187224, 44.51831380934038], [26.02102065940484, 44.5184002023264], [26.021308461323127, 44.51851771301125], [26.02135344021135, 44.51853589094353], [26.021649476724583, 44.51862845769529], [26.021662141445166, 44.51863248931616], [26.021697423262435, 44.51864371953151], [26.02173527532645, 44.518657236793985], [26.0217725256098, 44.51867157851667], [26.022078337790273, 44.51879681629355], [26.022417926977447, 44.518935517236805], [26.02299869445352, 44.519172311885406], [26.02304530679294, 44.51919131674482], [26.023068781500648, 44.51920088783949], [26.02352250636522, 44.519386788954414], [26.023816099003806, 44.5195070793802], [26.02412768564095, 44.51963474055945], [26.024306733202238, 44.519707752611815], [26.024538479909634, 44.519803554603875], [26.024656428075275, 44.51985231228496], [26.0253450688319, 44.520136983762576], [26.025249728937386, 44.520144925008466], [26.025218757774493, 44.520154152869445], [26.0251946764621, 44.520168826194976], [26.024901647648, 44.52037811730938], [26.02463192147989, 44.520255511212866], [26.024367572616267, 44.52061221566602], [26.024378635344302, 44.52064969911247], [26.024388493419906, 44.52068310020965], [26.024307008108295, 44.52069912295182], [26.02430434653825, 44.52069942614074], [26.02420708025323, 44.520809609259686], [26.02397993414596, 44.52106691311694], [26.0237312872261, 44.52134857191078], [26.023587705900802, 44.521511213348894], [26.023581669224388, 44.52151805161425], [26.0234790015773, 44.52162842084039], [26.023347591029864, 44.521769686686966], [26.023298853557606, 44.52182208007372], [26.023265296464103, 44.52185815238296], [26.023250705597725, 44.52187331516193], [26.023122430981854, 44.5220066077968], [26.022969749288116, 44.52216526203106], [26.0229630133475, 44.52217226141144], [26.022925906959443, 44.52221081838028], [26.02284274159566, 44.522335323994675], [26.022737840102263, 44.52249236807847], [26.022714204941664, 44.52257595590802], [26.02267600852636, 44.522711040004516], [26.02261992273506, 44.52284904402173], [26.022564371909574, 44.5229857309284], [26.022564063313283, 44.522986490644826], [26.022586853897316, 44.523095163037055], [26.022605631672462, 44.52318468518161], [26.02262932765274, 44.523297655953854], [26.022635362676287, 44.523311222125805], [26.022755601016307, 44.523581493969104], [26.022755623085708, 44.52358153246977], [26.02277747570115, 44.523619937015894], [26.02305900157752, 44.52411469095764], [26.023081857059264, 44.52415485668812], [26.023198284070244, 44.5243594638533], [26.023202364066485, 44.52436663239136], [26.023214275621974, 44.524387565872075], [26.02351731241082, 44.52468353208416], [26.02361651552797, 44.524843276155], [26.023631522407513, 44.524884146653235], [26.023856943496053, 44.52549809924374], [26.023897632900244, 44.5255367321258], [26.023936877628795, 44.52557399388208], [26.02415438809943, 44.52578051166966], [26.024233236603685, 44.52585537644016], [26.024233281381193, 44.52585541833432], [26.024233348784986, 44.525855459123015], [26.02457866378499, 44.52606471115333], [26.024845118870104, 44.52616057434693], [26.025258463031204, 44.52630928069846], [26.025316064368425, 44.526330003666054], [26.025555823676783, 44.526412508649976], [26.02579198734426, 44.52649377591273], [26.02597673200779, 44.52655734819019], [26.025987233676993, 44.52656096251002], [26.02649889235967, 44.52673702667969], [26.02675338483893, 44.52682459801331], [26.026775209691706, 44.52683202513145], [26.02685657132334, 44.52685971399406], [26.027082279747127, 44.5269365241902], [26.027095158008883, 44.526940906975554], [26.027230150715422, 44.52698684541807], [26.02760292416832, 44.527113701251665], [26.02798873082105, 44.52724499113355], [26.02811551739778, 44.52728813587797], [26.028124779362646, 44.5272912869937], [26.02838468727181, 44.52737973140753], [26.028422878342184, 44.52739272765962], [26.028453821336054, 44.52740325735631], [26.028551677773738, 44.52743561415026], [26.028673029008324, 44.52747573878519], [26.02869173085904, 44.527481922298804], [26.028712398199996, 44.5274887556914], [26.028734861457686, 44.52749618380779], [26.028914487898174, 44.52755557690477], [26.028936129812415, 44.52756273257047], [26.028953515499797, 44.527568481642], [26.028968440826027, 44.527573416145856], [26.029011322237487, 44.52758759522199], [26.029018251456645, 44.52758988643476], [26.029032443999544, 44.52759457831241], [26.02907929866794, 44.52761101435267], [26.02911095290861, 44.527622116992035], [26.029118032782158, 44.52762460122834], [26.02915213056658, 44.527636561772624], [26.02918178824862, 44.52764696440017], [26.029192357397523, 44.52765067140977], [26.02919314110501, 44.52765094686226], [26.029202290982727, 44.52765415561466], [26.029211033203097, 44.52765722228426], [26.029216847002836, 44.52765926176114], [26.029216948296487, 44.52765929773731], [26.029218638486924, 44.52765988982233], [26.02921982986912, 44.527660308256614], [26.029230581338595, 44.52766407929974], [26.029259224934044, 44.52767412665598], [26.029273973391856, 44.52767929943994], [26.029274215216397, 44.527679384534295], [26.029276828389076, 44.52768030120016], [26.0292779957106, 44.52768071085327], [26.02927968970822, 44.527681304702654], [26.029281821780025, 44.52768205295647], [26.029283651244597, 44.52768269417025], [26.02928423870335, 44.52768290031214], [26.02928736589279, 44.52768399678945], [26.02929047790669, 44.52768508890518], [26.02929313286498, 44.52768602048948], [26.029298000901726, 44.52768772748842], [26.029301477531796, 44.527688946778156], [26.029302753743323, 44.52768939503784], [26.02930283982932, 44.52768942485266], [26.029303110779335, 44.52768952048134], [26.029304698435894, 44.52769007750031], [26.02930473388302, 44.527690089776954], [26.029305036474263, 44.527690195917074], [26.02930516055556, 44.52769023978531], [26.029305654316524, 44.52769041258166], [26.02930581763484, 44.52769046959204], [26.029306020206306, 44.52769054064438], [26.029307424272954, 44.527691032737884], [26.029307691417056, 44.52769112660117], [26.02930786866906, 44.527691188884454], [26.029308190257957, 44.527691302051295], [26.02930859159499, 44.52769144239062], [26.029308998011942, 44.52769158538373], [26.02930995008669, 44.52769191869972], [26.029310179888547, 44.52769199985374], [26.029310209634904, 44.527692009932416], [26.02931024384024, 44.52769202312041], [26.02931037679127, 44.52769207050777], [26.02931042615613, 44.52769208715748], [26.029310478052924, 44.52769210468417], [26.029749711341303, 44.527190676227505], [26.0317184566361, 44.525298359975324], [26.033522380786493, 44.523554201924405], [26.033620462426672, 44.52359329519191], [26.039635449493655, 44.526077702666065], [26.048258969128664, 44.52953358093913], [26.04922347329296, 44.529823236866925], [26.048750794253447, 44.53090575240978], [26.048751331938682, 44.53102392042849], [26.04949124369283, 44.53131478558809], [26.0501697719845, 44.53007811347327], [26.058267006626387, 44.53210768686724], [26.068596866715684, 44.534850539791876], [26.06859790665496, 44.53497446423095], [26.068850468132897, 44.53505028332088], [26.068780797725235, 44.53532410035276], [26.068753872483782, 44.53832593722486], [26.06891067626533, 44.53874408740273], [26.069224667632486, 44.53926789487755], [26.069277620063133, 44.539371882919454], [26.070048872162754, 44.5397705252708], [26.070531545571196, 44.53999806009341], [26.07101693735528, 44.54022268696956], [26.071700135173973, 44.54053830276753], [26.071721157827124, 44.5405480149297], [26.071763355199014, 44.54057047448188], [26.071848964773483, 44.54061304192577], [26.07238230706842, 44.540963140481765], [26.072830447723643, 44.54125730605149], [26.073021421579874, 44.54138266241964], [26.07304095765125, 44.541373320549944], [26.073041000062734, 44.54137330034584], [26.073077303044652, 44.54135593988626], [26.073591172561173, 44.541110243858135], [26.073632747787396, 44.5410903651498], [26.076251944571474, 44.541003117259486], [26.076252084166693, 44.54100311232696], [26.076469117317483, 44.54086842988257], [26.076698694208, 44.540725961719886], [26.07669877536693, 44.54072579264018], [26.076839760056426, 44.54043728055016], [26.077187161577584, 44.53972568715673], [26.077202462992073, 44.53969464309952], [26.077398493335586, 44.53929687592387], [26.077426370613136, 44.53914549526165], [26.077433454708512, 44.5390935860998], [26.07748026108525, 44.53871602814113], [26.077498700889844, 44.538559511199665], [26.07752726368712, 44.53833775637148], [26.07760093120893, 44.53776579807448], [26.077673879203566, 44.53727858851099], [26.077698120335807, 44.53711668254344], [26.07820833590929, 44.53718264028733], [26.078828460726893, 44.53726051352177], [26.079383417183735, 44.537324770628544], [26.079387643153797, 44.53730690426638], [26.080226309654513, 44.53740860633302], [26.0804475009087, 44.53744343843951], [26.080767658786332, 44.53750544193174], [26.08075841180217, 44.537531674512955], [26.081437269485004, 44.53769578513359], [26.081680290734244, 44.53775237868087], [26.08210655359789, 44.53784098222145], [26.08228433546857, 44.537874232880235], [26.082317944958977, 44.53788641162478], [26.0823464612308, 44.5379118372296], [26.082387100979414, 44.53795819715098], [26.082458330997717, 44.5379662165948], [26.082525700938234, 44.53793993976799], [26.082565087813645, 44.537926511237416], [26.08259845922291, 44.537927810872176], [26.082697890439782, 44.53794345621318], [26.08287047329234, 44.537969196556695], [26.08290574069316, 44.5379806616844], [26.082922467314756, 44.53799354331143], [26.082937974164462, 44.53801518310282], [26.08297144387829, 44.53807231568898], [26.083083587555215, 44.53801115998409], [26.08310458129384, 44.537999978904004], [26.083469302558335, 44.53806261770037], [26.083615920523766, 44.538087880985344], [26.08362834423226, 44.53809945292293], [26.0836367402303, 44.53811030754676], [26.083643118307837, 44.53812226159486], [26.083647445917034, 44.53813760144634], [26.083647452241784, 44.538159840126404], [26.083637247168316, 44.538216325730176], [26.083715573749416, 44.5382333214395], [26.083790690489007, 44.5382328514435], [26.083820266691216, 44.53819670921665], [26.083930311800756, 44.53813266395422], [26.083958544378437, 44.5381162325754], [26.084406820119504, 44.53818247968644], [26.0845105828002, 44.53819781266749], [26.084898458219623, 44.53825514259764], [26.085042860881575, 44.53827550040553], [26.08517049972827, 44.53829186125], [26.08529849364526, 44.53830675779032], [26.08542679938841, 44.53832016614079], [26.085555391954024, 44.53833209554132], [26.085684246000124, 44.53834253723464], [26.08573520184989, 44.538346078692776], [26.08589113905076, 44.538355989346414], [26.086031708585057, 44.538363077720064], [26.08603789387975, 44.53836336195338], [26.08639261460521, 44.53837311930575], [26.086460770737432, 44.53837388463175], [26.08659038492313, 44.538373895663014], [26.086720096100876, 44.53837237556595], [26.08684966505392, 44.53836938514777], [26.08697893207105, 44.538364930448665], [26.086983591035345, 44.53836488553451], [26.087072350561233, 44.538360699725615], [26.08709592408744, 44.538359572420234], [26.087107553580204, 44.53835901028203], [26.087173407280456, 44.538355792259324], [26.087237928681482, 44.538352659047206], [26.08735887581779, 44.538348171634226], [26.087598550869906, 44.53834570341429], [26.087718384259205, 44.538347686746896], [26.087957653686853, 44.53835807225164], [26.08807693489628, 44.53836647051861], [26.088195888857708, 44.53837699767988], [26.088346973786734, 44.538393485960036], [26.08880914219007, 44.538449345503366], [26.089393068946837, 44.53851989068771], [26.090027777953, 44.538593210830996], [26.090598919137474, 44.53865087070416], [26.09113689977811, 44.538705180087916], [26.092378122042646, 44.53881911231176], [26.095607998663297, 44.53917950471271], [26.096228512392862, 44.53924801380856], [26.096355652286604, 44.53926206909869], [26.096830380354625, 44.53931664687623], [26.096919463628794, 44.53932527195368], [26.096946695433623, 44.53932790871407], [26.096787973213637, 44.539903953503874], [26.09675509350349, 44.54046866047967], [26.097651471201466, 44.54056305674733], [26.0977132536261, 44.54123023312314], [26.100438089390767, 44.541409268956144], [26.100613656470742, 44.541399438027454], [26.100699644667728, 44.5413343790055], [26.100837259908356, 44.54079319011997], [26.100892699081616, 44.54069580140326], [26.101582944356164, 44.540701904314226], [26.10165765351063, 44.54067749198114], [26.10174044623813, 44.54047577351078], [26.10179606415819, 44.539577978315876], [26.101886428969948, 44.539577805384106], [26.102068076377922, 44.53957543877153], [26.103625561748345, 44.53955513692977], [26.103676044331674, 44.53955447809374], [26.103716111095352, 44.5395539553943], [26.103720968635802, 44.53955389254456], [26.103730667343044, 44.539553766104746], [26.10376196514191, 44.539553358027646], [26.10376664402064, 44.53955329692493], [26.103807036633818, 44.53955277010329], [26.104363960406626, 44.539545504047865], [26.104478141898724, 44.53954401393095]]]}}, {"type": "Feature", "properties": {"id": 2946, "natCode": 179150, "name": "BucureșTi Sectorul 2", "natLevName": "Sectoarele municipiului Bucuresti", "countyId": 40, "countyCode": 403, "county": "București", "countyMn": "B", "regionId": 8, "regionCode": 886, "region": "București-Ilfov", "version": "2025-03-26", "displayName": "Sector 2", "sectorNumber": 2}, "geometry": {"type": "Polygon", "coordinates": [[[26.114834808362804, 44.487385612092076], [26.114911160008194, 44.48737894597459], [26.114892308003824, 44.48730832742527], [26.115195891548264, 44.48726606471483], [26.11518289085233, 44.48722241609361], [26.11671424414515, 44.487089934573966], [26.118843266983475, 44.48684231825244], [26.120623513995152, 44.48663522923484], [26.121543565152944, 44.48652828924452], [26.124521040941424, 44.486182962221264], [26.12697443639797, 44.48591368435669], [26.129362497075796, 44.485648976819995], [26.13173713748015, 44.48537737812469], [26.134523964780815, 44.48505329415129], [26.13545839283391, 44.48494475452833], [26.137208994346643, 44.48473713457033], [26.13930600150874, 44.48448698776127], [26.139609459182353, 44.48442977393253], [26.140060955932174, 44.4843446549981], [26.14013698703255, 44.484546914113274], [26.14036074896022, 44.48451771232889], [26.14034542371551, 44.48431459611444], [26.14080892420224, 44.484265722837876], [26.140819321391444, 44.4843109159921], [26.14100077237353, 44.48430503793561], [26.141093705810768, 44.48427895022548], [26.141347530085817, 44.48424930707871], [26.141768792874256, 44.48420010157617], [26.1424466798305, 44.48412115748829], [26.14373337676879, 44.483976576503984], [26.14378158101054, 44.483970372107045], [26.144162150371102, 44.48392148962808], [26.144464957066003, 44.48388256686617], [26.14468417138434, 44.4838544106862], [26.14544100427352, 44.48375715010633], [26.145888872910195, 44.48369959449241], [26.14641823442719, 44.483650370423824], [26.147244144954566, 44.48357399567043], [26.14723452115776, 44.483520514952055], [26.147993846418153, 44.48343142907051], [26.148625974028082, 44.48335726997872], [26.150144124442765, 44.4831791423972], [26.151270722855767, 44.483048115321225], [26.152020323809243, 44.48296121665175], [26.15230159788235, 44.482928622085794], [26.152522891474458, 44.48290296744015], [26.15286526084913, 44.48286327543379], [26.153013369623885, 44.48283681141536], [26.153107133961168, 44.4828357260581], [26.153227825271106, 44.48281691352354], [26.153456178741088, 44.482793542872194], [26.15362883948929, 44.482775872038616], [26.153798125108917, 44.482758541504694], [26.15405965166447, 44.482729960837865], [26.154605478776546, 44.48266875723394], [26.15709375357796, 44.482392524616685], [26.15890824550941, 44.48219188502655], [26.15940171647731, 44.48216900675943], [26.159392098448212, 44.4821069676889], [26.159958968139502, 44.482041822490345], [26.160463861367475, 44.4819843418714], [26.160599070004302, 44.48197309418191], [26.161024148695006, 44.48193770968465], [26.161385130782897, 44.481907664300365], [26.16171709538088, 44.4818800319561], [26.16198532460546, 44.48185880700366], [26.162178267989592, 44.48184599907618], [26.162289855565422, 44.481838584063034], [26.16225617081716, 44.48180083321994], [26.162465493746957, 44.48175549081174], [26.162569989005217, 44.481880408011456], [26.162609536089114, 44.48193395680413], [26.162900963858036, 44.48192728682964], [26.162798004454842, 44.48172820065435], [26.16349459184323, 44.481662365141666], [26.163621899794347, 44.481649026315274], [26.164064635796766, 44.48159671645626], [26.164765591762098, 44.48151388038799], [26.16476536737909, 44.48149714215556], [26.165322921549002, 44.48141637867443], [26.16570756750221, 44.48136811912315], [26.165707185316364, 44.481377213376604], [26.166446184233703, 44.48129033718832], [26.16644458268699, 44.48128324352987], [26.167019809515192, 44.48121561814995], [26.167361533710746, 44.48117544766415], [26.168068170416376, 44.481092388152014], [26.16852184158509, 44.48104037940998], [26.168765085139622, 44.48101046006051], [26.16935722296138, 44.480950045580485], [26.170079408234585, 44.48083797512526], [26.1701667828761, 44.48082820260435], [26.170468402603877, 44.48079623335386], [26.17062586822383, 44.4807836264031], [26.170791571448817, 44.480764984452], [26.171185340106828, 44.48072067051535], [26.171526746959792, 44.480678150587714], [26.171745134817325, 44.4806538563577], [26.172333979724183, 44.480581418033985], [26.172613804608922, 44.48055038077732], [26.17295382767961, 44.4805159621861], [26.173059146461018, 44.48049656833037], [26.17319039546926, 44.480481908602876], [26.17350088595656, 44.48045111691162], [26.173631984834223, 44.480436503233435], [26.173825430191037, 44.480412248712035], [26.174107447243685, 44.480378430811136], [26.175158962967355, 44.48025415678603], [26.175409649606376, 44.480224604457874], [26.17552663484443, 44.48022999944906], [26.17589559280712, 44.48017578447321], [26.176035092308673, 44.48016446445122], [26.176451430127845, 44.48011578340343], [26.177280293949703, 44.48000975320734], [26.17779554737233, 44.47994415725015], [26.17806436064324, 44.479917145646176], [26.178253858402968, 44.47989798294323], [26.178496065543822, 44.47986394923319], [26.17869316595823, 44.47983972911436], [26.17973157936632, 44.479722398592045], [26.179837726799438, 44.47971298004875], [26.180264622851496, 44.47966514637194], [26.180759469729196, 44.47958861716818], [26.18098623810155, 44.47956448718717], [26.184153179220832, 44.479227520589845], [26.184895197910333, 44.47914855567051], [26.184891464603275, 44.47911066979545], [26.184730772913028, 44.47900370620828], [26.184694028918553, 44.47897293251215], [26.18430114146059, 44.479009499240476], [26.182909816830193, 44.47914954963561], [26.1821825125447, 44.47909651057183], [26.181349017527676, 44.4789295381161], [26.181192261944403, 44.4788763063892], [26.180184697961902, 44.47845806108902], [26.179405389102808, 44.47805234073384], [26.178726976262663, 44.47757353929926], [26.177433942868763, 44.47650371711166], [26.17611049917167, 44.475398043580476], [26.175335035770768, 44.474737960856096], [26.17445005810037, 44.4739846371926], [26.173598980795365, 44.47325242839084], [26.17039521307901, 44.47055067522226], [26.165618552783425, 44.466493166139514], [26.16479684549919, 44.46579633856584], [26.164122424854174, 44.46522814391921], [26.16364574266391, 44.4647142101217], [26.1626441552981, 44.463521931019734], [26.160800243623274, 44.461317836081285], [26.159099168658322, 44.45922089406477], [26.156471182952426, 44.45605643591894], [26.155962512771122, 44.45544646902863], [26.15627597241018, 44.45499311279354], [26.156506370524767, 44.454781050660316], [26.157192412992224, 44.45451505965479], [26.158524361485725, 44.45421776394403], [26.158591082014517, 44.45444518088289], [26.159137418989616, 44.45446429424293], [26.159073035437554, 44.454064021250474], [26.159193578692896, 44.45402963307776], [26.160432610064262, 44.45417365426383], [26.160786816582736, 44.45412768623058], [26.161759589759598, 44.45331523995374], [26.162466488417635, 44.45309991615829], [26.163311950880324, 44.453093673835816], [26.16331909263853, 44.45349161948811], [26.163733582399114, 44.4534800037937], [26.163731130975304, 44.45336136041396], [26.164208518765722, 44.45335642851062], [26.16420650838007, 44.453254116089674], [26.16569167599832, 44.45314927906015], [26.166522105125992, 44.45291922315185], [26.16706774467121, 44.45237099937516], [26.16861699041493, 44.450981900609264], [26.169106569448395, 44.45072214396524], [26.16939986831768, 44.45069695486311], [26.16971109261358, 44.4507933806353], [26.171213449786897, 44.45167467826266], [26.17441378215811, 44.453610734124226], [26.175245324604457, 44.4538697085222], [26.176092815270188, 44.45394538412679], [26.17679975860729, 44.45388165788829], [26.177442244127448, 44.45355095286133], [26.177725512264654, 44.45297044074053], [26.17771030434105, 44.452224008417346], [26.177296854917373, 44.45124226662748], [26.1770650182748, 44.45048401324956], [26.177272188255913, 44.45003107541866], [26.177227403385963, 44.449763897269314], [26.17678263989039, 44.44909981056366], [26.175455033560187, 44.44788181844781], [26.174536378578612, 44.44686787793469], [26.174341496712728, 44.445991311528836], [26.17444242777802, 44.44535621721911], [26.174713082480693, 44.44498203013396], [26.17521153629092, 44.444614523292714], [26.17580746299684, 44.44439097624173], [26.176262994151646, 44.44427868285917], [26.176694050580828, 44.44428000636629], [26.177248134575496, 44.4443324576555], [26.178897525011287, 44.44505487518418], [26.17985966436666, 44.445574800294004], [26.180704891964222, 44.44594451363394], [26.181145524211647, 44.446015612473644], [26.181673678753572, 44.44599259540511], [26.182249443716707, 44.4459108443582], [26.182884913222924, 44.445700398343725], [26.182646541003802, 44.445301829914406], [26.18360081852204, 44.44498271123975], [26.183864429124377, 44.44537600829539], [26.18437117946597, 44.44520818534262], [26.186003792434065, 44.44442736207494], [26.1870126689905, 44.44395394510445], [26.187415031021605, 44.44383627240078], [26.187784013550576, 44.44380717648003], [26.18826115658988, 44.44390297330915], [26.188919954813425, 44.44427412962048], [26.189956306441722, 44.445032005860334], [26.19083388001947, 44.44609743803246], [26.191496615166447, 44.44665759102964], [26.19216916509734, 44.44683953013141], [26.193102280402037, 44.44685485830967], [26.194083501672452, 44.446642805485794], [26.194876267259183, 44.446353722150334], [26.195559486863893, 44.44590413413064], [26.195781623108406, 44.44570426311992], [26.1960187422437, 44.44557312182251], [26.196030660811655, 44.44554934159497], [26.196347259658936, 44.44491784076978], [26.196472308742447, 44.44466840952442], [26.196794390112483, 44.44402595073213], [26.197444639921535, 44.44272884403948], [26.197532864319914, 44.442552852166706], [26.19764762176804, 44.442323926384006], [26.197678482943193, 44.44226236383588], [26.19771647514511, 44.44224242026596], [26.19768858055878, 44.442231889464075], [26.19756430815014, 44.442176157669024], [26.197389934195474, 44.44209796249494], [26.19706584355017, 44.44196073199401], [26.19673733104705, 44.44184948101209], [26.19666133125, 44.44182374284281], [26.196326871180556, 44.4417274007465], [26.195850396897935, 44.441612647588336], [26.195431577737594, 44.44153931203877], [26.194062458906334, 44.44133559637126], [26.193941774727797, 44.44131763823446], [26.193497238340246, 44.44124999075234], [26.19286836255626, 44.44115428659445], [26.192559116284215, 44.440783355321116], [26.192342147879405, 44.4406896727696], [26.192269312029392, 44.44067336108231], [26.1922451828652, 44.44068207672824], [26.191992978044986, 44.44081148776318], [26.1918038980272, 44.44090849538541], [26.191798288787382, 44.44090331655425], [26.191727318328347, 44.440939726519865], [26.19173561529893, 44.44097656696679], [26.1917547521498, 44.44098893793743], [26.191790458454914, 44.44100065659971], [26.191853637936603, 44.441021435904354], [26.19184611193974, 44.441024440623394], [26.191819462449192, 44.441029132707655], [26.191742303105624, 44.441024323795524], [26.19163250791197, 44.44101962604118], [26.191494809344732, 44.441006934030916], [26.191315716785816, 44.44100218584602], [26.190958510551244, 44.44096701842998], [26.190890536492937, 44.440957413675584], [26.19093491830903, 44.44094570312976], [26.19103252607797, 44.44092838068547], [26.191139271548128, 44.4408978661093], [26.191217325630237, 44.44086135461263], [26.191787016288806, 44.44058192721116], [26.19143134338036, 44.4402095219909], [26.191374622369356, 44.44015034189388], [26.19135881231645, 44.440117721014445], [26.191363550328, 44.4401007413514], [26.19110809806874, 44.440060889183506], [26.191136298543036, 44.440011368394245], [26.19106611038353, 44.4398856833499], [26.19147352488878, 44.43968867875951], [26.191570548103638, 44.439638222931336], [26.191432938533286, 44.43947909511242], [26.19103929834634, 44.43967204780281], [26.190822411654363, 44.43948440742122], [26.190873500884223, 44.439445256094935], [26.190737371855562, 44.439367060442706], [26.190360291029904, 44.43911104502571], [26.19019933810547, 44.43891678223116], [26.19026010199649, 44.43889602457362], [26.18986366160039, 44.43840893152787], [26.19030182416161, 44.438259631954715], [26.190208872972715, 44.43811359425532], [26.18991575928005, 44.43823626862939], [26.189417267352358, 44.43759199082619], [26.189239027466797, 44.43737285242486], [26.18919283486205, 44.437393518718615], [26.188978442544798, 44.43720306746958], [26.188814578896974, 44.43702682507842], [26.188279018671388, 44.43645058877957], [26.188226237862857, 44.43647706635831], [26.18810801169419, 44.43635505434958], [26.18816164218414, 44.436327136818], [26.188097948927094, 44.43625352019352], [26.188066699497615, 44.43625617184569], [26.188005660445068, 44.436191896480594], [26.187959565435385, 44.43620995115604], [26.18785513848203, 44.43608819838143], [26.187828078470773, 44.436102164158484], [26.18787698181742, 44.43615050206874], [26.187101090541464, 44.43660685950138], [26.18668229119316, 44.43624989865408], [26.185977234447407, 44.43564893383721], [26.185888490177913, 44.435671162787195], [26.18578600937663, 44.435691232189065], [26.185443000722266, 44.435205865622464], [26.184859758042084, 44.436762598402304], [26.184692498632927, 44.43716983851273], [26.184704142069048, 44.437172218144454], [26.184682845457736, 44.437224751787866], [26.18463821898123, 44.43733481760371], [26.18463263491022, 44.4373486017659], [26.18454091572362, 44.43758205269904], [26.184479000352606, 44.43756625120008], [26.184480774481848, 44.43756332545261], [26.18399652286887, 44.43743644487696], [26.183525319848343, 44.43731298025638], [26.183560664284904, 44.43723294737132], [26.18343926431274, 44.43720158774199], [26.18318235801676, 44.43713520013212], [26.1831455685095, 44.43710962970011], [26.18317389199734, 44.437001391775915], [26.183182587912857, 44.4369223409217], [26.183225374100676, 44.43692849773724], [26.18322623100589, 44.43692678768245], [26.183213510095523, 44.43689691433768], [26.18325065243372, 44.43689368912134], [26.183051426535783, 44.43646599084707], [26.183033912463546, 44.43642839157362], [26.182800758534786, 44.43634390610332], [26.182717645176844, 44.43631910992531], [26.182680030933916, 44.436314599675505], [26.18267062764692, 44.43628538446412], [26.182666509407625, 44.436272584291], [26.18252849843573, 44.435985951960774], [26.18252483612914, 44.43598684543249], [26.182517299946284, 44.4359875005604], [26.182477654663124, 44.43599545896054], [26.182380524321413, 44.43601680113384], [26.182344933534967, 44.43602461792756], [26.18228701620151, 44.436036521156744], [26.1822667918981, 44.43603959550439], [26.18221297902354, 44.43605257165424], [26.18217263156709, 44.436063669415034], [26.18209007459328, 44.43594007980176], [26.18207655494573, 44.43594114869855], [26.182033727882285, 44.43584998418168], [26.181995155631107, 44.4357678562938], [26.18189521655633, 44.43563454861349], [26.181880616133984, 44.435612849103876], [26.181741901734274, 44.435680024445276], [26.18169831081046, 44.43570451248546], [26.18169866492402, 44.43570585881363], [26.1817431856254, 44.43574654108634], [26.181811724599413, 44.43585423950204], [26.18189834244406, 44.43602597423879], [26.181939551862918, 44.436156001013785], [26.181980934937474, 44.43633507751205], [26.181982205302557, 44.43638186566971], [26.181959342155142, 44.436427926014545], [26.181769391322796, 44.43647137418748], [26.181635019945638, 44.436500990637256], [26.181049303166773, 44.43662905079046], [26.180959113052946, 44.436804547857115], [26.18088781075764, 44.43694597878263], [26.180887094176896, 44.43696686695648], [26.180897217882375, 44.4369821873214], [26.180886591763397, 44.437004394413115], [26.180862724474636, 44.43701302386983], [26.180844139109343, 44.437031786277906], [26.180955494861877, 44.43721235272234], [26.18112474315291, 44.43749285428051], [26.180952186589494, 44.43794719773902], [26.180948506923176, 44.437946633294395], [26.17982749661815, 44.4377740176085], [26.179674720915614, 44.43775390887198], [26.179608345836584, 44.43774419959438], [26.179467459112473, 44.43820042316143], [26.179429609480835, 44.43832299830858], [26.179329654364953, 44.43865203314445], [26.17931184593948, 44.43870586127366], [26.17927629528836, 44.43882477618753], [26.17924655005556, 44.43892098560196], [26.17902397665319, 44.43888122993925], [26.17904494587874, 44.438863495919016], [26.179137411372217, 44.438567507779794], [26.17926563864258, 44.438156238573804], [26.17937075414394, 44.437824017678665], [26.17945748734579, 44.437544622813725], [26.179492094049195, 44.43741951653371], [26.17950815265493, 44.43731256901914], [26.179506320160105, 44.43719131837366], [26.179500673231228, 44.43709553347103], [26.179490635331373, 44.437037595737735], [26.179412740897373, 44.43680980407101], [26.179382612702906, 44.43673935026453], [26.179229707872004, 44.43676328068215], [26.178826944682513, 44.4367032700668], [26.178574455395104, 44.43666462764261], [26.17831672938028, 44.436647622108936], [26.17824376171064, 44.43659233155806], [26.1780596503524, 44.436483544598865], [26.17789582562786, 44.43632350462136], [26.177706608699356, 44.43625508274455], [26.177238572479926, 44.436360697027155], [26.17717980207199, 44.4363739565803], [26.176785208987653, 44.436619511882654], [26.176498409656958, 44.43674669339991], [26.17627512919618, 44.43669451936125], [26.17614321140306, 44.43664296608621], [26.176038209721717, 44.43677466540066], [26.175495083609015, 44.436938352079956], [26.17533080811264, 44.43695671666695], [26.17523481756812, 44.437038675656616], [26.175041532799693, 44.43700061368686], [26.17480729562631, 44.43698909728938], [26.174660276342884, 44.4370029608005], [26.174662278765965, 44.43699702673624], [26.174626330187504, 44.43679064714507], [26.174600462670774, 44.436735475140644], [26.174009257560883, 44.43686817296126], [26.17390774543464, 44.43662004910003], [26.17376888159394, 44.43664701187412], [26.1736327004393, 44.43667494555835], [26.17359484574247, 44.43668270216273], [26.173485200684954, 44.43670720011415], [26.173433440082498, 44.4367161995552], [26.172985331148215, 44.43682257856201], [26.17266845561284, 44.436890598604485], [26.172366052346003, 44.43695932216563], [26.17199070570238, 44.437044995317116], [26.171278585711786, 44.43719333710005], [26.17126342373533, 44.437200793968884], [26.171177693264163, 44.436853689568636], [26.17072108024457, 44.43693924030964], [26.169921452548735, 44.43712734607855], [26.169671001508192, 44.43715634462624], [26.169542153992303, 44.43717002176787], [26.169493793054873, 44.43694777600576], [26.16935319147907, 44.43695044161666], [26.169174367975494, 44.43694460247994], [26.169075541527526, 44.43693393676952], [26.16895766271083, 44.436911660315], [26.168848335363236, 44.4368898440263], [26.168802708754907, 44.43687732103279], [26.1687507525541, 44.43685058025338], [26.168706523826355, 44.43682144621063], [26.168673239896993, 44.43679061455853], [26.168648364347582, 44.43675751760153], [26.168629662497995, 44.43671476230082], [26.168246071825827, 44.43664562274372], [26.16823770779508, 44.43668676873629], [26.16823341046007, 44.43670412082985], [26.168226563187837, 44.43671650421447], [26.168213697753657, 44.43672634892885], [26.168203017419025, 44.43672994279188], [26.168188583598198, 44.43673055148524], [26.168152322551133, 44.43672644536874], [26.16809127275177, 44.436715288057634], [26.167987787577882, 44.436693482361456], [26.16772999506306, 44.436652494578645], [26.167738958114146, 44.43660056008755], [26.167885903899652, 44.436585518340024], [26.168024288362723, 44.43655459868193], [26.1681872380113, 44.43650412752624], [26.16813090122947, 44.43642715635732], [26.168017584159614, 44.436321561084476], [26.167952371784292, 44.43625604020173], [26.167923158333977, 44.43624074560531], [26.16757379699963, 44.43616574073035], [26.16770380301501, 44.43580951239532], [26.167765900543706, 44.43564138169343], [26.167776087501263, 44.43561379915566], [26.167840023552554, 44.43542084549936], [26.167871454910998, 44.435280385383514], [26.167864621158518, 44.4352548684527], [26.16785312065237, 44.43523898519389], [26.16783135865659, 44.43522254229445], [26.167787233968376, 44.43520842828078], [26.167723955355477, 44.43519505281742], [26.167567182002383, 44.43516676991065], [26.16754568209715, 44.43516765876675], [26.167533940703493, 44.43517094855495], [26.16741338972986, 44.43549585674857], [26.167364358797247, 44.435529305856235], [26.167295042322564, 44.43554664765032], [26.166402743761665, 44.43538040293016], [26.166330438120387, 44.435382825627705], [26.166291901971324, 44.435409118392904], [26.165981997353057, 44.436277684689095], [26.16591256000003, 44.436261680867084], [26.166089166085097, 44.43576769997783], [26.166219135148413, 44.43540424657254], [26.16621919884806, 44.43537750610371], [26.166184018704154, 44.435340366169456], [26.165665546758735, 44.43523781009379], [26.16572323670002, 44.4350879976125], [26.164843236689677, 44.43492183834122], [26.164823352058807, 44.43498608088362], [26.16471660537873, 44.43499733692646], [26.164687503036788, 44.43499185064634], [26.164392143413494, 44.434931857099585], [26.16422797585068, 44.43488932655691], [26.16278236253817, 44.43462040716366], [26.16277080029647, 44.43464448522696], [26.162287823064705, 44.434559250816385], [26.162273936654433, 44.43459082303087], [26.16198040074848, 44.434540092645776], [26.161974032049905, 44.43456009393376], [26.160892272007004, 44.43435355761222], [26.160870927313777, 44.43442224261078], [26.160723274759054, 44.43439625028704], [26.160713740563164, 44.43442503237816], [26.160621142362324, 44.43441396209755], [26.160534439896047, 44.43441187627052], [26.160439730558736, 44.43467557874839], [26.160469221229633, 44.434680414103234], [26.160404558968303, 44.43486089655187], [26.159831634969883, 44.43471258622831], [26.1598222574099, 44.4347135018031], [26.159782516482274, 44.43470740377063], [26.15972139358963, 44.43469303860163], [26.159722438420758, 44.43468939173737], [26.159720833348704, 44.43468890424655], [26.159787083149002, 44.43449415843579], [26.159636529703995, 44.4344688155736], [26.15958163456519, 44.43465727922904], [26.15945217285903, 44.43462324075249], [26.159477569052818, 44.434614951119194], [26.159533816780836, 44.434417500328266], [26.159530954833002, 44.434403192362865], [26.15956458822173, 44.43428512267413], [26.1596415271858, 44.434037102350395], [26.159481484234725, 44.43401015592566], [26.15933429181458, 44.433988234174926], [26.159174981978012, 44.43454745809832], [26.159147701812756, 44.43454761280804], [26.159072125680918, 44.43452783384549], [26.159051425105595, 44.434519712590095], [26.159056270448485, 44.43449886312107], [26.15906374647012, 44.43447264042638], [26.159110043659794, 44.43431012326744], [26.1591163530326, 44.4342814735016], [26.15910512253617, 44.43426138346158], [26.158677960148495, 44.43419289380689], [26.158677394419094, 44.43419976682848], [26.158656052393585, 44.4342818797621], [26.158614094218418, 44.43427606513311], [26.15860831313859, 44.43429535816], [26.158552056054123, 44.434286828488645], [26.15855160069445, 44.43429043327806], [26.158505039846723, 44.43428372991751], [26.15849140643738, 44.43428162905952], [26.15847217176282, 44.43436298226315], [26.158452648848556, 44.434353444746186], [26.15834820240269, 44.43432903004644], [26.158379514552443, 44.434215988741], [26.15843959941376, 44.43399295630839], [26.158210963737112, 44.43395802818973], [26.158030335829682, 44.43392428014652], [26.157760652540148, 44.433866858406084], [26.157431535937828, 44.433785871989464], [26.157330664768974, 44.43375424640895], [26.15719357157475, 44.43372409087189], [26.157032654434094, 44.43369290183425], [26.156926596703258, 44.43366571229466], [26.156824000216155, 44.43391140211205], [26.156820103392466, 44.43393261075051], [26.156815810055498, 44.43393148480564], [26.156727963625805, 44.433909841227006], [26.156721294430636, 44.433906741616376], [26.15674039904721, 44.43386524322992], [26.15675983158453, 44.43383197671423], [26.15684436775025, 44.43362785564253], [26.156827935650426, 44.43361267894155], [26.156842295705957, 44.433585809688516], [26.156115989497092, 44.43342076711412], [26.155950218443447, 44.43338923934263], [26.155834404024844, 44.433408041239844], [26.15568990953137, 44.433382063942744], [26.155518364085275, 44.433338759433425], [26.155494854896087, 44.43339434319748], [26.155463275711544, 44.43348862085944], [26.15546589292702, 44.43349324714968], [26.15546124908997, 44.43353115888757], [26.15544932043414, 44.43357476151088], [26.155420346997126, 44.43356810148896], [26.155349477491615, 44.433548631778116], [26.155466607809714, 44.43318952595863], [26.155407199558983, 44.43317722893697], [26.155474790310702, 44.432976657824966], [26.155358096843635, 44.432957082133754], [26.155352916811918, 44.4329562082351], [26.155282586199025, 44.4329341228839], [26.155284121369757, 44.43292922899748], [26.155284165704103, 44.432915728149645], [26.155280021457177, 44.432902567267355], [26.155270157271804, 44.43289105809304], [26.155258067781748, 44.4328807057725], [26.155242110242824, 44.432873534210444], [26.155021932812122, 44.432837261874695], [26.155003114924668, 44.43283718481294], [26.154984585424998, 44.43283959786372], [26.154897092149838, 44.432775135004874], [26.154754821751528, 44.43275167629141], [26.154521198921742, 44.43271315484055], [26.154012842595904, 44.4326293296461], [26.15402269848628, 44.43259070756057], [26.15396603486618, 44.43258308880285], [26.15395512518112, 44.43262618580763], [26.153932103843825, 44.432622551522826], [26.153871358501785, 44.43281831742292], [26.153845918364002, 44.432816219940165], [26.153798387154755, 44.43281934386759], [26.15377859721441, 44.43284546731661], [26.15368466830983, 44.4332296784417], [26.15356088843022, 44.433220703769216], [26.153566424588792, 44.43318086592344], [26.153600721542073, 44.43307281758002], [26.15360254898108, 44.43307312287501], [26.15363228345052, 44.43297816262334], [26.153656105120778, 44.43288148986727], [26.15333640094595, 44.43282911498424], [26.153401361860087, 44.43261159759054], [26.15341965693736, 44.43256027078521], [26.15331050524706, 44.43255221709449], [26.15332509929806, 44.43250866842099], [26.15326457917375, 44.432499135739086], [26.15321737737422, 44.432492310762505], [26.15322130953765, 44.43247974214499], [26.153208658982972, 44.43247839561115], [26.15308292132141, 44.432465012337154], [26.152918030598563, 44.43244787063241], [26.152843957485842, 44.43244016938502], [26.152495781906318, 44.43240675004821], [26.15240598466481, 44.432394168340906], [26.152222719714214, 44.43237895154144], [26.15223086969, 44.43234291214234], [26.152137421828684, 44.43233496669519], [26.15213171492095, 44.432371323109926], [26.15165455894884, 44.43233128206025], [26.151410007910968, 44.432309022265734], [26.151267485219996, 44.4322960425411], [26.150955749636086, 44.432266998162234], [26.15094189754455, 44.432265231638425], [26.150857190549893, 44.43225719582284], [26.15084199556573, 44.43226621631543], [26.1507183797048, 44.43225525680033], [26.150580458462127, 44.432242472209765], [26.150521110058936, 44.43223623818461], [26.150358773705598, 44.432221713627406], [26.149708444067212, 44.43216208406445], [26.14964085542977, 44.43215329660306], [26.149590603688694, 44.432150344346894], [26.149590306609692, 44.432153092457085], [26.149338626342317, 44.43213038791401], [26.1492962172977, 44.432127040498294], [26.14917633346906, 44.432115492201554], [26.149172667034737, 44.43214147734505], [26.149166811530705, 44.4321830912654], [26.148987997448362, 44.43221353610852], [26.148644964008966, 44.43218016944086], [26.14774430731257, 44.43209624205753], [26.14765327691451, 44.43208726923581], [26.14757257247473, 44.43208024320534], [26.147557557662147, 44.43208380726211], [26.14753945669552, 44.43211225246083], [26.147519829250278, 44.43218088134647], [26.14750996223044, 44.43222169001535], [26.147519932981844, 44.43222346049831], [26.147461418694448, 44.43247323763275], [26.147437843990446, 44.43247144371192], [26.147368593250867, 44.43274167073873], [26.147330767613504, 44.43274080496865], [26.1473695179907, 44.43258250980036], [26.147455001921, 44.43227010422788], [26.147491961830784, 44.43211276328375], [26.147495218865583, 44.43209459459095], [26.147487332656507, 44.432081399548125], [26.147466276869544, 44.43207107473362], [26.147418827408135, 44.43206627491278], [26.14721776791171, 44.432047343125404], [26.14699799807238, 44.43202613542479], [26.14673702413851, 44.432002781685725], [26.14640253039983, 44.43196983428283], [26.146395607772497, 44.43196975172959], [26.146389403839024, 44.431991352474945], [26.14637951035936, 44.43202009196835], [26.146362932449005, 44.43208611553791], [26.146354030907563, 44.43211293688073], [26.146290552657284, 44.432359037789965], [26.14627164736403, 44.432426156060075], [26.146217660842165, 44.43265052373174], [26.146036212178036, 44.43262803318415], [26.145956829946748, 44.432623737618734], [26.14598594365061, 44.43261220012514], [26.145999720327072, 44.432590513362236], [26.14605122251364, 44.43239730295497], [26.146079560435787, 44.432278166288214], [26.146088141112934, 44.432245921078824], [26.146151484852687, 44.432022151288606], [26.146161295172792, 44.43202216847415], [26.146164668149968, 44.43200856177135], [26.14615529848909, 44.432006695050376], [26.14616979760234, 44.431954922066225], [26.146168185331888, 44.43195469546402], [26.14576273761706, 44.43190659164239], [26.145715626695388, 44.43190808783977], [26.14566770925532, 44.431941156110035], [26.1456095025685, 44.43228865386673], [26.145514017116287, 44.43229002991408], [26.145460005044306, 44.43238450580136], [26.145430071358287, 44.4325842288057], [26.14542379163088, 44.432584265658726], [26.145339872405202, 44.432574129626055], [26.145366874986433, 44.43239953815799], [26.145112809314494, 44.43237939550068], [26.145115075907956, 44.43236508905725], [26.1451183017054, 44.43227044559982], [26.145132759224325, 44.432193049454504], [26.144915694311102, 44.43217522129034], [26.144961897131463, 44.43195906961742], [26.144969979334263, 44.43191113312188], [26.144946468970822, 44.43191067006469], [26.144915826950477, 44.43190400631089], [26.14488773907, 44.431893752489536], [26.14486720395381, 44.4318830528898], [26.144855266332623, 44.43187646002638], [26.14481010696046, 44.43185407634005], [26.144784220111475, 44.4318420630756], [26.1445964783282, 44.43181623208437], [26.144568959852034, 44.431821416832335], [26.144464522698264, 44.4318267710581], [26.14416264614533, 44.43180053282548], [26.144022054279542, 44.431791034434774], [26.14390968725523, 44.43178221228058], [26.14386605161479, 44.431779055284224], [26.143662282664724, 44.43175829062249], [26.143595353409175, 44.431752921942326], [26.1431962991876, 44.43172751463046], [26.14310327111208, 44.43173115876398], [26.143041543730696, 44.43173604225598], [26.142958926717437, 44.4317376905744], [26.142945850641638, 44.43171796869396], [26.142858272607903, 44.431707561936335], [26.142711179866605, 44.431704680049144], [26.14266101843257, 44.43201206145539], [26.141729247426163, 44.43194147000712], [26.141726101556923, 44.431958998379194], [26.14167430446245, 44.43195408720209], [26.141571244599906, 44.43194587940664], [26.141557380450315, 44.43198930211066], [26.14142781648181, 44.43197787067434], [26.141292882400958, 44.431964189433074], [26.141273873915534, 44.4319614389358], [26.141159525942896, 44.4319527961126], [26.141185558021125, 44.431677466749605], [26.14080851272264, 44.4316463738677], [26.140593223613084, 44.43179803010811], [26.140570614561497, 44.43192734061197], [26.140470538927655, 44.43191821957012], [26.140443665033054, 44.43209561655918], [26.140543349888365, 44.43210465158065], [26.140531613828305, 44.43217577337742], [26.140514340809574, 44.432178225325245], [26.14050107150031, 44.432274149330595], [26.14015947348886, 44.43225345966233], [26.140028462178233, 44.43223259550195], [26.13922456429373, 44.43210456808702], [26.139169140503554, 44.432095742226565], [26.139059880617626, 44.43207834347706], [26.13897893368079, 44.43206545278467], [26.13839793713078, 44.431943081227324], [26.138259161778624, 44.43226454140741], [26.138060973452156, 44.43225670658072], [26.138019118606213, 44.432273194869246], [26.137945289802904, 44.43229764735268], [26.137929118325083, 44.4322769301382], [26.137908287384672, 44.43225752002395], [26.137831036295143, 44.43216739784848], [26.137813198158092, 44.43214559942235], [26.137812152094675, 44.43213456668445], [26.137806959112357, 44.4321221627942], [26.137795618580522, 44.432110127005835], [26.137779832621653, 44.432100062169866], [26.137717978504572, 44.432086412510586], [26.13771411439983, 44.43209558678861], [26.137592138403217, 44.43206886388716], [26.137527889099253, 44.43221953782847], [26.13711175199452, 44.43212705861419], [26.136966813767156, 44.43209515767703], [26.13697111275069, 44.432083818976686], [26.13673083108161, 44.43203365549055], [26.13670254499893, 44.43211997428229], [26.136671127917637, 44.43220612665494], [26.136643612849845, 44.43229333767662], [26.1366094536125, 44.43238121874785], [26.1366026297522, 44.43239766804932], [26.13657147265, 44.43238776713713], [26.136457140441507, 44.432347330508605], [26.136351432151432, 44.432299579572046], [26.13625047048087, 44.43225942186849], [26.136177991732698, 44.43237884817297], [26.136132590924543, 44.43236448267666], [26.136164801288373, 44.43231035433376], [26.136161905803025, 44.43230938451024], [26.136166454307578, 44.432302426444735], [26.136156563774176, 44.43227530945548], [26.136144374282512, 44.43226991524644], [26.136058991601182, 44.432407058100836], [26.135723252241146, 44.43229767947414], [26.13569390975186, 44.4322880660335], [26.135609486492562, 44.43225534622669], [26.135491440898647, 44.43222469332426], [26.135156576930143, 44.43211436817106], [26.13504834416071, 44.432077432753445], [26.134864602861413, 44.43201075613782], [26.134869713352618, 44.431995944249884], [26.134947702703172, 44.431707240671855], [26.1347992174334, 44.431687136015235], [26.134798285164198, 44.431690835507325], [26.13472766670312, 44.43199674519955], [26.134724991872183, 44.43200894047526], [26.134699196976207, 44.43202775881648], [26.13467140630206, 44.43203384390759], [26.13448973795619, 44.432017106162505], [26.13437166076126, 44.43201424516674], [26.13431189887659, 44.43201372193011], [26.134190426985825, 44.432016457078795], [26.13407410166788, 44.43201581919322], [26.133960477959185, 44.43201907809844], [26.133923263798202, 44.43201925290235], [26.13358834889319, 44.432020825457954], [26.133432065014702, 44.432023253084346], [26.13326104165488, 44.432015775505334], [26.133127230709803, 44.43201059642286], [26.133034209375154, 44.431993477604415], [26.132963739633333, 44.431983665100134], [26.132800416864406, 44.43194736259485], [26.13266308988136, 44.43192875395569], [26.132650199951073, 44.431921566364814], [26.132640647002646, 44.43191416521514], [26.132632191348208, 44.43190506998624], [26.13262641325314, 44.43189608283849], [26.132620966158022, 44.43187898314312], [26.132617025116154, 44.43170531807306], [26.132619385273344, 44.43157569084047], [26.13244694873123, 44.4315767944732], [26.13245706176729, 44.4315865030706], [26.132462337009542, 44.43159932038512], [26.132462180726534, 44.431616998433654], [26.132458807585888, 44.431842452433955], [26.13244178727574, 44.431858463968545], [26.13236447536262, 44.43185715310274], [26.13236462406831, 44.43185320050119], [26.13221941941821, 44.43184922390456], [26.132210091016574, 44.431848156632896], [26.13220841678289, 44.431853744610954], [26.132184255830786, 44.4318527634154], [26.13216361263485, 44.43184925379218], [26.132037744941282, 44.43184044748795], [26.1319647373939, 44.431880647212516], [26.131940911105765, 44.431896124045906], [26.131917936802317, 44.4319159844317], [26.13191318465664, 44.431932457626], [26.131864705816152, 44.43199821450657], [26.131828584361752, 44.4320401045647], [26.13181843354037, 44.432050286826986], [26.131800079094624, 44.43206296357796], [26.13178107880262, 44.43207023766888], [26.131712434069154, 44.43208179062291], [26.13154891609859, 44.4320984006926], [26.13132297687785, 44.4321088962599], [26.13129172555041, 44.43210568201911], [26.131280609457374, 44.43210055551391], [26.131268877796852, 44.432090287050784], [26.131184622627128, 44.43209427424241], [26.131185022183693, 44.432078096794626], [26.13116780480513, 44.432008913820205], [26.131021356978497, 44.432030661852906], [26.131054381717803, 44.432121349716695], [26.131046378844523, 44.43212704622179], [26.130822264865603, 44.432153812895244], [26.130768262578474, 44.43216456126409], [26.13056611478054, 44.43219634506608], [26.13052774679802, 44.432189547940006], [26.130492392155325, 44.43217111924827], [26.13040455162564, 44.43211827830954], [26.130363138382197, 44.43210540952268], [26.13032237964408, 44.43210160639684], [26.130319837619407, 44.43208850955163], [26.13029369475146, 44.43209473903011], [26.13029632856735, 44.432101606787704], [26.130281738073684, 44.4321018701899], [26.13026233878736, 44.43209452263446], [26.13024268178545, 44.4320810574972], [26.13018806842243, 44.432128028690855], [26.130156190089917, 44.432160218376055], [26.130159850233778, 44.43216625681796], [26.13015681139611, 44.43217915765115], [26.130092456807052, 44.43224765610332], [26.1300732557654, 44.432238884488136], [26.1300127880612, 44.432240175098684], [26.1293643684008, 44.432254075990016], [26.129171149154647, 44.432258137028896], [26.129069622912073, 44.432370883664206], [26.128940696762058, 44.43254518744799], [26.12872643056327, 44.43246589141226], [26.128679712519663, 44.432452805153346], [26.128538593164382, 44.43243166441475], [26.128462589464387, 44.43261717375214], [26.12838799212146, 44.43262628223769], [26.128317891728315, 44.43262702940877], [26.128318403255562, 44.432657112088755], [26.12831893753218, 44.43266003181546], [26.12800541781217, 44.43267423299045], [26.127977645099687, 44.4327907761928], [26.127960441111135, 44.43285154707725], [26.12794130927462, 44.43291458732268], [26.127913463335517, 44.43301579483352], [26.127867474865887, 44.4330105041392], [26.127852166835208, 44.433008767356135], [26.127815236944723, 44.43300809306991], [26.127627003220045, 44.43297679359073], [26.12748707254993, 44.43294644138526], [26.12745455988113, 44.43293845957579], [26.127489368911302, 44.43280457462086], [26.127334449410817, 44.43278818761808], [26.127189914247765, 44.43277290252645], [26.12707611204113, 44.43280254496564], [26.1270667676728, 44.43282966617752], [26.126889032415264, 44.43280850270299], [26.126924508676918, 44.43269397077004], [26.126895319447904, 44.432671528169244], [26.126777669023667, 44.43265580259652], [26.126602071884747, 44.43263023416946], [26.12657242531152, 44.43273390740902], [26.126190503873335, 44.43268390485885], [26.126042419671236, 44.43266372164816], [26.12605070753272, 44.43257457244043], [26.126031616381592, 44.432553999727425], [26.125801609955566, 44.4325421772691], [26.125636868729313, 44.43254448958783], [26.125588618400535, 44.4325681653338], [26.125551967008853, 44.43277347597643], [26.125405838902182, 44.43275957255049], [26.12531739714934, 44.43275116784332], [26.12529702117521, 44.432805930833915], [26.125293911979114, 44.432823665361454], [26.12528979049582, 44.432880399032584], [26.125282306131954, 44.43298508356493], [26.125266860927955, 44.43298597587075], [26.125252764477693, 44.43304586026314], [26.12521210586295, 44.43304205428605], [26.12520201500101, 44.43309218740431], [26.12524303041439, 44.433096898845236], [26.125242438813736, 44.43310716502632], [26.12553644472529, 44.43314217283105], [26.12553805030061, 44.43315109402556], [26.12552793590656, 44.43318451396692], [26.125526270346374, 44.43319380985426], [26.125268347829916, 44.43316181667255], [26.124959563731274, 44.43312776577238], [26.124865228403806, 44.43311732250774], [26.12486535372507, 44.433118599290104], [26.12456684398134, 44.43308643377207], [26.124197503595283, 44.43304201401348], [26.124128294039092, 44.433031751394], [26.124029529521753, 44.43304868535069], [26.12393803065883, 44.433063314669575], [26.123937744532295, 44.4330653965792], [26.123804810359736, 44.433306453153456], [26.123516451708813, 44.433758045326556], [26.123431907966424, 44.433883766790885], [26.12339719427644, 44.43386852456829], [26.12336092661665, 44.43385282081914], [26.123319416244072, 44.43383752034726], [26.12328922819793, 44.43382440201984], [26.123245076862283, 44.43380893885029], [26.12319500495092, 44.43379260767176], [26.123153150455497, 44.43378028064841], [26.123049815935975, 44.433751484098636], [26.122875596572385, 44.43370315251778], [26.122869731597024, 44.433701266927976], [26.122914820891683, 44.43360072584299], [26.12293024995467, 44.43356405808079], [26.12295549190629, 44.43351847226393], [26.122862202699032, 44.43348687533586], [26.122859953066193, 44.4334848727065], [26.12273352152538, 44.433441950717146], [26.122709519387943, 44.433480233935285], [26.122504278558477, 44.43341459749393], [26.122526632580538, 44.4333800568412], [26.12245374976923, 44.43335916451546], [26.122453956010546, 44.43335490534873], [26.122379685322088, 44.433340164965436], [26.122408433228937, 44.433258390393284], [26.122318756362944, 44.43325755583425], [26.122329223125618, 44.43312568809861], [26.12223640804363, 44.43312494774298], [26.12224334908385, 44.43293889772111], [26.12212885931986, 44.43294813846293], [26.122117569606353, 44.43319622541842], [26.12198191632235, 44.433183572241866], [26.121983084674895, 44.43316545213084], [26.1219117298888, 44.43316438075716], [26.12190798809746, 44.4332557524146], [26.12183501944195, 44.433256317107215], [26.121830195190793, 44.43325627514807], [26.121832087522826, 44.43333246129817], [26.121828486171633, 44.43338445552346], [26.121749126458585, 44.43336119718028], [26.121751682452913, 44.43334402627895], [26.121718223240812, 44.433339022319686], [26.121716129190773, 44.43333273400633], [26.121363371336184, 44.43333696610904], [26.121363102572264, 44.43331014808328], [26.1213515500736, 44.43325203155992], [26.121343399864568, 44.43321455470857], [26.121340388417497, 44.43321471968898], [26.121338360316688, 44.433202760564264], [26.12109979559993, 44.43320440603706], [26.12109635224755, 44.433173218490545], [26.121092854435346, 44.43309062214389], [26.12076602119665, 44.4331601790853], [26.12073065598074, 44.4331695941724], [26.120736800058545, 44.43320987209745], [26.120752866178666, 44.43320860522631], [26.120803709855053, 44.43354612118786], [26.12079001758077, 44.433547382448], [26.1207952669698, 44.433579731065585], [26.12073922156208, 44.433584383779234], [26.120512063255184, 44.43360301496283], [26.120514221819395, 44.43361782587872], [26.1204429452653, 44.43362341296742], [26.12042611048818, 44.43362585746942], [26.12039965936552, 44.433664245547796], [26.120108885244473, 44.43372408167363], [26.120130996085273, 44.4337015502344], [26.12009876146515, 44.433491922286414], [26.120091583659867, 44.4334922906648], [26.119896166994767, 44.433502468777256], [26.119889270194847, 44.433397342603826], [26.119779663120386, 44.43341100552695], [26.11978437504202, 44.43345973995719], [26.119701871045123, 44.43347062231791], [26.119653887568056, 44.43347710240734], [26.11963933155466, 44.43339806302436], [26.119505482671162, 44.43341437868453], [26.11950350052718, 44.43340672118359], [26.119462683384143, 44.43341223894933], [26.119467132779754, 44.43343249926046], [26.1194404809792, 44.4334352391782], [26.119426405771623, 44.43338881183883], [26.118971073369483, 44.43340860009174], [26.11898370615497, 44.43346229600262], [26.11888039040421, 44.43347718258818], [26.118889125712734, 44.43351771387839], [26.118861665312277, 44.433517617616594], [26.118861813530373, 44.43351878617482], [26.118699853838823, 44.43353452505398], [26.118683334611095, 44.433488346901306], [26.118674011660808, 44.433455741636806], [26.118548639000423, 44.43347454605019], [26.118566268332046, 44.433508634886095], [26.118589823991297, 44.43357961082942], [26.118518060752447, 44.43359056567101], [26.118494745267498, 44.43359305623182], [26.118496651116253, 44.43359547637176], [26.118452644325387, 44.43360170045798], [26.118441243444956, 44.433563616663115], [26.118394917044718, 44.433434950263376], [26.118362192663692, 44.43336010520499], [26.118202974792265, 44.43337081202118], [26.118204143341515, 44.43339421902749], [26.118138573411066, 44.433394806883676], [26.11813879407815, 44.43342571149286], [26.11798215538291, 44.43344314256976], [26.117953822067857, 44.43332120960027], [26.11779990477452, 44.43331435779025], [26.117875932663633, 44.43360657892272], [26.11783439821248, 44.43363933791939], [26.11781789331875, 44.4336952491402], [26.117839710968404, 44.43374198685594], [26.117958908137492, 44.434113908635275], [26.117870051176453, 44.43407172432074], [26.117717520158042, 44.43398591758886], [26.117700071355937, 44.43397610045758], [26.117697857495425, 44.43397659043539], [26.117572639145997, 44.433925451416336], [26.11748846698703, 44.43391181406605], [26.117434903376786, 44.433903219171306], [26.117228196298186, 44.43387003351903], [26.11722573369921, 44.43387325302488], [26.117087517936895, 44.43382875854233], [26.117103149518375, 44.43367037044816], [26.117005228340826, 44.43366154020327], [26.117006293683175, 44.43365231340187], [26.116941799558955, 44.43364683273616], [26.11680175323827, 44.43363824898258], [26.11677546626897, 44.4336364755356], [26.11672655945781, 44.433635493336844], [26.116663243962066, 44.43363250289223], [26.116655235204952, 44.433632123268936], [26.11664601555057, 44.43363213365793], [26.116565299401557, 44.43363221371715], [26.116411445627968, 44.43362738442885], [26.116428163317888, 44.43352711817099], [26.11643548749754, 44.43348292644823], [26.116439637461838, 44.43345194252293], [26.116348714585545, 44.43344252933771], [26.1162144412497, 44.43348246189522], [26.116184481296994, 44.433387347305626], [26.115830261043566, 44.43332557787192], [26.115898709325418, 44.43356010288388], [26.115877085108007, 44.43358254766156], [26.115396090903296, 44.43358035407603], [26.115367871241713, 44.43355131073781], [26.11533407662914, 44.43359272239487], [26.115319675633, 44.43363344701789], [26.115298928281508, 44.433733942003144], [26.115275608376763, 44.43380851478883], [26.115230402857225, 44.43391062894028], [26.115224548134634, 44.433923854239666], [26.115012712599206, 44.43383764993891], [26.115010013874336, 44.43383253751941], [26.11508955854396, 44.433686342427684], [26.115037842863348, 44.433675838055386], [26.11505652641226, 44.43361486556106], [26.114967321829386, 44.43359489498206], [26.114871371517157, 44.433576854142046], [26.114865761559198, 44.4335758026345], [26.11489473351925, 44.43350248803208], [26.114929254521144, 44.43341990226551], [26.114837621984705, 44.43340428472689], [26.114782221396528, 44.433394833732734], [26.114675060141618, 44.433373177576144], [26.1146732373, 44.433372448594284], [26.11468195626694, 44.43334906972339], [26.114746693585086, 44.43317299663242], [26.114750743778718, 44.433169374460995], [26.114762821981348, 44.433163224782625], [26.11473860684007, 44.43315748825831], [26.114576562968498, 44.43314148722999], [26.114603961459398, 44.43316966586549], [26.114613897363096, 44.43317944980661], [26.11461422325202, 44.43318202064787], [26.114560672362018, 44.43333110829486], [26.114558744819274, 44.433330812358136], [26.114374993704867, 44.43330040043539], [26.114367467223076, 44.4333217874347], [26.1143528994811, 44.433381270058845], [26.11433830324967, 44.43337929939362], [26.114326580959887, 44.43343652180975], [26.114343667313364, 44.433439952881834], [26.114278574684047, 44.43367915686392], [26.114266922559274, 44.433712644973895], [26.114091578018357, 44.43365376270418], [26.113957182956927, 44.43362813609179], [26.113928227219358, 44.433667141411426], [26.11392849191135, 44.43369197042772], [26.11393774342862, 44.43375361151968], [26.113913125432152, 44.43377001036539], [26.11386097220892, 44.43382026133038], [26.11397805026083, 44.43388263624132], [26.113976331378606, 44.43388469629129], [26.113880730646617, 44.43397351087759], [26.114030901499802, 44.434051209909], [26.11403239164782, 44.43404966513328], [26.11403593039569, 44.434051439183534], [26.114037317506163, 44.434052370490036], [26.11396268246887, 44.434125596412954], [26.113900021797058, 44.43413184117366], [26.113790391067887, 44.43421681631043], [26.113790822177805, 44.43425224595311], [26.11373066144218, 44.434295690852295], [26.113668238814718, 44.434340400112], [26.113627487882834, 44.43437224977537], [26.11352969113724, 44.434332076475016], [26.113496544951442, 44.43432048781165], [26.113462900143826, 44.434307140022085], [26.113461447654096, 44.434309989451236], [26.113323932746, 44.434256780208955], [26.11323967087013, 44.43435982854808], [26.113206951825852, 44.43434106239557], [26.11308289664033, 44.43428296772878], [26.113082197411646, 44.43428383865977], [26.11300165132351, 44.434245807509456], [26.112821450863635, 44.43440198671127], [26.112769615905655, 44.43437615508388], [26.112689518099618, 44.43442931860411], [26.112771033150832, 44.43448963397461], [26.112835468888886, 44.43453448461136], [26.112846833320994, 44.434545397626096], [26.112921764946776, 44.43466111133641], [26.112711679596178, 44.434727853313994], [26.112770673341764, 44.43482280801892], [26.112744805915543, 44.434832414774995], [26.112658677605996, 44.43486009518883], [26.112661504106736, 44.4348646753886], [26.11265894363141, 44.434864781680716], [26.112500198129695, 44.4348715786457], [26.11230538589016, 44.43488148558374], [26.112289421188517, 44.43485017841629], [26.112167939118454, 44.43488016957422], [26.11211400855458, 44.4348172233884], [26.112053802361775, 44.43478196983168], [26.112033481380312, 44.434764502983725], [26.11200319433305, 44.43474612648478], [26.11195956776489, 44.43472124848308], [26.111872531184094, 44.43467164329591], [26.111653927866403, 44.43487822291666], [26.111620218033206, 44.43490919234395], [26.111584939402622, 44.43488207176556], [26.111562477823117, 44.43487478721359], [26.111475789714618, 44.435011933022686], [26.1115066460219, 44.43505077956681], [26.111503886280634, 44.43505228283419], [26.11110574606756, 44.434976117476154], [26.111200758438304, 44.43482368845931], [26.11122419638519, 44.43479615056907], [26.11116052844739, 44.43476832887311], [26.11115700268938, 44.434772458754175], [26.11105415819441, 44.43472056080012], [26.110976048461584, 44.43467200090826], [26.110972869333715, 44.434675866358496], [26.110944993314167, 44.43466331594728], [26.11089889135518, 44.43463575288082], [26.11086189630745, 44.43462061030819], [26.11085754216908, 44.43462673739894], [26.110787856443192, 44.43459884883322], [26.110714002720147, 44.43456650120674], [26.110717166708096, 44.43456250090988], [26.110613730104202, 44.43451635954169], [26.110618679540764, 44.43451048759803], [26.11040956241397, 44.43442037776185], [26.11036354796017, 44.43447782076364], [26.110275670151154, 44.434612655302296], [26.110270367876087, 44.43461061950834], [26.11019176248468, 44.434727920151616], [26.109949530015705, 44.43462387945322], [26.110062499667265, 44.43446253525605], [26.10981368645601, 44.43439907814242], [26.109660653854178, 44.43433237297667], [26.109571263429, 44.434454567538545], [26.109545728133856, 44.43444287575004], [26.10967208400624, 44.434272768884505], [26.109526744537956, 44.43417097687601], [26.10930263449173, 44.43434620434151], [26.10929755557325, 44.43434402229903], [26.10877829807319, 44.434120591641644], [26.10863754584009, 44.43406141441582], [26.10868139429082, 44.433953160169885], [26.10867853633609, 44.43395216227168], [26.108730444437377, 44.433876436502395], [26.10873498426608, 44.43387802086076], [26.108815739868632, 44.43376664023399], [26.108829107392786, 44.433747770185825], [26.108826275770884, 44.4337468350338], [26.108625011970354, 44.43365919167853], [26.108374139320983, 44.433973023130434], [26.10833277978526, 44.43396342181353], [26.108321244114318, 44.43395269903813], [26.108315683790146, 44.43394046843631], [26.108148294062577, 44.43399031140016], [26.10812414938312, 44.434012491460976], [26.10809814637509, 44.43402356551774], [26.107866667611283, 44.4341323509243], [26.10786226014571, 44.434127840155945], [26.10781909834897, 44.43414743510475], [26.10782261913339, 44.434152215601216], [26.107813029858967, 44.43415719702599], [26.107807323163687, 44.434162239270975], [26.107800755566988, 44.4341715200876], [26.10779889354993, 44.43417989060767], [26.10780011034814, 44.434188329853164], [26.107801788897763, 44.43419202143904], [26.107634641500248, 44.434345741850066], [26.10764315112997, 44.4343466932045], [26.107733663801085, 44.43453143284033], [26.107734064746147, 44.434534002962046], [26.107571736096766, 44.43456225775323], [26.107577018090396, 44.434588819486905], [26.107433044131888, 44.43473923367379], [26.107395429293433, 44.43477958244819], [26.107352299969495, 44.43482583556369], [26.107313313423475, 44.434869338872765], [26.107335057304862, 44.43488509153596], [26.107269792597485, 44.43493517129435], [26.107228784972694, 44.43496694014525], [26.107216635973327, 44.43498191892738], [26.107054791754027, 44.43491350578805], [26.107021032495652, 44.4349387411689], [26.10698287490068, 44.434991443446336], [26.10697441085103, 44.4350014088667], [26.10701343611482, 44.435017657790006], [26.107041597203718, 44.43502938734913], [26.107045053899444, 44.43503082041614], [26.10705443680315, 44.435034733307965], [26.107001760408597, 44.435088208287546], [26.106940755191985, 44.4351652826722], [26.106886584643686, 44.435239148788796], [26.106795441823085, 44.43520583444822], [26.106793677568987, 44.435198975610106], [26.106784669128242, 44.43521856760513], [26.106740377943073, 44.4352684769898], [26.106713285524194, 44.43529487080929], [26.106711922104722, 44.43529582922751], [26.10661323986768, 44.435409427478454], [26.10661479927615, 44.43541017717889], [26.106604200254733, 44.43542214359312], [26.10668649450337, 44.43545845209163], [26.10672473636026, 44.435475761839115], [26.106783811598138, 44.43550062508448], [26.106758904395903, 44.4355276544619], [26.10673231118013, 44.43555650944309], [26.10669998798216, 44.43554391167162], [26.106677786509643, 44.43553510255363], [26.10666821045269, 44.43554735593183], [26.106684258940476, 44.435554308450726], [26.106685100875442, 44.435561545360876], [26.106671896480893, 44.43557718246779], [26.106681489349597, 44.43558156134019], [26.10663336009691, 44.435635729492645], [26.106606778626038, 44.435684897836616], [26.106595544337473, 44.43570568171078], [26.10656016724844, 44.43570023307581], [26.106511421839958, 44.43578786106472], [26.106494415622915, 44.43582276897476], [26.1064588845257, 44.43581977888181], [26.10644242424278, 44.43584776924879], [26.106432003870786, 44.43586054391218], [26.10642019178737, 44.435870173164446], [26.106468550777148, 44.435878545412336], [26.10643717737039, 44.43597337392338], [26.106215861159235, 44.435933012355534], [26.10596282161174, 44.435849004706476], [26.10594456335112, 44.43586903845218], [26.105949632122602, 44.43587003271601], [26.105936223059985, 44.4358835206913], [26.10593939418724, 44.43588512760027], [26.105842912455294, 44.435996345506034], [26.10583585518071, 44.435994497735486], [26.10582757625485, 44.43600562228024], [26.10582936982898, 44.43600876375275], [26.10582507028135, 44.43601580813344], [26.105765849101232, 44.43603193283957], [26.105702608034687, 44.43625500313671], [26.10571545449935, 44.43626529930557], [26.105746496526944, 44.436298916461354], [26.105757897351523, 44.436333464420805], [26.10575711671298, 44.43639578064021], [26.10575164275845, 44.43662652813702], [26.105747800174626, 44.43667389803768], [26.10574395942803, 44.43668851610141], [26.10573481069986, 44.43670671435351], [26.105708661865844, 44.436738498801525], [26.10566014897098, 44.43676218653606], [26.10561209231367, 44.436774259481574], [26.10556628636411, 44.43667014441491], [26.10560033267353, 44.43666180908062], [26.105599883318572, 44.43663107772262], [26.105592181831433, 44.43662970427055], [26.105594949481585, 44.43652873058592], [26.105572968690808, 44.43652819028934], [26.1055734305154, 44.43649255386693], [26.10559755034682, 44.43648802404413], [26.105596712929216, 44.43639362890477], [26.10560417988819, 44.43639324961423], [26.10560509139949, 44.43637982133329], [26.105603750137178, 44.436373399336084], [26.105566807153803, 44.43634322413769], [26.105520562513686, 44.43633507375795], [26.10551808537395, 44.436346114342555], [26.105464566647694, 44.436338575337786], [26.105448897604, 44.43633570502288], [26.10539616875774, 44.43632808623285], [26.105401917904448, 44.43631209942178], [26.105444455912515, 44.43619534510531], [26.105176742324137, 44.43614475351236], [26.105146217445977, 44.436140147851724], [26.105124366833504, 44.43614378229541], [26.10510936201266, 44.4361526597104], [26.10490924734909, 44.43610755147491], [26.104688756526762, 44.43621558350568], [26.104475693924222, 44.43614169275093], [26.104412731571305, 44.43617637588329], [26.10440132848758, 44.43616534539891], [26.104304407898773, 44.43621692179173], [26.104288669807417, 44.43622529777225], [26.104253995229474, 44.4362437506199], [26.104157929767734, 44.43628946835807], [26.10414426624373, 44.43629597173836], [26.104158037561067, 44.43630840377202], [26.104248469879746, 44.43634982471599], [26.104440117423735, 44.43642093508436], [26.104535958460474, 44.43645580641094], [26.104623617977573, 44.43648014571751], [26.10481677851214, 44.436529671576814], [26.104816822693362, 44.43652968284381], [26.104734986792632, 44.43668684000023], [26.10470093195245, 44.436756154375416], [26.104674987722188, 44.436816567187705], [26.104674958868802, 44.43681663497235], [26.10491118243759, 44.43700521397098], [26.104911250051575, 44.437005268209155], [26.10489070907512, 44.43701618894303], [26.104838373444736, 44.43705120639613], [26.104838321348193, 44.437051241107895], [26.104873819831965, 44.437088716396104], [26.104873878809116, 44.437088778819266], [26.104634472504387, 44.437201753767376], [26.10452608881544, 44.43724516884286], [26.10446947102222, 44.437265024928855], [26.104469432345446, 44.43726503880847], [26.10448238031597, 44.4372911727184], [26.10448241560168, 44.43729124437432], [26.10440489436073, 44.43731627619291], [26.104394690517335, 44.437336347724646], [26.10437463367426, 44.4373427014037], [26.104357746699986, 44.43736993332562], [26.104310464950274, 44.43740249612685], [26.104262998834844, 44.43743849790097], [26.104230941151737, 44.4374791718421], [26.104220821683345, 44.437496956473886], [26.10420795163331, 44.43751371413925], [26.104186637159057, 44.437537365042324], [26.104176427199803, 44.43758975371958], [26.104162874719393, 44.43765932598508], [26.104081342120242, 44.43790899749565], [26.103995191026986, 44.43792284352528], [26.103939158275644, 44.43804577317833], [26.1032603441449, 44.43788250067396], [26.10315367596227, 44.43804447556735], [26.10273041209562, 44.437847612159636], [26.102806687105197, 44.437739306531995], [26.101824376916156, 44.437473452230805], [26.101652781007488, 44.437648590809], [26.101652714471157, 44.43764865896134], [26.10156981118865, 44.43762614107625], [26.101442561839985, 44.43787515421975], [26.101526291179187, 44.43789947496788], [26.10161403081917, 44.43791128933031], [26.10164716523976, 44.437915750730106], [26.10185376725591, 44.437945058143164], [26.101852736647192, 44.43795228280201], [26.101935209043738, 44.43796211258269], [26.102091814618294, 44.43800770938673], [26.10207987772087, 44.438020671282985], [26.101945989776684, 44.438274253663955], [26.10171798095696, 44.438598769125996], [26.101590921490384, 44.43855349939643], [26.101420528345002, 44.4384827991662], [26.101344054919398, 44.43844790233872], [26.101167588706957, 44.43841870172599], [26.101159267857412, 44.438473868021966], [26.101161712094836, 44.438518774141315], [26.101161716251806, 44.438518860502846], [26.10118320534305, 44.438563732566486], [26.101223684852844, 44.43860439049239], [26.10127728719608, 44.438629959949694], [26.101275579308258, 44.438644897214715], [26.101275570768482, 44.438644976500136], [26.101249083507525, 44.438654678462086], [26.101249046085012, 44.43865469232823], [26.101268452187387, 44.438688599066815], [26.101268492476795, 44.43868866977475], [26.10116217122925, 44.43873261134303], [26.101162132584964, 44.43873262702119], [26.10117958098644, 44.438758592214036], [26.101261559973718, 44.43888058539327], [26.101261609106576, 44.43888065871482], [26.101156003137646, 44.438911318855226], [26.101063965422217, 44.43891030500312], [26.101014000013414, 44.43890131340909], [26.100989253390445, 44.43895771125321], [26.100989216099464, 44.438957798019786], [26.101038025183946, 44.43896048817029], [26.101057787082357, 44.43896386451275], [26.101080058587183, 44.439008984557], [26.10108609939256, 44.43901813454239], [26.1011652972696, 44.43901590960005], [26.10116534749217, 44.43901590820912], [26.101137518594154, 44.43906474092679], [26.10113748092635, 44.43906480789663], [26.101155860740565, 44.43907529440696], [26.101166574636185, 44.439063923203435], [26.101192460710028, 44.43906261714596], [26.10124048496339, 44.43920549155387], [26.10140443244571, 44.43918560573945], [26.101409099183574, 44.43919535865656], [26.1014473272459, 44.43919250803923], [26.10146257853569, 44.43920210526544], [26.101462606510466, 44.43920212299233], [26.101315264883034, 44.43965633772956], [26.10089970622747, 44.439584379964785], [26.100901034914486, 44.43962553220045], [26.100901035286014, 44.439625617698894], [26.100828847518198, 44.439761462363464], [26.100752325439043, 44.43985421756286], [26.100740445499135, 44.43988023808233], [26.100744564268776, 44.439954390277116], [26.100748688462268, 44.4400286288213], [26.100748692670134, 44.44002871788234], [26.100707289626115, 44.44003579968524], [26.100703399658975, 44.440114301637315], [26.10070454009926, 44.440114355296195], [26.10098403748722, 44.44012744921282], [26.10098071638243, 44.44042285820272], [26.100791407880315, 44.44042262638999], [26.10068565553742, 44.44064222829647], [26.100685082721977, 44.440643418322466], [26.10089952101385, 44.44069538463868], [26.100924160974028, 44.44064462469466], [26.100963130730882, 44.4406099467075], [26.101130370165485, 44.44064529051274], [26.101130409256594, 44.44064529823084], [26.101014650334328, 44.44087109951153], [26.100945682832965, 44.44101158659923], [26.10079838137605, 44.4409642025025], [26.100781127215356, 44.44098627944051], [26.100775320790873, 44.44131867663868], [26.100775318530257, 44.44131875586272], [26.10080047004213, 44.44131688736354], [26.101209662517054, 44.44131995707438], [26.10130243419129, 44.44113939762819], [26.101633224730378, 44.44124194216425], [26.101594644605306, 44.441347386239826], [26.101551344600303, 44.441339280119124], [26.101456148944333, 44.44163479904177], [26.101452737282685, 44.441634226682595], [26.101445187951928, 44.441665008358434], [26.101323157917996, 44.441657046344794], [26.101295402975094, 44.441867990425465], [26.1012953957938, 44.44186807509774], [26.10136066250276, 44.44187533115482], [26.101352038054724, 44.441930798351], [26.101352028447092, 44.44193088754715], [26.101273569554124, 44.44192344273644], [26.10124609284884, 44.442086215784585], [26.10124608430857, 44.44208629507001], [26.101169872283982, 44.44207823330773], [26.101146161963225, 44.442243598482456], [26.10114615598632, 44.44224368044289], [26.101346845072342, 44.44227887430905], [26.10132866815472, 44.44243791947514], [26.10132866224662, 44.44243800503504], [26.10177092146504, 44.44250254593345], [26.10197987037837, 44.4425342252132], [26.101975309227207, 44.44257109875128], [26.10195469209441, 44.442638537502134], [26.10202048561247, 44.4426491928144], [26.10202530181221, 44.44265371601696], [26.10201857106029, 44.44266626786997], [26.102053635231194, 44.44267678364078], [26.10210055119796, 44.44268768387166], [26.102102947337265, 44.4427038509369], [26.102463751168138, 44.44275445978427], [26.10245461361292, 44.442871917550406], [26.102770160591948, 44.442883815504445], [26.102998926242382, 44.44289667295568], [26.10281142654847, 44.44311217481523], [26.103169948174266, 44.44302364225229], [26.1033669462807, 44.44347681132343], [26.10330893940381, 44.4434885352006], [26.103419381265248, 44.44380121677398], [26.103272043490694, 44.44385610849583], [26.103414835058544, 44.44407674386098], [26.10326567732827, 44.44413426526297], [26.103213284608707, 44.44430139233692], [26.103213263286573, 44.444301460047434], [26.103305680038083, 44.44439279115801], [26.103305751753858, 44.44439286245753], [26.102964649233602, 44.4444964424685], [26.102959711498656, 44.44449794164641], [26.102985981585263, 44.444561553668976], [26.102985987124793, 44.44456158061543], [26.102972816340543, 44.44462951907504], [26.102972802846423, 44.44462960200925], [26.102956914001826, 44.44476093317927], [26.102956906822644, 44.444761017851725], [26.103180324210246, 44.444785797733346], [26.103240850534636, 44.44467111905186], [26.10337605666825, 44.444647304277844], [26.103566778560488, 44.444600601582735], [26.103565431259504, 44.44487867232311], [26.10356543032744, 44.444878755134305], [26.103584264583617, 44.44487988737522], [26.103855545281583, 44.444896203955835], [26.103797489723604, 44.44513380008565], [26.10379746755805, 44.445133889405106], [26.10381418933754, 44.4451357128221], [26.104230269018885, 44.445181089894206], [26.104273364012773, 44.44541450424112], [26.104273376933506, 44.445414588716666], [26.10418293108695, 44.44585593201082], [26.10416440184751, 44.44608130114499], [26.104164401019407, 44.446081389355406], [26.10420697194151, 44.44635542601425], [26.10420698489666, 44.44635551228945], [26.10352592504181, 44.446415314592656], [26.10349077249096, 44.44659218219636], [26.103490759134637, 44.446592272329426], [26.103676886194975, 44.446577147681126], [26.103708892063057, 44.44678033921794], [26.10370890257405, 44.44678042911722], [26.103897053568808, 44.446766190603014], [26.10390814223881, 44.44684145167359], [26.10390815016915, 44.44684153799815], [26.103751638875597, 44.44684360695851], [26.10373531662758, 44.44691597750576], [26.10366950116273, 44.44691214465535], [26.103659213185182, 44.446955156731576], [26.10363844696044, 44.447042009866216], [26.10363843339812, 44.447042089201055], [26.10338935229666, 44.447013144214715], [26.10336318729587, 44.44711535776066], [26.103363170153575, 44.44711544703077], [26.103311040939584, 44.44714310763778], [26.103290628196085, 44.44724351068977], [26.10352862991602, 44.44727021356236], [26.103493995761095, 44.447415813799374], [26.103334418907576, 44.44739249105073], [26.10330638924421, 44.4476064993939], [26.103245563661133, 44.44760260932583], [26.103220815198686, 44.44770329873], [26.10322079425312, 44.44770338623733], [26.1032393710352, 44.44770566049095], [26.103414886602486, 44.4477271532348], [26.103376487270182, 44.44785765732665], [26.103367439025295, 44.447910677191075], [26.103353259991852, 44.44800427353647], [26.103338715952027, 44.4480033017419], [26.103288669143943, 44.44799995685208], [26.10328864801116, 44.44800042957112], [26.103282929575244, 44.448125034347754], [26.103389576528542, 44.44813387578702], [26.103403188813466, 44.44813500430435], [26.103417420243588, 44.4481361843577], [26.10340920541479, 44.448242283919434], [26.103397495253787, 44.44837024327079], [26.103397434897683, 44.44837089907866], [26.10345833155729, 44.44837247981384], [26.103476715948386, 44.44837295676788], [26.103472118709558, 44.4484778841749], [26.10348203561089, 44.44855160153124], [26.10348432061327, 44.4485898877301], [26.103503631265923, 44.44869628471617], [26.103512673857324, 44.448746113223606], [26.103941516087332, 44.44872590421788], [26.10395943561175, 44.4487250599148], [26.103962301244326, 44.44881209196538], [26.10397100192252, 44.448875312531705], [26.104070359540867, 44.44886555108186], [26.10408640307699, 44.44886397452342], [26.1041080624254, 44.44897723717363], [26.1041080728687, 44.44897732347345], [26.10406543111594, 44.44898499013877], [26.10399283313183, 44.44899567830106], [26.103627388281875, 44.44903947350906], [26.10365428012372, 44.44914860158302], [26.10365489025202, 44.44915107606971], [26.10339907174189, 44.449180322342265], [26.102953826866802, 44.44917017456414], [26.10289327819323, 44.4493889337762], [26.10289285615525, 44.449390455346375], [26.103201161942806, 44.44941370314848], [26.103376314874712, 44.44941493731241], [26.103629193160508, 44.4494228809502], [26.103748296144808, 44.449433018483155], [26.104064118420105, 44.44945276840133], [26.104078270433835, 44.44945365394361], [26.104017985283537, 44.44966284575567], [26.103985479459393, 44.44984068663722], [26.10386352428878, 44.449828159833295], [26.10382501360401, 44.449824204432296], [26.103824921736784, 44.44982505225414], [26.103823930666824, 44.449834147697246], [26.103808131453935, 44.449832938951786], [26.10378813957047, 44.449831408570745], [26.10370038826442, 44.449824694546066], [26.103649860972077, 44.450154555666344], [26.10332219001455, 44.45012735230693], [26.103308979191823, 44.45029587059709], [26.103308767937545, 44.45029856103475], [26.103371394754703, 44.450306289142404], [26.103389104977598, 44.45030847465983], [26.10338681669933, 44.45051523147617], [26.103381345293403, 44.45068760168457], [26.103348625918883, 44.45086893386208], [26.103174403100745, 44.450856490638344], [26.1031565730532, 44.450918881117495], [26.103103380552376, 44.45108755414925], [26.103074386575646, 44.451199863898985], [26.10305701745329, 44.45119594514665], [26.1028442432742, 44.45114793461315], [26.102666733804753, 44.4511078803629], [26.10259516440233, 44.45127317521014], [26.102541097487375, 44.451436685894926], [26.102527429414806, 44.45143471449364], [26.10238545439874, 44.45141423767122], [26.1023853080676, 44.45141460271231], [26.1023446537407, 44.451516580690324], [26.101511465634726, 44.451369112917206], [26.101437888309626, 44.45156690847526], [26.10143786319687, 44.451566975322415], [26.10149085319305, 44.45159940082044], [26.101703732647334, 44.4516193501664], [26.101703770403937, 44.45161935339732], [26.101691238050154, 44.4517102036654], [26.10168455528909, 44.45185699436804], [26.101683583617714, 44.451924354394144], [26.1016188380526, 44.45233154768617], [26.101520003408734, 44.45257646705927], [26.101132938520635, 44.452516382267966], [26.10109591468771, 44.452661348107476], [26.101124169592087, 44.45272484310479], [26.10117304629272, 44.4527558005201], [26.101278062202663, 44.45280727513506], [26.10143170812724, 44.45284495212125], [26.101437724431968, 44.45319472328311], [26.101173130253798, 44.45319389582988], [26.101177433260528, 44.453246696829595], [26.101019088690446, 44.453252318716196], [26.101022976292693, 44.453437553177054], [26.10102533260319, 44.45350116268296], [26.10102537699659, 44.453502371880234], [26.102171708145022, 44.45349880865604], [26.102261837009458, 44.45349852816019], [26.102257912436098, 44.45355550652178], [26.10220230682494, 44.4538465869923], [26.101968103804637, 44.453899056862326], [26.101927627864193, 44.453915867354574], [26.101873617884763, 44.45395991708993], [26.101808601103688, 44.45401131962317], [26.101718858612575, 44.45408208398928], [26.10161585052816, 44.45416834678252], [26.101554406850124, 44.454219217418846], [26.10151591947202, 44.45425487460558], [26.101462955108786, 44.45431096702969], [26.101434037286968, 44.45435485224963], [26.10140314429843, 44.454409298741695], [26.101362018016285, 44.45448716755766], [26.101343682763417, 44.45453626034459], [26.10133154901568, 44.45457627247772], [26.10130844443727, 44.45457943149434], [26.101269135025156, 44.45471983052719], [26.10123588920371, 44.454718468832425], [26.10085444335017, 44.45470284863096], [26.100854263019922, 44.454706113876895], [26.10083205158038, 44.45510837213553], [26.10120348875618, 44.455115077415925], [26.101202793039317, 44.455573962846586], [26.101180730384325, 44.45557636283247], [26.101179823339653, 44.45593202037501], [26.101262466543435, 44.45593694218981], [26.10130610909042, 44.456107544332575], [26.101349081628516, 44.45630937931799], [26.101375397981233, 44.456482518760936], [26.10147367428589, 44.457018197855355], [26.10149907155516, 44.45713720446191], [26.10113175749712, 44.45711925270597], [26.101098653358537, 44.45759491903222], [26.10109734021024, 44.45783152639693], [26.101082343179616, 44.45783104653786], [26.100972394731073, 44.45782752901951], [26.100968965799225, 44.45782741942108], [26.100981031608292, 44.45804173117958], [26.101000389790773, 44.45816216944902], [26.101034874056246, 44.45845113688459], [26.101034879471147, 44.45845122323386], [26.10079509249619, 44.458475527615796], [26.100811749278343, 44.458583199379646], [26.10081175968431, 44.45858328388019], [26.101078381215068, 44.458557506702576], [26.10108937927453, 44.45855644340145], [26.101358937708834, 44.45995022761377], [26.10134359640608, 44.459951758204106], [26.10103655429028, 44.459982383383654], [26.10104886046881, 44.46007008831812], [26.101431848840722, 44.46003230987111], [26.101596687622457, 44.46092162898627], [26.101596699372262, 44.460921717973775], [26.10126514567259, 44.46095170496858], [26.101270249628413, 44.461052765526055], [26.101270253684607, 44.46105284648852], [26.101455294333157, 44.461032251606184], [26.10152125794923, 44.46132733200444], [26.10152126954464, 44.46132741289325], [26.10148699400829, 44.461336446691334], [26.101515298549707, 44.46147594545166], [26.10139583754288, 44.46148780280437], [26.10140895657677, 44.461563776959444], [26.10152987393744, 44.46154722073353], [26.10159329908354, 44.46188412031496], [26.10159330816619, 44.4618842012283], [26.101460146856724, 44.46189751292065], [26.10147224755127, 44.461979391280174], [26.10147225549725, 44.46197947850483], [26.10175800563873, 44.46194656641503], [26.101826262942026, 44.46230650963974], [26.10182627457238, 44.46230659232813], [26.10153538506327, 44.46233587282904], [26.101543774608512, 44.46239611399539], [26.10154378503345, 44.46239619939569], [26.10184809277777, 44.46236400748864], [26.10196281781875, 44.46298691516841], [26.10196283323623, 44.462986998719906], [26.102028690699136, 44.46332232087742], [26.102028703655158, 44.463322407152994], [26.10171070168354, 44.46335001369648], [26.101761708353752, 44.46358455345621], [26.10176172129227, 44.46358463883191], [26.10181346493439, 44.46388879000187], [26.102129379866888, 44.46385894543596], [26.10213770847527, 44.46389354188719], [26.102189287290678, 44.46417680766217], [26.102189297768398, 44.46417689576199], [26.102189929903542, 44.46422848884102], [26.10218993535513, 44.46422857699003], [26.10220586551122, 44.464321315319104], [26.102205879638557, 44.464321397083054], [26.102459287285715, 44.465549006682956], [26.102459305269182, 44.46554909290931], [26.10250154026923, 44.46578150145143], [26.10250155067907, 44.4657815859518], [26.10211729183497, 44.4658185666673], [26.10218108137608, 44.46611707016201], [26.1021810929906, 44.466117151950606], [26.102452658235467, 44.46608737941729], [26.10251181219513, 44.46644161347218], [26.102511822502095, 44.46644169257346], [26.102337988533638, 44.466473629585884], [26.10235261258912, 44.46655056186806], [26.102352624272644, 44.46655064725601], [26.102555053819238, 44.46651239126661], [26.102620804376503, 44.466868517384874], [26.10262081597472, 44.46686859827355], [26.10245673828932, 44.46689767422255], [26.102485117835304, 44.466972454955794], [26.103284887380873, 44.46683247663387], [26.103432541178105, 44.46707020861917], [26.10343258400346, 44.467070279301666], [26.103031384472477, 44.46721073194007], [26.10303133327805, 44.467210749541614], [26.103142543395805, 44.46737217190177], [26.103142589939406, 44.46737223984794], [26.102724983306416, 44.467511969981466], [26.102724939599774, 44.46751198480953], [26.102785286836294, 44.467600943916004], [26.10303406192816, 44.467508747777366], [26.103126030783457, 44.46763971538962], [26.103252634930605, 44.467595637464406], [26.103363784602973, 44.46775698190636], [26.103363829821724, 44.46775704626533], [26.102972784072023, 44.467881145718714], [26.102972729107147, 44.46788116335723], [26.10303624861247, 44.46797455720318], [26.103256783101635, 44.46790169862494], [26.10345429573018, 44.46826002088114], [26.103454337385678, 44.46826009607523], [26.103268206375407, 44.468306977416354], [26.103268157607427, 44.468306990494106], [26.10332768657559, 44.468391580517014], [26.103519332897083, 44.46833541801981], [26.1036705889626, 44.46862001381733], [26.103726597627354, 44.468715027993184], [26.103726640488688, 44.4687151004753], [26.103581029343466, 44.468756757704185], [26.10362593899307, 44.468849427163555], [26.105040573801933, 44.46844092524943], [26.10519300598203, 44.46872036567146], [26.105193043749814, 44.46872043460289], [26.103817088015575, 44.46911356962685], [26.10381703676815, 44.46911358452927], [26.103871793278163, 44.46919729490115], [26.10406687205276, 44.46914305450836], [26.10413811033624, 44.46925878993026], [26.104326518951474, 44.46919870488603], [26.104463744969127, 44.46945591261924], [26.10446378277086, 44.46945598335065], [26.104113786854438, 44.469555028216675], [26.104113738102807, 44.46955504219472], [26.104114473103333, 44.469556079921105], [26.104181335454612, 44.46965056902534], [26.104513174891682, 44.46954889924336], [26.104571173780833, 44.46966315222674], [26.104695818610576, 44.469897385696356], [26.104696276249925, 44.46989824703329], [26.10469631665158, 44.46989832223929], [26.10439024703165, 44.4699957843892], [26.10439020081024, 44.469995799242604], [26.10444181670724, 44.47007529921585], [26.10480493966627, 44.469962379468576], [26.10486049958939, 44.470054004412084], [26.105208685165486, 44.46994571283785], [26.105476398524754, 44.470396114952614], [26.105476441389463, 44.47039618743412], [26.10476724981616, 44.47060295156251], [26.104767213561743, 44.470602961818166], [26.104808713785243, 44.470688780872706], [26.105148726576495, 44.470579938710635], [26.10521314050892, 44.47068518672536], [26.105361634068604, 44.47092842613814], [26.10536167817312, 44.47092849770746], [26.10529122570435, 44.47095053194649], [26.105291189467025, 44.47095054310223], [26.105360323822747, 44.47106702564321], [26.10536036925292, 44.471067100799644], [26.105095582843877, 44.4711499494004], [26.105129889185434, 44.47122209372059], [26.10538331592321, 44.47114444251], [26.105447492733976, 44.47125793514889], [26.105538780267324, 44.47122965634375], [26.10574874311556, 44.47158756642086], [26.105748785964284, 44.47158763800236], [26.10542115405426, 44.47169167497895], [26.10542111408083, 44.4716916879714], [26.10545828438335, 44.47175331701842], [26.105808404919262, 44.47165147311918], [26.106216917243497, 44.471528207657144], [26.106341408315043, 44.471723193526785], [26.106341451061297, 44.471723259708945], [26.105978860490104, 44.471852069086445], [26.10597881803782, 44.471852083903435], [26.106080278397776, 44.472023650656446], [26.106080326429197, 44.47202373028721], [26.10562729216385, 44.472049081901304], [26.10550652726927, 44.472054330328675], [26.105462945009705, 44.472056224919655], [26.105500580449196, 44.472143265182645], [26.10554122021101, 44.472332522337446], [26.105549551666524, 44.472584325045986], [26.105494749471088, 44.47280037624218], [26.10535096024612, 44.47314291403251], [26.105224222707122, 44.47345667082134], [26.10517304353102, 44.47355687027628], [26.105172996273858, 44.4735569625422], [26.105076214844395, 44.47380186240441], [26.104969001461804, 44.4740009200228], [26.104739845791727, 44.474321678234176], [26.104201431967198, 44.47504351692132], [26.103815956309358, 44.47556603417709], [26.103806345471835, 44.47560717123258], [26.103806336242826, 44.47560721452424], [26.103823941820416, 44.4756651602578], [26.103892124098337, 44.4757179232355], [26.103892150886345, 44.47571794367369], [26.10381863751264, 44.47587313767464], [26.10381859402174, 44.47587322990311], [26.104047661142978, 44.47584495452688], [26.10486338399259, 44.475792241209525], [26.1049052267454, 44.47613723519903], [26.104905235921176, 44.47613732061136], [26.104762669965467, 44.47641073187507], [26.104583991885804, 44.47674964250761], [26.10458395671155, 44.476749709454275], [26.105933700653754, 44.477143791122074], [26.10593375753794, 44.47714380766435], [26.105414459511348, 44.477774625114726], [26.10502376939656, 44.47816686331754], [26.104635718723483, 44.478507354356154], [26.10398138808563, 44.478999830007176], [26.103596982428304, 44.479269638782775], [26.103306042503796, 44.47918947106142], [26.103254869745765, 44.479267272460476], [26.103125216626765, 44.479233072593495], [26.103125260327374, 44.479232991163464], [26.103166210455253, 44.479155516700295], [26.10316617126903, 44.479155505383616], [26.102861905458433, 44.47906674753017], [26.10281476391256, 44.479148311879506], [26.10272887927922, 44.47912528365341], [26.10272892308338, 44.479125207622694], [26.102775521647892, 44.47904403743392], [26.102775472338234, 44.47904402261598], [26.102285899806528, 44.478899027510316], [26.10174276121706, 44.479850130441015], [26.101742719856155, 44.479850202847395], [26.10236151476924, 44.480055029170146], [26.102361575494637, 44.48005504927672], [26.102255183997155, 44.48016564812252], [26.102260625575976, 44.48024085675714], [26.10226062973817, 44.4802409431188], [26.102726757561403, 44.480487582589646], [26.1027268235898, 44.48048761704446], [26.101936207577268, 44.481094191734236], [26.10183997495969, 44.48132652088219], [26.10178340391638, 44.481598946209594], [26.101783392874836, 44.48159902641979], [26.101783280252263, 44.48172296001496], [26.101783279300378, 44.48172304192655], [26.101666578952578, 44.48172957303811], [26.101662405656057, 44.48192813227074], [26.101662408423284, 44.48192821144588], [26.101712925200804, 44.482277757904164], [26.101712940674815, 44.48227784415525], [26.101817212039325, 44.482702702949865], [26.10181723126719, 44.48270278826429], [26.10217692850657, 44.48467315857464], [26.102432101002666, 44.486132551586174], [26.10243211143353, 44.48613263698654], [26.102693868106027, 44.48612378592753], [26.102793862093453, 44.48600499065214], [26.102793847959777, 44.48600490888814], [26.102710783876724, 44.48566820870015], [26.102710785686327, 44.48566817178142], [26.102852526119808, 44.48494735442538], [26.10285254217122, 44.484947273266016], [26.103240132846597, 44.482925535756465], [26.10318064150393, 44.48292117788646], [26.103180653731954, 44.482921094064466], [26.103616952634816, 44.48079524790204], [26.10361694225491, 44.48079516520136], [26.10360844919488, 44.48073792759666], [26.103806136532, 44.48070045583066], [26.102965016859144, 44.48493059223023], [26.10296500327023, 44.484930670665356], [26.10561761751419, 44.48473099843766], [26.107623270330862, 44.4829459167681], [26.107684248188505, 44.48298260098843], [26.107684304149885, 44.48298263463933], [26.105754479012784, 44.48477265440168], [26.10569758611086, 44.48487189404646], [26.105699924794152, 44.484949531569036], [26.10569992644792, 44.48494961795521], [26.105778239069988, 44.484988034895764], [26.105481810777594, 44.48758115871646], [26.10548180358025, 44.48758124248945], [26.106812914205825, 44.48744365945197], [26.109335077810734, 44.487033453835295], [26.109398345262285, 44.487255089671905], [26.110742559694206, 44.48710870979871], [26.110818806677944, 44.487569210654996], [26.11081881595097, 44.487569300566186], [26.11475165858298, 44.48712117496256], [26.114834808362804, 44.487385612092076]]]}}, {"type": "Feature", "properties": {"id": 3170, "natCode": 179169, "name": "BucureșTi Sectorul 3", "natLevName": "Sectoarele municipiului Bucuresti", "countyId": 40, "countyCode": 403, "county": "București", "countyMn": "B", "regionId": 8, "regionCode": 886, "region": "București-Ilfov", "version": "2025-03-26", "displayName": "Sector 3", "sectorNumber": 3}, "geometry": {"type": "Polygon", "coordinates": [[[26.225572529271922, 44.43240762489153], [26.22555270604134, 44.4323441047959], [26.225532882855074, 44.43228058469688], [26.22552451219725, 44.43225135902238], [26.225509743224233, 44.43219979576], [26.22549240658509, 44.432139270010275], [26.225475532608744, 44.4319835005377], [26.225459551880505, 44.43183597464044], [26.22539597769726, 44.43164490542827], [26.22542791846141, 44.43154050526147], [26.225290988308906, 44.43139382253928], [26.22523843227988, 44.43126744469893], [26.22518920924299, 44.43116207603146], [26.22500318278428, 44.4307638577281], [26.22480083764807, 44.43033069823726], [26.22477323421201, 44.43033506651694], [26.22476317397649, 44.43030900297535], [26.224744039574645, 44.430259428459046], [26.224682838558756, 44.4301008710344], [26.224617906112382, 44.42993264100346], [26.224592099431135, 44.42986578278924], [26.224536854403656, 44.42972266269104], [26.224520096969755, 44.42967926531995], [26.2244719231982, 44.429554450572], [26.224423265478627, 44.42939430581894], [26.224418197963626, 44.42937896585929], [26.22438747377843, 44.42928597103203], [26.22415482495604, 44.4285818037074], [26.22414051110795, 44.42853870374173], [26.224059108224154, 44.42837474666084], [26.22385915580689, 44.427972013999984], [26.223858449163284, 44.427970671630284], [26.223833041404763, 44.42792204896703], [26.223621196259224, 44.42796737195235], [26.223578864586777, 44.42788285080922], [26.223565876371108, 44.42784598259515], [26.22355654923521, 44.427819496977584], [26.22349421363141, 44.42769537569694], [26.22347778453585, 44.42766268499355], [26.223428854089057, 44.42753872408609], [26.223359379006123, 44.42737274781024], [26.223343507897926, 44.42733733293339], [26.223304242765234, 44.42722732549869], [26.223282836807833, 44.42719744291558], [26.223259256224075, 44.42716450583685], [26.22324381889902, 44.42710089724881], [26.22321542413315, 44.42701907772814], [26.223186313296225, 44.42697472348887], [26.223170935737468, 44.42695129345006], [26.223147505535007, 44.42695812710889], [26.223080111732198, 44.42684595895887], [26.223004641852498, 44.42671654385184], [26.222987881701954, 44.426683613668104], [26.222935383822644, 44.426696172070784], [26.222788906803764, 44.42641489139427], [26.222748760030623, 44.42634568277768], [26.222106576388164, 44.42648852985085], [26.221741530509572, 44.42656469941077], [26.221356506043914, 44.4266434784959], [26.22120466182538, 44.4266602633698], [26.221063652512658, 44.42661557544944], [26.22090035029172, 44.426351332346684], [26.220951268641738, 44.42623656646145], [26.220963013300704, 44.42616344661832], [26.22096482542231, 44.42601902595803], [26.22095690237045, 44.42597509131116], [26.220797132399973, 44.425482363867594], [26.22199939489356, 44.42518371119948], [26.22206711855969, 44.425166037864976], [26.223048895736202, 44.42487530375905], [26.224460754156677, 44.424457188858256], [26.224297326769555, 44.4240788820426], [26.224000048624017, 44.42414641112169], [26.223343688045844, 44.422665388517764], [26.223199497323364, 44.42234002353461], [26.223183889516868, 44.42231283208137], [26.22317186002872, 44.42231588781829], [26.2231535111248, 44.42232120825528], [26.22305280525681, 44.42234570262566], [26.222868741377372, 44.4223836123756], [26.222645125634884, 44.421841498550705], [26.222598707930285, 44.42172896838832], [26.222559733393183, 44.42163447954655], [26.222331237958652, 44.42108052331155], [26.222200932856826, 44.42076461247816], [26.222155945770222, 44.42051896913598], [26.221794145386134, 44.419373410776835], [26.221412187062743, 44.418149713338074], [26.22053917696919, 44.41828782754448], [26.21827457443738, 44.41863970436356], [26.217755656358783, 44.41700208530128], [26.217780736210095, 44.41637514994394], [26.2178424476295, 44.41587527722302], [26.21787333621172, 44.41562507138951], [26.21788649200169, 44.415518499641294], [26.21799038462939, 44.41467691972785], [26.218006164387216, 44.414480510067904], [26.21802170148196, 44.41428713253413], [26.21806747879382, 44.41371733769867], [26.21813612234837, 44.41286290849391], [26.21814854633616, 44.412708265029174], [26.218152160368962, 44.41266330273173], [26.218152180091536, 44.41266310631187], [26.218152187382756, 44.4126630351306], [26.21815219471178, 44.41266296574898], [26.21815221568982, 44.41266276931549], [26.218152221971845, 44.41266270984558], [26.218152292912418, 44.41266202370531], [26.21815229705316, 44.41266198180907], [26.218152313672608, 44.41266181692383], [26.21815231890763, 44.41266176736553], [26.218152342913015, 44.41266153579814], [26.218152352449703, 44.412661451992115], [26.21815236276819, 44.41266134567695], [26.218152607199166, 44.41265899935455], [26.218152659435752, 44.412658498372735], [26.21815271062542, 44.41265800730261], [26.218152727188045, 44.412657839717866], [26.218152742874224, 44.41265769014315], [26.21815293289873, 44.412655861026565], [26.218153057302917, 44.412654672541144], [26.218153073884476, 44.4126545058562], [26.218153185573083, 44.4126534291121], [26.218153189798976, 44.41265339126512], [26.21815327331313, 44.41265258663487], [26.218153316164564, 44.41265217665766], [26.218153402876553, 44.41265134499185], [26.218153473826654, 44.412650659301455], [26.218153696175772, 44.4126485166247], [26.21815370767386, 44.4126484066966], [26.218154043805445, 44.41264516745247], [26.218154155569785, 44.412644094307595], [26.21815459413726, 44.41263987562259], [26.21815476860816, 44.41263820237938], [26.21815496915948, 44.41263627684568], [26.21815504424074, 44.41263554880921], [26.218155144468987, 44.41263458379277], [26.218155827372424, 44.41262801428623], [26.21815587859984, 44.41262752501571], [26.21815596738681, 44.41262667262683], [26.218156308734315, 44.41262338292456], [26.218156481016397, 44.4126217250055], [26.21815702721661, 44.412616475521745], [26.218157677662507, 44.412610213276544], [26.21815779234041, 44.41260909959887], [26.21815781124327, 44.41260892388853], [26.21815809517581, 44.41260618742578], [26.218158660127134, 44.41260075503305], [26.21815979619775, 44.41258982537884], [26.218159894294047, 44.41258887838607], [26.218162565195488, 44.41256317613569], [26.21816321246128, 44.41255694182583], [26.218164339145236, 44.41254610317614], [26.218166561177597, 44.41252472682578], [26.218167281581074, 44.41251779150133], [26.218167651347855, 44.4125142413828], [26.218168015671218, 44.41251073092463], [26.218168241179253, 44.41250855941264], [26.218168872871505, 44.412502480076384], [26.218173119386517, 44.41246161687563], [26.218178773459094, 44.41240721279644], [26.218180322882844, 44.41239229873758], [26.218182742123034, 44.41236901759017], [26.218191319764987, 44.41228648114567], [26.218192977861424, 44.41227052637649], [26.2181976774309, 44.41222529942854], [26.218198935663406, 44.41221319481343], [26.21820525887698, 44.41215234557996], [26.218205839297347, 44.41214675371446], [26.218212156404665, 44.41208597294911], [26.218218964009427, 44.4120204590195], [26.218226354432073, 44.411949348698094], [26.21822914627247, 44.41192247509959], [26.21824690998161, 44.41175154362933], [26.218254472350505, 44.41167876279118], [26.218270339836305, 44.411526078341296], [26.2182811962641, 44.411421596109065], [26.21829116120335, 44.41132570440722], [26.21829189634961, 44.41131863571842], [26.21836009930639, 44.41066230157668], [26.218389471203707, 44.41037964798431], [26.218406472644467, 44.41021602939234], [26.218434429466537, 44.409946992357796], [26.21845974139544, 44.409703401683835], [26.21847872414809, 44.40952071791472], [26.218486330922538, 44.409447508174175], [26.21850865124941, 44.409232701321415], [26.218510560558872, 44.40888748314546], [26.218511631453207, 44.40869236845243], [26.218511879712548, 44.40864697365295], [26.218511881247494, 44.40864680803083], [26.218498157383173, 44.40854625305771], [26.21847471535112, 44.408374494750454], [26.218454117643507, 44.408313191548515], [26.21843301899695, 44.40825039701301], [26.218393080317185, 44.40813153282169], [26.218391330962042, 44.40812632797302], [26.21834522944945, 44.40798912212614], [26.21832985123795, 44.40795381380661], [26.21825067024774, 44.40777202007539], [26.218244640923874, 44.407758177133196], [26.21814924828477, 44.407600997211226], [26.2178732160594, 44.40714617423186], [26.217816222243787, 44.40713247556889], [26.217735155890477, 44.407112990768354], [26.217699296187266, 44.40710887205326], [26.217601467380526, 44.40709763536499], [26.217401669111627, 44.407074685376344], [26.21731058895323, 44.40706422331281], [26.217097560082085, 44.40706402364199], [26.216755252260928, 44.40700575810561], [26.2165375755708, 44.40696870547229], [26.216024873046074, 44.406906320013135], [26.215903624228506, 44.40689156630511], [26.215329957654838, 44.40682175900288], [26.214970259190345, 44.406767994068204], [26.21418637725794, 44.40665082096979], [26.21341979355312, 44.40656041553765], [26.21278629984941, 44.40648570111881], [26.212786111034006, 44.40648567795129], [26.211767677167256, 44.40636102243782], [26.2115378594241, 44.40637856867795], [26.211365305739992, 44.40637197535532], [26.211172974939142, 44.40636435962278], [26.211385125742225, 44.40599511792612], [26.211392241468673, 44.4059827343865], [26.211694955201843, 44.40545586243583], [26.211733385771893, 44.405388972788046], [26.211840215313522, 44.4052353943488], [26.21175360412206, 44.40520300631459], [26.21167547109368, 44.40514451525349], [26.21162482151976, 44.40508610107083], [26.211581197152277, 44.405014520362954], [26.211593847907928, 44.40498994756982], [26.211690144576163, 44.40480289980211], [26.211808145788524, 44.40469735050668], [26.211960732574298, 44.404613671315296], [26.211917728473296, 44.404555226290995], [26.21191307888867, 44.40454890681971], [26.211798112504965, 44.404567141891185], [26.20849673118291, 44.405090743195885], [26.208491690689183, 44.40507915541017], [26.20842479409502, 44.404925358077726], [26.20846666589164, 44.40491878858025], [26.208301859678514, 44.40433080399508], [26.208081937497496, 44.403502031742015], [26.208041531923556, 44.40335324040327], [26.208689032679466, 44.40325922404349], [26.208671165311955, 44.40306554059696], [26.20898938669006, 44.40299752614393], [26.20899380504916, 44.403005238759754], [26.20905496247498, 44.403111992535045], [26.209191513891962, 44.40337388299021], [26.209506812298084, 44.40398028294142], [26.209795044848402, 44.403897454315455], [26.20984548162589, 44.40382733034844], [26.21006206375051, 44.40380812427045], [26.210429855762758, 44.40408904718652], [26.210995736751435, 44.40394634100838], [26.211240875579264, 44.40388451971796], [26.211485224922306, 44.40377181153821], [26.21157596593493, 44.403682829608925], [26.211837326221776, 44.40343974573575], [26.21194191917549, 44.403325591841444], [26.211948300492708, 44.40331862714498], [26.212088150913736, 44.40319857560038], [26.21214360086244, 44.4031365310958], [26.21236210287912, 44.40321333302149], [26.212473664219125, 44.40304162324843], [26.21249416276383, 44.40301007343768], [26.212601601518266, 44.402844708125976], [26.21278553533807, 44.40256160336362], [26.212709969343315, 44.40253928457166], [26.21273613937476, 44.40248111648318], [26.212769595631134, 44.40240675580164], [26.21281637534334, 44.402317873659214], [26.21283275459585, 44.402286755160986], [26.21284810628814, 44.402257585489586], [26.21286594401826, 44.40222369628992], [26.21290294331218, 44.40211862621759], [26.21291630334902, 44.402080688303045], [26.212831647632278, 44.40194520963285], [26.21285812976635, 44.40175001862479], [26.2128595086948, 44.401739855945806], [26.212776818255595, 44.40166758311819], [26.21269410322078, 44.401546789928936], [26.212709312351073, 44.40144940500935], [26.212731359902588, 44.40140847187201], [26.212745559986047, 44.40138210830706], [26.212770615270337, 44.40133559319269], [26.21289943278641, 44.40120601022455], [26.2129711839128, 44.401133833614516], [26.21296602412675, 44.401102201866884], [26.21294397295314, 44.40096700030279], [26.212890284935156, 44.40083308720805], [26.21295665930075, 44.40064861339061], [26.213011879775703, 44.400530311007834], [26.2130330122904, 44.40048503872692], [26.213103355732468, 44.40034083436974], [26.21311156185112, 44.40032320350576], [26.21314964334613, 44.40024139375004], [26.213155768803002, 44.40022823414046], [26.213173216586988, 44.40010953215821], [26.213229103666603, 44.39998714175534], [26.213269149185816, 44.39986872462045], [26.213398266087303, 44.399607688608384], [26.213719685277493, 44.39964478830586], [26.214022090791225, 44.39928079701156], [26.214033644829087, 44.39926688940853], [26.214085898791886, 44.39920399365851], [26.2140864502121, 44.399064612817206], [26.21408712622017, 44.3988934650099], [26.214087275060262, 44.398855911494465], [26.214086462842115, 44.39885465481026], [26.214047726891977, 44.398794724572824], [26.214039406228817, 44.39878185115748], [26.213977009861598, 44.39868531618121], [26.21174159043812, 44.39860471508931], [26.211770948300984, 44.398384335845854], [26.211774314781017, 44.39835319462561], [26.211799098711776, 44.398123919209425], [26.211845423856605, 44.39769536882162], [26.211861348110336, 44.39754805175487], [26.21187303207376, 44.397439964870244], [26.21187831344534, 44.39739110397608], [26.211935652315663, 44.39686065169365], [26.21196777335465, 44.39656349093214], [26.211993876734685, 44.39632199960426], [26.212002914339347, 44.39623838957372], [26.2120049165487, 44.39621986253473], [26.212014507350396, 44.396131138887064], [26.212016585313542, 44.39611191351042], [26.212020773773776, 44.39607315819723], [26.212027595637927, 44.3960100503659], [26.21203675611682, 44.3959252986752], [26.212043348665482, 44.395864310178936], [26.21204391754814, 44.39585904518851], [26.21204804411698, 44.395820872859474], [26.212051601686444, 44.395787960121865], [26.21205596895836, 44.395747554930956], [26.21205799429938, 44.39572881523574], [26.21205854414998, 44.39572372055556], [26.21205937292264, 44.395716059591614], [26.212059611577235, 44.395713848352614], [26.21205962312156, 44.395713740224906], [26.212060059605246, 44.39570970609858], [26.212060878683747, 44.39570212174147], [26.212060979514874, 44.39570118192633], [26.212061299224636, 44.395698225491195], [26.21206248018712, 44.39568730083271], [26.21206318172625, 44.39568081757568], [26.212063623335286, 44.395676728492475], [26.212065128253908, 44.39566281045197], [26.212065172335652, 44.39566239776441], [26.21206543426683, 44.395659979268274], [26.212065856978036, 44.39565606679411], [26.21206594527338, 44.3956552477177], [26.212066284890252, 44.395652102962245], [26.212066375413016, 44.395651270361476], [26.212066417399193, 44.395650877497076], [26.212066446830995, 44.39565060447164], [26.21206652518195, 44.39564988000525], [26.21206654783143, 44.39564967275488], [26.212066558346798, 44.395649575438654], [26.212066571014223, 44.39564946099861], [26.212066595150663, 44.39564923483163], [26.212066620466747, 44.39564900505183], [26.212066647784095, 44.395648750949725], [26.21206667614929, 44.39564848693606], [26.212066740850982, 44.39564788997065], [26.212066753929243, 44.39564776517591], [26.212074992222597, 44.395571553880934], [26.212129050669194, 44.395071463321514], [26.21119199271162, 44.395027888937946], [26.208692346166824, 44.39491161245041], [26.205010620166128, 44.39475422498357], [26.204376268719095, 44.39473324541994], [26.197339119188143, 44.39443243772959], [26.194006734068537, 44.394295645534946], [26.191171939085276, 44.394168603859534], [26.188264473783235, 44.39404442679497], [26.185691197095007, 44.39393316292634], [26.183670506796858, 44.39384094594524], [26.18218072527666, 44.393785259652496], [26.180924421356956, 44.39383345249372], [26.18061747361018, 44.393862978783375], [26.179984248336176, 44.393914743183274], [26.179585829336993, 44.393966456719], [26.1792110911011, 44.39401791186492], [26.17778261324617, 44.394318682596285], [26.17493763540753, 44.39503755183033], [26.172702580853393, 44.39559568054864], [26.16192820208657, 44.39831172302391], [26.16197949299895, 44.39840852246763], [26.16181685288791, 44.39844871257137], [26.161724190175224, 44.39847222493661], [26.16097586623903, 44.398662096341994], [26.160622274488603, 44.398748102334274], [26.160433223601114, 44.398793494756546], [26.16016435595334, 44.39886516186422], [26.1597278844899, 44.3989763195037], [26.15944067967372, 44.39904700368222], [26.15935954663372, 44.399067747514096], [26.15920227467909, 44.399107878558915], [26.15842927546721, 44.3993038479145], [26.15769892942697, 44.39948604410428], [26.157080735071144, 44.39964190058977], [26.155985803516472, 44.39991767144615], [26.155326366483475, 44.40008388686854], [26.15490862272046, 44.400189532468225], [26.15444402901268, 44.40030790611703], [26.154007130234838, 44.40041634578661], [26.153117185125016, 44.40063961352575], [26.152715408575506, 44.40074205347476], [26.152530677616635, 44.400789153298405], [26.151962509374652, 44.40093431729796], [26.15149080778977, 44.4010538044405], [26.151202135371253, 44.40112556254463], [26.15069817337492, 44.40125107327469], [26.150541323466328, 44.401291556864145], [26.150514413285165, 44.40129816795531], [26.150308276246516, 44.401349424007456], [26.15017316487065, 44.401382088832754], [26.150130125154785, 44.40139072761341], [26.15008050312264, 44.40142886437967], [26.150036561868856, 44.4014641620385], [26.150014841860102, 44.40148242031833], [26.14997439793023, 44.401514928165696], [26.149957273224196, 44.401481397136756], [26.149662229183253, 44.401554917381304], [26.149664189896587, 44.40155819145248], [26.149642240328653, 44.40156363566361], [26.149615507646324, 44.401569713712775], [26.149442558418844, 44.40161319518286], [26.14933554297079, 44.401640838104036], [26.14934947936736, 44.40166745358145], [26.149353066025157, 44.40167358214003], [26.149229159789275, 44.40165923122608], [26.149173437519693, 44.40165320266911], [26.149067163534042, 44.401680261752894], [26.148907365278998, 44.40172032312652], [26.148754087477226, 44.40175937273551], [26.14856686936031, 44.401806976509185], [26.148456662978397, 44.40183518214924], [26.148342535836733, 44.401863832671076], [26.147800892359076, 44.40200169391698], [26.14768846981231, 44.40203023639725], [26.14748521553058, 44.40208214189722], [26.147345465568254, 44.40211719963953], [26.146986134231494, 44.40220705519291], [26.146692233851017, 44.40228037596787], [26.1464605118998, 44.402338356620696], [26.146239283656982, 44.40239373692321], [26.146072617028167, 44.40243520519783], [26.145982358811974, 44.40245778725576], [26.145849569718294, 44.40249132326214], [26.145666824330487, 44.402536797628855], [26.145222685962935, 44.4026477517725], [26.14493290468841, 44.40272009002269], [26.144446799039667, 44.402841458005874], [26.144183061039563, 44.40290717549246], [26.143926019876815, 44.402971285295315], [26.143672631121156, 44.40303537541807], [26.143503639258935, 44.40307752950387], [26.14275069133564, 44.40326936203528], [26.142649535929927, 44.40329462605053], [26.142644056519135, 44.40328353035535], [26.142632907950304, 44.403286703549], [26.142624797511065, 44.40329178096731], [26.142620214731, 44.40329875764412], [26.14262030751778, 44.40330218579188], [26.14227810716365, 44.40339628955802], [26.142277898516614, 44.403395895663984], [26.142273430890906, 44.4033902618308], [26.142264013478016, 44.403388278295424], [26.14225388958383, 44.403389938019366], [26.142260843680535, 44.40340069476758], [26.14213153413401, 44.40343518110305], [26.14202015996301, 44.40346559731512], [26.14181384922586, 44.40352217664598], [26.141708228396745, 44.40355086917312], [26.141637812525495, 44.40356947547582], [26.141580179286542, 44.40361364782856], [26.14154552899318, 44.403640405745485], [26.141512025299413, 44.40366673801901], [26.14149038623569, 44.40362371122964], [26.141217652386672, 44.40369516506529], [26.141240282316545, 44.40373751584799], [26.14116986334437, 44.40373242427384], [26.141125400075936, 44.403729508723366], [26.141083395478013, 44.40372712625813], [26.14105568594379, 44.40372896405394], [26.13975860456693, 44.4040835223775], [26.138933269671544, 44.404306176602866], [26.138622342858856, 44.40439128570611], [26.138160207711653, 44.404517388201896], [26.137840718301174, 44.404605155737336], [26.137632710621965, 44.4046620415228], [26.13750927578256, 44.40469484313979], [26.137350746720397, 44.404737062274364], [26.13715581447382, 44.404789180006546], [26.13700329695944, 44.40482939389964], [26.13633549654622, 44.40500108116912], [26.13531944528439, 44.40525545069748], [26.134229400233227, 44.40552977173481], [26.131998831447735, 44.40608860964609], [26.130325826653184, 44.40651384339301], [26.13005979313675, 44.40658068471727], [26.129798512027886, 44.40664660471351], [26.129176412005993, 44.406804947548025], [26.128794241404137, 44.406900868921646], [26.128443791802663, 44.406990090003255], [26.128088190361964, 44.40708044161991], [26.127766594712675, 44.407164061432326], [26.127073017808026, 44.407339785731594], [26.12644691749387, 44.40749784744399], [26.12612323250724, 44.4075885396144], [26.126020975678756, 44.40761860575663], [26.125838831818307, 44.40767273600063], [26.125477336149135, 44.407781291706506], [26.125390214618655, 44.40780782193702], [26.125249043352902, 44.40785123654108], [26.125132171038153, 44.40788970110221], [26.12511682288682, 44.40789394953345], [26.125108663593675, 44.407894688061184], [26.12499114886702, 44.40788525970625], [26.124870312505813, 44.40787611641125], [26.124861948653482, 44.40786762273554], [26.124683036287774, 44.40793501215492], [26.12436975274637, 44.40805468410951], [26.124144426419694, 44.408140437469875], [26.1241458026812, 44.4081569931423], [26.12412606958724, 44.4081914719517], [26.124096781737517, 44.40824340755285], [26.124091240460814, 44.40825223807676], [26.124083889239294, 44.4082570905665], [26.12394900592733, 44.40831988125276], [26.12379281002445, 44.408392739683904], [26.123685068773824, 44.40844310891806], [26.12344515439531, 44.40855559307285], [26.123260030062713, 44.408641447634615], [26.122557837453353, 44.408979170899414], [26.12253001805805, 44.408988448399896], [26.122188039951876, 44.409178979973284], [26.12197132705982, 44.409309815240945], [26.12193520836501, 44.40933271160358], [26.121683010542366, 44.40950236674088], [26.121441223308118, 44.40966959559046], [26.121202400624043, 44.40983437334379], [26.121005320377414, 44.40998528878608], [26.12069240200661, 44.4102460162612], [26.12042391985451, 44.41048938939306], [26.120232677879997, 44.41066969411102], [26.120125821879924, 44.41077006533292], [26.12009214675307, 44.41080057798353], [26.1199332198513, 44.410948313012035], [26.119761839126504, 44.411109167951786], [26.119547012422892, 44.41131218852518], [26.119529396019704, 44.411301806376954], [26.11946706789118, 44.411358983296275], [26.11948416053985, 44.411368902648846], [26.119434709612193, 44.41141476427917], [26.119307586711866, 44.41155871721605], [26.119269320130677, 44.4115388560117], [26.11917282970709, 44.41162934906771], [26.119117975949727, 44.41167959335094], [26.119074904526236, 44.41171968529181], [26.11901673374354, 44.41177437259129], [26.11905203094979, 44.411796513440585], [26.118903420782342, 44.411898180365995], [26.11883404059741, 44.41196345518625], [26.118211960753726, 44.4125340729602], [26.11757479447185, 44.41312452043788], [26.116479908934142, 44.414137373708776], [26.11581186650225, 44.41475576583732], [26.115422643256444, 44.41511370777328], [26.11511614879396, 44.41539708151502], [26.114447859267305, 44.41602044502633], [26.114394181904544, 44.41606960431592], [26.114386203584214, 44.41608176154879], [26.114379896103102, 44.416093956251174], [26.114377166422006, 44.41610609755412], [26.11437804153918, 44.41611697916156], [26.114382114408247, 44.41613154622106], [26.114385900299624, 44.416138384931266], [26.114208540108233, 44.416304627612455], [26.114041632412665, 44.41645877833395], [26.113946803830093, 44.41654642435381], [26.113811961004735, 44.416670286870385], [26.113724347039426, 44.41674983316015], [26.113620798759822, 44.41684510730736], [26.113613298460017, 44.4168507976008], [26.113605648763926, 44.41684631192272], [26.113572376495004, 44.41682680259855], [26.11357287124591, 44.416823800634006], [26.113571667250252, 44.416819312427826], [26.11356375521888, 44.416818616633], [26.113559184571375, 44.41682058786838], [26.11355692587748, 44.41682458829621], [26.1135582403535, 44.41682698735927], [26.113344717024606, 44.41701120861985], [26.113333168902976, 44.41701928796325], [26.11333358122276, 44.41702244296462], [26.113337263157568, 44.41702388260602], [26.113345559244802, 44.417016474423264], [26.11335125969404, 44.417018398124036], [26.113355940067798, 44.41701755984016], [26.11340247395421, 44.417043443494116], [26.113160167590284, 44.417268791919035], [26.113131806343183, 44.417252799814584], [26.113100033645257, 44.41728010547119], [26.11308160331552, 44.41728554373584], [26.113053695559223, 44.41729116565694], [26.113008608977545, 44.417347700565], [26.11299978990393, 44.417343593609885], [26.11295273961032, 44.417398581861704], [26.11293543481521, 44.417390724656954], [26.11285443026796, 44.41746538083656], [26.112876993218798, 44.41747958525662], [26.112856286338605, 44.41750050835431], [26.11287033650521, 44.41750759670916], [26.11282286310953, 44.417550393789355], [26.11269143347403, 44.41767110715055], [26.112417113280753, 44.417922636844004], [26.11208809494093, 44.41822607918515], [26.111895513769234, 44.418402746714314], [26.11185922173293, 44.41843607277589], [26.111786278291692, 44.41852323991005], [26.11176026137549, 44.4185103203927], [26.111724246825148, 44.418545677720914], [26.111580636612207, 44.41868234138009], [26.11160175949845, 44.41869348219448], [26.11153322576379, 44.41875267796325], [26.11148772311049, 44.418793573980125], [26.11135479230286, 44.418947565386375], [26.111239114143654, 44.41909887536217], [26.11111411324903, 44.419280049908615], [26.111039273853162, 44.41940985129295], [26.110932484462403, 44.41963960918177], [26.11082936773189, 44.419901101522086], [26.110618208109337, 44.42043713980905], [26.110428279229755, 44.420924025205345], [26.110106756379075, 44.42174647544907], [26.109853542249592, 44.422396680540196], [26.109713940575794, 44.42270768154775], [26.10965496542938, 44.42281378113309], [26.10963883051939, 44.422809358972245], [26.109635605087668, 44.42281470987694], [26.1096362724375, 44.422822002481055], [26.10963782563389, 44.42282440823926], [26.10953260413433, 44.42310902368938], [26.109528610019197, 44.42310965704716], [26.10952531401468, 44.42311198456989], [26.109524867330183, 44.42311488704067], [26.109526489698, 44.42311762512727], [26.109529719896447, 44.42311906934492], [26.109533494597205, 44.423119437172794], [26.109536819942, 44.423118639398226], [26.10953856364959, 44.42311722718792], [26.109496374477004, 44.42325125102691], [26.109484217502235, 44.42328792066641], [26.10946321641534, 44.42335130006801], [26.109437731675417, 44.423495221596816], [26.109389818147196, 44.42348663928763], [26.109368587832076, 44.42354265874916], [26.109322665816446, 44.42366674704336], [26.109281603035104, 44.42377703512843], [26.109324366647346, 44.42378491218512], [26.10924487419975, 44.42391031208289], [26.10916612961428, 44.424117309557616], [26.109019747190867, 44.42450345630955], [26.10898623945922, 44.424578794048045], [26.108947814930826, 44.424651849125325], [26.108872906591756, 44.424779318678965], [26.108808975771964, 44.42486556711506], [26.108713481980413, 44.42497860483907], [26.10862202375569, 44.42506762617535], [26.108563962544544, 44.42511547576192], [26.10843182940326, 44.42522179965346], [26.108315149585437, 44.42530483177227], [26.108176567309396, 44.42538662121402], [26.107986945404598, 44.425482277869065], [26.107778946429626, 44.42556142852606], [26.107707237201943, 44.42558528229775], [26.107509239428023, 44.42564303058134], [26.107322447110853, 44.42568190290206], [26.107159213946417, 44.425707547033134], [26.106997503784903, 44.425723527724], [26.106791014399533, 44.42573465605241], [26.10637654021171, 44.42575491021135], [26.10548873607145, 44.42579599158674], [26.1050517850246, 44.425817181473676], [26.104768317578063, 44.425830240271715], [26.104515938872243, 44.425842210498494], [26.10433167570472, 44.42585449340428], [26.10378841782907, 44.42591369345141], [26.10365264981217, 44.42592221494631], [26.103580301468636, 44.425917946663795], [26.10352512411601, 44.42591906325011], [26.103335409841907, 44.42592740183043], [26.102981158131524, 44.425942517473146], [26.102860326803267, 44.425947939681215], [26.102529085451607, 44.42596248659927], [26.102305965035406, 44.425971600426124], [26.102129516080257, 44.425978772134464], [26.10185575037006, 44.425988254585924], [26.101732769200773, 44.42599555065723], [26.101492683335053, 44.42603316148518], [26.101427329985093, 44.426047327860715], [26.101316556933206, 44.42607641962829], [26.101182390301343, 44.426119618315106], [26.101133488923672, 44.426145620971816], [26.101102385629595, 44.426169055571094], [26.1010634299819, 44.426211485370345], [26.101056146188185, 44.42622801796213], [26.10104144558741, 44.426259374403465], [26.101062482403492, 44.42651404587471], [26.101068738252167, 44.42658470841844], [26.101075805277336, 44.42667753056402], [26.101091711504598, 44.42682496961746], [26.10107023194307, 44.42682615160285], [26.10107645964077, 44.42689665241908], [26.101099275611592, 44.42689573637574], [26.10110679112797, 44.42701277371846], [26.101098167675513, 44.42701303801828], [26.101089612865778, 44.42703670220768], [26.10109218284053, 44.42706416374532], [26.101098929634155, 44.42713817857185], [26.10110510488179, 44.427207239866476], [26.10119400738541, 44.42817334503601], [26.101217003163956, 44.42842330195339], [26.10121811188564, 44.42843535770509], [26.101225730310635, 44.428518193223844], [26.101240757773425, 44.42852575049834], [26.10127080227184, 44.42853569901865], [26.10130593515841, 44.4285417726907], [26.101305636026044, 44.42863820393938], [26.101284963315674, 44.42864551622212], [26.101268813445138, 44.42866146949302], [26.100997230119038, 44.428724911759666], [26.100958960618488, 44.428700544206016], [26.100942581440396, 44.428696537190184], [26.100921426248608, 44.42869632094015], [26.100912182607374, 44.42870030837532], [26.100898507264944, 44.42871099928205], [26.10090992611596, 44.428719671894385], [26.100825738982927, 44.42878778926836], [26.10073717853933, 44.428855130294004], [26.10066446519566, 44.428901165897756], [26.1005752526895, 44.42894811867536], [26.1004344336991, 44.42901437699198], [26.100279570656355, 44.42907725322516], [26.100128886675954, 44.429128739157086], [26.099991003795843, 44.42916979463548], [26.099843184410684, 44.42920748187935], [26.099791291698203, 44.42921901380111], [26.099658802585953, 44.429243203806074], [26.09951062951837, 44.42926428866591], [26.099395039880807, 44.42927757614804], [26.099242364482514, 44.42928713031836], [26.098991371772094, 44.42930216163677], [26.09867495055865, 44.42932367170409], [26.09782488951059, 44.429377149556096], [26.097576452348388, 44.42939186480489], [26.097272286395675, 44.42941191948359], [26.097198784778804, 44.42941724354369], [26.097146849232683, 44.42942456796086], [26.097124539233953, 44.42942771392368], [26.097068137407813, 44.429438290380595], [26.097059790699547, 44.429439854905176], [26.09701081941446, 44.42944903863519], [26.09697746764279, 44.42945529187118], [26.096910650805018, 44.429471031393426], [26.096855825563285, 44.429483945047224], [26.09675521292417, 44.42951279835335], [26.096694294215922, 44.42953138558942], [26.09663631511312, 44.429549074754], [26.096634857340273, 44.429546846992544], [26.09662832128712, 44.429536858283576], [26.09662675141746, 44.42953554153497], [26.096624360575753, 44.42953464678841], [26.09660043186261, 44.42954304563004], [26.096603307284454, 44.429555057223965], [26.096683603132607, 44.42966460913976], [26.096763899286433, 44.429774160997525], [26.096372463927757, 44.430001032785384], [26.096477646491323, 44.430213188076635], [26.09625944295551, 44.430414369551315], [26.096029220275202, 44.43063226393753], [26.096124248371428, 44.43067114724091], [26.096153121792806, 44.43064248860521], [26.096174175038737, 44.430653858011794], [26.096306400654754, 44.430524075177445], [26.096345167969403, 44.43053034903543], [26.096336360523626, 44.430555392348595], [26.096455668768712, 44.43057311356437], [26.096460793358876, 44.43055787132187], [26.096516610458195, 44.43056309714234], [26.096571224796246, 44.43083679304233], [26.096679405428542, 44.43081942250718], [26.096615581642105, 44.43094441781518], [26.096667938278213, 44.43103408126424], [26.09637251496176, 44.431084451082235], [26.096460938503466, 44.431426192613436], [26.095954202415346, 44.43154134944616], [26.095630284271806, 44.431628634399544], [26.09566848619634, 44.43168194011331], [26.09580588386392, 44.43186738508364], [26.09623628406474, 44.43245426858158], [26.096324652056527, 44.432585603759314], [26.096222153657017, 44.432624609162346], [26.096082771630837, 44.43267860770878], [26.096030453975523, 44.432779271148064], [26.096039409400753, 44.43283823442764], [26.09610602535751, 44.43289684367323], [26.096213422193223, 44.432922736265425], [26.096365731734032, 44.4329158808737], [26.096411534525085, 44.433014239452795], [26.096414629297957, 44.433023767560556], [26.09641040765957, 44.43301443042487], [26.096360364824214, 44.43302304467428], [26.096367528558634, 44.433044458467776], [26.09629365721271, 44.433117332132404], [26.096253840086828, 44.43315450350442], [26.09648127737843, 44.43312312925252], [26.096891458458952, 44.43308550216068], [26.097041540923428, 44.433802869960815], [26.09702604750802, 44.4338568781392], [26.097613562353793, 44.43391407568733], [26.097756594592603, 44.434046344177695], [26.097752108636616, 44.43423486144559], [26.097767381281102, 44.43423476661718], [26.097769486682235, 44.43426759689407], [26.097750555042204, 44.43441110084422], [26.097896191953136, 44.43441185060623], [26.0982128323602, 44.43442157147789], [26.098290804154338, 44.43442972153058], [26.098264277219354, 44.434501750591636], [26.098200127004713, 44.434675933498134], [26.098117419089323, 44.434787181440235], [26.09803471457368, 44.43489842658759], [26.098196356035757, 44.434881654045306], [26.098209504625107, 44.43485886511379], [26.0982281218424, 44.434844512773275], [26.098254292266613, 44.434832810258285], [26.098286402738022, 44.43482413959983], [26.098325079355895, 44.43482428362889], [26.098445713100936, 44.43484687878336], [26.098829055569862, 44.434918679035206], [26.099419560351468, 44.435029276865926], [26.099440666100552, 44.43504025005423], [26.099456361712228, 44.43505519023621], [26.099463435711694, 44.43507266892233], [26.099419854801948, 44.43541267253553], [26.099572060128544, 44.43543502406728], [26.099562868236504, 44.435494779843225], [26.099558506202847, 44.43551740487082], [26.099558522142342, 44.435534099222664], [26.099564678567525, 44.43554638923269], [26.09957490614513, 44.43555491161366], [26.099590824438472, 44.43556246132441], [26.09960644342611, 44.43556596295558], [26.099629631022747, 44.43557238687826], [26.1001085297358, 44.435692227410506], [26.100107059817194, 44.435695385542054], [26.10028319931069, 44.43573963752669], [26.100284793066734, 44.43573638638105], [26.100591334504507, 44.43581311948267], [26.10058961557663, 44.435816459157806], [26.100650090313994, 44.43583128749068], [26.100647268311548, 44.43583679619705], [26.10090858204777, 44.43590247163995], [26.100911522328754, 44.43589651266], [26.10097088249652, 44.43591269904698], [26.10097296746375, 44.4359087266731], [26.101278753203317, 44.4359851916928], [26.101277161158862, 44.435988530138125], [26.101454433269854, 44.43603286193081], [26.10145614209255, 44.43602853231672], [26.10172727887063, 44.436096214976395], [26.101746153005976, 44.43609906526192], [26.101755057882432, 44.436102094947856], [26.101763418682136, 44.4361046547426], [26.101775955136652, 44.4361059046661], [26.101788555403267, 44.436105097413495], [26.10180150654035, 44.436101937669875], [26.101812945994826, 44.43609657505546], [26.101824393102536, 44.43608759247586], [26.101833587902924, 44.43606944539835], [26.101840087086124, 44.4360564467119], [26.101950707043063, 44.43583750622523], [26.10219263764857, 44.43589377766274], [26.10214960238014, 44.435984839048935], [26.102153041025094, 44.436009385912236], [26.102243288881517, 44.436014406162805], [26.10231419971535, 44.435922369959634], [26.10237681796152, 44.435936667881194], [26.102525431703256, 44.435970601466515], [26.102544717220006, 44.43595543094729], [26.102643221204204, 44.43595969685585], [26.102699718568395, 44.435956550877656], [26.102762963021636, 44.435946369951004], [26.102808597527275, 44.4359321141784], [26.102860943491212, 44.435908034641166], [26.10291884349241, 44.43585948489919], [26.102943740285017, 44.435823707365756], [26.10314978376953, 44.435853132135165], [26.103267981129008, 44.43587264542823], [26.103412628060557, 44.43588767212505], [26.103508182709202, 44.43589859572949], [26.103543008959793, 44.43590737720077], [26.10358616051442, 44.435890393166986], [26.10361585371334, 44.4358883589321], [26.10364404279703, 44.43589367100676], [26.103689111223538, 44.4358944588947], [26.103759944632085, 44.435895702640146], [26.103747908818505, 44.43593792720981], [26.1037479043444, 44.43593795605439], [26.10375645122331, 44.43601087762259], [26.103756457844263, 44.43601096125978], [26.103796245427887, 44.43606472665901], [26.103851928069542, 44.4360320574535], [26.10414426624373, 44.43629597173836], [26.104157929767734, 44.43628946835807], [26.104253995229474, 44.4362437506199], [26.104288669807417, 44.43622529777225], [26.104304407898773, 44.43621692179173], [26.10440132848758, 44.43616534539891], [26.104412731571305, 44.43617637588329], [26.104475693924222, 44.43614169275093], [26.104688756526762, 44.43621558350568], [26.10490924734909, 44.43610755147491], [26.10510936201266, 44.4361526597104], [26.105124366833504, 44.43614378229541], [26.105146217445977, 44.436140147851724], [26.105176742324137, 44.43614475351236], [26.105444455912515, 44.43619534510531], [26.105401917904448, 44.43631209942178], [26.10539616875774, 44.43632808623285], [26.105448897604, 44.43633570502288], [26.105464566647694, 44.436338575337786], [26.10551808537395, 44.436346114342555], [26.105520562513686, 44.43633507375795], [26.105566807153803, 44.43634322413769], [26.105603750137178, 44.436373399336084], [26.10560509139949, 44.43637982133329], [26.10560417988819, 44.43639324961423], [26.105596712929216, 44.43639362890477], [26.10559755034682, 44.43648802404413], [26.1055734305154, 44.43649255386693], [26.105572968690808, 44.43652819028934], [26.105594949481585, 44.43652873058592], [26.105592181831433, 44.43662970427055], [26.105599883318572, 44.43663107772262], [26.10560033267353, 44.43666180908062], [26.10556628636411, 44.43667014441491], [26.10561209231367, 44.436774259481574], [26.10566014897098, 44.43676218653606], [26.105708661865844, 44.436738498801525], [26.10573481069986, 44.43670671435351], [26.10574395942803, 44.43668851610141], [26.105747800174626, 44.43667389803768], [26.10575164275845, 44.43662652813702], [26.10575711671298, 44.43639578064021], [26.105757897351523, 44.436333464420805], [26.105746496526944, 44.436298916461354], [26.10571545449935, 44.43626529930557], [26.105702608034687, 44.43625500313671], [26.105765849101232, 44.43603193283957], [26.10582507028135, 44.43601580813344], [26.10582936982898, 44.43600876375275], [26.10582757625485, 44.43600562228024], [26.10583585518071, 44.435994497735486], [26.105842912455294, 44.435996345506034], [26.10593939418724, 44.43588512760027], [26.105936223059985, 44.4358835206913], [26.105949632122602, 44.43587003271601], [26.10594456335112, 44.43586903845218], [26.10596282161174, 44.435849004706476], [26.106215861159235, 44.435933012355534], [26.10643717737039, 44.43597337392338], [26.106468550777148, 44.435878545412336], [26.10642019178737, 44.435870173164446], [26.106432003870786, 44.43586054391218], [26.10644242424278, 44.43584776924879], [26.1064588845257, 44.43581977888181], [26.106494415622915, 44.43582276897476], [26.106511421839958, 44.43578786106472], [26.10656016724844, 44.43570023307581], [26.106595544337473, 44.43570568171078], [26.106606778626038, 44.435684897836616], [26.10663336009691, 44.435635729492645], [26.106681489349597, 44.43558156134019], [26.106671896480893, 44.43557718246779], [26.106685100875442, 44.435561545360876], [26.106684258940476, 44.435554308450726], [26.10666821045269, 44.43554735593183], [26.106677786509643, 44.43553510255363], [26.10669998798216, 44.43554391167162], [26.10673231118013, 44.43555650944309], [26.106758904395903, 44.4355276544619], [26.106783811598138, 44.43550062508448], [26.10672473636026, 44.435475761839115], [26.10668649450337, 44.43545845209163], [26.106604200254733, 44.43542214359312], [26.10661479927615, 44.43541017717889], [26.10661323986768, 44.435409427478454], [26.106711922104722, 44.43529582922751], [26.106713285524194, 44.43529487080929], [26.106740377943073, 44.4352684769898], [26.106784669128242, 44.43521856760513], [26.106793677568987, 44.435198975610106], [26.106795441823085, 44.43520583444822], [26.106886584643686, 44.435239148788796], [26.106940755191985, 44.4351652826722], [26.107001760408597, 44.435088208287546], [26.10705443680315, 44.435034733307965], [26.107045053899444, 44.43503082041614], [26.107041597203718, 44.43502938734913], [26.10701343611482, 44.435017657790006], [26.10697441085103, 44.4350014088667], [26.10698287490068, 44.434991443446336], [26.107021032495652, 44.4349387411689], [26.107054791754027, 44.43491350578805], [26.107216635973327, 44.43498191892738], [26.107228784972694, 44.43496694014525], [26.107269792597485, 44.43493517129435], [26.107335057304862, 44.43488509153596], [26.107313313423475, 44.434869338872765], [26.107352299969495, 44.43482583556369], [26.107395429293433, 44.43477958244819], [26.107433044131888, 44.43473923367379], [26.107577018090396, 44.434588819486905], [26.107571736096766, 44.43456225775323], [26.107734064746147, 44.434534002962046], [26.107733663801085, 44.43453143284033], [26.10764315112997, 44.4343466932045], [26.107634641500248, 44.434345741850066], [26.107801788897763, 44.43419202143904], [26.10780011034814, 44.434188329853164], [26.10779889354993, 44.43417989060767], [26.107800755566988, 44.4341715200876], [26.107807323163687, 44.434162239270975], [26.107813029858967, 44.43415719702599], [26.10782261913339, 44.434152215601216], [26.10781909834897, 44.43414743510475], [26.10786226014571, 44.434127840155945], [26.107866667611283, 44.4341323509243], [26.10809814637509, 44.43402356551774], [26.10812414938312, 44.434012491460976], [26.108148294062577, 44.43399031140016], [26.108315683790146, 44.43394046843631], [26.108321244114318, 44.43395269903813], [26.10833277978526, 44.43396342181353], [26.108374139320983, 44.433973023130434], [26.108625011970354, 44.43365919167853], [26.108826275770884, 44.4337468350338], [26.108829107392786, 44.433747770185825], [26.108815739868632, 44.43376664023399], [26.10873498426608, 44.43387802086076], [26.108730444437377, 44.433876436502395], [26.10867853633609, 44.43395216227168], [26.10868139429082, 44.433953160169885], [26.10863754584009, 44.43406141441582], [26.10877829807319, 44.434120591641644], [26.10929755557325, 44.43434402229903], [26.10930263449173, 44.43434620434151], [26.109526744537956, 44.43417097687601], [26.10967208400624, 44.434272768884505], [26.109545728133856, 44.43444287575004], [26.109571263429, 44.434454567538545], [26.109660653854178, 44.43433237297667], [26.10981368645601, 44.43439907814242], [26.110062499667265, 44.43446253525605], [26.109949530015705, 44.43462387945322], [26.11019176248468, 44.434727920151616], [26.110270367876087, 44.43461061950834], [26.110275670151154, 44.434612655302296], [26.11036354796017, 44.43447782076364], [26.11040956241397, 44.43442037776185], [26.110618679540764, 44.43451048759803], [26.110613730104202, 44.43451635954169], [26.110717166708096, 44.43456250090988], [26.110714002720147, 44.43456650120674], [26.110787856443192, 44.43459884883322], [26.11085754216908, 44.43462673739894], [26.11086189630745, 44.43462061030819], [26.11089889135518, 44.43463575288082], [26.110944993314167, 44.43466331594728], [26.110972869333715, 44.434675866358496], [26.110976048461584, 44.43467200090826], [26.11105415819441, 44.43472056080012], [26.11115700268938, 44.434772458754175], [26.11116052844739, 44.43476832887311], [26.11122419638519, 44.43479615056907], [26.111200758438304, 44.43482368845931], [26.11110574606756, 44.434976117476154], [26.111503886280634, 44.43505228283419], [26.1115066460219, 44.43505077956681], [26.111475789714618, 44.435011933022686], [26.111562477823117, 44.43487478721359], [26.111584939402622, 44.43488207176556], [26.111620218033206, 44.43490919234395], [26.111653927866403, 44.43487822291666], [26.111872531184094, 44.43467164329591], [26.11195956776489, 44.43472124848308], [26.11200319433305, 44.43474612648478], [26.112033481380312, 44.434764502983725], [26.112053802361775, 44.43478196983168], [26.11211400855458, 44.4348172233884], [26.112167939118454, 44.43488016957422], [26.112289421188517, 44.43485017841629], [26.11230538589016, 44.43488148558374], [26.112500198129695, 44.4348715786457], [26.11265894363141, 44.434864781680716], [26.112661504106736, 44.4348646753886], [26.112658677605996, 44.43486009518883], [26.112744805915543, 44.434832414774995], [26.112770673341764, 44.43482280801892], [26.112711679596178, 44.434727853313994], [26.112921764946776, 44.43466111133641], [26.112846833320994, 44.434545397626096], [26.112835468888886, 44.43453448461136], [26.112771033150832, 44.43448963397461], [26.112689518099618, 44.43442931860411], [26.112769615905655, 44.43437615508388], [26.112821450863635, 44.43440198671127], [26.11300165132351, 44.434245807509456], [26.113082197411646, 44.43428383865977], [26.11308289664033, 44.43428296772878], [26.113206951825852, 44.43434106239557], [26.11323967087013, 44.43435982854808], [26.113323932746, 44.434256780208955], [26.113461447654096, 44.434309989451236], [26.113462900143826, 44.434307140022085], [26.113496544951442, 44.43432048781165], [26.11352969113724, 44.434332076475016], [26.113627487882834, 44.43437224977537], [26.113668238814718, 44.434340400112], [26.11373066144218, 44.434295690852295], [26.113790822177805, 44.43425224595311], [26.113790391067887, 44.43421681631043], [26.113900021797058, 44.43413184117366], [26.11396268246887, 44.434125596412954], [26.114037317506163, 44.434052370490036], [26.11403593039569, 44.434051439183534], [26.11403239164782, 44.43404966513328], [26.114030901499802, 44.434051209909], [26.113880730646617, 44.43397351087759], [26.113976331378606, 44.43388469629129], [26.11397805026083, 44.43388263624132], [26.11386097220892, 44.43382026133038], [26.113913125432152, 44.43377001036539], [26.11393774342862, 44.43375361151968], [26.11392849191135, 44.43369197042772], [26.113928227219358, 44.433667141411426], [26.113957182956927, 44.43362813609179], [26.114091578018357, 44.43365376270418], [26.114266922559274, 44.433712644973895], [26.114278574684047, 44.43367915686392], [26.114343667313364, 44.433439952881834], [26.114326580959887, 44.43343652180975], [26.11433830324967, 44.43337929939362], [26.1143528994811, 44.433381270058845], [26.114367467223076, 44.4333217874347], [26.114374993704867, 44.43330040043539], [26.114558744819274, 44.433330812358136], [26.114560672362018, 44.43333110829486], [26.11461422325202, 44.43318202064787], [26.114613897363096, 44.43317944980661], [26.114603961459398, 44.43316966586549], [26.114576562968498, 44.43314148722999], [26.11473860684007, 44.43315748825831], [26.114762821981348, 44.433163224782625], [26.114750743778718, 44.433169374460995], [26.114746693585086, 44.43317299663242], [26.11468195626694, 44.43334906972339], [26.1146732373, 44.433372448594284], [26.114675060141618, 44.433373177576144], [26.114782221396528, 44.433394833732734], [26.114837621984705, 44.43340428472689], [26.114929254521144, 44.43341990226551], [26.11489473351925, 44.43350248803208], [26.114865761559198, 44.4335758026345], [26.114871371517157, 44.433576854142046], [26.114967321829386, 44.43359489498206], [26.11505652641226, 44.43361486556106], [26.115037842863348, 44.433675838055386], [26.11508955854396, 44.433686342427684], [26.115010013874336, 44.43383253751941], [26.115012712599206, 44.43383764993891], [26.115224548134634, 44.433923854239666], [26.115230402857225, 44.43391062894028], [26.115275608376763, 44.43380851478883], [26.115298928281508, 44.433733942003144], [26.115319675633, 44.43363344701789], [26.11533407662914, 44.43359272239487], [26.115367871241713, 44.43355131073781], [26.115396090903296, 44.43358035407603], [26.115877085108007, 44.43358254766156], [26.115898709325418, 44.43356010288388], [26.115830261043566, 44.43332557787192], [26.116184481296994, 44.433387347305626], [26.1162144412497, 44.43348246189522], [26.116348714585545, 44.43344252933771], [26.116439637461838, 44.43345194252293], [26.11643548749754, 44.43348292644823], [26.116428163317888, 44.43352711817099], [26.116411445627968, 44.43362738442885], [26.116565299401557, 44.43363221371715], [26.11664601555057, 44.43363213365793], [26.116655235204952, 44.433632123268936], [26.116663243962066, 44.43363250289223], [26.11672655945781, 44.433635493336844], [26.11677546626897, 44.4336364755356], [26.11680175323827, 44.43363824898258], [26.116941799558955, 44.43364683273616], [26.117006293683175, 44.43365231340187], [26.117005228340826, 44.43366154020327], [26.117103149518375, 44.43367037044816], [26.117087517936895, 44.43382875854233], [26.11722573369921, 44.43387325302488], [26.117228196298186, 44.43387003351903], [26.117434903376786, 44.433903219171306], [26.11748846698703, 44.43391181406605], [26.117572639145997, 44.433925451416336], [26.117697857495425, 44.43397659043539], [26.117700071355937, 44.43397610045758], [26.117717520158042, 44.43398591758886], [26.117870051176453, 44.43407172432074], [26.117958908137492, 44.434113908635275], [26.117839710968404, 44.43374198685594], [26.11781789331875, 44.4336952491402], [26.11783439821248, 44.43363933791939], [26.117875932663633, 44.43360657892272], [26.11779990477452, 44.43331435779025], [26.117953822067857, 44.43332120960027], [26.11798215538291, 44.43344314256976], [26.11813879407815, 44.43342571149286], [26.118138573411066, 44.433394806883676], [26.118204143341515, 44.43339421902749], [26.118202974792265, 44.43337081202118], [26.118362192663692, 44.43336010520499], [26.118394917044718, 44.433434950263376], [26.118441243444956, 44.433563616663115], [26.118452644325387, 44.43360170045798], [26.118496651116253, 44.43359547637176], [26.118494745267498, 44.43359305623182], [26.118518060752447, 44.43359056567101], [26.118589823991297, 44.43357961082942], [26.118566268332046, 44.433508634886095], [26.118548639000423, 44.43347454605019], [26.118674011660808, 44.433455741636806], [26.118683334611095, 44.433488346901306], [26.118699853838823, 44.43353452505398], [26.118861813530373, 44.43351878617482], [26.118861665312277, 44.433517617616594], [26.118889125712734, 44.43351771387839], [26.11888039040421, 44.43347718258818], [26.11898370615497, 44.43346229600262], [26.118971073369483, 44.43340860009174], [26.119426405771623, 44.43338881183883], [26.1194404809792, 44.4334352391782], [26.119467132779754, 44.43343249926046], [26.119462683384143, 44.43341223894933], [26.11950350052718, 44.43340672118359], [26.119505482671162, 44.43341437868453], [26.11963933155466, 44.43339806302436], [26.119653887568056, 44.43347710240734], [26.119701871045123, 44.43347062231791], [26.11978437504202, 44.43345973995719], [26.119779663120386, 44.43341100552695], [26.119889270194847, 44.433397342603826], [26.119896166994767, 44.433502468777256], [26.120091583659867, 44.4334922906648], [26.12009876146515, 44.433491922286414], [26.120130996085273, 44.4337015502344], [26.120108885244473, 44.43372408167363], [26.12039965936552, 44.433664245547796], [26.12042611048818, 44.43362585746942], [26.1204429452653, 44.43362341296742], [26.120514221819395, 44.43361782587872], [26.120512063255184, 44.43360301496283], [26.12073922156208, 44.433584383779234], [26.1207952669698, 44.433579731065585], [26.12079001758077, 44.433547382448], [26.120803709855053, 44.43354612118786], [26.120752866178666, 44.43320860522631], [26.120736800058545, 44.43320987209745], [26.12073065598074, 44.4331695941724], [26.12076602119665, 44.4331601790853], [26.121092854435346, 44.43309062214389], [26.12109635224755, 44.433173218490545], [26.12109979559993, 44.43320440603706], [26.121338360316688, 44.433202760564264], [26.121340388417497, 44.43321471968898], [26.121343399864568, 44.43321455470857], [26.1213515500736, 44.43325203155992], [26.121363102572264, 44.43331014808328], [26.121363371336184, 44.43333696610904], [26.121716129190773, 44.43333273400633], [26.121718223240812, 44.433339022319686], [26.121751682452913, 44.43334402627895], [26.121749126458585, 44.43336119718028], [26.121828486171633, 44.43338445552346], [26.121832087522826, 44.43333246129817], [26.121830195190793, 44.43325627514807], [26.12183501944195, 44.433256317107215], [26.12190798809746, 44.4332557524146], [26.1219117298888, 44.43316438075716], [26.121983084674895, 44.43316545213084], [26.12198191632235, 44.433183572241866], [26.122117569606353, 44.43319622541842], [26.12212885931986, 44.43294813846293], [26.12224334908385, 44.43293889772111], [26.12223640804363, 44.43312494774298], [26.122329223125618, 44.43312568809861], [26.122318756362944, 44.43325755583425], [26.122408433228937, 44.433258390393284], [26.122379685322088, 44.433340164965436], [26.122453956010546, 44.43335490534873], [26.12245374976923, 44.43335916451546], [26.122526632580538, 44.4333800568412], [26.122504278558477, 44.43341459749393], [26.122709519387943, 44.433480233935285], [26.12273352152538, 44.433441950717146], [26.122859953066193, 44.4334848727065], [26.122862202699032, 44.43348687533586], [26.12295549190629, 44.43351847226393], [26.12293024995467, 44.43356405808079], [26.122914820891683, 44.43360072584299], [26.122869731597024, 44.433701266927976], [26.122875596572385, 44.43370315251778], [26.123049815935975, 44.433751484098636], [26.123153150455497, 44.43378028064841], [26.12319500495092, 44.43379260767176], [26.123245076862283, 44.43380893885029], [26.12328922819793, 44.43382440201984], [26.123319416244072, 44.43383752034726], [26.12336092661665, 44.43385282081914], [26.12339719427644, 44.43386852456829], [26.123431907966424, 44.433883766790885], [26.123516451708813, 44.433758045326556], [26.123804810359736, 44.433306453153456], [26.123937744532295, 44.4330653965792], [26.12393803065883, 44.433063314669575], [26.124029529521753, 44.43304868535069], [26.124128294039092, 44.433031751394], [26.124197503595283, 44.43304201401348], [26.12456684398134, 44.43308643377207], [26.12486535372507, 44.433118599290104], [26.124865228403806, 44.43311732250774], [26.124959563731274, 44.43312776577238], [26.125268347829916, 44.43316181667255], [26.125526270346374, 44.43319380985426], [26.12552793590656, 44.43318451396692], [26.12553805030061, 44.43315109402556], [26.12553644472529, 44.43314217283105], [26.125242438813736, 44.43310716502632], [26.12524303041439, 44.433096898845236], [26.12520201500101, 44.43309218740431], [26.12521210586295, 44.43304205428605], [26.125252764477693, 44.43304586026314], [26.125266860927955, 44.43298597587075], [26.125282306131954, 44.43298508356493], [26.12528979049582, 44.432880399032584], [26.125293911979114, 44.432823665361454], [26.12529702117521, 44.432805930833915], [26.12531739714934, 44.43275116784332], [26.125405838902182, 44.43275957255049], [26.125551967008853, 44.43277347597643], [26.125588618400535, 44.4325681653338], [26.125636868729313, 44.43254448958783], [26.125801609955566, 44.4325421772691], [26.126031616381592, 44.432553999727425], [26.12605070753272, 44.43257457244043], [26.126042419671236, 44.43266372164816], [26.126190503873335, 44.43268390485885], [26.12657242531152, 44.43273390740902], [26.126602071884747, 44.43263023416946], [26.126777669023667, 44.43265580259652], [26.126895319447904, 44.432671528169244], [26.126924508676918, 44.43269397077004], [26.126889032415264, 44.43280850270299], [26.1270667676728, 44.43282966617752], [26.12707611204113, 44.43280254496564], [26.127189914247765, 44.43277290252645], [26.127334449410817, 44.43278818761808], [26.127489368911302, 44.43280457462086], [26.12745455988113, 44.43293845957579], [26.12748707254993, 44.43294644138526], [26.127627003220045, 44.43297679359073], [26.127815236944723, 44.43300809306991], [26.127852166835208, 44.433008767356135], [26.127867474865887, 44.4330105041392], [26.127913463335517, 44.43301579483352], [26.12794130927462, 44.43291458732268], [26.127960441111135, 44.43285154707725], [26.127977645099687, 44.4327907761928], [26.12800541781217, 44.43267423299045], [26.12831893753218, 44.43266003181546], [26.128318403255562, 44.432657112088755], [26.128317891728315, 44.43262702940877], [26.12838799212146, 44.43262628223769], [26.128462589464387, 44.43261717375214], [26.128538593164382, 44.43243166441475], [26.128679712519663, 44.432452805153346], [26.12872643056327, 44.43246589141226], [26.128940696762058, 44.43254518744799], [26.129069622912073, 44.432370883664206], [26.129171149154647, 44.432258137028896], [26.1293643684008, 44.432254075990016], [26.1300127880612, 44.432240175098684], [26.1300732557654, 44.432238884488136], [26.130092456807052, 44.43224765610332], [26.13015681139611, 44.43217915765115], [26.130159850233778, 44.43216625681796], [26.130156190089917, 44.432160218376055], [26.13018806842243, 44.432128028690855], [26.13024268178545, 44.4320810574972], [26.13026233878736, 44.43209452263446], [26.130281738073684, 44.4321018701899], [26.13029632856735, 44.432101606787704], [26.13029369475146, 44.43209473903011], [26.130319837619407, 44.43208850955163], [26.13032237964408, 44.43210160639684], [26.130363138382197, 44.43210540952268], [26.13040455162564, 44.43211827830954], [26.130492392155325, 44.43217111924827], [26.13052774679802, 44.432189547940006], [26.13056611478054, 44.43219634506608], [26.130768262578474, 44.43216456126409], [26.130822264865603, 44.432153812895244], [26.131046378844523, 44.43212704622179], [26.131054381717803, 44.432121349716695], [26.131021356978497, 44.432030661852906], [26.13116780480513, 44.432008913820205], [26.131185022183693, 44.432078096794626], [26.131184622627128, 44.43209427424241], [26.131268877796852, 44.432090287050784], [26.131280609457374, 44.43210055551391], [26.13129172555041, 44.43210568201911], [26.13132297687785, 44.4321088962599], [26.13154891609859, 44.4320984006926], [26.131712434069154, 44.43208179062291], [26.13178107880262, 44.43207023766888], [26.131800079094624, 44.43206296357796], [26.13181843354037, 44.432050286826986], [26.131828584361752, 44.4320401045647], [26.131864705816152, 44.43199821450657], [26.13191318465664, 44.431932457626], [26.131917936802317, 44.4319159844317], [26.131940911105765, 44.431896124045906], [26.1319647373939, 44.431880647212516], [26.132037744941282, 44.43184044748795], [26.13216361263485, 44.43184925379218], [26.132184255830786, 44.4318527634154], [26.13220841678289, 44.431853744610954], [26.132210091016574, 44.431848156632896], [26.13221941941821, 44.43184922390456], [26.13236462406831, 44.43185320050119], [26.13236447536262, 44.43185715310274], [26.13244178727574, 44.431858463968545], [26.132458807585888, 44.431842452433955], [26.132462180726534, 44.431616998433654], [26.132462337009542, 44.43159932038512], [26.13245706176729, 44.4315865030706], [26.13244694873123, 44.4315767944732], [26.132619385273344, 44.43157569084047], [26.132617025116154, 44.43170531807306], [26.132620966158022, 44.43187898314312], [26.13262641325314, 44.43189608283849], [26.132632191348208, 44.43190506998624], [26.132640647002646, 44.43191416521514], [26.132650199951073, 44.431921566364814], [26.13266308988136, 44.43192875395569], [26.132800416864406, 44.43194736259485], [26.132963739633333, 44.431983665100134], [26.133034209375154, 44.431993477604415], [26.133127230709803, 44.43201059642286], [26.13326104165488, 44.432015775505334], [26.133432065014702, 44.432023253084346], [26.13358834889319, 44.432020825457954], [26.133923263798202, 44.43201925290235], [26.133960477959185, 44.43201907809844], [26.13407410166788, 44.43201581919322], [26.134190426985825, 44.432016457078795], [26.13431189887659, 44.43201372193011], [26.13437166076126, 44.43201424516674], [26.13448973795619, 44.432017106162505], [26.13467140630206, 44.43203384390759], [26.134699196976207, 44.43202775881648], [26.134724991872183, 44.43200894047526], [26.13472766670312, 44.43199674519955], [26.134798285164198, 44.431690835507325], [26.1347992174334, 44.431687136015235], [26.134947702703172, 44.431707240671855], [26.134869713352618, 44.431995944249884], [26.134864602861413, 44.43201075613782], [26.13504834416071, 44.432077432753445], [26.135156576930143, 44.43211436817106], [26.135491440898647, 44.43222469332426], [26.135609486492562, 44.43225534622669], [26.13569390975186, 44.4322880660335], [26.135723252241146, 44.43229767947414], [26.136058991601182, 44.432407058100836], [26.136144374282512, 44.43226991524644], [26.136156563774176, 44.43227530945548], [26.136166454307578, 44.432302426444735], [26.136161905803025, 44.43230938451024], [26.136164801288373, 44.43231035433376], [26.136132590924543, 44.43236448267666], [26.136177991732698, 44.43237884817297], [26.13625047048087, 44.43225942186849], [26.136351432151432, 44.432299579572046], [26.136457140441507, 44.432347330508605], [26.13657147265, 44.43238776713713], [26.1366026297522, 44.43239766804932], [26.1366094536125, 44.43238121874785], [26.136643612849845, 44.43229333767662], [26.136671127917637, 44.43220612665494], [26.13670254499893, 44.43211997428229], [26.13673083108161, 44.43203365549055], [26.13697111275069, 44.432083818976686], [26.136966813767156, 44.43209515767703], [26.13711175199452, 44.43212705861419], [26.137527889099253, 44.43221953782847], [26.137592138403217, 44.43206886388716], [26.13771411439983, 44.43209558678861], [26.137717978504572, 44.432086412510586], [26.137779832621653, 44.432100062169866], [26.137795618580522, 44.432110127005835], [26.137806959112357, 44.4321221627942], [26.137812152094675, 44.43213456668445], [26.137813198158092, 44.43214559942235], [26.137831036295143, 44.43216739784848], [26.137908287384672, 44.43225752002395], [26.137929118325083, 44.4322769301382], [26.137945289802904, 44.43229764735268], [26.138019118606213, 44.432273194869246], [26.138060973452156, 44.43225670658072], [26.138259161778624, 44.43226454140741], [26.13839793713078, 44.431943081227324], [26.13897893368079, 44.43206545278467], [26.139059880617626, 44.43207834347706], [26.139169140503554, 44.432095742226565], [26.13922456429373, 44.43210456808702], [26.140028462178233, 44.43223259550195], [26.14015947348886, 44.43225345966233], [26.14050107150031, 44.432274149330595], [26.140514340809574, 44.432178225325245], [26.140531613828305, 44.43217577337742], [26.140543349888365, 44.43210465158065], [26.140443665033054, 44.43209561655918], [26.140470538927655, 44.43191821957012], [26.140570614561497, 44.43192734061197], [26.140593223613084, 44.43179803010811], [26.14080851272264, 44.4316463738677], [26.141185558021125, 44.431677466749605], [26.141159525942896, 44.4319527961126], [26.141273873915534, 44.4319614389358], [26.141292882400958, 44.431964189433074], [26.14142781648181, 44.43197787067434], [26.141557380450315, 44.43198930211066], [26.141571244599906, 44.43194587940664], [26.14167430446245, 44.43195408720209], [26.141726101556923, 44.431958998379194], [26.141729247426163, 44.43194147000712], [26.14266101843257, 44.43201206145539], [26.142711179866605, 44.431704680049144], [26.142858272607903, 44.431707561936335], [26.142945850641638, 44.43171796869396], [26.142958926717437, 44.4317376905744], [26.143041543730696, 44.43173604225598], [26.14310327111208, 44.43173115876398], [26.1431962991876, 44.43172751463046], [26.143595353409175, 44.431752921942326], [26.143662282664724, 44.43175829062249], [26.14386605161479, 44.431779055284224], [26.14390968725523, 44.43178221228058], [26.144022054279542, 44.431791034434774], [26.14416264614533, 44.43180053282548], [26.144464522698264, 44.4318267710581], [26.144568959852034, 44.431821416832335], [26.1445964783282, 44.43181623208437], [26.144784220111475, 44.4318420630756], [26.14481010696046, 44.43185407634005], [26.144855266332623, 44.43187646002638], [26.14486720395381, 44.4318830528898], [26.14488773907, 44.431893752489536], [26.144915826950477, 44.43190400631089], [26.144946468970822, 44.43191067006469], [26.144969979334263, 44.43191113312188], [26.144961897131463, 44.43195906961742], [26.144915694311102, 44.43217522129034], [26.145132759224325, 44.432193049454504], [26.1451183017054, 44.43227044559982], [26.145115075907956, 44.43236508905725], [26.145112809314494, 44.43237939550068], [26.145366874986433, 44.43239953815799], [26.145339872405202, 44.432574129626055], [26.14542379163088, 44.432584265658726], [26.145430071358287, 44.4325842288057], [26.145460005044306, 44.43238450580136], [26.145514017116287, 44.43229002991408], [26.1456095025685, 44.43228865386673], [26.14566770925532, 44.431941156110035], [26.145715626695388, 44.43190808783977], [26.14576273761706, 44.43190659164239], [26.146168185331888, 44.43195469546402], [26.14616979760234, 44.431954922066225], [26.14615529848909, 44.432006695050376], [26.146164668149968, 44.43200856177135], [26.146161295172792, 44.43202216847415], [26.146151484852687, 44.432022151288606], [26.146088141112934, 44.432245921078824], [26.146079560435787, 44.432278166288214], [26.14605122251364, 44.43239730295497], [26.145999720327072, 44.432590513362236], [26.14598594365061, 44.43261220012514], [26.145956829946748, 44.432623737618734], [26.146036212178036, 44.43262803318415], [26.146217660842165, 44.43265052373174], [26.14627164736403, 44.432426156060075], [26.146290552657284, 44.432359037789965], [26.146354030907563, 44.43211293688073], [26.146362932449005, 44.43208611553791], [26.14637951035936, 44.43202009196835], [26.146389403839024, 44.431991352474945], [26.146395607772497, 44.43196975172959], [26.14640253039983, 44.43196983428283], [26.14673702413851, 44.432002781685725], [26.14699799807238, 44.43202613542479], [26.14721776791171, 44.432047343125404], [26.147418827408135, 44.43206627491278], [26.147466276869544, 44.43207107473362], [26.147487332656507, 44.432081399548125], [26.147495218865583, 44.43209459459095], [26.147491961830784, 44.43211276328375], [26.147455001921, 44.43227010422788], [26.1473695179907, 44.43258250980036], [26.147330767613504, 44.43274080496865], [26.147368593250867, 44.43274167073873], [26.147437843990446, 44.43247144371192], [26.147461418694448, 44.43247323763275], [26.147519932981844, 44.43222346049831], [26.14750996223044, 44.43222169001535], [26.147519829250278, 44.43218088134647], [26.14753945669552, 44.43211225246083], [26.147557557662147, 44.43208380726211], [26.14757257247473, 44.43208024320534], [26.14765327691451, 44.43208726923581], [26.14774430731257, 44.43209624205753], [26.148644964008966, 44.43218016944086], [26.148987997448362, 44.43221353610852], [26.149166811530705, 44.4321830912654], [26.149172667034737, 44.43214147734505], [26.14917633346906, 44.432115492201554], [26.1492962172977, 44.432127040498294], [26.149338626342317, 44.43213038791401], [26.149590306609692, 44.432153092457085], [26.149590603688694, 44.432150344346894], [26.14964085542977, 44.43215329660306], [26.149708444067212, 44.43216208406445], [26.150358773705598, 44.432221713627406], [26.150521110058936, 44.43223623818461], [26.150580458462127, 44.432242472209765], [26.1507183797048, 44.43225525680033], [26.15084199556573, 44.43226621631543], [26.150857190549893, 44.43225719582284], [26.15094189754455, 44.432265231638425], [26.150955749636086, 44.432266998162234], [26.151267485219996, 44.4322960425411], [26.151410007910968, 44.432309022265734], [26.15165455894884, 44.43233128206025], [26.15213171492095, 44.432371323109926], [26.152137421828684, 44.43233496669519], [26.15223086969, 44.43234291214234], [26.152222719714214, 44.43237895154144], [26.15240598466481, 44.432394168340906], [26.152495781906318, 44.43240675004821], [26.152843957485842, 44.43244016938502], [26.152918030598563, 44.43244787063241], [26.15308292132141, 44.432465012337154], [26.153208658982972, 44.43247839561115], [26.15322130953765, 44.43247974214499], [26.15321737737422, 44.432492310762505], [26.15326457917375, 44.432499135739086], [26.15332509929806, 44.43250866842099], [26.15331050524706, 44.43255221709449], [26.15341965693736, 44.43256027078521], [26.153401361860087, 44.43261159759054], [26.15333640094595, 44.43282911498424], [26.153656105120778, 44.43288148986727], [26.15363228345052, 44.43297816262334], [26.15360254898108, 44.43307312287501], [26.153600721542073, 44.43307281758002], [26.153566424588792, 44.43318086592344], [26.15356088843022, 44.433220703769216], [26.15368466830983, 44.4332296784417], [26.15377859721441, 44.43284546731661], [26.153798387154755, 44.43281934386759], [26.153845918364002, 44.432816219940165], [26.153871358501785, 44.43281831742292], [26.153932103843825, 44.432622551522826], [26.15395512518112, 44.43262618580763], [26.15396603486618, 44.43258308880285], [26.15402269848628, 44.43259070756057], [26.154012842595904, 44.4326293296461], [26.154521198921742, 44.43271315484055], [26.154754821751528, 44.43275167629141], [26.154897092149838, 44.432775135004874], [26.154984585424998, 44.43283959786372], [26.155003114924668, 44.43283718481294], [26.155021932812122, 44.432837261874695], [26.155242110242824, 44.432873534210444], [26.155258067781748, 44.4328807057725], [26.155270157271804, 44.43289105809304], [26.155280021457177, 44.432902567267355], [26.155284165704103, 44.432915728149645], [26.155284121369757, 44.43292922899748], [26.155282586199025, 44.4329341228839], [26.155352916811918, 44.4329562082351], [26.155358096843635, 44.432957082133754], [26.155474790310702, 44.432976657824966], [26.155407199558983, 44.43317722893697], [26.155466607809714, 44.43318952595863], [26.155349477491615, 44.433548631778116], [26.155420346997126, 44.43356810148896], [26.15544932043414, 44.43357476151088], [26.15546124908997, 44.43353115888757], [26.15546589292702, 44.43349324714968], [26.155463275711544, 44.43348862085944], [26.155494854896087, 44.43339434319748], [26.155518364085275, 44.433338759433425], [26.15568990953137, 44.433382063942744], [26.155834404024844, 44.433408041239844], [26.155950218443447, 44.43338923934263], [26.156115989497092, 44.43342076711412], [26.156842295705957, 44.433585809688516], [26.156827935650426, 44.43361267894155], [26.15684436775025, 44.43362785564253], [26.15675983158453, 44.43383197671423], [26.15674039904721, 44.43386524322992], [26.156721294430636, 44.433906741616376], [26.156727963625805, 44.433909841227006], [26.156815810055498, 44.43393148480564], [26.156820103392466, 44.43393261075051], [26.156824000216155, 44.43391140211205], [26.156926596703258, 44.43366571229466], [26.157032654434094, 44.43369290183425], [26.15719357157475, 44.43372409087189], [26.157330664768974, 44.43375424640895], [26.157431535937828, 44.433785871989464], [26.157760652540148, 44.433866858406084], [26.158030335829682, 44.43392428014652], [26.158210963737112, 44.43395802818973], [26.15843959941376, 44.43399295630839], [26.158379514552443, 44.434215988741], [26.15834820240269, 44.43432903004644], [26.158452648848556, 44.434353444746186], [26.15847217176282, 44.43436298226315], [26.15849140643738, 44.43428162905952], [26.158505039846723, 44.43428372991751], [26.15855160069445, 44.43429043327806], [26.158552056054123, 44.434286828488645], [26.15860831313859, 44.43429535816], [26.158614094218418, 44.43427606513311], [26.158656052393585, 44.4342818797621], [26.158677394419094, 44.43419976682848], [26.158677960148495, 44.43419289380689], [26.15910512253617, 44.43426138346158], [26.1591163530326, 44.4342814735016], [26.159110043659794, 44.43431012326744], [26.15906374647012, 44.43447264042638], [26.159056270448485, 44.43449886312107], [26.159051425105595, 44.434519712590095], [26.159072125680918, 44.43452783384549], [26.159147701812756, 44.43454761280804], [26.159174981978012, 44.43454745809832], [26.15933429181458, 44.433988234174926], [26.159481484234725, 44.43401015592566], [26.1596415271858, 44.434037102350395], [26.15956458822173, 44.43428512267413], [26.159530954833002, 44.434403192362865], [26.159533816780836, 44.434417500328266], [26.159477569052818, 44.434614951119194], [26.15945217285903, 44.43462324075249], [26.15958163456519, 44.43465727922904], [26.159636529703995, 44.4344688155736], [26.159787083149002, 44.43449415843579], [26.159720833348704, 44.43468890424655], [26.159722438420758, 44.43468939173737], [26.15972139358963, 44.43469303860163], [26.159782516482274, 44.43470740377063], [26.1598222574099, 44.4347135018031], [26.159831634969883, 44.43471258622831], [26.160404558968303, 44.43486089655187], [26.160469221229633, 44.434680414103234], [26.160439730558736, 44.43467557874839], [26.160534439896047, 44.43441187627052], [26.160621142362324, 44.43441396209755], [26.160713740563164, 44.43442503237816], [26.160723274759054, 44.43439625028704], [26.160870927313777, 44.43442224261078], [26.160892272007004, 44.43435355761222], [26.161974032049905, 44.43456009393376], [26.16198040074848, 44.434540092645776], [26.162273936654433, 44.43459082303087], [26.162287823064705, 44.434559250816385], [26.16277080029647, 44.43464448522696], [26.16278236253817, 44.43462040716366], [26.16422797585068, 44.43488932655691], [26.164392143413494, 44.434931857099585], [26.164687503036788, 44.43499185064634], [26.16471660537873, 44.43499733692646], [26.164823352058807, 44.43498608088362], [26.164843236689677, 44.43492183834122], [26.16572323670002, 44.4350879976125], [26.165665546758735, 44.43523781009379], [26.166184018704154, 44.435340366169456], [26.16621919884806, 44.43537750610371], [26.166219135148413, 44.43540424657254], [26.166089166085097, 44.43576769997783], [26.16591256000003, 44.436261680867084], [26.165981997353057, 44.436277684689095], [26.166291901971324, 44.435409118392904], [26.166330438120387, 44.435382825627705], [26.166402743761665, 44.43538040293016], [26.167295042322564, 44.43554664765032], [26.167364358797247, 44.435529305856235], [26.16741338972986, 44.43549585674857], [26.167533940703493, 44.43517094855495], [26.16754568209715, 44.43516765876675], [26.167567182002383, 44.43516676991065], [26.167723955355477, 44.43519505281742], [26.167787233968376, 44.43520842828078], [26.16783135865659, 44.43522254229445], [26.16785312065237, 44.43523898519389], [26.167864621158518, 44.4352548684527], [26.167871454910998, 44.435280385383514], [26.167840023552554, 44.43542084549936], [26.167776087501263, 44.43561379915566], [26.167765900543706, 44.43564138169343], [26.16770380301501, 44.43580951239532], [26.16757379699963, 44.43616574073035], [26.167923158333977, 44.43624074560531], [26.167952371784292, 44.43625604020173], [26.168017584159614, 44.436321561084476], [26.16813090122947, 44.43642715635732], [26.1681872380113, 44.43650412752624], [26.168024288362723, 44.43655459868193], [26.167885903899652, 44.436585518340024], [26.167738958114146, 44.43660056008755], [26.16772999506306, 44.436652494578645], [26.167987787577882, 44.436693482361456], [26.16809127275177, 44.436715288057634], [26.168152322551133, 44.43672644536874], [26.168188583598198, 44.43673055148524], [26.168203017419025, 44.43672994279188], [26.168213697753657, 44.43672634892885], [26.168226563187837, 44.43671650421447], [26.16823341046007, 44.43670412082985], [26.16823770779508, 44.43668676873629], [26.168246071825827, 44.43664562274372], [26.168629662497995, 44.43671476230082], [26.168648364347582, 44.43675751760153], [26.168673239896993, 44.43679061455853], [26.168706523826355, 44.43682144621063], [26.1687507525541, 44.43685058025338], [26.168802708754907, 44.43687732103279], [26.168848335363236, 44.4368898440263], [26.16895766271083, 44.436911660315], [26.169075541527526, 44.43693393676952], [26.169174367975494, 44.43694460247994], [26.16935319147907, 44.43695044161666], [26.169493793054873, 44.43694777600576], [26.169542153992303, 44.43717002176787], [26.169671001508192, 44.43715634462624], [26.169921452548735, 44.43712734607855], [26.17072108024457, 44.43693924030964], [26.171177693264163, 44.436853689568636], [26.17126342373533, 44.437200793968884], [26.171278585711786, 44.43719333710005], [26.17199070570238, 44.437044995317116], [26.172366052346003, 44.43695932216563], [26.17266845561284, 44.436890598604485], [26.172985331148215, 44.43682257856201], [26.173433440082498, 44.4367161995552], [26.173485200684954, 44.43670720011415], [26.17359484574247, 44.43668270216273], [26.1736327004393, 44.43667494555835], [26.17376888159394, 44.43664701187412], [26.17390774543464, 44.43662004910003], [26.174009257560883, 44.43686817296126], [26.174600462670774, 44.436735475140644], [26.174626330187504, 44.43679064714507], [26.174662278765965, 44.43699702673624], [26.174660276342884, 44.4370029608005], [26.17480729562631, 44.43698909728938], [26.175041532799693, 44.43700061368686], [26.17523481756812, 44.437038675656616], [26.17533080811264, 44.43695671666695], [26.175495083609015, 44.436938352079956], [26.176038209721717, 44.43677466540066], [26.17614321140306, 44.43664296608621], [26.17627512919618, 44.43669451936125], [26.176498409656958, 44.43674669339991], [26.176785208987653, 44.436619511882654], [26.17717980207199, 44.4363739565803], [26.177238572479926, 44.436360697027155], [26.177706608699356, 44.43625508274455], [26.17789582562786, 44.43632350462136], [26.1780596503524, 44.436483544598865], [26.17824376171064, 44.43659233155806], [26.17831672938028, 44.436647622108936], [26.178574455395104, 44.43666462764261], [26.178826944682513, 44.4367032700668], [26.179229707872004, 44.43676328068215], [26.179382612702906, 44.43673935026453], [26.179412740897373, 44.43680980407101], [26.179490635331373, 44.437037595737735], [26.179500673231228, 44.43709553347103], [26.179506320160105, 44.43719131837366], [26.17950815265493, 44.43731256901914], [26.179492094049195, 44.43741951653371], [26.17945748734579, 44.437544622813725], [26.17937075414394, 44.437824017678665], [26.17926563864258, 44.438156238573804], [26.179137411372217, 44.438567507779794], [26.17904494587874, 44.438863495919016], [26.17902397665319, 44.43888122993925], [26.17924655005556, 44.43892098560196], [26.17927629528836, 44.43882477618753], [26.17931184593948, 44.43870586127366], [26.179329654364953, 44.43865203314445], [26.179429609480835, 44.43832299830858], [26.179467459112473, 44.43820042316143], [26.179608345836584, 44.43774419959438], [26.179674720915614, 44.43775390887198], [26.17982749661815, 44.4377740176085], [26.180948506923176, 44.437946633294395], [26.180952186589494, 44.43794719773902], [26.18112474315291, 44.43749285428051], [26.180955494861877, 44.43721235272234], [26.180844139109343, 44.437031786277906], [26.180862724474636, 44.43701302386983], [26.180886591763397, 44.437004394413115], [26.180897217882375, 44.4369821873214], [26.180887094176896, 44.43696686695648], [26.18088781075764, 44.43694597878263], [26.180959113052946, 44.436804547857115], [26.181049303166773, 44.43662905079046], [26.181635019945638, 44.436500990637256], [26.181769391322796, 44.43647137418748], [26.181959342155142, 44.436427926014545], [26.181982205302557, 44.43638186566971], [26.181980934937474, 44.43633507751205], [26.181939551862918, 44.436156001013785], [26.18189834244406, 44.43602597423879], [26.181811724599413, 44.43585423950204], [26.1817431856254, 44.43574654108634], [26.18169866492402, 44.43570585881363], [26.18169831081046, 44.43570451248546], [26.181741901734274, 44.435680024445276], [26.181880616133984, 44.435612849103876], [26.18189521655633, 44.43563454861349], [26.181995155631107, 44.4357678562938], [26.182033727882285, 44.43584998418168], [26.18207655494573, 44.43594114869855], [26.18209007459328, 44.43594007980176], [26.18217263156709, 44.436063669415034], [26.18221297902354, 44.43605257165424], [26.1822667918981, 44.43603959550439], [26.18228701620151, 44.436036521156744], [26.182344933534967, 44.43602461792756], [26.182380524321413, 44.43601680113384], [26.182477654663124, 44.43599545896054], [26.182517299946284, 44.4359875005604], [26.18252483612914, 44.43598684543249], [26.18252849843573, 44.435985951960774], [26.182666509407625, 44.436272584291], [26.18267062764692, 44.43628538446412], [26.182680030933916, 44.436314599675505], [26.182717645176844, 44.43631910992531], [26.182800758534786, 44.43634390610332], [26.183033912463546, 44.43642839157362], [26.183051426535783, 44.43646599084707], [26.18325065243372, 44.43689368912134], [26.183213510095523, 44.43689691433768], [26.18322623100589, 44.43692678768245], [26.183225374100676, 44.43692849773724], [26.183182587912857, 44.4369223409217], [26.18317389199734, 44.437001391775915], [26.1831455685095, 44.43710962970011], [26.18318235801676, 44.43713520013212], [26.18343926431274, 44.43720158774199], [26.183560664284904, 44.43723294737132], [26.183525319848343, 44.43731298025638], [26.18399652286887, 44.43743644487696], [26.184480774481848, 44.43756332545261], [26.184479000352606, 44.43756625120008], [26.18454091572362, 44.43758205269904], [26.18463263491022, 44.4373486017659], [26.18463821898123, 44.43733481760371], [26.184682845457736, 44.437224751787866], [26.184704142069048, 44.437172218144454], [26.184692498632927, 44.43716983851273], [26.184859758042084, 44.436762598402304], [26.185443000722266, 44.435205865622464], [26.18578600937663, 44.435691232189065], [26.185888490177913, 44.435671162787195], [26.185977234447407, 44.43564893383721], [26.18668229119316, 44.43624989865408], [26.187101090541464, 44.43660685950138], [26.18787698181742, 44.43615050206874], [26.187828078470773, 44.436102164158484], [26.18785513848203, 44.43608819838143], [26.187959565435385, 44.43620995115604], [26.188005660445068, 44.436191896480594], [26.188066699497615, 44.43625617184569], [26.188097948927094, 44.43625352019352], [26.18816164218414, 44.436327136818], [26.18810801169419, 44.43635505434958], [26.188226237862857, 44.43647706635831], [26.188279018671388, 44.43645058877957], [26.188814578896974, 44.43702682507842], [26.188978442544798, 44.43720306746958], [26.18919283486205, 44.437393518718615], [26.189239027466797, 44.43737285242486], [26.189417267352358, 44.43759199082619], [26.18991575928005, 44.43823626862939], [26.190208872972715, 44.43811359425532], [26.19030182416161, 44.438259631954715], [26.18986366160039, 44.43840893152787], [26.19026010199649, 44.43889602457362], [26.19019933810547, 44.43891678223116], [26.190360291029904, 44.43911104502571], [26.190737371855562, 44.439367060442706], [26.190873500884223, 44.439445256094935], [26.190822411654363, 44.43948440742122], [26.19103929834634, 44.43967204780281], [26.191432938533286, 44.43947909511242], [26.191570548103638, 44.439638222931336], [26.19147352488878, 44.43968867875951], [26.19106611038353, 44.4398856833499], [26.191136298543036, 44.440011368394245], [26.19110809806874, 44.440060889183506], [26.191363550328, 44.4401007413514], [26.19135881231645, 44.440117721014445], [26.191374622369356, 44.44015034189388], [26.19143134338036, 44.4402095219909], [26.191787016288806, 44.44058192721116], [26.191217325630237, 44.44086135461263], [26.191139271548128, 44.4408978661093], [26.19103252607797, 44.44092838068547], [26.19093491830903, 44.44094570312976], [26.190890536492937, 44.440957413675584], [26.190958510551244, 44.44096701842998], [26.191315716785816, 44.44100218584602], [26.191494809344732, 44.441006934030916], [26.19163250791197, 44.44101962604118], [26.191742303105624, 44.441024323795524], [26.191819462449192, 44.441029132707655], [26.19184611193974, 44.441024440623394], [26.191853637936603, 44.441021435904354], [26.191790458454914, 44.44100065659971], [26.1917547521498, 44.44098893793743], [26.19173561529893, 44.44097656696679], [26.191727318328347, 44.440939726519865], [26.191798288787382, 44.44090331655425], [26.1918038980272, 44.44090849538541], [26.191992978044986, 44.44081148776318], [26.1922451828652, 44.44068207672824], [26.192269312029392, 44.44067336108231], [26.192342147879405, 44.4406896727696], [26.192559116284215, 44.440783355321116], [26.19286836255626, 44.44115428659445], [26.193497238340246, 44.44124999075234], [26.193941774727797, 44.44131763823446], [26.194062458906334, 44.44133559637126], [26.195431577737594, 44.44153931203877], [26.195850396897935, 44.441612647588336], [26.196326871180556, 44.4417274007465], [26.19666133125, 44.44182374284281], [26.19673733104705, 44.44184948101209], [26.19706584355017, 44.44196073199401], [26.197389934195474, 44.44209796249494], [26.19756430815014, 44.442176157669024], [26.19768858055878, 44.442231889464075], [26.19771647514511, 44.44224242026596], [26.197766249602612, 44.44219085035495], [26.197788898600535, 44.4421015965549], [26.197710264157287, 44.44202203289183], [26.197629503130052, 44.44198293014093], [26.197298416415176, 44.441874890661595], [26.197173231271858, 44.441795650354514], [26.197010410587847, 44.441690447927314], [26.196872108089167, 44.44152915591555], [26.196855512433764, 44.441471496293886], [26.196800698210744, 44.44136699111385], [26.1967739438394, 44.44131744067083], [26.196689061308607, 44.441152565832326], [26.196691606060185, 44.44101875832716], [26.19674896626077, 44.44083476786358], [26.196857625775888, 44.440573990821896], [26.196891720555133, 44.44049385892171], [26.196986093494658, 44.44029611864296], [26.19708743241891, 44.4401023543973], [26.197152052364196, 44.439999100283174], [26.19720240213742, 44.439936553140654], [26.197292542270016, 44.4398372308715], [26.197354836059567, 44.439773341676336], [26.197546980650298, 44.439602921643186], [26.197655224938025, 44.439506763736325], [26.19781364215932, 44.43938022726005], [26.19790297636633, 44.43931486219996], [26.198048769556515, 44.43921450649789], [26.19812097642758, 44.439170762125855], [26.198254814992755, 44.43909552713336], [26.198433703613, 44.4390106774269], [26.198699113914298, 44.4389048721468], [26.198805404912665, 44.43886795588926], [26.198853331726244, 44.43885390940623], [26.19887646539168, 44.43884712899521], [26.199436190133632, 44.438754335953476], [26.19946536715425, 44.438751055195276], [26.19953282397212, 44.438743046684], [26.19957898379515, 44.438736668962584], [26.199987141327934, 44.43869346764791], [26.20035237486186, 44.43868122425657], [26.200796896826116, 44.43867420075072], [26.201101092900817, 44.43868327022827], [26.201499869211563, 44.4387327765706], [26.20159643433792, 44.43874836746833], [26.2019141324068, 44.43879965786529], [26.202054212575728, 44.43883580250136], [26.202138867566468, 44.43885984800358], [26.20227201305107, 44.43888750708242], [26.202363186577838, 44.43890302256217], [26.202577424479255, 44.43893682697257], [26.20279019580401, 44.43895809121034], [26.203054677505463, 44.43896503235898], [26.203285466239663, 44.43897193676658], [26.203440272822935, 44.43897679033015], [26.203627872279974, 44.43898249035309], [26.203742048733307, 44.43898415948206], [26.20419133898549, 44.438969538382686], [26.20431591596462, 44.43895426518114], [26.204642748545197, 44.438909522282714], [26.204696537188784, 44.43890152183056], [26.204768001977886, 44.43889055122057], [26.204791744210052, 44.43888630116903], [26.20487548164751, 44.43886203178825], [26.20494271294985, 44.43883539181095], [26.204988462321268, 44.43880873856926], [26.20502591637679, 44.43878429811534], [26.20505568588264, 44.438764854019254], [26.2050722814191, 44.43875222906919], [26.20512211855162, 44.4387089444794], [26.205217863429613, 44.43861226492591], [26.205317068451254, 44.43850381186822], [26.20545787688654, 44.4383404076844], [26.205540675839973, 44.43824767351262], [26.205647103052254, 44.43809042421104], [26.205728141823986, 44.43772533245609], [26.20579026317728, 44.437737465977584], [26.205827890270772, 44.43739967772653], [26.20588673499168, 44.4372800007758], [26.205891163672224, 44.437148404889], [26.20592738950047, 44.43698441852693], [26.20599568179989, 44.43675218155444], [26.206054115291998, 44.436551398158436], [26.206143434992818, 44.43625230670493], [26.206190124230297, 44.43613292174874], [26.20629336900946, 44.43592334212222], [26.206364319799334, 44.43576748905702], [26.206469665953843, 44.43561413867569], [26.20657507424722, 44.43548606938836], [26.20667530906526, 44.43543035487704], [26.206806672670236, 44.43534581182799], [26.206858983708468, 44.43529547071416], [26.2069616547474, 44.43513261720108], [26.2070057573202, 44.435041088562414], [26.20740785218001, 44.43448398966567], [26.20777837101221, 44.4341595707715], [26.20805752514086, 44.43402324686725], [26.20827142470099, 44.43390447978807], [26.208449292855793, 44.43382335110909], [26.208536842100784, 44.4337865546485], [26.208819770754808, 44.43365430148386], [26.209027096801996, 44.43355410812822], [26.2092335736324, 44.43347581225051], [26.209509647988607, 44.433409369162035], [26.20968448374473, 44.43336357928275], [26.209802473959844, 44.43333431219798], [26.210170050442237, 44.433245445999475], [26.210426938724286, 44.43318245587863], [26.21068067173455, 44.43312897640511], [26.210927297559987, 44.43306303532923], [26.211080213434798, 44.43302450814586], [26.211226841692998, 44.433007244087975], [26.211349954004532, 44.43300430020377], [26.21143165114438, 44.43299769744253], [26.211533594468406, 44.43300717643132], [26.211722004962443, 44.43305726167137], [26.211866523603835, 44.433098179470385], [26.212024228705516, 44.43315274367961], [26.212203841233876, 44.43322171542686], [26.212196015827576, 44.43326007795304], [26.212284161441172, 44.43330042279941], [26.212397167152222, 44.433349824336304], [26.212623883444845, 44.43344926750791], [26.212652840901136, 44.433424294932664], [26.21271254571486, 44.43346031045183], [26.212829616597936, 44.43355018719134], [26.212954112638997, 44.433650298215376], [26.213078897704992, 44.433764167467146], [26.213264742885315, 44.433955240642526], [26.21316794872802, 44.43399730653632], [26.213419298886866, 44.43425766040322], [26.213439303143264, 44.434247796585694], [26.213518523560207, 44.43433141111645], [26.213595174515397, 44.4342919740176], [26.213739545644728, 44.43443039140395], [26.21388351232836, 44.4345495073], [26.21403748803232, 44.434663690979534], [26.21420125768841, 44.4347632963851], [26.21437833847949, 44.43485550380765], [26.21454466407157, 44.43491646082679], [26.21470707928044, 44.43495090884669], [26.214879224668188, 44.43496836710995], [26.21509749940903, 44.43497462616679], [26.215285530009865, 44.43494700089823], [26.21543389330546, 44.43488481010029], [26.215590791210072, 44.4347368350257], [26.216233885289288, 44.43379120582661], [26.21717071296698, 44.432447564665516], [26.217348430396495, 44.43222341749837], [26.217718444514144, 44.4318532854326], [26.217920406845412, 44.43167656791491], [26.218101779983524, 44.43155050143339], [26.21872703387904, 44.43128542040773], [26.218775230552207, 44.43126103911427], [26.218887070614496, 44.43121571844841], [26.219074757672285, 44.4311527912692], [26.21921039364855, 44.43112386333156], [26.21948251530708, 44.43112002665284], [26.21978574202058, 44.43116168209762], [26.22002765989059, 44.43120093166088], [26.220713462700832, 44.43131226995294], [26.22098798291454, 44.43135834640097], [26.22142799889778, 44.431427378669746], [26.22194653461119, 44.43151074102126], [26.222205983869316, 44.431552657845174], [26.22244944575891, 44.43159467557127], [26.22268574179662, 44.4316803500913], [26.223011367293974, 44.4318668208793], [26.223346424281544, 44.432059641540675], [26.223679608337466, 44.43225110451719], [26.2240725333505, 44.432477522620715], [26.22424356802827, 44.43255605478063], [26.224467643417032, 44.43260706318279], [26.224939781341973, 44.43256268682103], [26.225219881579775, 44.432536358556966], [26.225255453042585, 44.43252337300072], [26.225572529271922, 44.43240762489153]]]}}, {"type": "Feature", "properties": {"id": 3171, "natCode": 179178, "name": "BucureșTi Sectorul 4", "natLevName": "Sectoarele municipiului Bucuresti", "countyId": 40, "countyCode": 403, "county": "București", "countyMn": "B", "regionId": 8, "regionCode": 886, "region": "București-Ilfov", "version": "2025-03-26", "displayName": "Sector 4", "sectorNumber": 4}, "geometry": {"type": "Polygon", "coordinates": [[[26.16192820208657, 44.39831172302391], [26.16190698508199, 44.39827662046811], [26.161876120221873, 44.3982255430095], [26.161707712735517, 44.39797833359755], [26.15983460891167, 44.39554573134864], [26.15814345401284, 44.39328037855186], [26.157050661691713, 44.391949856630355], [26.15703793852782, 44.39172147130716], [26.156836327392583, 44.390639734035496], [26.156561140275407, 44.39020361921104], [26.15636812923638, 44.38996025498556], [26.154910036951183, 44.3885462516525], [26.15430540842383, 44.38800964721167], [26.15360897061921, 44.38696546706954], [26.154055020411402, 44.3868073524549], [26.153439436935, 44.38599670877947], [26.152561074423314, 44.3847706012304], [26.151760430929567, 44.38364521476318], [26.151194678350297, 44.38386061564801], [26.14991624417521, 44.38221457696806], [26.150106780051367, 44.382133788960644], [26.149987994627327, 44.38197263811933], [26.14927954770495, 44.381030257626215], [26.14903686965052, 44.38070305614581], [26.148978583820327, 44.38062435895155], [26.1487686621992, 44.38034137376578], [26.148393825467405, 44.37983605476403], [26.147494780496878, 44.3786326207726], [26.148498262874426, 44.37822367955993], [26.147893758253424, 44.37738724329926], [26.147796928926596, 44.37742135125114], [26.147621893250527, 44.37723881092271], [26.147490332302638, 44.377084357968144], [26.147346693314812, 44.376915627590044], [26.147330097637713, 44.37692038681501], [26.146924041713444, 44.37635129977907], [26.146950429357673, 44.37634041071812], [26.14682196425114, 44.37618367542074], [26.145635091571883, 44.37464745058589], [26.145595437908536, 44.37466009435966], [26.145468708161648, 44.374489209576424], [26.144972189659715, 44.37468056443529], [26.14381624582994, 44.373136986303734], [26.143769391731926, 44.37315987283007], [26.14361856013619, 44.37293720962549], [26.14365501984529, 44.37292171892038], [26.143417628517664, 44.37260471240339], [26.144877611568052, 44.372035102493086], [26.144657036700508, 44.37171837760214], [26.14445703958121, 44.37142691373586], [26.144268929009275, 44.371152699138264], [26.144171901944272, 44.37101121182284], [26.143839876301882, 44.37052740396511], [26.143710767769836, 44.37034970133335], [26.143611065274794, 44.37021238083343], [26.14330289547171, 44.36989420307188], [26.143256366895592, 44.3698444543671], [26.142840014589463, 44.36945483214497], [26.143034166609805, 44.369202835270485], [26.143617923808968, 44.369428482593705], [26.143682885738446, 44.36934421072918], [26.14372689298894, 44.3693615841022], [26.144235946592108, 44.368701646105634], [26.143675750924135, 44.36840448099903], [26.143756228837848, 44.36828000052929], [26.143880390501238, 44.36811844531039], [26.14391323837636, 44.36807905064328], [26.144603327462935, 44.367171385612906], [26.14469422083416, 44.36720592232734], [26.145597110089945, 44.36602077078561], [26.145747339723187, 44.3660866535954], [26.14625631611164, 44.36536199561593], [26.146342319882546, 44.36539046062451], [26.147728668194148, 44.36362237435859], [26.14816756982516, 44.36330172152817], [26.148616291962455, 44.363501989094665], [26.150414638907883, 44.36111423053316], [26.152187199590458, 44.35745596686695], [26.157450040439937, 44.35059845647896], [26.16126019314751, 44.34555994773322], [26.16436311265797, 44.3468030436151], [26.166789884522956, 44.34362936950115], [26.164104293237592, 44.342571570587346], [26.16385846741079, 44.34253964187982], [26.16374338663303, 44.34258583280659], [26.16336474896507, 44.34280395189384], [26.163233380275162, 44.342744738169856], [26.16397103510614, 44.34176868986239], [26.16337590766904, 44.341585208105364], [26.163048582047452, 44.341497688675965], [26.16269054417941, 44.341404545414626], [26.15613309557574, 44.33939601393901], [26.157165966602737, 44.337637650630064], [26.156653610426364, 44.33709291466295], [26.156467535852055, 44.33553491195839], [26.151946030425588, 44.33424745018345], [26.149477873203253, 44.335614343215276], [26.14893483102263, 44.3363008425673], [26.14763748980655, 44.33708269475768], [26.1474877148836, 44.33741623896073], [26.146299135409624, 44.33723808610967], [26.146208935042665, 44.33771205485405], [26.146534672358708, 44.337799967678635], [26.146608040361606, 44.33781521453958], [26.14660820413671, 44.33781525247204], [26.146313880858777, 44.33797624878169], [26.146045415620065, 44.338123099131714], [26.14601805106649, 44.33813806787165], [26.145900292855636, 44.33820248146074], [26.145855035798487, 44.33822723642499], [26.145718151565617, 44.338302111050645], [26.14567284224435, 44.33832689437372], [26.14564848232794, 44.33834021960494], [26.145077181413114, 44.338652712023936], [26.145075067344106, 44.33865386845557], [26.14504086256305, 44.33867257772289], [26.144962924709912, 44.33871520796141], [26.14487596047211, 44.33876281346361], [26.144829428792654, 44.33878828569211], [26.144656296222692, 44.33888305991739], [26.144428575470084, 44.3390077151473], [26.14442164391268, 44.339011509004216], [26.144085277285896, 44.33919563619391], [26.14404808711147, 44.339215993736644], [26.144028417600904, 44.33922676078627], [26.143936688900816, 44.33927697273744], [26.143647825867045, 44.339435093063095], [26.143554439389366, 44.339485788654265], [26.143215032236146, 44.33967003321453], [26.1429958999968, 44.33978898666976], [26.142853717793695, 44.33986616793067], [26.14281429957355, 44.33988767360892], [26.142579197805617, 44.340015935282054], [26.142466709392227, 44.34007730369061], [26.141806041444383, 44.34043772951828], [26.141619419397053, 44.3405395390192], [26.141550622615, 44.340577070954865], [26.14145007780107, 44.340632094475026], [26.141110414882874, 44.34081797416459], [26.141034546272046, 44.34085949255921], [26.140585811538706, 44.34110505763787], [26.139890848709395, 44.34148536085975], [26.139717847296804, 44.34158002979503], [26.139591247748598, 44.34164930715249], [26.13928035029041, 44.341819434009025], [26.13855146987235, 44.342222461062136], [26.138140922017413, 44.34244946405695], [26.13794778934174, 44.34255625095498], [26.13768777845901, 44.34270001576951], [26.137295016535095, 44.34291717777833], [26.13669760320938, 44.343247489214654], [26.13613910925286, 44.343553522623], [26.135444748875653, 44.34393399818775], [26.134645156250098, 44.344372124333184], [26.134319934606065, 44.34455032083072], [26.132828250622783, 44.34536762703369], [26.13178664465625, 44.34595537333355], [26.131741686080264, 44.34598074148766], [26.131488472830476, 44.346123617999865], [26.131123314182044, 44.34632664483334], [26.13103248815902, 44.34637714311617], [26.130772517307214, 44.34652168343723], [26.130309747985752, 44.3467789737339], [26.12886753872939, 44.347564397850135], [26.128407430102666, 44.34781496373934], [26.12743549598223, 44.34834424469771], [26.127429136501434, 44.348347707763004], [26.12743512152029, 44.34835349433907], [26.12763275509165, 44.34854454619617], [26.128088209823478, 44.34898482865982], [26.128242266694595, 44.3491337515905], [26.128562721442158, 44.34944352436045], [26.128721646162745, 44.34959714904788], [26.128813009096863, 44.349685465264734], [26.129654585390192, 44.35049895878601], [26.129666542226893, 44.35051051653982], [26.13007832661316, 44.35090854961555], [26.130199866918993, 44.35102603020156], [26.130381952632405, 44.351202031243325], [26.130362106566853, 44.351213021758504], [26.12938090827248, 44.35175642397796], [26.12847176565511, 44.35225990303738], [26.12842829210038, 44.352283977834404], [26.12715700966314, 44.35297126768314], [26.126988312716875, 44.3530624671839], [26.126311251735036, 44.353428490507554], [26.126201395096405, 44.35348787933085], [26.125868285975976, 44.35366795618848], [26.124261942867477, 44.35453630477059], [26.124172350047196, 44.35458473579526], [26.123837399710137, 44.35476579430096], [26.121758886903077, 44.35588929939157], [26.120532457843986, 44.35654252405878], [26.120380668168348, 44.356623368773654], [26.120291293736035, 44.356670970093795], [26.119410499518843, 44.35714008064907], [26.118531053153024, 44.35760845895033], [26.11612833729847, 44.358888030055844], [26.11611141717355, 44.35889704048892], [26.115726812608308, 44.359101852216924], [26.11530654289861, 44.35932565354469], [26.114733154395076, 44.35963098840604], [26.11452316820858, 44.35974280582437], [26.114066362911856, 44.35998605357391], [26.113934724509633, 44.3600561490934], [26.11333638087116, 44.36037475687281], [26.112957110163794, 44.36057670905593], [26.11254292510522, 44.36079724836484], [26.112372254535355, 44.360888123981645], [26.11255777370103, 44.36157056114944], [26.112624144228178, 44.361814702112575], [26.112683759035935, 44.36203399280606], [26.112811992713514, 44.36250568679329], [26.113523933151377, 44.36512433617786], [26.11362749580657, 44.36550523833615], [26.113661442337655, 44.36563009334249], [26.112189447088085, 44.36582392199737], [26.11186771979949, 44.36586628303794], [26.109685710188277, 44.366153559799066], [26.10826371159132, 44.366347378799425], [26.10803007858701, 44.36637922152169], [26.106412108491096, 44.36659972492698], [26.10506348764941, 44.3667835003737], [26.104548769501516, 44.36685363619256], [26.103446789800458, 44.367003784761785], [26.102204887576438, 44.36717298320014], [26.101842984138994, 44.367222287069055], [26.101182842183572, 44.36731064833321], [26.099119806349602, 44.367586762059815], [26.098886560627403, 44.366560576138795], [26.098768585078528, 44.36604151832676], [26.098680134924578, 44.36565235622678], [26.098569631437243, 44.36516615698046], [26.09834789785937, 44.36419053696913], [26.09830616532576, 44.3640069121471], [26.098154876922045, 44.363341220396364], [26.097978609308065, 44.36256560550004], [26.097909957018295, 44.36226351193173], [26.097880687392262, 44.36224751786163], [26.096888768777458, 44.36170549509001], [26.096829866862443, 44.36167330834761], [26.096488556467705, 44.361486797921394], [26.09627566893456, 44.36144209819706], [26.09607181472023, 44.36130383795401], [26.09602671104735, 44.36119909298538], [26.095977562542966, 44.36103251390804], [26.09594811167679, 44.36072936708389], [26.095934536948967, 44.36064628636252], [26.095929332942816, 44.360614436820825], [26.09586945172859, 44.36061475693274], [26.09588243393362, 44.36008870925072], [26.09550979516372, 44.35998835621278], [26.0952557724616, 44.36168417553367], [26.095185609201923, 44.36215255465157], [26.09511956231388, 44.36259345307508], [26.094756162029473, 44.36501921608416], [26.09369627533339, 44.364636352191674], [26.092581155742682, 44.36423353364937], [26.092311661798046, 44.36470276789737], [26.09221615765978, 44.36486905368909], [26.091754932398455, 44.3656720988692], [26.09153615806418, 44.366053003132016], [26.091406937520738, 44.366277981221685], [26.091128006772173, 44.366763609703995], [26.090974950524892, 44.36703008227917], [26.090971830810695, 44.36703551261215], [26.090709874049534, 44.36749157651077], [26.090480089019785, 44.36789162163542], [26.09040033019184, 44.36803047745091], [26.09035598509029, 44.367827916183195], [26.090160593444576, 44.366935396633565], [26.09016054089386, 44.366935404342506], [26.089623921896326, 44.367010167772634], [26.08932859758642, 44.36705131233043], [26.089223881694622, 44.36734691540982], [26.089093404454314, 44.36771523696177], [26.08892204871589, 44.368198946211905], [26.08876401466499, 44.36864504877143], [26.088743485234193, 44.36870299418817], [26.088699080679834, 44.36882833694085], [26.088642328410366, 44.36898853342715], [26.088616439418903, 44.36906161042905], [26.08859133675646, 44.36913246758039], [26.088143225058307, 44.369243887958646], [26.088568881822265, 44.36920294271949], [26.088512863930564, 44.369345435006615], [26.088507344819167, 44.36935487014357], [26.08848494261972, 44.36939317094839], [26.08842780388045, 44.369490854082784], [26.088393449678467, 44.36955162233604], [26.088377143709103, 44.36958002340023], [26.08835838592386, 44.36961269444353], [26.08832456890556, 44.3696715422466], [26.088304051171225, 44.369707244450254], [26.08827347080473, 44.36976486752875], [26.088254800226732, 44.36980004965917], [26.088251591313284, 44.36980609638979], [26.088207066636063, 44.36988640505894], [26.088189793403195, 44.36991756139666], [26.088149514948828, 44.36999020945787], [26.08808929578428, 44.370098838497505], [26.0879720339791, 44.370300207483666], [26.087809321238254, 44.37069221969505], [26.08760887130074, 44.371175138835625], [26.087587846518723, 44.37122578878913], [26.087530640862898, 44.371346682651414], [26.087488610400914, 44.37144179742365], [26.087261780008348, 44.372166044825974], [26.08794606105356, 44.37209000742748], [26.08879166800841, 44.37197934825114], [26.088890612841148, 44.37196432409749], [26.088979074281056, 44.37195231730953], [26.08906037202991, 44.37194170277061], [26.08938772098153, 44.37189591108344], [26.089696428098364, 44.37185169389528], [26.089730519761314, 44.37196639514044], [26.08933289119797, 44.37201753890881], [26.089368645340258, 44.37219331734813], [26.089160050261274, 44.37221393878535], [26.088953628346466, 44.37224537502424], [26.088975007036343, 44.37233733901499], [26.08897622343096, 44.372345976415524], [26.089033701225656, 44.372554683482214], [26.089058323053656, 44.37269365999335], [26.089061103061688, 44.37271605253303], [26.089191703900305, 44.37269750885183], [26.089217198558416, 44.37280013419018], [26.08922070434552, 44.37281267441604], [26.089236987718127, 44.372870927108366], [26.089259021481467, 44.37293963726864], [26.089287399416122, 44.37301541418397], [26.089297524094622, 44.37306404316652], [26.089359906829444, 44.37332662267023], [26.08936105560984, 44.37333166065259], [26.089726420624313, 44.37328323214226], [26.090062400730332, 44.373238300003266], [26.090072060005788, 44.37336017684083], [26.08944649910938, 44.373445298125645], [26.08949816271969, 44.373632271824015], [26.089323665567548, 44.373656091652634], [26.089340891672144, 44.37371461241962], [26.089362364389505, 44.373787560775945], [26.08944124575595, 44.374101335614554], [26.089466810001916, 44.374203600231844], [26.08947715374469, 44.3742525150901], [26.089492163387153, 44.37430732491313], [26.089546281424177, 44.374519997353424], [26.08957275868855, 44.374622082113014], [26.08960201988407, 44.37473073705423], [26.089807798124333, 44.37470331997055], [26.09043093930448, 44.37461828316982], [26.090462181886437, 44.374746782092416], [26.089843223149472, 44.37483809669876], [26.08985329301737, 44.37487309990769], [26.089874449988418, 44.37494514851662], [26.08990703548787, 44.37505904530846], [26.089929961556432, 44.375154414237116], [26.089733867127944, 44.37517838974762], [26.08978271972566, 44.37539056404706], [26.08980799477248, 44.3754980695033], [26.089881396481182, 44.3757731243792], [26.090074168582614, 44.375742538656034], [26.090111189870296, 44.375739372172504], [26.090223660484483, 44.37572594395106], [26.090295184804916, 44.375718492236516], [26.090380476288605, 44.375706452065636], [26.09040479076094, 44.37581419170336], [26.09041371030815, 44.37586298527647], [26.09042426383878, 44.375920718199666], [26.090453509393377, 44.37604908347767], [26.090498384527553, 44.37604382476438], [26.090795164000376, 44.37600346424917], [26.09084020322617, 44.37614817374622], [26.090667874532002, 44.376169571572646], [26.090486434154126, 44.376193568432264], [26.0904377909173, 44.37619997965517], [26.09026591676627, 44.376223541505205], [26.09030288994615, 44.376345792877885], [26.090334863871547, 44.376489774076326], [26.089900924421237, 44.37655280956459], [26.089883756727726, 44.3765514187148], [26.089870582430798, 44.376546848146454], [26.08972157627571, 44.37646198769136], [26.089683177508654, 44.376303254217554], [26.089558761388524, 44.37632079356759], [26.089548416672766, 44.376345896159215], [26.08959501291197, 44.37651882462789], [26.08957339090113, 44.37653546818707], [26.089642835697152, 44.37680229036972], [26.089679462782517, 44.37693554351197], [26.089681597264757, 44.37695828429957], [26.08982231075095, 44.376940488073416], [26.090004114168448, 44.37691830681664], [26.090183087395925, 44.37689444263529], [26.09023028718764, 44.377058643844705], [26.090354874338306, 44.37751605042445], [26.090472874488167, 44.37749953536184], [26.091176267824846, 44.37740107204648], [26.091200226755443, 44.377519795198474], [26.09065595842779, 44.37759391995053], [26.09050478593142, 44.37761681360925], [26.09054929766159, 44.377782129756625], [26.090584086498506, 44.377929575710965], [26.090618916389285, 44.37809118753862], [26.090493299167395, 44.37811044057379], [26.09051374361402, 44.37819439242457], [26.09053143539774, 44.37826704330974], [26.0905181059284, 44.37827025047059], [26.0905884011002, 44.37850658029742], [26.09063913996125, 44.378666661007024], [26.090795856091145, 44.37864545950891], [26.09114551603088, 44.37859765568706], [26.091152938014847, 44.37868320245661], [26.09118007064829, 44.378788511605336], [26.09134903029302, 44.378768396707784], [26.09143727604722, 44.378745751910266], [26.091477425995922, 44.37872538231798], [26.09151029996772, 44.378677848705046], [26.091534810050206, 44.378949596496724], [26.091485839395293, 44.37895007121917], [26.09116691322919, 44.37898602202537], [26.09118085687562, 44.37903871794446], [26.09119375217306, 44.3791156975033], [26.090981976993522, 44.379130007900955], [26.090910468391765, 44.3791378468888], [26.090776458707793, 44.379148712374636], [26.09084433796505, 44.37941656609562], [26.090585254709453, 44.37944508632747], [26.09065234735043, 44.37969985252665], [26.090757699454272, 44.37968586274446], [26.09091587901015, 44.37966492591995], [26.091054819533497, 44.37964594833413], [26.09116759897015, 44.37963053617007], [26.09128690604517, 44.37961589764395], [26.09140647790724, 44.37960266045235], [26.091440284046342, 44.37973507640378], [26.091473449260075, 44.37986943359843], [26.091591826050305, 44.37985402075318], [26.09180680104616, 44.37982425188504], [26.09185729681616, 44.37981477105825], [26.091872211824562, 44.37988233477637], [26.091795862495864, 44.37989505436059], [26.091487858716757, 44.37993416720976], [26.09137485784394, 44.37994851081742], [26.091449261561685, 44.38023873841483], [26.090835733520468, 44.380331580623874], [26.090723197520205, 44.38034133797857], [26.09072931052037, 44.380365399241924], [26.09064082564092, 44.3803734925006], [26.09054266607241, 44.380065080105375], [26.0901081084693, 44.380122020144555], [26.089674286288947, 44.38017673824157], [26.088661196610527, 44.38030451138895], [26.08862131780578, 44.380174180179296], [26.088597604572026, 44.380096682112054], [26.088116788099022, 44.38006081084597], [26.087145758035913, 44.38017361150164], [26.08700319960959, 44.38075349215859], [26.08700509646747, 44.38086377820867], [26.08700710010428, 44.38098035435235], [26.0870079254557, 44.381028338025914], [26.087009134537332, 44.381098637533135], [26.087010731469263, 44.38119153904019], [26.08701118364949, 44.381221780668646], [26.087011239199008, 44.38122547560496], [26.087011353519436, 44.38123310395105], [26.087011532174785, 44.3812450958618], [26.08701154216417, 44.38124576177846], [26.087011555328942, 44.381246596867804], [26.08701159371568, 44.38124917684786], [26.087011613402364, 44.38125055998495], [26.08689667555483, 44.381219464188504], [26.086730889203707, 44.3811746045654], [26.08667450245137, 44.381164855259215], [26.086624736690688, 44.381189270600416], [26.08662473152939, 44.38118892864351], [26.086624670173606, 44.38118371903355], [26.086624552275087, 44.38117375697606], [26.086624552297184, 44.38117369127452], [26.086624550073847, 44.3811735058924], [26.086624504271413, 44.38116972716034], [26.086624496244106, 44.3811689649229], [26.086624481620323, 44.381167784240844], [26.086624258038057, 44.38114884552739], [26.086624082572374, 44.381134009529966], [26.086624046006712, 44.381130923722395], [26.08662332116304, 44.381069752918926], [26.086623725933894, 44.38096036627053], [26.086624408780317, 44.38077523865735], [26.08662250993705, 44.380661998766406], [26.086616100743708, 44.38063945217568], [26.086615956554784, 44.38063176741687], [26.086231621579792, 44.38065228807519], [26.085759291542058, 44.38068902827175], [26.08570475933856, 44.38069683524273], [26.085638662467105, 44.38071969398207], [26.085609902035745, 44.38074530677171], [26.085595373194682, 44.380770269333354], [26.085528137854837, 44.38095400811761], [26.085435091717223, 44.3812310484919], [26.085393557731017, 44.3814112651729], [26.085382435732093, 44.381459521522025], [26.085358796614134, 44.381595031025775], [26.085340957191548, 44.3818076431293], [26.085334731965713, 44.38197368437702], [26.085331063966287, 44.38213555189629], [26.08531874240232, 44.38222099413022], [26.08530020984983, 44.382349495469754], [26.08528090223545, 44.38242686707644], [26.085240699212164, 44.3825062671082], [26.08521902862113, 44.38252452132105], [26.085155217778524, 44.382558319950576], [26.085128325975006, 44.38256650826592], [26.085029082735964, 44.382591405099916], [26.084938841151303, 44.38260442488195], [26.084901544091, 44.382607187292486], [26.08482809979106, 44.382617147085675], [26.084758987982248, 44.382633284214315], [26.084720340814474, 44.382643700720585], [26.084651168651334, 44.3826666694977], [26.084587267089365, 44.382690289478376], [26.084522255156877, 44.38271694417632], [26.084368669199918, 44.382795428857335], [26.08425608664284, 44.38286802839566], [26.083920472271092, 44.38310467916151], [26.08370504124989, 44.38326243418307], [26.0836431994254, 44.383307718823026], [26.084056355936905, 44.38359896571157], [26.08445625789015, 44.38387349223459], [26.084464464610207, 44.38387912650787], [26.085176983014343, 44.38436440696432], [26.08526677884659, 44.38442556446131], [26.085516481769858, 44.384595627928064], [26.085541560844067, 44.384607185388525], [26.08556470117578, 44.38457758572096], [26.085760313501005, 44.38432129167824], [26.086065428246393, 44.38392260237833], [26.08611516519861, 44.38385750316658], [26.086278790591653, 44.38364333877018], [26.08637051203397, 44.383522284408876], [26.086550648261927, 44.383284533753155], [26.086572763397296, 44.38323479777115], [26.086575828069435, 44.38322790466214], [26.086573999862942, 44.38282346332606], [26.086561407533853, 44.38279980637071], [26.0865646440218, 44.38273217480732], [26.08657348210812, 44.38268283155101], [26.08657334122174, 44.38228410436123], [26.08657332050542, 44.38222474209347], [26.086626304533425, 44.382161778562704], [26.086627367337886, 44.38196172137329], [26.086627730008157, 44.38189349923286], [26.086628403399942, 44.381766592941624], [26.08662864474371, 44.38172126662253], [26.086628888296268, 44.38167545607271], [26.08662943521747, 44.3815723753715], [26.086629665648772, 44.38152887529416], [26.086629899987994, 44.38148484776886], [26.08663003646358, 44.3814590807464], [26.08662995212639, 44.38145478667603], [26.086629159318154, 44.38141440693473], [26.086628754500705, 44.38139383553787], [26.086627565877528, 44.38133336402258], [26.086627239781027, 44.381316720443195], [26.0866272130476, 44.38131536257456], [26.08662630919118, 44.381269331794584], [26.086626209366404, 44.3812642791589], [26.08662606629546, 44.38125698859661], [26.086625946749795, 44.38125088493064], [26.086625850318853, 44.381246013165715], [26.086625681409572, 44.38123741242714], [26.086625659623436, 44.381236318215954], [26.086625518460604, 44.38122912933735], [26.08662526271632, 44.381216101350006], [26.08662506619606, 44.38120609595036], [26.086625036727686, 44.38120459230524], [26.086624904175956, 44.38119786235252], [26.086624842301173, 44.38119469848757], [26.08662482515837, 44.38119385173644], [26.086624774325855, 44.381191276376555], [26.086624757205147, 44.38119036392384], [26.086624751228097, 44.381190045375334], [26.08662474758108, 44.381189851006674], [26.08662473746207, 44.38118937859509], [26.086624736449014, 44.38118932460383], [26.086674514655915, 44.381164903742366], [26.086730869921418, 44.38117464705231], [26.086896652491628, 44.38121950581193], [26.087011614474907, 44.38125061712575], [26.087011615935918, 44.38125069496318], [26.087011617535737, 44.3812508470507], [26.087011625353444, 44.38125153098862], [26.08701163033357, 44.381252063751006], [26.087011639113946, 44.381252798980704], [26.087011691721766, 44.38125754066596], [26.087011773725454, 44.38126491821919], [26.08701182209149, 44.38126923333699], [26.08701184920006, 44.381271613622005], [26.087011875898487, 44.381274038911876], [26.087011907328474, 44.38127691686499], [26.087012316619397, 44.38131356523352], [26.087012499107672, 44.381329973494054], [26.087012630621473, 44.3813417939566], [26.087013754311517, 44.3814425778887], [26.087013897811016, 44.381455371154836], [26.087013940415506, 44.3814591787183], [26.08701515066281, 44.381567782969384], [26.087015707827412, 44.38161779157379], [26.087015817967142, 44.38162767090485], [26.087018493275348, 44.381867679799264], [26.087018638360707, 44.381880624253405], [26.087018790207114, 44.3818943300573], [26.08701905966673, 44.381924063141184], [26.08701949369881, 44.381972057796], [26.087020027275837, 44.3820311055075], [26.087022269342132, 44.38227918725055], [26.087022949376763, 44.38235439426819], [26.087023972217168, 44.38246752022473], [26.08702423520099, 44.382496640460324], [26.08702525797418, 44.38260962871594], [26.08702557707248, 44.38264501433377], [26.087313470852866, 44.382263831204426], [26.08749816346194, 44.38203167902886], [26.0876740458652, 44.381857725797914], [26.087835882672678, 44.381576139860286], [26.087916088803375, 44.38168037902037], [26.087954841482347, 44.38173442866534], [26.087968007383598, 44.38175139009047], [26.087989090559798, 44.38177854961675], [26.088265559310372, 44.38209889518978], [26.088349231793465, 44.38219584550672], [26.08841798679287, 44.38227832457112], [26.088530691000663, 44.38237277198083], [26.08873101649332, 44.382537149507385], [26.08894686890768, 44.382709209382135], [26.088975222762624, 44.382731810925776], [26.089349593641558, 44.38302686965284], [26.089771444515954, 44.3833858909385], [26.08979491495002, 44.383401981111234], [26.09032410627368, 44.3837646055236], [26.090451102294065, 44.383891232311], [26.090583969994636, 44.38408037134976], [26.090873779658338, 44.38455231644724], [26.0908789923801, 44.38456080531927], [26.09116323007168, 44.38502812179725], [26.092049153595237, 44.38528333770203], [26.092010535821117, 44.38535257262236], [26.091536692533797, 44.385217007074885], [26.09151412159284, 44.385254027616256], [26.091405005361942, 44.38544173107296], [26.09118927424006, 44.38537388142938], [26.09113373600859, 44.38541774649466], [26.091032527731247, 44.38544172263673], [26.091097015091144, 44.3855750565029], [26.09100646908152, 44.385597408273945], [26.091017170237645, 44.38561648397917], [26.090779948104963, 44.38567367430544], [26.090809528188654, 44.38573560332174], [26.090903780175328, 44.38593293276519], [26.091262901281684, 44.38668478258751], [26.09137008316875, 44.38669262699967], [26.091760355035525, 44.386598193909165], [26.091781226401928, 44.38658351025116], [26.091780928125598, 44.38656769082013], [26.09177367181172, 44.38654961680502], [26.09186992045074, 44.38652611110306], [26.09188944885776, 44.386550033235196], [26.091929304725653, 44.38654241060807], [26.091960766983984, 44.38652496016062], [26.091969989335393, 44.38661267652189], [26.09186704142678, 44.386629020121326], [26.091868755874366, 44.38667534544402], [26.091487917189323, 44.38677152350955], [26.09147024600788, 44.386735595061154], [26.091300729375156, 44.38676334759204], [26.09115605666115, 44.38677608982584], [26.091055566599323, 44.38677902559116], [26.09105946495013, 44.38671481651145], [26.09076976269799, 44.38668337747178], [26.09060925111073, 44.38673678225354], [26.09115981765447, 44.387968712740175], [26.091246982707148, 44.38810708291527], [26.091159831698008, 44.38812397478266], [26.090744454182722, 44.388228828141784], [26.09077764764361, 44.388305206179524], [26.090804823149156, 44.38836774171966], [26.090908985065195, 44.38860744438952], [26.091154055131287, 44.389171399344704], [26.091164089647325, 44.38919449108649], [26.0912609070487, 44.389417284878604], [26.091408999365097, 44.389363207546054], [26.09165854151045, 44.38927633090604], [26.091600474140193, 44.3894085845364], [26.091594384604182, 44.389437102154254], [26.091600784631044, 44.38947298685378], [26.091629626897163, 44.38950821298696], [26.091643945470217, 44.38951872139858], [26.09167651813716, 44.38953610898914], [26.09169795721222, 44.389545486341426], [26.091717793687717, 44.38955108114851], [26.091798960372792, 44.3896427261182], [26.091298783533265, 44.38967878720631], [26.091251166472716, 44.38971560041322], [26.091253538510845, 44.38975021913988], [26.091319840468206, 44.38986460167013], [26.091331781233993, 44.38988520167378], [26.09146098618647, 44.39009620978832], [26.091588977490183, 44.39030470947514], [26.091643938710558, 44.39036315490015], [26.091793545679618, 44.390330050819024], [26.09193745302137, 44.390309539066536], [26.092063324804176, 44.39058189710384], [26.092089852006076, 44.39057419668687], [26.092190891695644, 44.39079234428578], [26.092308633832005, 44.391049489600874], [26.092440636104822, 44.391367841739395], [26.092638853250207, 44.39131582356958], [26.092627424581924, 44.391287547870206], [26.09285864380224, 44.39123505608744], [26.09288809651906, 44.39130319867268], [26.09253883543593, 44.391386104441665], [26.09249664580176, 44.3914724385516], [26.092582292770835, 44.39163234194557], [26.093086921822472, 44.392773960661565], [26.093061348925495, 44.39278239006274], [26.093153291230074, 44.39298699888743], [26.092947889540184, 44.39303771964503], [26.093015727942532, 44.393188291386124], [26.0930335955108, 44.393216513554826], [26.093284776516132, 44.39315850805627], [26.093611280523255, 44.39308042011452], [26.09367280057884, 44.3932233486671], [26.093448748795623, 44.3932689143536], [26.09349416253514, 44.39339069954782], [26.09352328152873, 44.393468786836266], [26.09358442882468, 44.39351953911953], [26.093619571550285, 44.39358910230846], [26.09369007213855, 44.39371302524553], [26.093715241737055, 44.39376562090664], [26.09375167276586, 44.393855520974036], [26.093334262254366, 44.39395368935528], [26.093236925109462, 44.393972022721805], [26.09304627424882, 44.393573580994975], [26.09284222641797, 44.39362232636886], [26.092852192536228, 44.39364424411364], [26.092702741839663, 44.39368471920842], [26.092807046215242, 44.39387058698396], [26.09281193458242, 44.39400653240568], [26.09283337527109, 44.39405672629682], [26.092854064797375, 44.39410516163687], [26.09296148603356, 44.394336377988814], [26.093459991138218, 44.394209730015646], [26.09356016893961, 44.394436788755385], [26.09356082461889, 44.394438273719665], [26.093670914021846, 44.39466901349725], [26.093774245359747, 44.394902113863736], [26.093868433008705, 44.39511363050227], [26.09401974128963, 44.39541640310954], [26.09470568913252, 44.395257777854354], [26.0947370326859, 44.395319475478324], [26.094408961537713, 44.395397590872385], [26.094423592477348, 44.39544111761125], [26.09446982257507, 44.39553729437038], [26.094345944519816, 44.39556415780778], [26.094302826071605, 44.39546723074601], [26.094286781145225, 44.3954372180189], [26.094052537133635, 44.39548390993639], [26.094036151202147, 44.395509575669756], [26.094198639972724, 44.39586993966301], [26.094432124362715, 44.39638774776457], [26.094584060080987, 44.39672469540436], [26.094796257072847, 44.39671671956027], [26.09503078014606, 44.396686538753265], [26.09504281045521, 44.396764417442604], [26.095373436823262, 44.39671217792941], [26.09540632894049, 44.396772708293454], [26.094846178747254, 44.39684405496076], [26.094809122761546, 44.39684542323986], [26.094816396558038, 44.39691806508164], [26.094623659737614, 44.39692622981394], [26.094375586088493, 44.39691898364966], [26.09430548818315, 44.396914930735115], [26.094146744291976, 44.39689648376387], [26.093901315778123, 44.39687442354029], [26.093769573096704, 44.3968585938137], [26.093674908470252, 44.3968472099495], [26.09349186115555, 44.396824056977664], [26.09330323868117, 44.39679549471915], [26.093011539763904, 44.39675479235851], [26.09297507763973, 44.39674931682487], [26.09269134450886, 44.3967067065859], [26.09246063967645, 44.39666855202598], [26.091739597851017, 44.396538408624565], [26.091693543230576, 44.396532947370424], [26.091649026017713, 44.39652766739835], [26.091723580825022, 44.396608999389464], [26.091769122545994, 44.396662874027065], [26.091776005301725, 44.39669302093823], [26.0917750587756, 44.396710724488734], [26.092035939979947, 44.396747498806924], [26.092156927337545, 44.39676617092462], [26.092194230084527, 44.39677189327541], [26.092277573197677, 44.39678536823608], [26.092522576371927, 44.39682019839093], [26.092644278767793, 44.39683949306301], [26.092749550181885, 44.39685218789995], [26.092772634752258, 44.39685481695654], [26.092776431535178, 44.3968604412337], [26.092738343060905, 44.39703321848967], [26.09286079663385, 44.39704639451166], [26.09289610556142, 44.39687800928021], [26.093025161933554, 44.3968965121573], [26.09326388528618, 44.396929790621236], [26.093389279661256, 44.39694580857946], [26.09352078301198, 44.39696291910279], [26.09365868838112, 44.39698002130049], [26.093906225674097, 44.39701002674059], [26.094098354959385, 44.39702681767344], [26.094075268911393, 44.397165590922455], [26.094011871732093, 44.39716207573698], [26.093993835828147, 44.39720673889917], [26.094007732874417, 44.39721341704043], [26.094027225873322, 44.39724917443875], [26.09403404324564, 44.397269817651384], [26.094038764316956, 44.39730109245584], [26.094380340571647, 44.39731124683561], [26.094390383433982, 44.39744671914083], [26.09467712346046, 44.39743936912574], [26.09486623977902, 44.397427522429844], [26.0950834721884, 44.39739693361649], [26.09527967240021, 44.39737070703227], [26.095317109646036, 44.39745515173557], [26.095416836325487, 44.39743943040531], [26.095480321112735, 44.39760211237285], [26.09577391482473, 44.39756022215452], [26.095810298337963, 44.397663892366204], [26.09573629636945, 44.397671830583676], [26.09563139207639, 44.397687269561764], [26.095480081986782, 44.397709541010464], [26.09552563448893, 44.39780952204221], [26.0954982439108, 44.3978135415778], [26.095576999432236, 44.397996397383885], [26.09545787052791, 44.398013108605774], [26.095475830177218, 44.39809713071625], [26.09550714141352, 44.39822398986879], [26.095513795805992, 44.398258539881645], [26.09558376934247, 44.39824664491872], [26.09562166153194, 44.3983617046657], [26.095626669424316, 44.39837691037343], [26.095724976080167, 44.39836069948113], [26.095789531424526, 44.3983500532344], [26.096097029010743, 44.39830371580472], [26.09612635459512, 44.39835679342485], [26.096143318251265, 44.3983874980773], [26.09581335632182, 44.398438833328655], [26.095873348525256, 44.39856478328696], [26.09617955454801, 44.3985065329468], [26.09620119527423, 44.3985024792141], [26.09624085848395, 44.398584372904786], [26.09590332582206, 44.398654277511426], [26.095929467179925, 44.39871819450477], [26.095961234659878, 44.398784873800956], [26.09595262265283, 44.39878684765252], [26.09595426833508, 44.39879022471051], [26.0959853633412, 44.39886050162264], [26.096022111197037, 44.39893229854533], [26.09612091084364, 44.39890793643639], [26.096338622551198, 44.39885533508029], [26.09638141305605, 44.398937945296915], [26.096261215712957, 44.398967268036365], [26.09616376059663, 44.39899037515423], [26.09619662939214, 44.39906215577833], [26.096048138906006, 44.39909760381606], [26.096085852191997, 44.39916866230819], [26.0958952664508, 44.39920595987745], [26.095923380591607, 44.39927526679536], [26.09601930298025, 44.39925405584574], [26.09604526686359, 44.39931454546972], [26.096171594059655, 44.399286036317065], [26.096193888015183, 44.39934629162386], [26.096241472891638, 44.399481200365535], [26.09635292866386, 44.39945623784637], [26.096630204773213, 44.399394118845784], [26.0966678883401, 44.39948343883559], [26.096391617939116, 44.39954499012407], [26.096418685640277, 44.39960871798997], [26.096278315199644, 44.39964080219889], [26.096317173592567, 44.399735168979056], [26.0963827592568, 44.39989251092113], [26.096030057558107, 44.39997121274267], [26.095943929249724, 44.39999060934738], [26.095775413249008, 44.40003071599115], [26.095599336284366, 44.40007329899127], [26.095510556569604, 44.40009456609759], [26.095418269951274, 44.40011295118184], [26.095336804400738, 44.400133976002124], [26.095221004369442, 44.40016098680037], [26.09507520981139, 44.40019777535215], [26.094432804981555, 44.40035047136067], [26.094234563435737, 44.40023075110536], [26.09414286553468, 44.40017471581518], [26.093857582350847, 44.40001873273435], [26.093771754311337, 44.399969687283395], [26.093688274372216, 44.3999239850365], [26.093597819631885, 44.39987322934949], [26.09356846856677, 44.39985792603268], [26.09347925620363, 44.39980514214423], [26.093431147991335, 44.399779103683066], [26.09339043654112, 44.39975785349142], [26.093322356557103, 44.39971924661377], [26.093264823316254, 44.399691355542004], [26.09284288379925, 44.39945681976689], [26.092610404325054, 44.39932589968863], [26.092576857158424, 44.39935296473268], [26.09237324956873, 44.399535231757945], [26.092217442821397, 44.399675453933185], [26.09213607991834, 44.39974719152313], [26.092054822690656, 44.399811232864366], [26.092207297434854, 44.399892906976994], [26.09230660069278, 44.39994628700899], [26.09259578134714, 44.40010148916741], [26.0927010524251, 44.40015641299099], [26.09281465663224, 44.400219167024325], [26.09292077216425, 44.400274910468355], [26.093014897051475, 44.40033454127142], [26.093089288790967, 44.400406873802474], [26.09312632634365, 44.40044163305648], [26.093198063551032, 44.400532927691515], [26.093246125564903, 44.400583744238105], [26.09330974366286, 44.4006638943797], [26.09339511348321, 44.400757765603196], [26.093566577285305, 44.40095123395385], [26.09365343871216, 44.40102533687683], [26.09367900275248, 44.40104714629289], [26.09383527825107, 44.40116423309107], [26.093882114528206, 44.40119131876554], [26.09400951322693, 44.40127103799461], [26.094153433166188, 44.40136402485998], [26.094260578091895, 44.401425562187086], [26.094353316856335, 44.40148474635057], [26.094447027377175, 44.40154950111618], [26.094549394056124, 44.40161590871308], [26.094663548849322, 44.40168494669689], [26.09480411241103, 44.40177559831627], [26.094747989078357, 44.401836337205815], [26.09459723828407, 44.40200295612081], [26.0945549584902, 44.402047585012596], [26.09450865525677, 44.40208990393991], [26.094419546940472, 44.402178962839045], [26.094334185888393, 44.40226371016128], [26.094298086864274, 44.40230087173488], [26.09425899282193, 44.4023411134641], [26.094186935601297, 44.40241373414561], [26.094041206033094, 44.40255990007875], [26.094292414029145, 44.402687827272544], [26.0943615430069, 44.40271994325747], [26.094449269121228, 44.40276289471277], [26.09457753160156, 44.40283229970978], [26.094615748609446, 44.40284764260524], [26.094722980054396, 44.402900970494564], [26.09478518548219, 44.40293539457168], [26.09486620003321, 44.402975260880574], [26.094863024780604, 44.40297929683719], [26.09490622836942, 44.403002061319675], [26.094909951192072, 44.40299843404732], [26.095011920487522, 44.403044999675394], [26.09520283777301, 44.403141299354075], [26.09530696762874, 44.403195862882384], [26.095440467821142, 44.403259986853215], [26.09544300424971, 44.40325602909556], [26.095695725001157, 44.40338661153925], [26.096402236774818, 44.40347706371431], [26.09609628924646, 44.40395605328866], [26.096349951044704, 44.40404063412042], [26.096293035209847, 44.404129821228295], [26.096188274483588, 44.40429397945429], [26.095934431129574, 44.40420913901353], [26.09578574136042, 44.40443721533035], [26.095628114716376, 44.404678995690446], [26.095568743165664, 44.40465844080141], [26.09549903031896, 44.40476795923477], [26.095433847829202, 44.40487035760353], [26.09549302313865, 44.404891148478846], [26.095184872065406, 44.40536461286175], [26.095233009640157, 44.405381299118815], [26.095201790310917, 44.405425343681586], [26.095174039523524, 44.40545497218964], [26.095120150584034, 44.405505240306255], [26.09509557018321, 44.40552858282848], [26.09515703902872, 44.40556704597246], [26.095271972558237, 44.40561839943781], [26.09530330399238, 44.40562140680257], [26.095518075466952, 44.40578619053002], [26.095361531749933, 44.405880658229165], [26.095263856357448, 44.40593853442985], [26.094692753181366, 44.40627982140613], [26.094708345003024, 44.40629300814687], [26.094494816891967, 44.40642166225268], [26.09452688837113, 44.406436560905874], [26.09456625573117, 44.40647031516004], [26.09482830560739, 44.40669499695015], [26.0945810418167, 44.40684165555151], [26.095066592990005, 44.40727434514028], [26.09508282576995, 44.40731475120269], [26.094957324517797, 44.40739583019503], [26.09506177532934, 44.40748421363163], [26.094954123641774, 44.40754186254865], [26.095039545865927, 44.40762322184616], [26.094847557487814, 44.4077252605953], [26.094722441386914, 44.40778428508941], [26.094691521741524, 44.40775000686204], [26.09437981001654, 44.407976565167736], [26.094256553047064, 44.407859725184544], [26.093968965290717, 44.408029535704095], [26.09403297466646, 44.40809661793381], [26.094102566498734, 44.408169550027715], [26.094183373921624, 44.408256534931134], [26.09407775394165, 44.408334107704796], [26.093973526676663, 44.40822301367653], [26.09383583356472, 44.40829495762612], [26.0938702346122, 44.408331425324775], [26.09385091029089, 44.40834065821075], [26.093795525415388, 44.408367116686684], [26.093658471517017, 44.40823506470131], [26.093573492722918, 44.40830136631336], [26.09348914612802, 44.40836326062532], [26.093468372780702, 44.4083788706546], [26.093366675982054, 44.40845880771929], [26.093287836826242, 44.408517165335596], [26.093361701722213, 44.408559703236755], [26.093254310309355, 44.40863929947288], [26.093183162994546, 44.408694099272886], [26.093205693940245, 44.408707713882386], [26.09317323170281, 44.40872867543069], [26.093055915299452, 44.408809978845554], [26.093031585225482, 44.40882741435167], [26.09305495836003, 44.40883841976072], [26.09297393010763, 44.408929163114905], [26.092873638991936, 44.409054766596405], [26.09285097938618, 44.40908314359545], [26.092797075509363, 44.409055509511276], [26.092703820233645, 44.40900770074574], [26.09265871139355, 44.409056851961424], [26.09265659041913, 44.409059163089], [26.09259201358682, 44.40914414843435], [26.09257849904068, 44.40916053389789], [26.092523362324062, 44.40923080230215], [26.092499738949925, 44.40926061601019], [26.092468028847772, 44.409300631577906], [26.09242213025469, 44.40936477118884], [26.092424177700366, 44.409366146360256], [26.092397461068057, 44.40939951722769], [26.092394799178543, 44.40939818401622], [26.09229314217463, 44.4095216446752], [26.09222101295158, 44.40961300319008], [26.09216004727673, 44.40969114011435], [26.09209442317368, 44.40977659433666], [26.092051192047737, 44.40983708084915], [26.09198084123872, 44.40992624391649], [26.09192493795693, 44.409995223427906], [26.09193050162544, 44.409996627519675], [26.091859606745636, 44.41008692081002], [26.09178752721238, 44.41017898957788], [26.09173865477826, 44.410239314650106], [26.091670620114932, 44.41032284794625], [26.091613706182105, 44.41039154009075], [26.0915800833998, 44.410427605756176], [26.091540380269887, 44.41047615061408], [26.091506344011023, 44.410516927368256], [26.0914499822974, 44.41059361525388], [26.09140947307, 44.41065668519724], [26.091339041357852, 44.41073966550632], [26.09127787835979, 44.410812124734015], [26.091132435089975, 44.410994284867066], [26.09123255483722, 44.41104072791237], [26.091329798040523, 44.41108776575503], [26.091444541079422, 44.41113993504712], [26.09136287808517, 44.411235939495306], [26.09121884605712, 44.411427725279424], [26.091133499923107, 44.41153287344537], [26.091239010522564, 44.41158082129937], [26.091343725677707, 44.41163385287548], [26.091449595801922, 44.41168420010366], [26.091593629900256, 44.41175278976706], [26.09164632119716, 44.411777677633566], [26.09160895403756, 44.41181830669958], [26.0916675562045, 44.411847016353526], [26.0916144937222, 44.41190296288573], [26.091476595301952, 44.411837490856385], [26.091443493611227, 44.411873272423875], [26.091357798597475, 44.41183277391701], [26.09131453491213, 44.41188166820259], [26.091400438656393, 44.411924576773494], [26.091374406965475, 44.41195241463564], [26.091413413670022, 44.41197140508162], [26.091336600328013, 44.412050982152216], [26.091344800225844, 44.41205567280311], [26.091283348186913, 44.41213751304191], [26.09113765692249, 44.412294709031535], [26.091049177019176, 44.412255038284094], [26.09085069946539, 44.41216922684436], [26.090808236200445, 44.412213991089736], [26.09065764475543, 44.412205216238775], [26.090616391270533, 44.41221890900928], [26.090533811609777, 44.412130507650204], [26.090441602474538, 44.41208680444774], [26.09038470711842, 44.412064026764426], [26.090355848478435, 44.41204448771072], [26.090135164227423, 44.41188089428096], [26.090002454659395, 44.41177749739775], [26.08992667890973, 44.411702926062034], [26.089855034186, 44.411625677644615], [26.08965647046091, 44.41139638380428], [26.089433654719063, 44.411132673454226], [26.089323522781743, 44.410997187699394], [26.089167925123053, 44.41121057515885], [26.089315324973516, 44.41127674111393], [26.089265885518184, 44.41135849105414], [26.08921785605551, 44.411428437077866], [26.089100524826872, 44.41161227572514], [26.089066936779524, 44.4116423011636], [26.0891078390046, 44.411699344909515], [26.08955592708023, 44.41231490327617], [26.08962614859353, 44.412411368481614], [26.090246188230342, 44.413257996674375], [26.090311793296703, 44.413347576002785], [26.09032449308128, 44.41336476674566], [26.090524428117245, 44.41363540482506], [26.090666846259595, 44.41382657607001], [26.090704718898, 44.413873946381244], [26.09074270204706, 44.4139205145921], [26.090783311528824, 44.41396651734366], [26.09082566938065, 44.41401134212219], [26.09086901249069, 44.414055806334915], [26.090914991953415, 44.4140989039665], [26.090962445117857, 44.41414090728112], [26.090986934160895, 44.41416172154164], [26.0910380162055, 44.414201718630316], [26.091064115677543, 44.414221365248714], [26.09109022755221, 44.41424100274078], [26.09111707168079, 44.41426018312314], [26.09114392006692, 44.41427892244815], [26.091171770971044, 44.41429755305219], [26.09122882023766, 44.414333019145445], [26.091287252952622, 44.414367931793834], [26.09131594874862, 44.41437343188381], [26.091336525405495, 44.41439651602776], [26.091479574674768, 44.414482640615894], [26.091813671261537, 44.4146837862427], [26.09182121072412, 44.41469737546272], [26.091830748296513, 44.414703061136585], [26.091841402982766, 44.414703398860915], [26.091849843429323, 44.414701516999095], [26.09189137836866, 44.41468070189378], [26.092616272054737, 44.41508859947007], [26.092452640964822, 44.414865793666756], [26.092361535812437, 44.41473587735864], [26.092282038911666, 44.41462220177171], [26.092200219149415, 44.41450585759588], [26.09200654369628, 44.41424185158276], [26.09202267599316, 44.41423302797781], [26.092001022035557, 44.414204104272564], [26.09203330413557, 44.41418938195752], [26.091980905325634, 44.41411757337207], [26.092060510055607, 44.41377263386699], [26.092416695161337, 44.41387903619868], [26.09245715878863, 44.41389064099789], [26.093048616838505, 44.414063214603686], [26.093164999525413, 44.414104737038876], [26.09324617927899, 44.41415589826538], [26.093278437565175, 44.41418578982508], [26.093404500611552, 44.414469782503886], [26.093642698423455, 44.41503079255574], [26.093645142750262, 44.41505713941628], [26.09332325859461, 44.41561752999516], [26.093044448915496, 44.415668567154356], [26.09265190062072, 44.41584155278504], [26.092493174026107, 44.41563255075089], [26.09247101982895, 44.415641684837496], [26.09234176212155, 44.41569919875863], [26.091678379676495, 44.41594618789102], [26.09138913643066, 44.41605405033626], [26.091305466770912, 44.416084244908106], [26.09121709240774, 44.416116135634944], [26.091054334800916, 44.41624185214166], [26.090772906561792, 44.41652060512052], [26.090694242286464, 44.416598948640264], [26.09063639042293, 44.41664358282734], [26.09054631143087, 44.41673260300843], [26.090263768637243, 44.41699178105322], [26.090212500246192, 44.417063288896905], [26.090161519627127, 44.41715654111871], [26.09013832780836, 44.41719896303105], [26.090098877961506, 44.41727112325172], [26.08999388389984, 44.417490394251374], [26.089969799735787, 44.41758698257776], [26.089947181949668, 44.41767769037779], [26.089759352892983, 44.41782544608983], [26.089638416631963, 44.417825122073786], [26.089542262218178, 44.41783443143017], [26.0893274065567, 44.41791010422878], [26.08927888960892, 44.41790708136488], [26.08913560699487, 44.41789509265015], [26.08911606788753, 44.41789098938891], [26.089057238737034, 44.41787863303197], [26.088869775535322, 44.417819784095165], [26.088681144970494, 44.41777228638475], [26.088647997947785, 44.41779992237611], [26.088274480804714, 44.41798204190233], [26.088659992330335, 44.418064970364945], [26.088710872846324, 44.418086151056194], [26.088809225513554, 44.41819028669805], [26.088745489871236, 44.41822671459566], [26.088708255556917, 44.41824336486647], [26.088673464328284, 44.41826305157958], [26.08860054610872, 44.41830267321783], [26.088447598649854, 44.41839577337715], [26.088430051802174, 44.418408930229894], [26.088363398561338, 44.418453171276965], [26.088271030284393, 44.41852897244317], [26.08806971671113, 44.418766047587695], [26.088016828392444, 44.41882843486398], [26.087958831845082, 44.418958426964686], [26.087915996872304, 44.41903175493265], [26.087912101199, 44.41903842210791], [26.087878107780544, 44.41911193106907], [26.087832107264553, 44.419190029084696], [26.08778370280709, 44.419304583111334], [26.087739404637215, 44.41940511114971], [26.087707945219968, 44.41947783057091], [26.087990143552766, 44.41949358248557], [26.088054177767003, 44.41949296393861], [26.088055236148524, 44.419549240974256], [26.088535186247306, 44.419607047071345], [26.088783632768667, 44.41962964832692], [26.088790599146016, 44.41986382384688], [26.088792280843673, 44.41992035226109], [26.08877099398571, 44.42040610094235], [26.088660208991662, 44.42042497415866], [26.08823860223188, 44.42020586128185], [26.08821979806228, 44.420214296141786], [26.08819808389146, 44.42022091407115], [26.08803659485699, 44.42035360706333], [26.087653651154472, 44.42015553001069], [26.087644344421353, 44.420166825129805], [26.087596920551086, 44.4202120230565], [26.08758590888807, 44.42021479344199], [26.08757313723168, 44.4202288220718], [26.087599186631916, 44.42030651229164], [26.087589811579452, 44.42031016689473], [26.08766486645577, 44.420390704980804], [26.087749589631716, 44.42059672046568], [26.087786068606395, 44.42086106411636], [26.08769345410481, 44.42109834880094], [26.087710631627154, 44.42111759635939], [26.087728698195885, 44.42121017797714], [26.087618768546527, 44.421216531620004], [26.087196205644272, 44.42109098114909], [26.087180063958325, 44.42121104663745], [26.08714576553959, 44.421217650821546], [26.087143188353902, 44.42128567221988], [26.087343524118975, 44.421364740283046], [26.087333751960287, 44.42137467183844], [26.08738987581227, 44.421406089757966], [26.087979399444325, 44.42165349173356], [26.087936465452408, 44.421696414384705], [26.08789419592804, 44.42174128364569], [26.087825979464412, 44.42180146082012], [26.087948216339985, 44.42183511101157], [26.088070066683315, 44.42182950592032], [26.088091962250413, 44.42182849339203], [26.088264757214986, 44.4218199388952], [26.08838171318395, 44.421820527892464], [26.088431639644398, 44.421828208644705], [26.088484630101338, 44.42184188090168], [26.088544846196726, 44.42186379949276], [26.088607127504325, 44.42189869438592], [26.088649044282327, 44.421935208102006], [26.088675324601272, 44.42195097446173], [26.088711708619552, 44.42195841697223], [26.088754978777278, 44.4219740820976], [26.08876703354774, 44.42200470127099], [26.08883933432212, 44.42239176715752], [26.08878862036952, 44.42239765750209], [26.088793582999546, 44.42241711297367], [26.08882389435175, 44.422442191547155], [26.088847600339133, 44.42244460845058], [26.088906299429915, 44.42244060293], [26.08894493356607, 44.422530870491066], [26.089491445595815, 44.42249533603429], [26.089569591625455, 44.422483653897366], [26.08980523914868, 44.42246881891823], [26.0902234157334, 44.422448742828266], [26.090237109874906, 44.4226050878444], [26.090240569390595, 44.42264458325959], [26.090245379274336, 44.42269815542526], [26.0902947104109, 44.423247591368735], [26.090331308481566, 44.4236552047259], [26.090350806234994, 44.423872358356824], [26.09037421940283, 44.42413312058515], [26.090374952039348, 44.42414133968138], [26.09069834668533, 44.42413933373924], [26.090795554581362, 44.42415803988289], [26.090963702320064, 44.424249671575645], [26.09107022411276, 44.42437064662409], [26.09108453201394, 44.424440061629504], [26.09146570468766, 44.42442764758913], [26.09190398758759, 44.42441146558971], [26.09192666553895, 44.424584922754946], [26.09206220370683, 44.424608215350524], [26.0920736264772, 44.424582616017695], [26.0923267953857, 44.424619978133634], [26.092310908980632, 44.424673899430516], [26.092528467625097, 44.42471960759778], [26.092671410273127, 44.42480574809973], [26.092616846549646, 44.42484262922058], [26.092600936207376, 44.424856040855886], [26.09243458353512, 44.425016643000994], [26.09237465756473, 44.425075518515115], [26.092378939628166, 44.42508745626529], [26.092370664349037, 44.42510947002431], [26.092362126899413, 44.42518277851073], [26.092674043354222, 44.425200462688395], [26.09263340758974, 44.425333096927375], [26.092622693511334, 44.42535764542023], [26.092592486870252, 44.4254313711203], [26.092847164684443, 44.425460635265225], [26.092825933153172, 44.42555869151886], [26.092881558089285, 44.425567980072174], [26.093126825381812, 44.42562027642413], [26.093082778162838, 44.42572055218675], [26.093021865155404, 44.42585813545286], [26.09293414778884, 44.425957709875135], [26.093038277551667, 44.42601551585269], [26.093138461865735, 44.42587450040343], [26.09320551574965, 44.425783415556445], [26.093214461987163, 44.425770998445316], [26.09342658559457, 44.42587840908623], [26.093507770564074, 44.425774154581354], [26.093581169326168, 44.42567991184071], [26.093639800899734, 44.42556389691776], [26.09367740089364, 44.425467436618696], [26.094021488279324, 44.42559227621331], [26.094096540505213, 44.4256280071009], [26.094108791789726, 44.42563429625204], [26.094164771413645, 44.42558662740103], [26.094226730552297, 44.42561538421779], [26.094234709168063, 44.425606270500936], [26.09433827604098, 44.425652875485305], [26.09434466832255, 44.42564555021347], [26.094419399020854, 44.425677548924], [26.09435695753807, 44.42575275832284], [26.094678968396035, 44.42590479303583], [26.094822005925646, 44.42597637658297], [26.094809982214496, 44.42598948525012], [26.094629255315347, 44.426186509318], [26.094626975063303, 44.42618899393447], [26.09457532534689, 44.426243146093896], [26.094583369008806, 44.42624742403316], [26.09452786423058, 44.42630825578661], [26.09451659856053, 44.42630295612621], [26.094437711466348, 44.426389070717526], [26.094373388801152, 44.42645928618583], [26.09437906717629, 44.42651705196917], [26.094382611764964, 44.426553113775505], [26.09346327567245, 44.426603487814226], [26.0931653537028, 44.42661296760625], [26.09316722561586, 44.426672542527236], [26.09317320030832, 44.42686268327395], [26.093252969684542, 44.427731057581404], [26.093265865468496, 44.42787143650487], [26.093506203346074, 44.42786175947991], [26.09361150879379, 44.42773972933397], [26.093793378053547, 44.42769208042282], [26.094002618591524, 44.427745570763776], [26.094169369311704, 44.42774127808759], [26.094287166853196, 44.42774388688477], [26.094479316917507, 44.42778955918122], [26.09467060433444, 44.427865290340556], [26.09480003617714, 44.42791653158609], [26.094953479487373, 44.42797755561954], [26.09531614583584, 44.428121507223544], [26.095463266457394, 44.42820143849253], [26.095000265530825, 44.428558576617185], [26.094954743384182, 44.4285936888379], [26.094972404155538, 44.42865347657917], [26.095194088163833, 44.4287288933942], [26.095336056841745, 44.428777190581215], [26.095339928917625, 44.42877850746188], [26.095407708081975, 44.42889550814691], [26.095404461756747, 44.42902963298308], [26.09540186876844, 44.42913677692948], [26.095399873134355, 44.42921922298395], [26.09539881507254, 44.429262902305226], [26.095502766748492, 44.429319346957726], [26.095577731848675, 44.429360053060314], [26.095579872754012, 44.42936121486608], [26.095777627970474, 44.42936316503453], [26.095957137395374, 44.429364934166955], [26.095949371954557, 44.42925538712154], [26.09608620489678, 44.429244002524975], [26.09625167743302, 44.42923023389841], [26.096387079402056, 44.42921896816429], [26.096489209249196, 44.42921046970084], [26.096499642398317, 44.429322941016096], [26.0965015859463, 44.42934390339551], [26.096551404924206, 44.42933822531841], [26.096557058890063, 44.42936184444171], [26.096567019221894, 44.42940345627206], [26.096576429812462, 44.42944276939861], [26.096584750597643, 44.42947753272527], [26.09659341372183, 44.42951372375283], [26.09660043186261, 44.42954304563004], [26.096624360575753, 44.42953464678841], [26.09662675141746, 44.42953554153497], [26.09662832128712, 44.429536858283576], [26.096634857340273, 44.429546846992544], [26.09663631511312, 44.429549074754], [26.096694294215922, 44.42953138558942], [26.09675521292417, 44.42951279835335], [26.096855825563285, 44.429483945047224], [26.096910650805018, 44.429471031393426], [26.09697746764279, 44.42945529187118], [26.09701081941446, 44.42944903863519], [26.097059790699547, 44.429439854905176], [26.097068137407813, 44.429438290380595], [26.097124539233953, 44.42942771392368], [26.097146849232683, 44.42942456796086], [26.097198784778804, 44.42941724354369], [26.097272286395675, 44.42941191948359], [26.097576452348388, 44.42939186480489], [26.09782488951059, 44.429377149556096], [26.09867495055865, 44.42932367170409], [26.098991371772094, 44.42930216163677], [26.099242364482514, 44.42928713031836], [26.099395039880807, 44.42927757614804], [26.09951062951837, 44.42926428866591], [26.099658802585953, 44.429243203806074], [26.099791291698203, 44.42921901380111], [26.099843184410684, 44.42920748187935], [26.099991003795843, 44.42916979463548], [26.100128886675954, 44.429128739157086], [26.100279570656355, 44.42907725322516], [26.1004344336991, 44.42901437699198], [26.1005752526895, 44.42894811867536], [26.10066446519566, 44.428901165897756], [26.10073717853933, 44.428855130294004], [26.100825738982927, 44.42878778926836], [26.10090992611596, 44.428719671894385], [26.100898507264944, 44.42871099928205], [26.100912182607374, 44.42870030837532], [26.100921426248608, 44.42869632094015], [26.100942581440396, 44.428696537190184], [26.100958960618488, 44.428700544206016], [26.100997230119038, 44.428724911759666], [26.101268813445138, 44.42866146949302], [26.101284963315674, 44.42864551622212], [26.101305636026044, 44.42863820393938], [26.10130593515841, 44.4285417726907], [26.10127080227184, 44.42853569901865], [26.101240757773425, 44.42852575049834], [26.101225730310635, 44.428518193223844], [26.10121811188564, 44.42843535770509], [26.101217003163956, 44.42842330195339], [26.10119400738541, 44.42817334503601], [26.10110510488179, 44.427207239866476], [26.101098929634155, 44.42713817857185], [26.10109218284053, 44.42706416374532], [26.101089612865778, 44.42703670220768], [26.101098167675513, 44.42701303801828], [26.10110679112797, 44.42701277371846], [26.101099275611592, 44.42689573637574], [26.10107645964077, 44.42689665241908], [26.10107023194307, 44.42682615160285], [26.101091711504598, 44.42682496961746], [26.101075805277336, 44.42667753056402], [26.101068738252167, 44.42658470841844], [26.101062482403492, 44.42651404587471], [26.10104144558741, 44.426259374403465], [26.101056146188185, 44.42622801796213], [26.1010634299819, 44.426211485370345], [26.101102385629595, 44.426169055571094], [26.101133488923672, 44.426145620971816], [26.101182390301343, 44.426119618315106], [26.101316556933206, 44.42607641962829], [26.101427329985093, 44.426047327860715], [26.101492683335053, 44.42603316148518], [26.101732769200773, 44.42599555065723], [26.10185575037006, 44.425988254585924], [26.102129516080257, 44.425978772134464], [26.102305965035406, 44.425971600426124], [26.102529085451607, 44.42596248659927], [26.102860326803267, 44.425947939681215], [26.102981158131524, 44.425942517473146], [26.103335409841907, 44.42592740183043], [26.10352512411601, 44.42591906325011], [26.103580301468636, 44.425917946663795], [26.10365264981217, 44.42592221494631], [26.10378841782907, 44.42591369345141], [26.10433167570472, 44.42585449340428], [26.104515938872243, 44.425842210498494], [26.104768317578063, 44.425830240271715], [26.1050517850246, 44.425817181473676], [26.10548873607145, 44.42579599158674], [26.10637654021171, 44.42575491021135], [26.106791014399533, 44.42573465605241], [26.106997503784903, 44.425723527724], [26.107159213946417, 44.425707547033134], [26.107322447110853, 44.42568190290206], [26.107509239428023, 44.42564303058134], [26.107707237201943, 44.42558528229775], [26.107778946429626, 44.42556142852606], [26.107986945404598, 44.425482277869065], [26.108176567309396, 44.42538662121402], [26.108315149585437, 44.42530483177227], [26.10843182940326, 44.42522179965346], [26.108563962544544, 44.42511547576192], [26.10862202375569, 44.42506762617535], [26.108713481980413, 44.42497860483907], [26.108808975771964, 44.42486556711506], [26.108872906591756, 44.424779318678965], [26.108947814930826, 44.424651849125325], [26.10898623945922, 44.424578794048045], [26.109019747190867, 44.42450345630955], [26.10916612961428, 44.424117309557616], [26.10924487419975, 44.42391031208289], [26.109324366647346, 44.42378491218512], [26.109281603035104, 44.42377703512843], [26.109322665816446, 44.42366674704336], [26.109368587832076, 44.42354265874916], [26.109389818147196, 44.42348663928763], [26.109437731675417, 44.423495221596816], [26.10946321641534, 44.42335130006801], [26.109484217502235, 44.42328792066641], [26.109496374477004, 44.42325125102691], [26.10953856364959, 44.42311722718792], [26.109536819942, 44.423118639398226], [26.109533494597205, 44.423119437172794], [26.109529719896447, 44.42311906934492], [26.109526489698, 44.42311762512727], [26.109524867330183, 44.42311488704067], [26.10952531401468, 44.42311198456989], [26.109528610019197, 44.42310965704716], [26.10953260413433, 44.42310902368938], [26.10963782563389, 44.42282440823926], [26.1096362724375, 44.422822002481055], [26.109635605087668, 44.42281470987694], [26.10963883051939, 44.422809358972245], [26.10965496542938, 44.42281378113309], [26.109713940575794, 44.42270768154775], [26.109853542249592, 44.422396680540196], [26.110106756379075, 44.42174647544907], [26.110428279229755, 44.420924025205345], [26.110618208109337, 44.42043713980905], [26.11082936773189, 44.419901101522086], [26.110932484462403, 44.41963960918177], [26.111039273853162, 44.41940985129295], [26.11111411324903, 44.419280049908615], [26.111239114143654, 44.41909887536217], [26.11135479230286, 44.418947565386375], [26.11148772311049, 44.418793573980125], [26.11153322576379, 44.41875267796325], [26.11160175949845, 44.41869348219448], [26.111580636612207, 44.41868234138009], [26.111724246825148, 44.418545677720914], [26.11176026137549, 44.4185103203927], [26.111786278291692, 44.41852323991005], [26.11185922173293, 44.41843607277589], [26.111895513769234, 44.418402746714314], [26.11208809494093, 44.41822607918515], [26.112417113280753, 44.417922636844004], [26.11269143347403, 44.41767110715055], [26.11282286310953, 44.417550393789355], [26.11287033650521, 44.41750759670916], [26.112856286338605, 44.41750050835431], [26.112876993218798, 44.41747958525662], [26.11285443026796, 44.41746538083656], [26.11293543481521, 44.417390724656954], [26.11295273961032, 44.417398581861704], [26.11299978990393, 44.417343593609885], [26.113008608977545, 44.417347700565], [26.113053695559223, 44.41729116565694], [26.11308160331552, 44.41728554373584], [26.113100033645257, 44.41728010547119], [26.113131806343183, 44.417252799814584], [26.113160167590284, 44.417268791919035], [26.11340247395421, 44.417043443494116], [26.113355940067798, 44.41701755984016], [26.11335125969404, 44.417018398124036], [26.113345559244802, 44.417016474423264], [26.113337263157568, 44.41702388260602], [26.11333358122276, 44.41702244296462], [26.113333168902976, 44.41701928796325], [26.113344717024606, 44.41701120861985], [26.1135582403535, 44.41682698735927], [26.11355692587748, 44.41682458829621], [26.113559184571375, 44.41682058786838], [26.11356375521888, 44.416818616633], [26.113571667250252, 44.416819312427826], [26.11357287124591, 44.416823800634006], [26.113572376495004, 44.41682680259855], [26.113605648763926, 44.41684631192272], [26.113613298460017, 44.4168507976008], [26.113620798759822, 44.41684510730736], [26.113724347039426, 44.41674983316015], [26.113811961004735, 44.416670286870385], [26.113946803830093, 44.41654642435381], [26.114041632412665, 44.41645877833395], [26.114208540108233, 44.416304627612455], [26.114385900299624, 44.416138384931266], [26.114382114408247, 44.41613154622106], [26.11437804153918, 44.41611697916156], [26.114377166422006, 44.41610609755412], [26.114379896103102, 44.416093956251174], [26.114386203584214, 44.41608176154879], [26.114394181904544, 44.41606960431592], [26.114447859267305, 44.41602044502633], [26.11511614879396, 44.41539708151502], [26.115422643256444, 44.41511370777328], [26.11581186650225, 44.41475576583732], [26.116479908934142, 44.414137373708776], [26.11757479447185, 44.41312452043788], [26.118211960753726, 44.4125340729602], [26.11883404059741, 44.41196345518625], [26.118903420782342, 44.411898180365995], [26.11905203094979, 44.411796513440585], [26.11901673374354, 44.41177437259129], [26.119074904526236, 44.41171968529181], [26.119117975949727, 44.41167959335094], [26.11917282970709, 44.41162934906771], [26.119269320130677, 44.4115388560117], [26.119307586711866, 44.41155871721605], [26.119434709612193, 44.41141476427917], [26.11948416053985, 44.411368902648846], [26.11946706789118, 44.411358983296275], [26.119529396019704, 44.411301806376954], [26.119547012422892, 44.41131218852518], [26.119761839126504, 44.411109167951786], [26.1199332198513, 44.410948313012035], [26.12009214675307, 44.41080057798353], [26.120125821879924, 44.41077006533292], [26.120232677879997, 44.41066969411102], [26.12042391985451, 44.41048938939306], [26.12069240200661, 44.4102460162612], [26.121005320377414, 44.40998528878608], [26.121202400624043, 44.40983437334379], [26.121441223308118, 44.40966959559046], [26.121683010542366, 44.40950236674088], [26.12193520836501, 44.40933271160358], [26.12197132705982, 44.409309815240945], [26.122188039951876, 44.409178979973284], [26.12253001805805, 44.408988448399896], [26.122557837453353, 44.408979170899414], [26.123260030062713, 44.408641447634615], [26.12344515439531, 44.40855559307285], [26.123685068773824, 44.40844310891806], [26.12379281002445, 44.408392739683904], [26.12394900592733, 44.40831988125276], [26.124083889239294, 44.4082570905665], [26.124091240460814, 44.40825223807676], [26.124096781737517, 44.40824340755285], [26.12412606958724, 44.4081914719517], [26.1241458026812, 44.4081569931423], [26.124144426419694, 44.408140437469875], [26.12436975274637, 44.40805468410951], [26.124683036287774, 44.40793501215492], [26.124861948653482, 44.40786762273554], [26.124870312505813, 44.40787611641125], [26.12499114886702, 44.40788525970625], [26.125108663593675, 44.407894688061184], [26.12511682288682, 44.40789394953345], [26.125132171038153, 44.40788970110221], [26.125249043352902, 44.40785123654108], [26.125390214618655, 44.40780782193702], [26.125477336149135, 44.407781291706506], [26.125838831818307, 44.40767273600063], [26.126020975678756, 44.40761860575663], [26.12612323250724, 44.4075885396144], [26.12644691749387, 44.40749784744399], [26.127073017808026, 44.407339785731594], [26.127766594712675, 44.407164061432326], [26.128088190361964, 44.40708044161991], [26.128443791802663, 44.406990090003255], [26.128794241404137, 44.406900868921646], [26.129176412005993, 44.406804947548025], [26.129798512027886, 44.40664660471351], [26.13005979313675, 44.40658068471727], [26.130325826653184, 44.40651384339301], [26.131998831447735, 44.40608860964609], [26.134229400233227, 44.40552977173481], [26.13531944528439, 44.40525545069748], [26.13633549654622, 44.40500108116912], [26.13700329695944, 44.40482939389964], [26.13715581447382, 44.404789180006546], [26.137350746720397, 44.404737062274364], [26.13750927578256, 44.40469484313979], [26.137632710621965, 44.4046620415228], [26.137840718301174, 44.404605155737336], [26.138160207711653, 44.404517388201896], [26.138622342858856, 44.40439128570611], [26.138933269671544, 44.404306176602866], [26.13975860456693, 44.4040835223775], [26.14105568594379, 44.40372896405394], [26.141083395478013, 44.40372712625813], [26.141125400075936, 44.403729508723366], [26.14116986334437, 44.40373242427384], [26.141240282316545, 44.40373751584799], [26.141217652386672, 44.40369516506529], [26.14149038623569, 44.40362371122964], [26.141512025299413, 44.40366673801901], [26.14154552899318, 44.403640405745485], [26.141580179286542, 44.40361364782856], [26.141637812525495, 44.40356947547582], [26.141708228396745, 44.40355086917312], [26.14181384922586, 44.40352217664598], [26.14202015996301, 44.40346559731512], [26.14213153413401, 44.40343518110305], [26.142260843680535, 44.40340069476758], [26.14225388958383, 44.403389938019366], [26.142264013478016, 44.403388278295424], [26.142273430890906, 44.4033902618308], [26.142277898516614, 44.403395895663984], [26.14227810716365, 44.40339628955802], [26.14262030751778, 44.40330218579188], [26.142620214731, 44.40329875764412], [26.142624797511065, 44.40329178096731], [26.142632907950304, 44.403286703549], [26.142644056519135, 44.40328353035535], [26.142649535929927, 44.40329462605053], [26.14275069133564, 44.40326936203528], [26.143503639258935, 44.40307752950387], [26.143672631121156, 44.40303537541807], [26.143926019876815, 44.402971285295315], [26.144183061039563, 44.40290717549246], [26.144446799039667, 44.402841458005874], [26.14493290468841, 44.40272009002269], [26.145222685962935, 44.4026477517725], [26.145666824330487, 44.402536797628855], [26.145849569718294, 44.40249132326214], [26.145982358811974, 44.40245778725576], [26.146072617028167, 44.40243520519783], [26.146239283656982, 44.40239373692321], [26.1464605118998, 44.402338356620696], [26.146692233851017, 44.40228037596787], [26.146986134231494, 44.40220705519291], [26.147345465568254, 44.40211719963953], [26.14748521553058, 44.40208214189722], [26.14768846981231, 44.40203023639725], [26.147800892359076, 44.40200169391698], [26.148342535836733, 44.401863832671076], [26.148456662978397, 44.40183518214924], [26.14856686936031, 44.401806976509185], [26.148754087477226, 44.40175937273551], [26.148907365278998, 44.40172032312652], [26.149067163534042, 44.401680261752894], [26.149173437519693, 44.40165320266911], [26.149229159789275, 44.40165923122608], [26.149353066025157, 44.40167358214003], [26.14934947936736, 44.40166745358145], [26.14933554297079, 44.401640838104036], [26.149442558418844, 44.40161319518286], [26.149615507646324, 44.401569713712775], [26.149642240328653, 44.40156363566361], [26.149664189896587, 44.40155819145248], [26.149662229183253, 44.401554917381304], [26.149957273224196, 44.401481397136756], [26.14997439793023, 44.401514928165696], [26.150014841860102, 44.40148242031833], [26.150036561868856, 44.4014641620385], [26.15008050312264, 44.40142886437967], [26.150130125154785, 44.40139072761341], [26.15017316487065, 44.401382088832754], [26.150308276246516, 44.401349424007456], [26.150514413285165, 44.40129816795531], [26.150541323466328, 44.401291556864145], [26.15069817337492, 44.40125107327469], [26.151202135371253, 44.40112556254463], [26.15149080778977, 44.4010538044405], [26.151962509374652, 44.40093431729796], [26.152530677616635, 44.400789153298405], [26.152715408575506, 44.40074205347476], [26.153117185125016, 44.40063961352575], [26.154007130234838, 44.40041634578661], [26.15444402901268, 44.40030790611703], [26.15490862272046, 44.400189532468225], [26.155326366483475, 44.40008388686854], [26.155985803516472, 44.39991767144615], [26.157080735071144, 44.39964190058977], [26.15769892942697, 44.39948604410428], [26.15842927546721, 44.3993038479145], [26.15920227467909, 44.399107878558915], [26.15935954663372, 44.399067747514096], [26.15944067967372, 44.39904700368222], [26.1597278844899, 44.3989763195037], [26.16016435595334, 44.39886516186422], [26.160433223601114, 44.398793494756546], [26.160622274488603, 44.398748102334274], [26.16097586623903, 44.398662096341994], [26.161724190175224, 44.39847222493661], [26.16181685288791, 44.39844871257137], [26.16197949299895, 44.39840852246763], [26.16192820208657, 44.39831172302391]]]}}, {"type": "Feature", "properties": {"id": 3186, "natCode": 179187, "name": "BucureșTi Sectorul 5", "natLevName": "Sectoarele municipiului Bucuresti", "countyId": 40, "countyCode": 403, "county": "București", "countyMn": "B", "regionId": 8, "regionCode": 886, "region": "București-Ilfov", "version": "2025-03-26", "displayName": "Sector 5", "sectorNumber": 5}, "geometry": {"type": "Polygon", "coordinates": [[[26.09803471457368, 44.43489842658759], [26.098117419089323, 44.434787181440235], [26.098200127004713, 44.434675933498134], [26.098264277219354, 44.434501750591636], [26.098290804154338, 44.43442972153058], [26.0982128323602, 44.43442157147789], [26.097896191953136, 44.43441185060623], [26.097750555042204, 44.43441110084422], [26.097769486682235, 44.43426759689407], [26.097767381281102, 44.43423476661718], [26.097752108636616, 44.43423486144559], [26.097756594592603, 44.434046344177695], [26.097613562353793, 44.43391407568733], [26.09702604750802, 44.4338568781392], [26.097041540923428, 44.433802869960815], [26.096891458458952, 44.43308550216068], [26.09648127737843, 44.43312312925252], [26.096253840086828, 44.43315450350442], [26.09629365721271, 44.433117332132404], [26.096367528558634, 44.433044458467776], [26.096360364824214, 44.43302304467428], [26.09641040765957, 44.43301443042487], [26.096414629297957, 44.433023767560556], [26.096411534525085, 44.433014239452795], [26.096365731734032, 44.4329158808737], [26.096213422193223, 44.432922736265425], [26.09610602535751, 44.43289684367323], [26.096039409400753, 44.43283823442764], [26.096030453975523, 44.432779271148064], [26.096082771630837, 44.43267860770878], [26.096222153657017, 44.432624609162346], [26.096324652056527, 44.432585603759314], [26.09623628406474, 44.43245426858158], [26.09580588386392, 44.43186738508364], [26.09566848619634, 44.43168194011331], [26.095630284271806, 44.431628634399544], [26.095954202415346, 44.43154134944616], [26.096460938503466, 44.431426192613436], [26.09637251496176, 44.431084451082235], [26.096667938278213, 44.43103408126424], [26.096615581642105, 44.43094441781518], [26.096679405428542, 44.43081942250718], [26.096571224796246, 44.43083679304233], [26.096516610458195, 44.43056309714234], [26.096460793358876, 44.43055787132187], [26.096455668768712, 44.43057311356437], [26.096336360523626, 44.430555392348595], [26.096345167969403, 44.43053034903543], [26.096306400654754, 44.430524075177445], [26.096174175038737, 44.430653858011794], [26.096153121792806, 44.43064248860521], [26.096124248371428, 44.43067114724091], [26.096029220275202, 44.43063226393753], [26.09625944295551, 44.430414369551315], [26.096477646491323, 44.430213188076635], [26.096372463927757, 44.430001032785384], [26.096763899286433, 44.429774160997525], [26.096683603132607, 44.42966460913976], [26.096603307284454, 44.429555057223965], [26.09660043186261, 44.42954304563004], [26.09659341372183, 44.42951372375283], [26.096584750597643, 44.42947753272527], [26.096576429812462, 44.42944276939861], [26.096567019221894, 44.42940345627206], [26.096557058890063, 44.42936184444171], [26.096551404924206, 44.42933822531841], [26.0965015859463, 44.42934390339551], [26.096499642398317, 44.429322941016096], [26.096489209249196, 44.42921046970084], [26.096387079402056, 44.42921896816429], [26.09625167743302, 44.42923023389841], [26.09608620489678, 44.429244002524975], [26.095949371954557, 44.42925538712154], [26.095957137395374, 44.429364934166955], [26.095777627970474, 44.42936316503453], [26.095579872754012, 44.42936121486608], [26.095577731848675, 44.429360053060314], [26.095502766748492, 44.429319346957726], [26.09539881507254, 44.429262902305226], [26.095399873134355, 44.42921922298395], [26.09540186876844, 44.42913677692948], [26.095404461756747, 44.42902963298308], [26.095407708081975, 44.42889550814691], [26.095339928917625, 44.42877850746188], [26.095336056841745, 44.428777190581215], [26.095194088163833, 44.4287288933942], [26.094972404155538, 44.42865347657917], [26.094954743384182, 44.4285936888379], [26.095000265530825, 44.428558576617185], [26.095463266457394, 44.42820143849253], [26.09531614583584, 44.428121507223544], [26.094953479487373, 44.42797755561954], [26.09480003617714, 44.42791653158609], [26.09467060433444, 44.427865290340556], [26.094479316917507, 44.42778955918122], [26.094287166853196, 44.42774388688477], [26.094169369311704, 44.42774127808759], [26.094002618591524, 44.427745570763776], [26.093793378053547, 44.42769208042282], [26.09361150879379, 44.42773972933397], [26.093506203346074, 44.42786175947991], [26.093265865468496, 44.42787143650487], [26.093252969684542, 44.427731057581404], [26.09317320030832, 44.42686268327395], [26.09316722561586, 44.426672542527236], [26.0931653537028, 44.42661296760625], [26.09346327567245, 44.426603487814226], [26.094382611764964, 44.426553113775505], [26.09437906717629, 44.42651705196917], [26.094373388801152, 44.42645928618583], [26.094437711466348, 44.426389070717526], [26.09451659856053, 44.42630295612621], [26.09452786423058, 44.42630825578661], [26.094583369008806, 44.42624742403316], [26.09457532534689, 44.426243146093896], [26.094626975063303, 44.42618899393447], [26.094629255315347, 44.426186509318], [26.094809982214496, 44.42598948525012], [26.094822005925646, 44.42597637658297], [26.094678968396035, 44.42590479303583], [26.09435695753807, 44.42575275832284], [26.094419399020854, 44.425677548924], [26.09434466832255, 44.42564555021347], [26.09433827604098, 44.425652875485305], [26.094234709168063, 44.425606270500936], [26.094226730552297, 44.42561538421779], [26.094164771413645, 44.42558662740103], [26.094108791789726, 44.42563429625204], [26.094096540505213, 44.4256280071009], [26.094021488279324, 44.42559227621331], [26.09367740089364, 44.425467436618696], [26.093639800899734, 44.42556389691776], [26.093581169326168, 44.42567991184071], [26.093507770564074, 44.425774154581354], [26.09342658559457, 44.42587840908623], [26.093214461987163, 44.425770998445316], [26.09320551574965, 44.425783415556445], [26.093138461865735, 44.42587450040343], [26.093038277551667, 44.42601551585269], [26.09293414778884, 44.425957709875135], [26.093021865155404, 44.42585813545286], [26.093082778162838, 44.42572055218675], [26.093126825381812, 44.42562027642413], [26.092881558089285, 44.425567980072174], [26.092825933153172, 44.42555869151886], [26.092847164684443, 44.425460635265225], [26.092592486870252, 44.4254313711203], [26.092622693511334, 44.42535764542023], [26.09263340758974, 44.425333096927375], [26.092674043354222, 44.425200462688395], [26.092362126899413, 44.42518277851073], [26.092370664349037, 44.42510947002431], [26.092378939628166, 44.42508745626529], [26.09237465756473, 44.425075518515115], [26.09243458353512, 44.425016643000994], [26.092600936207376, 44.424856040855886], [26.092616846549646, 44.42484262922058], [26.092671410273127, 44.42480574809973], [26.092528467625097, 44.42471960759778], [26.092310908980632, 44.424673899430516], [26.0923267953857, 44.424619978133634], [26.0920736264772, 44.424582616017695], [26.09206220370683, 44.424608215350524], [26.09192666553895, 44.424584922754946], [26.09190398758759, 44.42441146558971], [26.09146570468766, 44.42442764758913], [26.09108453201394, 44.424440061629504], [26.09107022411276, 44.42437064662409], [26.090963702320064, 44.424249671575645], [26.090795554581362, 44.42415803988289], [26.09069834668533, 44.42413933373924], [26.090374952039348, 44.42414133968138], [26.09037421940283, 44.42413312058515], [26.090350806234994, 44.423872358356824], [26.090331308481566, 44.4236552047259], [26.0902947104109, 44.423247591368735], [26.090245379274336, 44.42269815542526], [26.090240569390595, 44.42264458325959], [26.090237109874906, 44.4226050878444], [26.0902234157334, 44.422448742828266], [26.08980523914868, 44.42246881891823], [26.089569591625455, 44.422483653897366], [26.089491445595815, 44.42249533603429], [26.08894493356607, 44.422530870491066], [26.088906299429915, 44.42244060293], [26.088847600339133, 44.42244460845058], [26.08882389435175, 44.422442191547155], [26.088793582999546, 44.42241711297367], [26.08878862036952, 44.42239765750209], [26.08883933432212, 44.42239176715752], [26.08876703354774, 44.42200470127099], [26.088754978777278, 44.4219740820976], [26.088711708619552, 44.42195841697223], [26.088675324601272, 44.42195097446173], [26.088649044282327, 44.421935208102006], [26.088607127504325, 44.42189869438592], [26.088544846196726, 44.42186379949276], [26.088484630101338, 44.42184188090168], [26.088431639644398, 44.421828208644705], [26.08838171318395, 44.421820527892464], [26.088264757214986, 44.4218199388952], [26.088091962250413, 44.42182849339203], [26.088070066683315, 44.42182950592032], [26.087948216339985, 44.42183511101157], [26.087825979464412, 44.42180146082012], [26.08789419592804, 44.42174128364569], [26.087936465452408, 44.421696414384705], [26.087979399444325, 44.42165349173356], [26.08738987581227, 44.421406089757966], [26.087333751960287, 44.42137467183844], [26.087343524118975, 44.421364740283046], [26.087143188353902, 44.42128567221988], [26.08714576553959, 44.421217650821546], [26.087180063958325, 44.42121104663745], [26.087196205644272, 44.42109098114909], [26.087618768546527, 44.421216531620004], [26.087728698195885, 44.42121017797714], [26.087710631627154, 44.42111759635939], [26.08769345410481, 44.42109834880094], [26.087786068606395, 44.42086106411636], [26.087749589631716, 44.42059672046568], [26.08766486645577, 44.420390704980804], [26.087589811579452, 44.42031016689473], [26.087599186631916, 44.42030651229164], [26.08757313723168, 44.4202288220718], [26.08758590888807, 44.42021479344199], [26.087596920551086, 44.4202120230565], [26.087644344421353, 44.420166825129805], [26.087653651154472, 44.42015553001069], [26.08803659485699, 44.42035360706333], [26.08819808389146, 44.42022091407115], [26.08821979806228, 44.420214296141786], [26.08823860223188, 44.42020586128185], [26.088660208991662, 44.42042497415866], [26.08877099398571, 44.42040610094235], [26.088792280843673, 44.41992035226109], [26.088790599146016, 44.41986382384688], [26.088783632768667, 44.41962964832692], [26.088535186247306, 44.419607047071345], [26.088055236148524, 44.419549240974256], [26.088054177767003, 44.41949296393861], [26.087990143552766, 44.41949358248557], [26.087707945219968, 44.41947783057091], [26.087739404637215, 44.41940511114971], [26.08778370280709, 44.419304583111334], [26.087832107264553, 44.419190029084696], [26.087878107780544, 44.41911193106907], [26.087912101199, 44.41903842210791], [26.087915996872304, 44.41903175493265], [26.087958831845082, 44.418958426964686], [26.088016828392444, 44.41882843486398], [26.08806971671113, 44.418766047587695], [26.088271030284393, 44.41852897244317], [26.088363398561338, 44.418453171276965], [26.088430051802174, 44.418408930229894], [26.088447598649854, 44.41839577337715], [26.08860054610872, 44.41830267321783], [26.088673464328284, 44.41826305157958], [26.088708255556917, 44.41824336486647], [26.088745489871236, 44.41822671459566], [26.088809225513554, 44.41819028669805], [26.088710872846324, 44.418086151056194], [26.088659992330335, 44.418064970364945], [26.088274480804714, 44.41798204190233], [26.088647997947785, 44.41779992237611], [26.088681144970494, 44.41777228638475], [26.088869775535322, 44.417819784095165], [26.089057238737034, 44.41787863303197], [26.08911606788753, 44.41789098938891], [26.08913560699487, 44.41789509265015], [26.08927888960892, 44.41790708136488], [26.0893274065567, 44.41791010422878], [26.089542262218178, 44.41783443143017], [26.089638416631963, 44.417825122073786], [26.089759352892983, 44.41782544608983], [26.089947181949668, 44.41767769037779], [26.089969799735787, 44.41758698257776], [26.08999388389984, 44.417490394251374], [26.090098877961506, 44.41727112325172], [26.09013832780836, 44.41719896303105], [26.090161519627127, 44.41715654111871], [26.090212500246192, 44.417063288896905], [26.090263768637243, 44.41699178105322], [26.09054631143087, 44.41673260300843], [26.09063639042293, 44.41664358282734], [26.090694242286464, 44.416598948640264], [26.090772906561792, 44.41652060512052], [26.091054334800916, 44.41624185214166], [26.09121709240774, 44.416116135634944], [26.091305466770912, 44.416084244908106], [26.09138913643066, 44.41605405033626], [26.091678379676495, 44.41594618789102], [26.09234176212155, 44.41569919875863], [26.09247101982895, 44.415641684837496], [26.092493174026107, 44.41563255075089], [26.09265190062072, 44.41584155278504], [26.093044448915496, 44.415668567154356], [26.09332325859461, 44.41561752999516], [26.093645142750262, 44.41505713941628], [26.093642698423455, 44.41503079255574], [26.093404500611552, 44.414469782503886], [26.093278437565175, 44.41418578982508], [26.09324617927899, 44.41415589826538], [26.093164999525413, 44.414104737038876], [26.093048616838505, 44.414063214603686], [26.09245715878863, 44.41389064099789], [26.092416695161337, 44.41387903619868], [26.092060510055607, 44.41377263386699], [26.091980905325634, 44.41411757337207], [26.09203330413557, 44.41418938195752], [26.092001022035557, 44.414204104272564], [26.09202267599316, 44.41423302797781], [26.09200654369628, 44.41424185158276], [26.092200219149415, 44.41450585759588], [26.092282038911666, 44.41462220177171], [26.092361535812437, 44.41473587735864], [26.092452640964822, 44.414865793666756], [26.092616272054737, 44.41508859947007], [26.09189137836866, 44.41468070189378], [26.091849843429323, 44.414701516999095], [26.091841402982766, 44.414703398860915], [26.091830748296513, 44.414703061136585], [26.09182121072412, 44.41469737546272], [26.091813671261537, 44.4146837862427], [26.091479574674768, 44.414482640615894], [26.091336525405495, 44.41439651602776], [26.09131594874862, 44.41437343188381], [26.091287252952622, 44.414367931793834], [26.09122882023766, 44.414333019145445], [26.091171770971044, 44.41429755305219], [26.09114392006692, 44.41427892244815], [26.09111707168079, 44.41426018312314], [26.09109022755221, 44.41424100274078], [26.091064115677543, 44.414221365248714], [26.0910380162055, 44.414201718630316], [26.090986934160895, 44.41416172154164], [26.090962445117857, 44.41414090728112], [26.090914991953415, 44.4140989039665], [26.09086901249069, 44.414055806334915], [26.09082566938065, 44.41401134212219], [26.090783311528824, 44.41396651734366], [26.09074270204706, 44.4139205145921], [26.090704718898, 44.413873946381244], [26.090666846259595, 44.41382657607001], [26.090524428117245, 44.41363540482506], [26.09032449308128, 44.41336476674566], [26.090311793296703, 44.413347576002785], [26.090246188230342, 44.413257996674375], [26.08962614859353, 44.412411368481614], [26.08955592708023, 44.41231490327617], [26.0891078390046, 44.411699344909515], [26.089066936779524, 44.4116423011636], [26.089100524826872, 44.41161227572514], [26.08921785605551, 44.411428437077866], [26.089265885518184, 44.41135849105414], [26.089315324973516, 44.41127674111393], [26.089167925123053, 44.41121057515885], [26.089323522781743, 44.410997187699394], [26.089433654719063, 44.411132673454226], [26.08965647046091, 44.41139638380428], [26.089855034186, 44.411625677644615], [26.08992667890973, 44.411702926062034], [26.090002454659395, 44.41177749739775], [26.090135164227423, 44.41188089428096], [26.090355848478435, 44.41204448771072], [26.09038470711842, 44.412064026764426], [26.090441602474538, 44.41208680444774], [26.090533811609777, 44.412130507650204], [26.090616391270533, 44.41221890900928], [26.09065764475543, 44.412205216238775], [26.090808236200445, 44.412213991089736], [26.09085069946539, 44.41216922684436], [26.091049177019176, 44.412255038284094], [26.09113765692249, 44.412294709031535], [26.091283348186913, 44.41213751304191], [26.091344800225844, 44.41205567280311], [26.091336600328013, 44.412050982152216], [26.091413413670022, 44.41197140508162], [26.091374406965475, 44.41195241463564], [26.091400438656393, 44.411924576773494], [26.09131453491213, 44.41188166820259], [26.091357798597475, 44.41183277391701], [26.091443493611227, 44.411873272423875], [26.091476595301952, 44.411837490856385], [26.0916144937222, 44.41190296288573], [26.0916675562045, 44.411847016353526], [26.09160895403756, 44.41181830669958], [26.09164632119716, 44.411777677633566], [26.091593629900256, 44.41175278976706], [26.091449595801922, 44.41168420010366], [26.091343725677707, 44.41163385287548], [26.091239010522564, 44.41158082129937], [26.091133499923107, 44.41153287344537], [26.09121884605712, 44.411427725279424], [26.09136287808517, 44.411235939495306], [26.091444541079422, 44.41113993504712], [26.091329798040523, 44.41108776575503], [26.09123255483722, 44.41104072791237], [26.091132435089975, 44.410994284867066], [26.09127787835979, 44.410812124734015], [26.091339041357852, 44.41073966550632], [26.09140947307, 44.41065668519724], [26.0914499822974, 44.41059361525388], [26.091506344011023, 44.410516927368256], [26.091540380269887, 44.41047615061408], [26.0915800833998, 44.410427605756176], [26.091613706182105, 44.41039154009075], [26.091670620114932, 44.41032284794625], [26.09173865477826, 44.410239314650106], [26.09178752721238, 44.41017898957788], [26.091859606745636, 44.41008692081002], [26.09193050162544, 44.409996627519675], [26.09192493795693, 44.409995223427906], [26.09198084123872, 44.40992624391649], [26.092051192047737, 44.40983708084915], [26.09209442317368, 44.40977659433666], [26.09216004727673, 44.40969114011435], [26.09222101295158, 44.40961300319008], [26.09229314217463, 44.4095216446752], [26.092394799178543, 44.40939818401622], [26.092397461068057, 44.40939951722769], [26.092424177700366, 44.409366146360256], [26.09242213025469, 44.40936477118884], [26.092468028847772, 44.409300631577906], [26.092499738949925, 44.40926061601019], [26.092523362324062, 44.40923080230215], [26.09257849904068, 44.40916053389789], [26.09259201358682, 44.40914414843435], [26.09265659041913, 44.409059163089], [26.09265871139355, 44.409056851961424], [26.092703820233645, 44.40900770074574], [26.092797075509363, 44.409055509511276], [26.09285097938618, 44.40908314359545], [26.092873638991936, 44.409054766596405], [26.09297393010763, 44.408929163114905], [26.09305495836003, 44.40883841976072], [26.093031585225482, 44.40882741435167], [26.093055915299452, 44.408809978845554], [26.09317323170281, 44.40872867543069], [26.093205693940245, 44.408707713882386], [26.093183162994546, 44.408694099272886], [26.093254310309355, 44.40863929947288], [26.093361701722213, 44.408559703236755], [26.093287836826242, 44.408517165335596], [26.093366675982054, 44.40845880771929], [26.093468372780702, 44.4083788706546], [26.09348914612802, 44.40836326062532], [26.093573492722918, 44.40830136631336], [26.093658471517017, 44.40823506470131], [26.093795525415388, 44.408367116686684], [26.09385091029089, 44.40834065821075], [26.0938702346122, 44.408331425324775], [26.09383583356472, 44.40829495762612], [26.093973526676663, 44.40822301367653], [26.09407775394165, 44.408334107704796], [26.094183373921624, 44.408256534931134], [26.094102566498734, 44.408169550027715], [26.09403297466646, 44.40809661793381], [26.093968965290717, 44.408029535704095], [26.094256553047064, 44.407859725184544], [26.09437981001654, 44.407976565167736], [26.094691521741524, 44.40775000686204], [26.094722441386914, 44.40778428508941], [26.094847557487814, 44.4077252605953], [26.095039545865927, 44.40762322184616], [26.094954123641774, 44.40754186254865], [26.09506177532934, 44.40748421363163], [26.094957324517797, 44.40739583019503], [26.09508282576995, 44.40731475120269], [26.095066592990005, 44.40727434514028], [26.0945810418167, 44.40684165555151], [26.09482830560739, 44.40669499695015], [26.09456625573117, 44.40647031516004], [26.09452688837113, 44.406436560905874], [26.094494816891967, 44.40642166225268], [26.094708345003024, 44.40629300814687], [26.094692753181366, 44.40627982140613], [26.095263856357448, 44.40593853442985], [26.095361531749933, 44.405880658229165], [26.095518075466952, 44.40578619053002], [26.09530330399238, 44.40562140680257], [26.095271972558237, 44.40561839943781], [26.09515703902872, 44.40556704597246], [26.09509557018321, 44.40552858282848], [26.095120150584034, 44.405505240306255], [26.095174039523524, 44.40545497218964], [26.095201790310917, 44.405425343681586], [26.095233009640157, 44.405381299118815], [26.095184872065406, 44.40536461286175], [26.09549302313865, 44.404891148478846], [26.095433847829202, 44.40487035760353], [26.09549903031896, 44.40476795923477], [26.095568743165664, 44.40465844080141], [26.095628114716376, 44.404678995690446], [26.09578574136042, 44.40443721533035], [26.095934431129574, 44.40420913901353], [26.096188274483588, 44.40429397945429], [26.096293035209847, 44.404129821228295], [26.096349951044704, 44.40404063412042], [26.09609628924646, 44.40395605328866], [26.096402236774818, 44.40347706371431], [26.095695725001157, 44.40338661153925], [26.09544300424971, 44.40325602909556], [26.095440467821142, 44.403259986853215], [26.09530696762874, 44.403195862882384], [26.09520283777301, 44.403141299354075], [26.095011920487522, 44.403044999675394], [26.094909951192072, 44.40299843404732], [26.09490622836942, 44.403002061319675], [26.094863024780604, 44.40297929683719], [26.09486620003321, 44.402975260880574], [26.09478518548219, 44.40293539457168], [26.094722980054396, 44.402900970494564], [26.094615748609446, 44.40284764260524], [26.09457753160156, 44.40283229970978], [26.094449269121228, 44.40276289471277], [26.0943615430069, 44.40271994325747], [26.094292414029145, 44.402687827272544], [26.094041206033094, 44.40255990007875], [26.094186935601297, 44.40241373414561], [26.09425899282193, 44.4023411134641], [26.094298086864274, 44.40230087173488], [26.094334185888393, 44.40226371016128], [26.094419546940472, 44.402178962839045], [26.09450865525677, 44.40208990393991], [26.0945549584902, 44.402047585012596], [26.09459723828407, 44.40200295612081], [26.094747989078357, 44.401836337205815], [26.09480411241103, 44.40177559831627], [26.094663548849322, 44.40168494669689], [26.094549394056124, 44.40161590871308], [26.094447027377175, 44.40154950111618], [26.094353316856335, 44.40148474635057], [26.094260578091895, 44.401425562187086], [26.094153433166188, 44.40136402485998], [26.09400951322693, 44.40127103799461], [26.093882114528206, 44.40119131876554], [26.09383527825107, 44.40116423309107], [26.09367900275248, 44.40104714629289], [26.09365343871216, 44.40102533687683], [26.093566577285305, 44.40095123395385], [26.09339511348321, 44.400757765603196], [26.09330974366286, 44.4006638943797], [26.093246125564903, 44.400583744238105], [26.093198063551032, 44.400532927691515], [26.09312632634365, 44.40044163305648], [26.093089288790967, 44.400406873802474], [26.093014897051475, 44.40033454127142], [26.09292077216425, 44.400274910468355], [26.09281465663224, 44.400219167024325], [26.0927010524251, 44.40015641299099], [26.09259578134714, 44.40010148916741], [26.09230660069278, 44.39994628700899], [26.092207297434854, 44.399892906976994], [26.092054822690656, 44.399811232864366], [26.09213607991834, 44.39974719152313], [26.092217442821397, 44.399675453933185], [26.09237324956873, 44.399535231757945], [26.092576857158424, 44.39935296473268], [26.092610404325054, 44.39932589968863], [26.09284288379925, 44.39945681976689], [26.093264823316254, 44.399691355542004], [26.093322356557103, 44.39971924661377], [26.09339043654112, 44.39975785349142], [26.093431147991335, 44.399779103683066], [26.09347925620363, 44.39980514214423], [26.09356846856677, 44.39985792603268], [26.093597819631885, 44.39987322934949], [26.093688274372216, 44.3999239850365], [26.093771754311337, 44.399969687283395], [26.093857582350847, 44.40001873273435], [26.09414286553468, 44.40017471581518], [26.094234563435737, 44.40023075110536], [26.094432804981555, 44.40035047136067], [26.09507520981139, 44.40019777535215], [26.095221004369442, 44.40016098680037], [26.095336804400738, 44.400133976002124], [26.095418269951274, 44.40011295118184], [26.095510556569604, 44.40009456609759], [26.095599336284366, 44.40007329899127], [26.095775413249008, 44.40003071599115], [26.095943929249724, 44.39999060934738], [26.096030057558107, 44.39997121274267], [26.0963827592568, 44.39989251092113], [26.096317173592567, 44.399735168979056], [26.096278315199644, 44.39964080219889], [26.096418685640277, 44.39960871798997], [26.096391617939116, 44.39954499012407], [26.0966678883401, 44.39948343883559], [26.096630204773213, 44.399394118845784], [26.09635292866386, 44.39945623784637], [26.096241472891638, 44.399481200365535], [26.096193888015183, 44.39934629162386], [26.096171594059655, 44.399286036317065], [26.09604526686359, 44.39931454546972], [26.09601930298025, 44.39925405584574], [26.095923380591607, 44.39927526679536], [26.0958952664508, 44.39920595987745], [26.096085852191997, 44.39916866230819], [26.096048138906006, 44.39909760381606], [26.09619662939214, 44.39906215577833], [26.09616376059663, 44.39899037515423], [26.096261215712957, 44.398967268036365], [26.09638141305605, 44.398937945296915], [26.096338622551198, 44.39885533508029], [26.09612091084364, 44.39890793643639], [26.096022111197037, 44.39893229854533], [26.0959853633412, 44.39886050162264], [26.09595426833508, 44.39879022471051], [26.09595262265283, 44.39878684765252], [26.095961234659878, 44.398784873800956], [26.095929467179925, 44.39871819450477], [26.09590332582206, 44.398654277511426], [26.09624085848395, 44.398584372904786], [26.09620119527423, 44.3985024792141], [26.09617955454801, 44.3985065329468], [26.095873348525256, 44.39856478328696], [26.09581335632182, 44.398438833328655], [26.096143318251265, 44.3983874980773], [26.09612635459512, 44.39835679342485], [26.096097029010743, 44.39830371580472], [26.095789531424526, 44.3983500532344], [26.095724976080167, 44.39836069948113], [26.095626669424316, 44.39837691037343], [26.09562166153194, 44.3983617046657], [26.09558376934247, 44.39824664491872], [26.095513795805992, 44.398258539881645], [26.09550714141352, 44.39822398986879], [26.095475830177218, 44.39809713071625], [26.09545787052791, 44.398013108605774], [26.095576999432236, 44.397996397383885], [26.0954982439108, 44.3978135415778], [26.09552563448893, 44.39780952204221], [26.095480081986782, 44.397709541010464], [26.09563139207639, 44.397687269561764], [26.09573629636945, 44.397671830583676], [26.095810298337963, 44.397663892366204], [26.09577391482473, 44.39756022215452], [26.095480321112735, 44.39760211237285], [26.095416836325487, 44.39743943040531], [26.095317109646036, 44.39745515173557], [26.09527967240021, 44.39737070703227], [26.0950834721884, 44.39739693361649], [26.09486623977902, 44.397427522429844], [26.09467712346046, 44.39743936912574], [26.094390383433982, 44.39744671914083], [26.094380340571647, 44.39731124683561], [26.094038764316956, 44.39730109245584], [26.09403404324564, 44.397269817651384], [26.094027225873322, 44.39724917443875], [26.094007732874417, 44.39721341704043], [26.093993835828147, 44.39720673889917], [26.094011871732093, 44.39716207573698], [26.094075268911393, 44.397165590922455], [26.094098354959385, 44.39702681767344], [26.093906225674097, 44.39701002674059], [26.09365868838112, 44.39698002130049], [26.09352078301198, 44.39696291910279], [26.093389279661256, 44.39694580857946], [26.09326388528618, 44.396929790621236], [26.093025161933554, 44.3968965121573], [26.09289610556142, 44.39687800928021], [26.09286079663385, 44.39704639451166], [26.092738343060905, 44.39703321848967], [26.092776431535178, 44.3968604412337], [26.092772634752258, 44.39685481695654], [26.092749550181885, 44.39685218789995], [26.092644278767793, 44.39683949306301], [26.092522576371927, 44.39682019839093], [26.092277573197677, 44.39678536823608], [26.092194230084527, 44.39677189327541], [26.092156927337545, 44.39676617092462], [26.092035939979947, 44.396747498806924], [26.0917750587756, 44.396710724488734], [26.091776005301725, 44.39669302093823], [26.091769122545994, 44.396662874027065], [26.091723580825022, 44.396608999389464], [26.091649026017713, 44.39652766739835], [26.091693543230576, 44.396532947370424], [26.091739597851017, 44.396538408624565], [26.09246063967645, 44.39666855202598], [26.09269134450886, 44.3967067065859], [26.09297507763973, 44.39674931682487], [26.093011539763904, 44.39675479235851], [26.09330323868117, 44.39679549471915], [26.09349186115555, 44.396824056977664], [26.093674908470252, 44.3968472099495], [26.093769573096704, 44.3968585938137], [26.093901315778123, 44.39687442354029], [26.094146744291976, 44.39689648376387], [26.09430548818315, 44.396914930735115], [26.094375586088493, 44.39691898364966], [26.094623659737614, 44.39692622981394], [26.094816396558038, 44.39691806508164], [26.094809122761546, 44.39684542323986], [26.094846178747254, 44.39684405496076], [26.09540632894049, 44.396772708293454], [26.095373436823262, 44.39671217792941], [26.09504281045521, 44.396764417442604], [26.09503078014606, 44.396686538753265], [26.094796257072847, 44.39671671956027], [26.094584060080987, 44.39672469540436], [26.094432124362715, 44.39638774776457], [26.094198639972724, 44.39586993966301], [26.094036151202147, 44.395509575669756], [26.094052537133635, 44.39548390993639], [26.094286781145225, 44.3954372180189], [26.094302826071605, 44.39546723074601], [26.094345944519816, 44.39556415780778], [26.09446982257507, 44.39553729437038], [26.094423592477348, 44.39544111761125], [26.094408961537713, 44.395397590872385], [26.0947370326859, 44.395319475478324], [26.09470568913252, 44.395257777854354], [26.09401974128963, 44.39541640310954], [26.093868433008705, 44.39511363050227], [26.093774245359747, 44.394902113863736], [26.093670914021846, 44.39466901349725], [26.09356082461889, 44.394438273719665], [26.09356016893961, 44.394436788755385], [26.093459991138218, 44.394209730015646], [26.09296148603356, 44.394336377988814], [26.092854064797375, 44.39410516163687], [26.09283337527109, 44.39405672629682], [26.09281193458242, 44.39400653240568], [26.092807046215242, 44.39387058698396], [26.092702741839663, 44.39368471920842], [26.092852192536228, 44.39364424411364], [26.09284222641797, 44.39362232636886], [26.09304627424882, 44.393573580994975], [26.093236925109462, 44.393972022721805], [26.093334262254366, 44.39395368935528], [26.09375167276586, 44.393855520974036], [26.093715241737055, 44.39376562090664], [26.09369007213855, 44.39371302524553], [26.093619571550285, 44.39358910230846], [26.09358442882468, 44.39351953911953], [26.09352328152873, 44.393468786836266], [26.09349416253514, 44.39339069954782], [26.093448748795623, 44.3932689143536], [26.09367280057884, 44.3932233486671], [26.093611280523255, 44.39308042011452], [26.093284776516132, 44.39315850805627], [26.0930335955108, 44.393216513554826], [26.093015727942532, 44.393188291386124], [26.092947889540184, 44.39303771964503], [26.093153291230074, 44.39298699888743], [26.093061348925495, 44.39278239006274], [26.093086921822472, 44.392773960661565], [26.092582292770835, 44.39163234194557], [26.09249664580176, 44.3914724385516], [26.09253883543593, 44.391386104441665], [26.09288809651906, 44.39130319867268], [26.09285864380224, 44.39123505608744], [26.092627424581924, 44.391287547870206], [26.092638853250207, 44.39131582356958], [26.092440636104822, 44.391367841739395], [26.092308633832005, 44.391049489600874], [26.092190891695644, 44.39079234428578], [26.092089852006076, 44.39057419668687], [26.092063324804176, 44.39058189710384], [26.09193745302137, 44.390309539066536], [26.091793545679618, 44.390330050819024], [26.091643938710558, 44.39036315490015], [26.091588977490183, 44.39030470947514], [26.09146098618647, 44.39009620978832], [26.091331781233993, 44.38988520167378], [26.091319840468206, 44.38986460167013], [26.091253538510845, 44.38975021913988], [26.091251166472716, 44.38971560041322], [26.091298783533265, 44.38967878720631], [26.091798960372792, 44.3896427261182], [26.091717793687717, 44.38955108114851], [26.09169795721222, 44.389545486341426], [26.09167651813716, 44.38953610898914], [26.091643945470217, 44.38951872139858], [26.091629626897163, 44.38950821298696], [26.091600784631044, 44.38947298685378], [26.091594384604182, 44.389437102154254], [26.091600474140193, 44.3894085845364], [26.09165854151045, 44.38927633090604], [26.091408999365097, 44.389363207546054], [26.0912609070487, 44.389417284878604], [26.091164089647325, 44.38919449108649], [26.091154055131287, 44.389171399344704], [26.090908985065195, 44.38860744438952], [26.090804823149156, 44.38836774171966], [26.09077764764361, 44.388305206179524], [26.090744454182722, 44.388228828141784], [26.091159831698008, 44.38812397478266], [26.091246982707148, 44.38810708291527], [26.09115981765447, 44.387968712740175], [26.09060925111073, 44.38673678225354], [26.09076976269799, 44.38668337747178], [26.09105946495013, 44.38671481651145], [26.091055566599323, 44.38677902559116], [26.09115605666115, 44.38677608982584], [26.091300729375156, 44.38676334759204], [26.09147024600788, 44.386735595061154], [26.091487917189323, 44.38677152350955], [26.091868755874366, 44.38667534544402], [26.09186704142678, 44.386629020121326], [26.091969989335393, 44.38661267652189], [26.091960766983984, 44.38652496016062], [26.091929304725653, 44.38654241060807], [26.09188944885776, 44.386550033235196], [26.09186992045074, 44.38652611110306], [26.09177367181172, 44.38654961680502], [26.091780928125598, 44.38656769082013], [26.091781226401928, 44.38658351025116], [26.091760355035525, 44.386598193909165], [26.09137008316875, 44.38669262699967], [26.091262901281684, 44.38668478258751], [26.090903780175328, 44.38593293276519], [26.090809528188654, 44.38573560332174], [26.090779948104963, 44.38567367430544], [26.091017170237645, 44.38561648397917], [26.09100646908152, 44.385597408273945], [26.091097015091144, 44.3855750565029], [26.091032527731247, 44.38544172263673], [26.09113373600859, 44.38541774649466], [26.09118927424006, 44.38537388142938], [26.091405005361942, 44.38544173107296], [26.09151412159284, 44.385254027616256], [26.091536692533797, 44.385217007074885], [26.092010535821117, 44.38535257262236], [26.092049153595237, 44.38528333770203], [26.09116323007168, 44.38502812179725], [26.0908789923801, 44.38456080531927], [26.090873779658338, 44.38455231644724], [26.090583969994636, 44.38408037134976], [26.090451102294065, 44.383891232311], [26.09032410627368, 44.3837646055236], [26.08979491495002, 44.383401981111234], [26.089771444515954, 44.3833858909385], [26.089349593641558, 44.38302686965284], [26.088975222762624, 44.382731810925776], [26.08894686890768, 44.382709209382135], [26.08873101649332, 44.382537149507385], [26.088530691000663, 44.38237277198083], [26.08841798679287, 44.38227832457112], [26.088349231793465, 44.38219584550672], [26.088265559310372, 44.38209889518978], [26.087989090559798, 44.38177854961675], [26.087968007383598, 44.38175139009047], [26.087954841482347, 44.38173442866534], [26.087916088803375, 44.38168037902037], [26.087835882672678, 44.381576139860286], [26.0876740458652, 44.381857725797914], [26.08749816346194, 44.38203167902886], [26.087313470852866, 44.382263831204426], [26.08702557707248, 44.38264501433377], [26.08702525797418, 44.38260962871594], [26.08702423520099, 44.382496640460324], [26.087023972217168, 44.38246752022473], [26.087022949376763, 44.38235439426819], [26.087022269342132, 44.38227918725055], [26.087020027275837, 44.3820311055075], [26.08701949369881, 44.381972057796], [26.08701905966673, 44.381924063141184], [26.087018790207114, 44.3818943300573], [26.087018638360707, 44.381880624253405], [26.087018493275348, 44.381867679799264], [26.087015817967142, 44.38162767090485], [26.087015707827412, 44.38161779157379], [26.08701515066281, 44.381567782969384], [26.087013940415506, 44.3814591787183], [26.087013897811016, 44.381455371154836], [26.087013754311517, 44.3814425778887], [26.087012630621473, 44.3813417939566], [26.087012499107672, 44.381329973494054], [26.087012316619397, 44.38131356523352], [26.087011907328474, 44.38127691686499], [26.087011875898487, 44.381274038911876], [26.08701184920006, 44.381271613622005], [26.08701182209149, 44.38126923333699], [26.087011773725454, 44.38126491821919], [26.087011691721766, 44.38125754066596], [26.087011639113946, 44.381252798980704], [26.08701163033357, 44.381252063751006], [26.087011625353444, 44.38125153098862], [26.087011617535737, 44.3812508470507], [26.087011615935918, 44.38125069496318], [26.087011614474907, 44.38125061712575], [26.086896652491628, 44.38121950581193], [26.086730869921418, 44.38117464705231], [26.086674514655915, 44.381164903742366], [26.086624736449014, 44.38118932460383], [26.08662473746207, 44.38118937859509], [26.08662474758108, 44.381189851006674], [26.086624751228097, 44.381190045375334], [26.086624757205147, 44.38119036392384], [26.086624774325855, 44.381191276376555], [26.08662482515837, 44.38119385173644], [26.086624842301173, 44.38119469848757], [26.086624904175956, 44.38119786235252], [26.086625036727686, 44.38120459230524], [26.08662506619606, 44.38120609595036], [26.08662526271632, 44.381216101350006], [26.086625518460604, 44.38122912933735], [26.086625659623436, 44.381236318215954], [26.086625681409572, 44.38123741242714], [26.086625850318853, 44.381246013165715], [26.086625946749795, 44.38125088493064], [26.08662606629546, 44.38125698859661], [26.086626209366404, 44.3812642791589], [26.08662630919118, 44.381269331794584], [26.0866272130476, 44.38131536257456], [26.086627239781027, 44.381316720443195], [26.086627565877528, 44.38133336402258], [26.086628754500705, 44.38139383553787], [26.086629159318154, 44.38141440693473], [26.08662995212639, 44.38145478667603], [26.08663003646358, 44.3814590807464], [26.086629899987994, 44.38148484776886], [26.086629665648772, 44.38152887529416], [26.08662943521747, 44.3815723753715], [26.086628888296268, 44.38167545607271], [26.08662864474371, 44.38172126662253], [26.086628403399942, 44.381766592941624], [26.086627730008157, 44.38189349923286], [26.086627367337886, 44.38196172137329], [26.086626304533425, 44.382161778562704], [26.08657332050542, 44.38222474209347], [26.08657334122174, 44.38228410436123], [26.08657348210812, 44.38268283155101], [26.0865646440218, 44.38273217480732], [26.086561407533853, 44.38279980637071], [26.086573999862942, 44.38282346332606], [26.086575828069435, 44.38322790466214], [26.086572763397296, 44.38323479777115], [26.086550648261927, 44.383284533753155], [26.08637051203397, 44.383522284408876], [26.086278790591653, 44.38364333877018], [26.08611516519861, 44.38385750316658], [26.086065428246393, 44.38392260237833], [26.085760313501005, 44.38432129167824], [26.08556470117578, 44.38457758572096], [26.085541560844067, 44.384607185388525], [26.085516481769858, 44.384595627928064], [26.08526677884659, 44.38442556446131], [26.085176983014343, 44.38436440696432], [26.084464464610207, 44.38387912650787], [26.08445625789015, 44.38387349223459], [26.084056355936905, 44.38359896571157], [26.0836431994254, 44.383307718823026], [26.08370504124989, 44.38326243418307], [26.083920472271092, 44.38310467916151], [26.08425608664284, 44.38286802839566], [26.084368669199918, 44.382795428857335], [26.084522255156877, 44.38271694417632], [26.084587267089365, 44.382690289478376], [26.084651168651334, 44.3826666694977], [26.084720340814474, 44.382643700720585], [26.084758987982248, 44.382633284214315], [26.08482809979106, 44.382617147085675], [26.084901544091, 44.382607187292486], [26.084938841151303, 44.38260442488195], [26.085029082735964, 44.382591405099916], [26.085128325975006, 44.38256650826592], [26.085155217778524, 44.382558319950576], [26.08521902862113, 44.38252452132105], [26.085240699212164, 44.3825062671082], [26.08528090223545, 44.38242686707644], [26.08530020984983, 44.382349495469754], [26.08531874240232, 44.38222099413022], [26.085331063966287, 44.38213555189629], [26.085334731965713, 44.38197368437702], [26.085340957191548, 44.3818076431293], [26.085358796614134, 44.381595031025775], [26.085382435732093, 44.381459521522025], [26.085393557731017, 44.3814112651729], [26.085435091717223, 44.3812310484919], [26.085528137854837, 44.38095400811761], [26.085595373194682, 44.380770269333354], [26.085609902035745, 44.38074530677171], [26.085638662467105, 44.38071969398207], [26.08570475933856, 44.38069683524273], [26.085759291542058, 44.38068902827175], [26.086231621579792, 44.38065228807519], [26.086615956554784, 44.38063176741687], [26.086616100743708, 44.38063945217568], [26.08662250993705, 44.380661998766406], [26.086624408780317, 44.38077523865735], [26.086623725933894, 44.38096036627053], [26.08662332116304, 44.381069752918926], [26.086624046006712, 44.381130923722395], [26.086624082572374, 44.381134009529966], [26.086624258038057, 44.38114884552739], [26.086624481620323, 44.381167784240844], [26.086624496244106, 44.3811689649229], [26.086624504271413, 44.38116972716034], [26.086624550073847, 44.3811735058924], [26.086624552297184, 44.38117369127452], [26.086624552275087, 44.38117375697606], [26.086624670173606, 44.38118371903355], [26.08662473152939, 44.38118892864351], [26.086624736690688, 44.381189270600416], [26.08667450245137, 44.381164855259215], [26.086730889203707, 44.3811746045654], [26.08689667555483, 44.381219464188504], [26.087011613402364, 44.38125055998495], [26.08701159371568, 44.38124917684786], [26.087011555328942, 44.381246596867804], [26.08701154216417, 44.38124576177846], [26.087011532174785, 44.3812450958618], [26.087011353519436, 44.38123310395105], [26.087011239199008, 44.38122547560496], [26.08701118364949, 44.381221780668646], [26.087010731469263, 44.38119153904019], [26.087009134537332, 44.381098637533135], [26.0870079254557, 44.381028338025914], [26.08700710010428, 44.38098035435235], [26.08700509646747, 44.38086377820867], [26.08700319960959, 44.38075349215859], [26.087145758035913, 44.38017361150164], [26.088116788099022, 44.38006081084597], [26.088597604572026, 44.380096682112054], [26.08862131780578, 44.380174180179296], [26.088661196610527, 44.38030451138895], [26.089674286288947, 44.38017673824157], [26.0901081084693, 44.380122020144555], [26.09054266607241, 44.380065080105375], [26.09064082564092, 44.3803734925006], [26.09072931052037, 44.380365399241924], [26.090723197520205, 44.38034133797857], [26.090835733520468, 44.380331580623874], [26.091449261561685, 44.38023873841483], [26.09137485784394, 44.37994851081742], [26.091487858716757, 44.37993416720976], [26.091795862495864, 44.37989505436059], [26.091872211824562, 44.37988233477637], [26.09185729681616, 44.37981477105825], [26.09180680104616, 44.37982425188504], [26.091591826050305, 44.37985402075318], [26.091473449260075, 44.37986943359843], [26.091440284046342, 44.37973507640378], [26.09140647790724, 44.37960266045235], [26.09128690604517, 44.37961589764395], [26.09116759897015, 44.37963053617007], [26.091054819533497, 44.37964594833413], [26.09091587901015, 44.37966492591995], [26.090757699454272, 44.37968586274446], [26.09065234735043, 44.37969985252665], [26.090585254709453, 44.37944508632747], [26.09084433796505, 44.37941656609562], [26.090776458707793, 44.379148712374636], [26.090910468391765, 44.3791378468888], [26.090981976993522, 44.379130007900955], [26.09119375217306, 44.3791156975033], [26.09118085687562, 44.37903871794446], [26.09116691322919, 44.37898602202537], [26.091485839395293, 44.37895007121917], [26.091534810050206, 44.378949596496724], [26.09151029996772, 44.378677848705046], [26.091477425995922, 44.37872538231798], [26.09143727604722, 44.378745751910266], [26.09134903029302, 44.378768396707784], [26.09118007064829, 44.378788511605336], [26.091152938014847, 44.37868320245661], [26.09114551603088, 44.37859765568706], [26.090795856091145, 44.37864545950891], [26.09063913996125, 44.378666661007024], [26.0905884011002, 44.37850658029742], [26.0905181059284, 44.37827025047059], [26.09053143539774, 44.37826704330974], [26.09051374361402, 44.37819439242457], [26.090493299167395, 44.37811044057379], [26.090618916389285, 44.37809118753862], [26.090584086498506, 44.377929575710965], [26.09054929766159, 44.377782129756625], [26.09050478593142, 44.37761681360925], [26.09065595842779, 44.37759391995053], [26.091200226755443, 44.377519795198474], [26.091176267824846, 44.37740107204648], [26.090472874488167, 44.37749953536184], [26.090354874338306, 44.37751605042445], [26.09023028718764, 44.377058643844705], [26.090183087395925, 44.37689444263529], [26.090004114168448, 44.37691830681664], [26.08982231075095, 44.376940488073416], [26.089681597264757, 44.37695828429957], [26.089679462782517, 44.37693554351197], [26.089642835697152, 44.37680229036972], [26.08957339090113, 44.37653546818707], [26.08959501291197, 44.37651882462789], [26.089548416672766, 44.376345896159215], [26.089558761388524, 44.37632079356759], [26.089683177508654, 44.376303254217554], [26.08972157627571, 44.37646198769136], [26.089870582430798, 44.376546848146454], [26.089883756727726, 44.3765514187148], [26.089900924421237, 44.37655280956459], [26.090334863871547, 44.376489774076326], [26.09030288994615, 44.376345792877885], [26.09026591676627, 44.376223541505205], [26.0904377909173, 44.37619997965517], [26.090486434154126, 44.376193568432264], [26.090667874532002, 44.376169571572646], [26.09084020322617, 44.37614817374622], [26.090795164000376, 44.37600346424917], [26.090498384527553, 44.37604382476438], [26.090453509393377, 44.37604908347767], [26.09042426383878, 44.375920718199666], [26.09041371030815, 44.37586298527647], [26.09040479076094, 44.37581419170336], [26.090380476288605, 44.375706452065636], [26.090295184804916, 44.375718492236516], [26.090223660484483, 44.37572594395106], [26.090111189870296, 44.375739372172504], [26.090074168582614, 44.375742538656034], [26.089881396481182, 44.3757731243792], [26.08980799477248, 44.3754980695033], [26.08978271972566, 44.37539056404706], [26.089733867127944, 44.37517838974762], [26.089929961556432, 44.375154414237116], [26.08990703548787, 44.37505904530846], [26.089874449988418, 44.37494514851662], [26.08985329301737, 44.37487309990769], [26.089843223149472, 44.37483809669876], [26.090462181886437, 44.374746782092416], [26.09043093930448, 44.37461828316982], [26.089807798124333, 44.37470331997055], [26.08960201988407, 44.37473073705423], [26.08957275868855, 44.374622082113014], [26.089546281424177, 44.374519997353424], [26.089492163387153, 44.37430732491313], [26.08947715374469, 44.3742525150901], [26.089466810001916, 44.374203600231844], [26.08944124575595, 44.374101335614554], [26.089362364389505, 44.373787560775945], [26.089340891672144, 44.37371461241962], [26.089323665567548, 44.373656091652634], [26.08949816271969, 44.373632271824015], [26.08944649910938, 44.373445298125645], [26.090072060005788, 44.37336017684083], [26.090062400730332, 44.373238300003266], [26.089726420624313, 44.37328323214226], [26.08936105560984, 44.37333166065259], [26.089359906829444, 44.37332662267023], [26.089297524094622, 44.37306404316652], [26.089287399416122, 44.37301541418397], [26.089259021481467, 44.37293963726864], [26.089236987718127, 44.372870927108366], [26.08922070434552, 44.37281267441604], [26.089217198558416, 44.37280013419018], [26.089191703900305, 44.37269750885183], [26.089061103061688, 44.37271605253303], [26.089058323053656, 44.37269365999335], [26.089033701225656, 44.372554683482214], [26.08897622343096, 44.372345976415524], [26.088975007036343, 44.37233733901499], [26.088953628346466, 44.37224537502424], [26.089160050261274, 44.37221393878535], [26.089368645340258, 44.37219331734813], [26.08933289119797, 44.37201753890881], [26.089730519761314, 44.37196639514044], [26.089696428098364, 44.37185169389528], [26.08938772098153, 44.37189591108344], [26.08906037202991, 44.37194170277061], [26.088979074281056, 44.37195231730953], [26.088890612841148, 44.37196432409749], [26.08879166800841, 44.37197934825114], [26.08794606105356, 44.37209000742748], [26.087261780008348, 44.372166044825974], [26.087488610400914, 44.37144179742365], [26.087530640862898, 44.371346682651414], [26.087587846518723, 44.37122578878913], [26.08760887130074, 44.371175138835625], [26.087809321238254, 44.37069221969505], [26.0879720339791, 44.370300207483666], [26.08808929578428, 44.370098838497505], [26.088149514948828, 44.36999020945787], [26.088189793403195, 44.36991756139666], [26.088207066636063, 44.36988640505894], [26.088251591313284, 44.36980609638979], [26.088254800226732, 44.36980004965917], [26.08827347080473, 44.36976486752875], [26.088304051171225, 44.369707244450254], [26.08832456890556, 44.3696715422466], [26.08835838592386, 44.36961269444353], [26.088377143709103, 44.36958002340023], [26.088393449678467, 44.36955162233604], [26.08842780388045, 44.369490854082784], [26.08848494261972, 44.36939317094839], [26.088507344819167, 44.36935487014357], [26.088512863930564, 44.369345435006615], [26.088568881822265, 44.36920294271949], [26.088143225058307, 44.369243887958646], [26.088038215722733, 44.36924836158167], [26.087202755511736, 44.369283960274366], [26.087192124051125, 44.36928441304379], [26.086114546220575, 44.36937175591843], [26.086106538878855, 44.36937411110664], [26.086088758474517, 44.36937933892396], [26.086000998187558, 44.3694051429494], [26.085973206365416, 44.36941331407007], [26.085981792275938, 44.369459825123734], [26.085986134288685, 44.369483354682316], [26.085837658360983, 44.36949926801454], [26.08581850219194, 44.36950132119781], [26.085767737970848, 44.3695067626615], [26.084228637953217, 44.36967171048696], [26.083969587189543, 44.36969947104383], [26.082843244684867, 44.369820166538844], [26.082427551530923, 44.36986470776616], [26.0822776248066, 44.369880772544576], [26.082260073722438, 44.36988265308902], [26.081720884532064, 44.369965692537804], [26.080897696325543, 44.37012284289009], [26.080773131269172, 44.3701466219185], [26.080464142867232, 44.370224732661484], [26.07988296766174, 44.370416031364286], [26.07881003892202, 44.37076918380979], [26.07808070500031, 44.371009234460274], [26.077898328590717, 44.37107430668337], [26.076690203143315, 44.371505355062354], [26.07641299262751, 44.37160425791698], [26.075645792463778, 44.371877975121485], [26.075322110855197, 44.371993454725235], [26.07533242419906, 44.372033828151885], [26.075420354505603, 44.372378031117115], [26.0754788986676, 44.37260720195104], [26.075697664740314, 44.373463544881055], [26.075874287826526, 44.374154905868394], [26.075983497332896, 44.374582376264186], [26.076226544638136, 44.375289799998264], [26.076315456777774, 44.37554858774629], [26.07647722609337, 44.37601942929456], [26.076420210748218, 44.376376902947285], [26.07665186367879, 44.377103736605655], [26.07694585813576, 44.37802614302964], [26.071443089263617, 44.37866000647783], [26.07060456533507, 44.37769135694877], [26.069377028278435, 44.37627325666379], [26.069306605814972, 44.376007988759184], [26.068945942403, 44.37464939231223], [26.06837615198119, 44.37488497317135], [26.06513136551408, 44.37622644628317], [26.06345036469369, 44.37692135171762], [26.062691939993748, 44.37716245797222], [26.06145295315574, 44.37755632209756], [26.061470621028665, 44.37768122979528], [26.05965194344767, 44.37827190319218], [26.057181828296326, 44.37911488162484], [26.056088884721852, 44.379546197555904], [26.055377715848532, 44.37834245500665], [26.055342663155766, 44.37828312155187], [26.055186713198577, 44.37801914708016], [26.054129187948927, 44.37622902724582], [26.054035443253976, 44.37607033672449], [26.05276184811234, 44.3763888331328], [26.051355266182682, 44.376732522508064], [26.05028374838857, 44.376994326995295], [26.04928503566867, 44.37723709419445], [26.04884696988588, 44.37734798943304], [26.04819002815694, 44.37748233570419], [26.04806204665115, 44.377508507854664], [26.04725749799783, 44.37765544210195], [26.047029327377544, 44.37771727014881], [26.047040592251676, 44.37766880311936], [26.047051382761445, 44.377553420825414], [26.047027624642286, 44.3774479449578], [26.046982306573945, 44.3772130773883], [26.046860612620314, 44.376950045678655], [26.04671619537838, 44.376654100963336], [26.046635480773357, 44.376488951634435], [26.046635589342767, 44.37648891822473], [26.046651213561958, 44.37648412171319], [26.04625600500711, 44.3758260592549], [26.04575478696563, 44.374991460435524], [26.045752723474138, 44.37498802444651], [26.04368712628979, 44.376310779877045], [26.040156487055054, 44.378587698313005], [26.037805697455997, 44.38010356700825], [26.03762091315468, 44.380222895508794], [26.035919522939487, 44.38132156868525], [26.035069758917363, 44.3818702790333], [26.035051787930104, 44.3818818825048], [26.03490144061935, 44.381978963808265], [26.03470858988537, 44.382103487205576], [26.033907032381183, 44.38262104714326], [26.033785212302803, 44.382699705423235], [26.033494822609256, 44.382887202434354], [26.03341393977047, 44.3829394264658], [26.03337508206873, 44.382964516359934], [26.033141401574092, 44.38311539604777], [26.033140969799927, 44.3831156745136], [26.033115050037914, 44.383132410482105], [26.033092674982917, 44.383146857588315], [26.033092429309463, 44.383147015544715], [26.03309201862561, 44.38314728031667], [26.03307556118731, 44.3831578732684], [26.03305134654597, 44.38317346136097], [26.033041930410523, 44.38317952203945], [26.033041183784263, 44.38318002029676], [26.033040051409316, 44.38318077409684], [26.033038565573335, 44.38318176424328], [26.03303829395002, 44.38318194493799], [26.033038251784443, 44.38318197322527], [26.033038370698968, 44.38318202613509], [26.033038506070373, 44.383182086994154], [26.03303878184861, 44.38318220956601], [26.033038993118183, 44.3831823039292], [26.03303984578957, 44.383182684912526], [26.033041287982517, 44.38318332869153], [26.033041838919626, 44.38318357429093], [26.03304199643473, 44.383183645296924], [26.033043037596638, 44.38318411005228], [26.033045236309555, 44.38318509159597], [26.033045839762355, 44.38318536146387], [26.03304690622918, 44.38318583768722], [26.033047422378242, 44.3831860678555], [26.033048334507022, 44.38318647529364], [26.033049226398497, 44.38318687391732], [26.033050605337856, 44.38318748947606], [26.033056666353986, 44.383190195562236], [26.033057784693202, 44.3831906951599], [26.03305965576403, 44.38319153120699], [26.033064988083172, 44.38319391142295], [26.033066006482457, 44.38319436648678], [26.033068803581806, 44.38319561524428], [26.03307098332913, 44.38319658886133], [26.03307134893692, 44.38319675200961], [26.03308316356815, 44.38320202749747], [26.033083879613827, 44.383202347632995], [26.03308469811716, 44.38320271272925], [26.033089580084397, 44.38320489277275], [26.033092685877072, 44.383206279999655], [26.03310785045712, 44.38321305117345], [26.033110346474945, 44.38321416589019], [26.03312155260852, 44.383219169752806], [26.033122943913042, 44.38321998590029], [26.033134159385533, 44.383226568300145], [26.03313674922636, 44.383228088061685], [26.033140692326864, 44.38323040181918], [26.0331418883372, 44.383231104556515], [26.033152978239933, 44.38323761250554], [26.033183037937995, 44.38325525327034], [26.033186655089818, 44.38325737561399], [26.033191090308105, 44.3832599791588], [26.033214997548633, 44.3832740088113], [26.033216390142687, 44.38327482674585], [26.03326522185108, 44.38330348421026], [26.033294109717616, 44.38332043728805], [26.03338373488088, 44.38337303422571], [26.03338659488288, 44.38337471260473], [26.03340178016046, 44.38338362378234], [26.033552663034328, 44.383472171040815], [26.03362023420328, 44.383511825517694], [26.03362863795318, 44.38351675695306], [26.033666196141628, 44.38353879822687], [26.033728731041396, 44.38357549732521], [26.033782192553968, 44.38360687060749], [26.033787686854232, 44.38361009531555], [26.033906111097913, 44.38367959250283], [26.033912602298628, 44.38368340206059], [26.03391265688216, 44.38368343665996], [26.034054629484977, 44.38377402529884], [26.034265823962166, 44.38390877976526], [26.034534217935864, 44.38408003221069], [26.03463201003427, 44.384142429887774], [26.034655322481548, 44.3841560731977], [26.03467107466004, 44.38416529220239], [26.03480705236273, 44.384252748942096], [26.034846292629627, 44.38427798741961], [26.03487448719589, 44.384296121887445], [26.03507658773227, 44.38442610015741], [26.035117071303368, 44.38445116061049], [26.035143249932798, 44.38446786182113], [26.035178758244804, 44.3844905154509], [26.035319498182673, 44.38458030743797], [26.035394900960398, 44.38462586675065], [26.03542738600504, 44.38464648077001], [26.035437681176493, 44.384653012905176], [26.035479463644045, 44.38467952560889], [26.03583306368314, 44.38490390137434], [26.03598608733732, 44.38500202977497], [26.036019808256054, 44.385023652871496], [26.036174154212063, 44.385122628367824], [26.036407048490922, 44.385271971826796], [26.036474258655048, 44.38531506959177], [26.03648893555468, 44.385324481846105], [26.036762262820222, 44.38550205664966], [26.037113127724428, 44.385714639150315], [26.037240592182904, 44.38579186714032], [26.037243427192287, 44.38579360865395], [26.037963223738572, 44.386235593557196], [26.038065115254053, 44.386298158411854], [26.038216092393277, 44.38638763645386], [26.038496958185732, 44.38655409352568], [26.038599854114874, 44.386615074514765], [26.03890417238568, 44.38678777007384], [26.03942424544639, 44.38709347563863], [26.039423920944035, 44.38709567466938], [26.039300028337518, 44.387199453167995], [26.038831480172327, 44.38759192953809], [26.038703789324156, 44.38769888796509], [26.038623719206814, 44.3877659557901], [26.037989386475168, 44.38829728452736], [26.03785643343711, 44.388408646560194], [26.037751204816498, 44.388496786368314], [26.03758276018542, 44.3886378741223], [26.037029415973137, 44.389101347846186], [26.03662453563038, 44.389440463445084], [26.036621447824125, 44.38944304881128], [26.036582855312922, 44.38947869993871], [26.03651321307865, 44.38954303321436], [26.03609713696433, 44.38992738927563], [26.035978205135724, 44.390027578683295], [26.03587758475228, 44.39011235327499], [26.035804829093852, 44.39017365019907], [26.035000370959057, 44.390858519306086], [26.03495514430719, 44.390901199656604], [26.0349401220153, 44.39089240237735], [26.034092604197678, 44.39039611549937], [26.034446135830212, 44.39009801114068], [26.034044166523724, 44.38986812138874], [26.034107397461945, 44.389811274548045], [26.033975858134905, 44.38973631061842], [26.033682376501904, 44.38956905441287], [26.033507022284248, 44.38946911893012], [26.033062364500516, 44.389215701428455], [26.033055982499754, 44.38921206451847], [26.032888966462803, 44.38911687926744], [26.032821994335897, 44.389078710136936], [26.032753830710284, 44.38914001605923], [26.03166125680324, 44.38850524926932], [26.03161313730654, 44.38854783596859], [26.03146971980387, 44.388467330375725], [26.03142298491249, 44.388441095538255], [26.031323218123124, 44.388385091521926], [26.03126192011875, 44.388442570696114], [26.031233205545373, 44.38846949657743], [26.031077545144807, 44.38861545792718], [26.030775042650834, 44.388899108227335], [26.03056886719028, 44.38904437113775], [26.030426172825184, 44.389144907109454], [26.03015283953664, 44.389344076293554], [26.029936765420224, 44.38950182988288], [26.02958540442185, 44.389758352788014], [26.029099361038533, 44.389541953851484], [26.029025368255255, 44.3896245420974], [26.029024942425192, 44.38962501759594], [26.029005340543467, 44.38964689695401], [26.028835808893422, 44.38983612229687], [26.028598839168072, 44.389747049090644], [26.028484810607132, 44.38970418702779], [26.027983435078824, 44.39035138493175], [26.027813607091417, 44.39057060258812], [26.027483596726345, 44.39071761641923], [26.027272008564985, 44.39081854834612], [26.02725035898148, 44.390819518053014], [26.02716248651269, 44.3908210549247], [26.02699987534711, 44.39082389708096], [26.026850120631188, 44.390965649608], [26.026700228162888, 44.39110753189179], [26.02648524473173, 44.39129697454695], [26.026443766037975, 44.39133882167275], [26.026253409847104, 44.39153086364318], [26.02609367312395, 44.39169027349337], [26.025862521234977, 44.39192094880401], [26.02578048481134, 44.39200281435978], [26.02559095890002, 44.39219194689126], [26.025418668174932, 44.39235208931745], [26.025498675949457, 44.39237432460273], [26.025521879694207, 44.39238077339632], [26.025514111789267, 44.392388033447176], [26.025030553121233, 44.39283997420953], [26.02418650121884, 44.393628811903056], [26.024163731177858, 44.393649028097464], [26.024128018330252, 44.39368073546847], [26.023953034910836, 44.393836090443884], [26.023891993416782, 44.39389028448467], [26.023339333631064, 44.39438094195629], [26.023219875659397, 44.39448699604582], [26.02318969475911, 44.39451705982756], [26.02312665115262, 44.39457985867215], [26.022896576773437, 44.39480903392088], [26.022502737894477, 44.39520133013333], [26.0224779666612, 44.39522600392189], [26.022441503660446, 44.39526232383439], [26.022040671617656, 44.3956615787123], [26.021255469826666, 44.396400275641994], [26.021186863022255, 44.39646481766576], [26.020560556563268, 44.39701971963953], [26.0204599422244, 44.397108860646966], [26.020448091432346, 44.39711936139078], [26.02036789313921, 44.39719041424252], [26.020151393625977, 44.39739592366838], [26.02004664976569, 44.39749535106776], [26.019670282425743, 44.39786645919889], [26.019636507023982, 44.3978997622137], [26.019263847277816, 44.39826720834838], [26.01923407748456, 44.39829511000544], [26.018581468522054, 44.39892136069801], [26.018567819842847, 44.39893445694256], [26.01838306603201, 44.3991117456794], [26.018319128199284, 44.39917309996968], [26.018215549906927, 44.399272492609185], [26.018148030370618, 44.399337283036765], [26.017840920912192, 44.39963197587056], [26.01755233022921, 44.39990889626654], [26.01741374489932, 44.40004187706642], [26.016848683526433, 44.40058407449217], [26.01675489656165, 44.40067406582529], [26.016582591062512, 44.400839395010635], [26.016524658148295, 44.40089498257997], [26.016325098928466, 44.40108646155684], [26.016109270017715, 44.401293549206535], [26.015780562478565, 44.401608941644305], [26.015737231093816, 44.40165051709286], [26.015675546127127, 44.40170507244495], [26.015441960761798, 44.40191078171628], [26.01534191458753, 44.401998887867364], [26.015090245611542, 44.402220519575614], [26.01507753742255, 44.40223171058709], [26.014764738299583, 44.40250717423672], [26.014659716269648, 44.402599659976445], [26.014638218765803, 44.4026185910415], [26.0142493598491, 44.40296102807554], [26.014172290260305, 44.403028896446955], [26.014111361195507, 44.403082551313375], [26.0139277053853, 44.40324427954437], [26.013872887237593, 44.40329255208298], [26.013872115756104, 44.40329323223847], [26.013531648496752, 44.40359304477416], [26.013431663111874, 44.403532802108835], [26.01330903313198, 44.403458915491115], [26.012920324230347, 44.403841682456445], [26.0126687592453, 44.40408939826279], [26.012433761329458, 44.40432079852618], [26.012231406523227, 44.40452005432661], [26.01201633166365, 44.40473183344937], [26.011907471764, 44.40483902310699], [26.011545539773692, 44.405195401092215], [26.01126698628847, 44.405405170354676], [26.01121116357158, 44.40544720811077], [26.01103624601616, 44.405612844683695], [26.010927528294697, 44.40571579304403], [26.010873675654928, 44.405766786983634], [26.010598014984097, 44.405616777866854], [26.009484058835707, 44.40501057024515], [26.009213622390952, 44.40486339639642], [26.00846261808187, 44.40445468642162], [26.008286674942603, 44.40435893428856], [26.00826707334775, 44.40434826641422], [26.008140510484935, 44.40427938736923], [26.00791234090864, 44.404155209921036], [26.0067421017106, 44.40351831172478], [26.006446064278332, 44.403357190347805], [26.006439282231465, 44.40335349970035], [26.005905864955924, 44.403063177979185], [26.00586700446958, 44.40304202735002], [26.005763084690855, 44.40298546531119], [26.005457074356066, 44.40281891064683], [26.005183038640855, 44.40266975683765], [26.004865266378573, 44.40249679756828], [26.00484406279037, 44.402485256886145], [26.004629278343778, 44.40236835064427], [26.004285366981954, 44.40218115881821], [26.003977469130373, 44.402013567597294], [26.003787154839674, 44.401909977816445], [26.003425206704176, 44.40171296301164], [26.003366182999034, 44.40168083551859], [26.00330700737164, 44.401704616346755], [26.003124770061756, 44.401777851026374], [26.0031015847124, 44.40178716836868], [26.002954795107996, 44.40184615753764], [26.00290374961805, 44.4020231343353], [26.00281988966784, 44.40231387152827], [26.002724343472288, 44.402645123287876], [26.002594631163014, 44.403094822023306], [26.002506182425144, 44.40340145626804], [26.00247844660954, 44.403497611230016], [26.0019253501622, 44.40342993988056], [26.001747711642963, 44.40340820523986], [26.00174767138151, 44.40340820019787], [26.00038168152877, 44.4032410568259], [26.00037461100773, 44.403240191717394], [25.99991389519438, 44.403183813966095], [25.999843634212233, 44.40317521532565], [25.999262439258505, 44.40310409212566], [25.998602511839216, 44.40302332922513], [25.9985693988901, 44.403019276667244], [25.998561778639456, 44.40301834431838], [25.99772857308408, 44.4029163692265], [25.997503553145144, 44.402888828566155], [25.9972380155675, 44.40285632806423], [25.997151328582177, 44.4028457176648], [25.997075205595625, 44.40318489533199], [25.996980626934604, 44.40360630127271], [25.996936422863666, 44.403803257113594], [25.996898985846165, 44.40397006201965], [25.996875786359002, 44.404073426809326], [25.996861356159652, 44.404137720031386], [25.996854216875096, 44.40416953116601], [25.99684203932569, 44.40422378820728], [25.996836758557098, 44.40424046357994], [25.996801130341016, 44.40435297358824], [25.996789434021156, 44.40438990832306], [25.996758632742804, 44.4044871734844], [25.996725138280638, 44.40462256090458], [25.996720187300255, 44.404642570599826], [25.99669069632664, 44.40476177095369], [25.99668914694733, 44.404768033452655], [25.996685413167707, 44.404783124605956], [25.996639705555772, 44.40496797047407], [25.99659038474035, 44.40516741950126], [25.99656425943393, 44.40527307185229], [25.996492628424626, 44.40556274111119], [25.996488176330306, 44.405580744754744], [25.99648577009704, 44.40559047448083], [25.996454197616387, 44.40571826761315], [25.996449526250096, 44.40573717320789], [25.99644393351147, 44.40576075531979], [25.99642146423972, 44.405855501340234], [25.996410384099203, 44.405902223622974], [25.996402749950285, 44.405934414414176], [25.996396313246052, 44.40596155634028], [25.996390567096515, 44.40598578331594], [25.996388182379196, 44.40599435813357], [25.99636796112754, 44.4060670564466], [25.996352636055725, 44.40613631389375], [25.996346483364857, 44.40615632700453], [25.996345689215946, 44.4061589134663], [25.99632654047725, 44.406221207138074], [25.996304288688446, 44.40629360029851], [25.99628541930822, 44.406354987879496], [25.996282341227833, 44.40636500434862], [25.996280392556404, 44.40637134237539], [25.996272098625166, 44.406398325221225], [25.996264815274056, 44.40642202038101], [25.996262835726565, 44.406428461282076], [25.99625955543401, 44.40643913024848], [25.99624542623473, 44.406485097375985], [25.996244519110636, 44.40648805024151], [25.996239513723562, 44.4065043343457], [25.99623906548486, 44.40650579183104], [25.99623606582497, 44.40651555110164], [25.996234548721965, 44.40652048489052], [25.996234013739553, 44.406522227547164], [25.996232342088135, 44.406527664910115], [25.99622301509254, 44.40656348871465], [25.996212544635004, 44.40660370749451], [25.996209315496955, 44.40661610943134], [25.99620923774192, 44.40661640622335], [25.996208559442003, 44.40661901325971], [25.9962063136717, 44.4066276399453], [25.996204669654666, 44.40663395367576], [25.99620420921451, 44.40663572357329], [25.996203249402413, 44.40663940861486], [25.996202741831738, 44.406641358031784], [25.99620167131473, 44.40664546795848], [25.996200972959333, 44.40664814987325], [25.99620067500368, 44.40664929372485], [25.996200631484204, 44.406649464212116], [25.996200288769316, 44.40665077946205], [25.996198914468767, 44.40665605939216], [25.996198907432504, 44.40665608825474], [25.996198474067672, 44.406657753511325], [25.99619812547873, 44.40665909221352], [25.99619754013706, 44.4066613375225], [25.996197533116298, 44.40666136728504], [25.996197399985476, 44.4066618751697], [25.996197327003767, 44.40666215751921], [25.996197159714544, 44.40666279620789], [25.99619704789384, 44.40666322920303], [25.996197007861664, 44.40666338345936], [25.996196994920467, 44.40666343397449], [25.996196905401984, 44.40666377677114], [25.996196874808277, 44.40666389584339], [25.996196827677714, 44.40666407536282], [25.996196789970305, 44.40666421879833], [25.99619662275852, 44.406664861986364], [25.996196606237323, 44.40666492333341], [25.996890153444998, 44.406734632496445], [25.997569566264232, 44.40681314141385], [25.99755785953555, 44.406847796594484], [25.998053091980577, 44.406905671975245], [25.998011539152426, 44.40697075111629], [25.999262030075744, 44.40714995291619], [25.999059713701577, 44.407989920796105], [25.999681939254348, 44.40807737094398], [25.999431094194627, 44.4088916519086], [25.99922785869821, 44.40964513707451], [25.999469541571735, 44.40968274620574], [25.999957444186226, 44.40788994553672], [26.000167421221246, 44.40720561020314], [26.00330825251943, 44.40760372270052], [26.007711416019603, 44.40815052773778], [26.00809109667183, 44.40817522838336], [26.009061359151232, 44.40831568991191], [26.009341967859722, 44.40832753971382], [26.00951082382094, 44.408350398700826], [26.009857786003256, 44.408403827094766], [26.009952197765937, 44.40841932477106], [26.00973758993228, 44.409224781277], [26.009973201296685, 44.409258084254034], [26.009526247683812, 44.41090368954238], [26.009604526956938, 44.410890288682154], [26.009801554788314, 44.41013249272497], [26.010000836242387, 44.410153026181234], [26.009984306056953, 44.41030012867605], [26.010443573713687, 44.41037544453986], [26.010466494278877, 44.41026289017333], [26.011432673629486, 44.410357044389876], [26.011317120085312, 44.41083332540201], [26.011582946090844, 44.41087078181125], [26.011722716109315, 44.41040301312187], [26.01178925727033, 44.410419938648246], [26.011707957871263, 44.41071442452976], [26.011991875078948, 44.4107517804647], [26.012404964372358, 44.40933120297871], [26.01256967523857, 44.40872870196017], [26.013996846072438, 44.40892082219594], [26.014103208796172, 44.408490422847386], [26.014127469694238, 44.40849062740396], [26.014876506038878, 44.40851984492009], [26.014955892640913, 44.408522585596785], [26.015002912658517, 44.40853615707757], [26.015174487843993, 44.40870742240811], [26.015401235484152, 44.40896610346742], [26.016330636899944, 44.40997813869246], [26.01644437190694, 44.41026001381234], [26.015999113923552, 44.41174756987907], [26.016151193066733, 44.41176103015665], [26.016398550755735, 44.41083308843998], [26.016854705058098, 44.41086197457206], [26.01720147905017, 44.410741292363234], [26.017721740337198, 44.41126400992061], [26.01819902466288, 44.41175639616905], [26.01839264499588, 44.411661665132236], [26.018794652692957, 44.41209711959557], [26.018914882422216, 44.41211938737524], [26.01877141877808, 44.41192140390506], [26.019003344100646, 44.41181861220426], [26.019308582198974, 44.41167362988743], [26.019812009316258, 44.412230627851386], [26.020575168275244, 44.41230300654072], [26.01893480417898, 44.41063942122269], [26.019411109020428, 44.41041018853222], [26.020168487003442, 44.41080915647579], [26.02012709553905, 44.41084937502939], [26.021377312588235, 44.41211193421953], [26.0217241648942, 44.41194672262343], [26.0219593236543, 44.412198654315844], [26.022080145397844, 44.412194641918425], [26.02206945912583, 44.412494596834726], [26.022482980532672, 44.41253869735613], [26.02243372550423, 44.41237262374111], [26.02271744741759, 44.412189900843686], [26.023038915313965, 44.41235893820568], [26.023381678379632, 44.41249872868875], [26.023496121825815, 44.412562147847765], [26.023512813025086, 44.41260282084874], [26.02367624513054, 44.41268926703048], [26.023998185794888, 44.41274350047528], [26.02453312429992, 44.412817675060644], [26.024361827891116, 44.41263179597862], [26.02445269714038, 44.41258275569308], [26.02465449575258, 44.41277089519102], [26.02474549190291, 44.412733985717075], [26.024860991554483, 44.412868981087726], [26.02499753233842, 44.41287330967476], [26.023989254257522, 44.41199326619359], [26.024440677413242, 44.41179175183891], [26.025313423820876, 44.41266042494021], [26.025462187779915, 44.412575117188084], [26.025828138235955, 44.412982695651735], [26.025909335051715, 44.412977384015896], [26.025409029440596, 44.4124245066311], [26.025900575905766, 44.412176657342066], [26.026759927786518, 44.413005732715966], [26.02674048682555, 44.413031722377006], [26.027027984367244, 44.41311183059344], [26.026754190132255, 44.41284159524698], [26.026862012596894, 44.41279488250234], [26.026670255396553, 44.41262038962714], [26.02668984616435, 44.41260851085092], [26.026211471119563, 44.41212637630434], [26.02640135604848, 44.41215442753952], [26.026743644669192, 44.41249707556364], [26.02730539908539, 44.41309571041256], [26.027466989871176, 44.41301229004129], [26.027634810516112, 44.41318848500385], [26.027760080360867, 44.41319020403424], [26.027929606474675, 44.413213515402816], [26.02761587366591, 44.41288436261554], [26.027035364843044, 44.41232426798228], [26.027849433798355, 44.41238650302014], [26.028736402928345, 44.41331088406634], [26.029526533222842, 44.41343260071933], [26.029482935153283, 44.41336547106878], [26.029818490268937, 44.41318158139391], [26.030146976799177, 44.41349298887508], [26.03092440092505, 44.413566535125405], [26.0308472933255, 44.413473657255054], [26.03102985447941, 44.41337429854764], [26.030799514957575, 44.413131773628386], [26.030967727326505, 44.41303618240125], [26.03154987215221, 44.413625627525995], [26.031705013128718, 44.41363707676425], [26.031448957908626, 44.413387741582525], [26.031646056805517, 44.41328970676188], [26.029541323910692, 44.411187575185416], [26.028272803899352, 44.40977939863125], [26.028695373113063, 44.40981626553967], [26.032544039073027, 44.413643473404456], [26.032825209643978, 44.4135373216308], [26.033121652995085, 44.41386607865442], [26.033283953146512, 44.41389445235107], [26.03314536605523, 44.41374474602692], [26.03349286596508, 44.4135939103674], [26.03365209574447, 44.41373371565305], [26.03387500234365, 44.413954387658805], [26.03396806373968, 44.41395878947907], [26.0338725205097, 44.41387311201484], [26.03395658477513, 44.4138399127695], [26.033989076199333, 44.41388880035683], [26.0342368030512, 44.41379578629309], [26.034422735086693, 44.41395619867295], [26.034471095488318, 44.41393185909512], [26.033903541393787, 44.41337728758314], [26.030571707274422, 44.409970007165334], [26.03110307166555, 44.40976913846625], [26.029810239962657, 44.407498177405486], [26.033676526713663, 44.4061192971149], [26.036748174898232, 44.410195755608704], [26.038935159606755, 44.40932594303473], [26.039158910779626, 44.409692066310335], [26.039316863679435, 44.4085364464776], [26.0452504784787, 44.40743304276633], [26.04634681289468, 44.4083442182857], [26.046809990094996, 44.40854568495359], [26.04688676859071, 44.40886015705261], [26.046506551804494, 44.40977214017821], [26.046147959169286, 44.41043905368538], [26.043846552447313, 44.41020767325103], [26.043689986152568, 44.41108313003814], [26.04564509036857, 44.411299261107146], [26.046818009514066, 44.41141492596556], [26.04850287579849, 44.41147511596174], [26.051522451568168, 44.41239018295027], [26.052125123073022, 44.41261534610825], [26.052551853710888, 44.41273262732774], [26.052826238654294, 44.412812693379784], [26.05272132059447, 44.41293854243795], [26.052950008408864, 44.41300798309248], [26.052398956776145, 44.413980390754304], [26.05275745641154, 44.414108964970914], [26.05251143889429, 44.41451876497906], [26.053731157584522, 44.41489275686665], [26.052984403961553, 44.416024213219345], [26.053197665937837, 44.41607196323593], [26.053018892678118, 44.41638336670281], [26.053743030816054, 44.41659691862357], [26.054480803804864, 44.415395465887116], [26.055657991145495, 44.415843429680095], [26.0566522686492, 44.416269732897035], [26.056671636813043, 44.416291313621585], [26.05637006950251, 44.41680692738955], [26.056309280365443, 44.41691085552196], [26.05606555202308, 44.41732975914381], [26.056136582335306, 44.417349298534354], [26.056249610603064, 44.41715590488502], [26.058015165904166, 44.417694303178976], [26.05790457793969, 44.417876668492674], [26.057726050959428, 44.418164055775264], [26.05789304372462, 44.418210791425885], [26.058756541354814, 44.41847183732595], [26.058931296039198, 44.41852403359525], [26.059070527283613, 44.41855096710471], [26.059099090669072, 44.4188010565135], [26.059122806808325, 44.41883573620679], [26.05912930135476, 44.41889279027565], [26.059132032086808, 44.41896101295792], [26.05915561518517, 44.41915305303292], [26.059334280253278, 44.41914502771913], [26.059443134182107, 44.41914856699617], [26.059636230872297, 44.419162626904104], [26.059600687117953, 44.419220643432], [26.059613022012616, 44.419462164223944], [26.059627744970243, 44.41958311414097], [26.059926615563302, 44.419552419566465], [26.059948790704937, 44.419773696331504], [26.060037110510603, 44.41977844529147], [26.060028578486317, 44.41988920080665], [26.060009062986293, 44.41989809664044], [26.06001940552967, 44.41994372922539], [26.06049945421744, 44.41989870968377], [26.060511812446503, 44.420120051781126], [26.06020069085048, 44.42014297905228], [26.06020640213345, 44.42042585498178], [26.06021479074621, 44.42072804710542], [26.060006593083514, 44.420746854933114], [26.0600329342151, 44.420904848224524], [26.059393001201947, 44.420906881716846], [26.05940908964943, 44.421026279799904], [26.06024778183989, 44.42103712680104], [26.060261521648194, 44.42116532205619], [26.060038664547452, 44.421189488029505], [26.060039337644685, 44.421247469863445], [26.060018902847975, 44.421365915556635], [26.0600285953542, 44.42159195390195], [26.060126855364558, 44.42160718447236], [26.060304736619766, 44.42172386254931], [26.060027581405436, 44.42192934425388], [26.060284129683616, 44.422063129381065], [26.06013611664165, 44.4221975542359], [26.059973353800356, 44.422330317659096], [26.060212730861615, 44.42246244650879], [26.06014728072004, 44.42252784584667], [26.0600914288371, 44.422575622459014], [26.06005749555397, 44.42260921548548], [26.06031187337568, 44.422767618495115], [26.060337023334366, 44.42303456116803], [26.060363535222404, 44.42326548128894], [26.060392869480566, 44.423391378704316], [26.060440871189428, 44.42401835657368], [26.060325116693907, 44.42403008448271], [26.060084335208003, 44.42422535070247], [26.059901969472193, 44.424246111214345], [26.059921804446056, 44.4242991246569], [26.059942465654355, 44.42442396078326], [26.060112569207284, 44.42441114577251], [26.060232679971694, 44.42446848949062], [26.060134600771303, 44.42456344652963], [26.06028967581475, 44.42462555521891], [26.060288358174034, 44.424666725461215], [26.060308190123305, 44.424674323941495], [26.060272800295696, 44.424718271953786], [26.06029989389792, 44.42473354224092], [26.060306520561383, 44.42484155406915], [26.06075962598803, 44.425063966677506], [26.06070841583323, 44.42513759341271], [26.060640988445467, 44.42520488369449], [26.060655433319386, 44.42521251483927], [26.06060470895245, 44.42526881159799], [26.060529034366546, 44.42522468518393], [26.06040739195291, 44.42533875569319], [26.060647516233068, 44.4254595274424], [26.060541163128203, 44.425575920181274], [26.06056642859257, 44.425587355540635], [26.060400045335264, 44.42579028309258], [26.06050084247805, 44.425836639129486], [26.0604248222417, 44.425916196428496], [26.060478875546917, 44.42593388592846], [26.060432846967732, 44.425989463386124], [26.0603835571967, 44.42607336810445], [26.060300750481904, 44.42605198913439], [26.06027613306496, 44.42609715877433], [26.060400526371893, 44.42614401281265], [26.06037236446355, 44.426191771893585], [26.060343115623795, 44.42618092299721], [26.060304219783983, 44.4262405733437], [26.060186527649225, 44.42620301631935], [26.06019277223522, 44.42623810326593], [26.060198841525803, 44.426258143553675], [26.060365854543708, 44.4263381671759], [26.060335008492082, 44.426377221335464], [26.060441537168394, 44.42643061562527], [26.060404270241204, 44.426468137218315], [26.06020934248524, 44.42637538912345], [26.060232085992908, 44.42647945119573], [26.060309744808468, 44.42652143509862], [26.06035820671473, 44.42652114992131], [26.06053238244757, 44.426586255571834], [26.06036119491397, 44.426765008799656], [26.060338112897128, 44.42697685642574], [26.06056163252094, 44.42706570804396], [26.06042481141126, 44.42722072831584], [26.06039640819818, 44.42728755206762], [26.06037554521033, 44.42737654429041], [26.060926146977344, 44.42777014909459], [26.061160676474884, 44.42760725065102], [26.061612248201754, 44.42793702866065], [26.061705789873116, 44.42801482667701], [26.06163917754904, 44.42806368649442], [26.06140662359406, 44.428212437029366], [26.061609901020425, 44.42835386742342], [26.06139537131874, 44.42849108982811], [26.06112160437768, 44.42866509560198], [26.061130666465235, 44.42868598067145], [26.061225950547954, 44.4287902592287], [26.061122680563834, 44.42885110132095], [26.061083287298896, 44.428887797151724], [26.061010680822303, 44.428921511740285], [26.060922395292785, 44.42893788658893], [26.06083406401184, 44.428951084733164], [26.06083920476804, 44.429204670578265], [26.06090162781812, 44.429247094587254], [26.060950950106417, 44.429303862246705], [26.06094046060659, 44.42935306606012], [26.060965171364355, 44.429386206015984], [26.06099420375772, 44.429409810064826], [26.061065336486713, 44.42943950668745], [26.061149876044237, 44.42948180323602], [26.06077242468901, 44.42992661942845], [26.06041159850351, 44.430366696745104], [26.060622036518396, 44.430651749549675], [26.060650765829372, 44.430784141810086], [26.060519968385794, 44.43085849979902], [26.060383754069882, 44.4309196783501], [26.06032974297445, 44.43079492215202], [26.06028056441882, 44.43087689974436], [26.060348784408443, 44.431084035937516], [26.06024381582051, 44.43111484157238], [26.060154448448923, 44.431128579931666], [26.060101881687668, 44.431129893653335], [26.06000320762203, 44.43113201923156], [26.05994052579963, 44.43126266174613], [26.059804453013573, 44.43165725019434], [26.059747277885393, 44.43204803621176], [26.05970732045266, 44.43267657120162], [26.059697819069612, 44.43305949257572], [26.059699395476883, 44.433604835150355], [26.059696206177154, 44.43394218321503], [26.05972165698919, 44.43397245443785], [26.059775004399963, 44.434247349353015], [26.05978080727245, 44.4342486987913], [26.059786711946014, 44.43425834544566], [26.059818069564827, 44.43446698982346], [26.05990135832222, 44.43449277477394], [26.06005251251625, 44.43454443562515], [26.060104095923382, 44.434550295345446], [26.0601456059336, 44.434537007437214], [26.06016455847044, 44.43451974671687], [26.06027221002973, 44.43455272726901], [26.06026578003394, 44.434576782292616], [26.060280978419392, 44.43460688888206], [26.060327614187855, 44.43463269448647], [26.061478616351664, 44.435009133031144], [26.061727922831942, 44.43509541750505], [26.062002741793133, 44.43516389254764], [26.06231340022691, 44.43521601762087], [26.062784250479652, 44.435261068550176], [26.063167801296792, 44.43526999566033], [26.063518404761616, 44.435293326818226], [26.063891952242194, 44.435383248632725], [26.064208592408654, 44.435537059181115], [26.064673339910723, 44.435760561716364], [26.066067601402274, 44.43643105775962], [26.066311947211762, 44.43651158747613], [26.066556293697907, 44.43659211665984], [26.066869875651335, 44.43669175858142], [26.066956250308856, 44.436620964027206], [26.067028126802573, 44.43655415881433], [26.067107275568972, 44.436487311669225], [26.06718761788927, 44.4365232713955], [26.067126631373547, 44.43659000955529], [26.06772736461413, 44.436857122350844], [26.067691508367247, 44.43689767506655], [26.067671993411103, 44.43693814489924], [26.067774269726957, 44.43698567758866], [26.067940396508646, 44.43705626642752], [26.067933370381084, 44.43707713248809], [26.06817025588274, 44.437140786053796], [26.06820071218675, 44.43705748845217], [26.068341592092, 44.437075808946986], [26.068468535393187, 44.43709586348438], [26.068434729530118, 44.437186861096336], [26.068544187471176, 44.43720286029126], [26.06860171724811, 44.43705175929905], [26.068693829370854, 44.437075357046645], [26.068635229866302, 44.437233137380694], [26.068663214938322, 44.43724046807693], [26.06864308634564, 44.437308880514465], [26.06872932608017, 44.437326692813166], [26.068699978607455, 44.437402662882825], [26.06876054892825, 44.43742016965825], [26.068903322508394, 44.437133796810166], [26.068969307610057, 44.437049414862], [26.06914655020739, 44.437127312614464], [26.069105172970044, 44.437170195231914], [26.069072596647207, 44.43721145528089], [26.069005669763186, 44.43733187401747], [26.06888108013289, 44.437522789377354], [26.06901475342379, 44.437572507102445], [26.06904258008931, 44.43758145024415], [26.069060813048722, 44.437572241020774], [26.069080167794745, 44.4375387746164], [26.069311153044794, 44.437605181852014], [26.069518962797545, 44.43729602337966], [26.06948868242419, 44.43735477613787], [26.069652066779152, 44.43740324801743], [26.069672363608053, 44.437439749103966], [26.069686267763487, 44.43746273858907], [26.06967011357282, 44.437499432781166], [26.06980478576941, 44.43753656681], [26.06994459880632, 44.43757928597729], [26.06999326475151, 44.43750126904798], [26.07010896810247, 44.43750714518651], [26.070121495566152, 44.4374197512631], [26.07020186764782, 44.437421849827714], [26.07020669184418, 44.43744834558331], [26.07028905607107, 44.43743590784048], [26.070294791744292, 44.437550335872544], [26.070261301205118, 44.43766705361948], [26.070396105398313, 44.43767123596405], [26.07039891027004, 44.437712826231994], [26.070483373470122, 44.43778389924976], [26.070216856041267, 44.43793477275697], [26.06995033721967, 44.438085645641515], [26.070055857391655, 44.43819625486596], [26.070055904179462, 44.438196271521896], [26.070254179578214, 44.43807211491829], [26.070364171610663, 44.43800323990685], [26.070487347036476, 44.43794378872497], [26.070746841299194, 44.43781854009309], [26.071366778246546, 44.437519315166675], [26.071612168249654, 44.43738513095951], [26.07236163883786, 44.4369752978367], [26.072969709337194, 44.43664277903582], [26.074470750993015, 44.435894506809106], [26.074536671402484, 44.435861643826314], [26.07485373407817, 44.435703581609296], [26.0749727691626, 44.43578316949397], [26.075142129881282, 44.4358964039263], [26.07515478480325, 44.43589020981251], [26.075176105611995, 44.435892308576044], [26.07566549767742, 44.435701798696755], [26.075741726683642, 44.435672123445656], [26.07579480285146, 44.43565146154487], [26.077832633912966, 44.43485813776841], [26.077846282232755, 44.434844478977624], [26.078713635100257, 44.43452151800764], [26.078816692401443, 44.43469173027895], [26.07881678322961, 44.43469249172634], [26.078897268600613, 44.43536548425847], [26.078730988044164, 44.43547816616496], [26.078771480891685, 44.43608622819102], [26.07875568615545, 44.43615789056352], [26.078828015795313, 44.43664249883082], [26.07901221269891, 44.4366297382578], [26.079030423748698, 44.43660700031447], [26.079215707090754, 44.43659430730344], [26.079214491536604, 44.436584771531294], [26.079281390623876, 44.43658075644172], [26.079283104921945, 44.43658975552285], [26.07940136600101, 44.43657993455057], [26.07951621179925, 44.436554988036335], [26.07976332972663, 44.43653838588977], [26.07982548515812, 44.43653644189005], [26.079826097269613, 44.43653107910068], [26.07990783400294, 44.43652746052465], [26.079915492016323, 44.43653770674874], [26.079943520171653, 44.43653732915866], [26.07994865265206, 44.43653112831591], [26.080067147471567, 44.43651964296483], [26.08010073490385, 44.43654795599122], [26.080112066119092, 44.43660017634253], [26.080367959870664, 44.43658486125828], [26.08040714621339, 44.43586199395737], [26.081110066333324, 44.435810889192936], [26.081168953339514, 44.435810740754995], [26.08116816205561, 44.435900781007454], [26.081188138409292, 44.43605079822007], [26.08137125959001, 44.43603585615235], [26.081371950817697, 44.43607369538344], [26.081437804264755, 44.43608406687627], [26.081601568146954, 44.43608558443124], [26.08166891254125, 44.4360862086512], [26.08169178630408, 44.43609025601668], [26.081821085077447, 44.43611313496472], [26.082023373678762, 44.43614892823579], [26.0820777162121, 44.436145086088004], [26.082154793231435, 44.436130394481594], [26.082282345661014, 44.436096056462326], [26.082343290160207, 44.43607534917306], [26.08241837696858, 44.436049836658], [26.082458767524482, 44.436119093959455], [26.082383712290873, 44.43614488790432], [26.082397852853244, 44.43626797207092], [26.08244748593006, 44.43655947448809], [26.082465808303112, 44.43655893032395], [26.082493104620802, 44.436699573478016], [26.08249523926636, 44.436704024268955], [26.083044790831703, 44.43665314267253], [26.08306910641624, 44.436646024641156], [26.08312016249971, 44.43663107853189], [26.08316070938254, 44.436607881253416], [26.08319588913339, 44.43657706649017], [26.08321333982978, 44.43654474005214], [26.083349063702787, 44.436265907211656], [26.083496376533247, 44.43595829438235], [26.083771227673754, 44.43539169660089], [26.08399642075231, 44.43493130322939], [26.083989500567228, 44.43490509281392], [26.083902569096963, 44.43480941915877], [26.083896991487467, 44.43481027024345], [26.083790105003768, 44.434826579176004], [26.083717726586897, 44.4347399050785], [26.083721320713426, 44.43473583390965], [26.08380225449908, 44.43469735881679], [26.08369968204601, 44.43458558111479], [26.083713141828998, 44.43458647225452], [26.08390621466433, 44.43459925444506], [26.084138360360644, 44.43460142974375], [26.08414631966022, 44.43460534113598], [26.084148265875847, 44.43461045882398], [26.08447102214974, 44.43460310406814], [26.084625974846578, 44.4346056722516], [26.084592832067788, 44.43514968400473], [26.084758001097654, 44.435193299903105], [26.084805474871654, 44.434990081564806], [26.085173304204222, 44.434986384948886], [26.08517330891527, 44.43497498793975], [26.0852408034555, 44.43497758771734], [26.085289927425986, 44.434978469895604], [26.085288869145593, 44.434987741305555], [26.085347818962074, 44.434999417247525], [26.08548379510632, 44.43502634884623], [26.0855110758749, 44.435028421525345], [26.085510607465498, 44.43502642079248], [26.0855096050426, 44.43502213645232], [26.08569662439819, 44.43494474862246], [26.0859866052644, 44.43462931145158], [26.086319782419462, 44.43463527024833], [26.086164551335784, 44.4348254906531], [26.086059855558183, 44.434893272615234], [26.085963315542994, 44.43497108399211], [26.086109335091624, 44.435040975017245], [26.086139816903582, 44.43505343442381], [26.08616233374539, 44.435061155507334], [26.08635303100839, 44.43485333969177], [26.08641753690241, 44.43478304339027], [26.086578483942635, 44.43486875351488], [26.0865829895544, 44.434871152712624], [26.08669124437254, 44.43473851642124], [26.087271597337548, 44.43474599653599], [26.087337242029733, 44.434812498199975], [26.087293169879622, 44.434838784790216], [26.08695702574627, 44.435039276402215], [26.086534057427453, 44.43520949163922], [26.08655588586158, 44.43523612512451], [26.0866019031794, 44.435292271882226], [26.086836240988347, 44.435202259242885], [26.086989225795115, 44.43513472163507], [26.08713128592269, 44.43506071909294], [26.087311202977276, 44.43495584026936], [26.08751988317883, 44.43481747270852], [26.087705948698407, 44.43488596794091], [26.08766338591166, 44.43491469266034], [26.08734777072414, 44.43512769192836], [26.087484531824924, 44.43523791678669], [26.0875416470852, 44.435330748889754], [26.087630580642823, 44.43531430552266], [26.08757187306005, 44.43516285876743], [26.087629398737608, 44.43511039736906], [26.087780347983152, 44.435086964964576], [26.087836389072248, 44.435270790418734], [26.087869046546754, 44.43525624661921], [26.08795041173525, 44.435243414068516], [26.087913158037843, 44.435108182075204], [26.087911813839973, 44.435103300742135], [26.08790930081696, 44.43509417989747], [26.088074302479708, 44.43504585180953], [26.087976686399582, 44.43488665567639], [26.08809521172008, 44.43484947766161], [26.08815898734556, 44.43482947248193], [26.088275399753112, 44.43477534658938], [26.088344068032512, 44.43485660670899], [26.088368374475642, 44.43497062235144], [26.08834712153256, 44.43497734473534], [26.088356060854885, 44.43499787065279], [26.08841343433422, 44.43499657021868], [26.08858336200248, 44.4349822829864], [26.08859412691246, 44.4351296852183], [26.088790572498986, 44.43511261955952], [26.08894079793961, 44.43511401337582], [26.08907709457388, 44.4351115662587], [26.089115871327344, 44.434866559327226], [26.089204463701215, 44.434860407052426], [26.089267564112593, 44.43487479847936], [26.089279758070983, 44.43487843455857], [26.08944106384307, 44.43492653426294], [26.08944581570293, 44.434918193713045], [26.08955234292907, 44.43473120556963], [26.08989938979839, 44.434749612731096], [26.089729141260957, 44.434903877249475], [26.08962155337416, 44.435065225219134], [26.089598530480878, 44.435102741183584], [26.089672405428146, 44.43511154614146], [26.08979983143108, 44.43513757602306], [26.09010515015805, 44.43522686689934], [26.090486999510915, 44.435443877982365], [26.09067417869343, 44.43527926375165], [26.090714474350595, 44.43495010304203], [26.09071198454493, 44.434716385332074], [26.091611132908653, 44.43473617155052], [26.09170822903626, 44.434785259210834], [26.09184570967616, 44.434782829665586], [26.091920012974807, 44.43474180741634], [26.092729652738765, 44.434754880397556], [26.092815499177192, 44.434756266194526], [26.093297864481404, 44.43476405197609], [26.093585386787517, 44.434784098294436], [26.09357500972929, 44.434799967407805], [26.09357048065116, 44.43517691336557], [26.093607434416928, 44.43519487906539], [26.093641939849473, 44.43518879204738], [26.093801641786936, 44.43516061977808], [26.093816831506317, 44.43503950490141], [26.093850165125936, 44.43477369559621], [26.094213033641502, 44.434778301418234], [26.09418223173502, 44.434910872263714], [26.094243328725916, 44.434987538457456], [26.094579487547055, 44.43485380463128], [26.09460947557082, 44.43484187506817], [26.094621678495134, 44.4348220757227], [26.09461516590132, 44.43480258873713], [26.094608136499108, 44.434796412691355], [26.094660558478495, 44.43479659812072], [26.094702874180754, 44.43479674763226], [26.09473926179534, 44.43479687643536], [26.094748449879024, 44.43480461193263], [26.09476217455664, 44.434816166234306], [26.094786157012194, 44.43504437933824], [26.09502998956112, 44.43506147238306], [26.095117962007667, 44.4350676391769], [26.095237767121155, 44.43507603717814], [26.095352357378424, 44.435084069048365], [26.095332988998308, 44.43550335784222], [26.095691767536568, 44.435468068330266], [26.0956916878992, 44.4354614782462], [26.095689872837525, 44.43531197530246], [26.09568798256266, 44.43515624764204], [26.095725662432944, 44.43515601615023], [26.095724755409346, 44.43514971312081], [26.095722763289487, 44.435135863164], [26.096007369195146, 44.435132386213624], [26.09600770815991, 44.4351197826125], [26.096171250261964, 44.43511938838508], [26.096171853775154, 44.43516898900743], [26.096172124968778, 44.43519138160794], [26.096202874926114, 44.435190299367065], [26.096231136860588, 44.4351893043307], [26.09623138630007, 44.43520988539937], [26.096231535095537, 44.43522224124916], [26.09628956213871, 44.43522188356635], [26.096289528796138, 44.435219130724505], [26.096289163870722, 44.4351889466483], [26.09641977457778, 44.43518812551713], [26.096419040854986, 44.43522369791595], [26.096417567552965, 44.4352951964793], [26.096415635729166, 44.435388889540945], [26.09641550767173, 44.43539505503596], [26.096660649800583, 44.43536749793731], [26.09667882005439, 44.434828636451265], [26.09699354330399, 44.43483326730174], [26.097011143178147, 44.434841752321745], [26.097055291436853, 44.43483871322752], [26.097088518904187, 44.434847397052806], [26.09710893221186, 44.43486698882689], [26.0971205247017, 44.43490398202294], [26.09762296337569, 44.434901155841025], [26.09791838001216, 44.43489743461676], [26.097996342219748, 44.43489810128866], [26.09803471457368, 44.43489842658759]]]}}, {"type": "Feature", "properties": {"id": 3168, "natCode": 179196, "name": "BucureșTi Sectorul 6", "natLevName": "Sectoarele municipiului Bucuresti", "countyId": 40, "countyCode": 403, "county": "București", "countyMn": "B", "regionId": 8, "regionCode": 886, "region": "București-Ilfov", "version": "2025-03-26", "displayName": "Sector 6", "sectorNumber": 6}, "geometry": {"type": "Polygon", "coordinates": [[[26.070055904179462, 44.438196271521896], [26.070055857391655, 44.43819625486596], [26.06995033721967, 44.438085645641515], [26.070216856041267, 44.43793477275697], [26.070483373470122, 44.43778389924976], [26.07039891027004, 44.437712826231994], [26.070396105398313, 44.43767123596405], [26.070261301205118, 44.43766705361948], [26.070294791744292, 44.437550335872544], [26.07028905607107, 44.43743590784048], [26.07020669184418, 44.43744834558331], [26.07020186764782, 44.437421849827714], [26.070121495566152, 44.4374197512631], [26.07010896810247, 44.43750714518651], [26.06999326475151, 44.43750126904798], [26.06994459880632, 44.43757928597729], [26.06980478576941, 44.43753656681], [26.06967011357282, 44.437499432781166], [26.069686267763487, 44.43746273858907], [26.069672363608053, 44.437439749103966], [26.069652066779152, 44.43740324801743], [26.06948868242419, 44.43735477613787], [26.069518962797545, 44.43729602337966], [26.069311153044794, 44.437605181852014], [26.069080167794745, 44.4375387746164], [26.069060813048722, 44.437572241020774], [26.06904258008931, 44.43758145024415], [26.06901475342379, 44.437572507102445], [26.06888108013289, 44.437522789377354], [26.069005669763186, 44.43733187401747], [26.069072596647207, 44.43721145528089], [26.069105172970044, 44.437170195231914], [26.06914655020739, 44.437127312614464], [26.068969307610057, 44.437049414862], [26.068903322508394, 44.437133796810166], [26.06876054892825, 44.43742016965825], [26.068699978607455, 44.437402662882825], [26.06872932608017, 44.437326692813166], [26.06864308634564, 44.437308880514465], [26.068663214938322, 44.43724046807693], [26.068635229866302, 44.437233137380694], [26.068693829370854, 44.437075357046645], [26.06860171724811, 44.43705175929905], [26.068544187471176, 44.43720286029126], [26.068434729530118, 44.437186861096336], [26.068468535393187, 44.43709586348438], [26.068341592092, 44.437075808946986], [26.06820071218675, 44.43705748845217], [26.06817025588274, 44.437140786053796], [26.067933370381084, 44.43707713248809], [26.067940396508646, 44.43705626642752], [26.067774269726957, 44.43698567758866], [26.067671993411103, 44.43693814489924], [26.067691508367247, 44.43689767506655], [26.06772736461413, 44.436857122350844], [26.067126631373547, 44.43659000955529], [26.06718761788927, 44.4365232713955], [26.067107275568972, 44.436487311669225], [26.067028126802573, 44.43655415881433], [26.066956250308856, 44.436620964027206], [26.066869875651335, 44.43669175858142], [26.066556293697907, 44.43659211665984], [26.066311947211762, 44.43651158747613], [26.066067601402274, 44.43643105775962], [26.064673339910723, 44.435760561716364], [26.064208592408654, 44.435537059181115], [26.063891952242194, 44.435383248632725], [26.063518404761616, 44.435293326818226], [26.063167801296792, 44.43526999566033], [26.062784250479652, 44.435261068550176], [26.06231340022691, 44.43521601762087], [26.062002741793133, 44.43516389254764], [26.061727922831942, 44.43509541750505], [26.061478616351664, 44.435009133031144], [26.060327614187855, 44.43463269448647], [26.060280978419392, 44.43460688888206], [26.06026578003394, 44.434576782292616], [26.06027221002973, 44.43455272726901], [26.06016455847044, 44.43451974671687], [26.0601456059336, 44.434537007437214], [26.060104095923382, 44.434550295345446], [26.06005251251625, 44.43454443562515], [26.05990135832222, 44.43449277477394], [26.059818069564827, 44.43446698982346], [26.059786711946014, 44.43425834544566], [26.05978080727245, 44.4342486987913], [26.059775004399963, 44.434247349353015], [26.05972165698919, 44.43397245443785], [26.059696206177154, 44.43394218321503], [26.059699395476883, 44.433604835150355], [26.059697819069612, 44.43305949257572], [26.05970732045266, 44.43267657120162], [26.059747277885393, 44.43204803621176], [26.059804453013573, 44.43165725019434], [26.05994052579963, 44.43126266174613], [26.06000320762203, 44.43113201923156], [26.060101881687668, 44.431129893653335], [26.060154448448923, 44.431128579931666], [26.06024381582051, 44.43111484157238], [26.060348784408443, 44.431084035937516], [26.06028056441882, 44.43087689974436], [26.06032974297445, 44.43079492215202], [26.060383754069882, 44.4309196783501], [26.060519968385794, 44.43085849979902], [26.060650765829372, 44.430784141810086], [26.060622036518396, 44.430651749549675], [26.06041159850351, 44.430366696745104], [26.06077242468901, 44.42992661942845], [26.061149876044237, 44.42948180323602], [26.061065336486713, 44.42943950668745], [26.06099420375772, 44.429409810064826], [26.060965171364355, 44.429386206015984], [26.06094046060659, 44.42935306606012], [26.060950950106417, 44.429303862246705], [26.06090162781812, 44.429247094587254], [26.06083920476804, 44.429204670578265], [26.06083406401184, 44.428951084733164], [26.060922395292785, 44.42893788658893], [26.061010680822303, 44.428921511740285], [26.061083287298896, 44.428887797151724], [26.061122680563834, 44.42885110132095], [26.061225950547954, 44.4287902592287], [26.061130666465235, 44.42868598067145], [26.06112160437768, 44.42866509560198], [26.06139537131874, 44.42849108982811], [26.061609901020425, 44.42835386742342], [26.06140662359406, 44.428212437029366], [26.06163917754904, 44.42806368649442], [26.061705789873116, 44.42801482667701], [26.061612248201754, 44.42793702866065], [26.061160676474884, 44.42760725065102], [26.060926146977344, 44.42777014909459], [26.06037554521033, 44.42737654429041], [26.06039640819818, 44.42728755206762], [26.06042481141126, 44.42722072831584], [26.06056163252094, 44.42706570804396], [26.060338112897128, 44.42697685642574], [26.06036119491397, 44.426765008799656], [26.06053238244757, 44.426586255571834], [26.06035820671473, 44.42652114992131], [26.060309744808468, 44.42652143509862], [26.060232085992908, 44.42647945119573], [26.06020934248524, 44.42637538912345], [26.060404270241204, 44.426468137218315], [26.060441537168394, 44.42643061562527], [26.060335008492082, 44.426377221335464], [26.060365854543708, 44.4263381671759], [26.060198841525803, 44.426258143553675], [26.06019277223522, 44.42623810326593], [26.060186527649225, 44.42620301631935], [26.060304219783983, 44.4262405733437], [26.060343115623795, 44.42618092299721], [26.06037236446355, 44.426191771893585], [26.060400526371893, 44.42614401281265], [26.06027613306496, 44.42609715877433], [26.060300750481904, 44.42605198913439], [26.0603835571967, 44.42607336810445], [26.060432846967732, 44.425989463386124], [26.060478875546917, 44.42593388592846], [26.0604248222417, 44.425916196428496], [26.06050084247805, 44.425836639129486], [26.060400045335264, 44.42579028309258], [26.06056642859257, 44.425587355540635], [26.060541163128203, 44.425575920181274], [26.060647516233068, 44.4254595274424], [26.06040739195291, 44.42533875569319], [26.060529034366546, 44.42522468518393], [26.06060470895245, 44.42526881159799], [26.060655433319386, 44.42521251483927], [26.060640988445467, 44.42520488369449], [26.06070841583323, 44.42513759341271], [26.06075962598803, 44.425063966677506], [26.060306520561383, 44.42484155406915], [26.06029989389792, 44.42473354224092], [26.060272800295696, 44.424718271953786], [26.060308190123305, 44.424674323941495], [26.060288358174034, 44.424666725461215], [26.06028967581475, 44.42462555521891], [26.060134600771303, 44.42456344652963], [26.060232679971694, 44.42446848949062], [26.060112569207284, 44.42441114577251], [26.059942465654355, 44.42442396078326], [26.059921804446056, 44.4242991246569], [26.059901969472193, 44.424246111214345], [26.060084335208003, 44.42422535070247], [26.060325116693907, 44.42403008448271], [26.060440871189428, 44.42401835657368], [26.060392869480566, 44.423391378704316], [26.060363535222404, 44.42326548128894], [26.060337023334366, 44.42303456116803], [26.06031187337568, 44.422767618495115], [26.06005749555397, 44.42260921548548], [26.0600914288371, 44.422575622459014], [26.06014728072004, 44.42252784584667], [26.060212730861615, 44.42246244650879], [26.059973353800356, 44.422330317659096], [26.06013611664165, 44.4221975542359], [26.060284129683616, 44.422063129381065], [26.060027581405436, 44.42192934425388], [26.060304736619766, 44.42172386254931], [26.060126855364558, 44.42160718447236], [26.0600285953542, 44.42159195390195], [26.060018902847975, 44.421365915556635], [26.060039337644685, 44.421247469863445], [26.060038664547452, 44.421189488029505], [26.060261521648194, 44.42116532205619], [26.06024778183989, 44.42103712680104], [26.05940908964943, 44.421026279799904], [26.059393001201947, 44.420906881716846], [26.0600329342151, 44.420904848224524], [26.060006593083514, 44.420746854933114], [26.06021479074621, 44.42072804710542], [26.06020640213345, 44.42042585498178], [26.06020069085048, 44.42014297905228], [26.060511812446503, 44.420120051781126], [26.06049945421744, 44.41989870968377], [26.06001940552967, 44.41994372922539], [26.060009062986293, 44.41989809664044], [26.060028578486317, 44.41988920080665], [26.060037110510603, 44.41977844529147], [26.059948790704937, 44.419773696331504], [26.059926615563302, 44.419552419566465], [26.059627744970243, 44.41958311414097], [26.059613022012616, 44.419462164223944], [26.059600687117953, 44.419220643432], [26.059636230872297, 44.419162626904104], [26.059443134182107, 44.41914856699617], [26.059334280253278, 44.41914502771913], [26.05915561518517, 44.41915305303292], [26.059132032086808, 44.41896101295792], [26.05912930135476, 44.41889279027565], [26.059122806808325, 44.41883573620679], [26.059099090669072, 44.4188010565135], [26.059070527283613, 44.41855096710471], [26.058931296039198, 44.41852403359525], [26.058756541354814, 44.41847183732595], [26.05789304372462, 44.418210791425885], [26.057726050959428, 44.418164055775264], [26.05790457793969, 44.417876668492674], [26.058015165904166, 44.417694303178976], [26.056249610603064, 44.41715590488502], [26.056136582335306, 44.417349298534354], [26.05606555202308, 44.41732975914381], [26.056309280365443, 44.41691085552196], [26.05637006950251, 44.41680692738955], [26.056671636813043, 44.416291313621585], [26.0566522686492, 44.416269732897035], [26.055657991145495, 44.415843429680095], [26.054480803804864, 44.415395465887116], [26.053743030816054, 44.41659691862357], [26.053018892678118, 44.41638336670281], [26.053197665937837, 44.41607196323593], [26.052984403961553, 44.416024213219345], [26.053731157584522, 44.41489275686665], [26.05251143889429, 44.41451876497906], [26.05275745641154, 44.414108964970914], [26.052398956776145, 44.413980390754304], [26.052950008408864, 44.41300798309248], [26.05272132059447, 44.41293854243795], [26.052826238654294, 44.412812693379784], [26.052551853710888, 44.41273262732774], [26.052125123073022, 44.41261534610825], [26.051522451568168, 44.41239018295027], [26.04850287579849, 44.41147511596174], [26.046818009514066, 44.41141492596556], [26.04564509036857, 44.411299261107146], [26.043689986152568, 44.41108313003814], [26.043846552447313, 44.41020767325103], [26.046147959169286, 44.41043905368538], [26.046506551804494, 44.40977214017821], [26.04688676859071, 44.40886015705261], [26.046809990094996, 44.40854568495359], [26.04634681289468, 44.4083442182857], [26.0452504784787, 44.40743304276633], [26.039316863679435, 44.4085364464776], [26.039158910779626, 44.409692066310335], [26.038935159606755, 44.40932594303473], [26.036748174898232, 44.410195755608704], [26.033676526713663, 44.4061192971149], [26.029810239962657, 44.407498177405486], [26.03110307166555, 44.40976913846625], [26.030571707274422, 44.409970007165334], [26.033903541393787, 44.41337728758314], [26.034471095488318, 44.41393185909512], [26.034422735086693, 44.41395619867295], [26.0342368030512, 44.41379578629309], [26.033989076199333, 44.41388880035683], [26.03395658477513, 44.4138399127695], [26.0338725205097, 44.41387311201484], [26.03396806373968, 44.41395878947907], [26.03387500234365, 44.413954387658805], [26.03365209574447, 44.41373371565305], [26.03349286596508, 44.4135939103674], [26.03314536605523, 44.41374474602692], [26.033283953146512, 44.41389445235107], [26.033121652995085, 44.41386607865442], [26.032825209643978, 44.4135373216308], [26.032544039073027, 44.413643473404456], [26.028695373113063, 44.40981626553967], [26.028272803899352, 44.40977939863125], [26.029541323910692, 44.411187575185416], [26.031646056805517, 44.41328970676188], [26.031448957908626, 44.413387741582525], [26.031705013128718, 44.41363707676425], [26.03154987215221, 44.413625627525995], [26.030967727326505, 44.41303618240125], [26.030799514957575, 44.413131773628386], [26.03102985447941, 44.41337429854764], [26.0308472933255, 44.413473657255054], [26.03092440092505, 44.413566535125405], [26.030146976799177, 44.41349298887508], [26.029818490268937, 44.41318158139391], [26.029482935153283, 44.41336547106878], [26.029526533222842, 44.41343260071933], [26.028736402928345, 44.41331088406634], [26.027849433798355, 44.41238650302014], [26.027035364843044, 44.41232426798228], [26.02761587366591, 44.41288436261554], [26.027929606474675, 44.413213515402816], [26.027760080360867, 44.41319020403424], [26.027634810516112, 44.41318848500385], [26.027466989871176, 44.41301229004129], [26.02730539908539, 44.41309571041256], [26.026743644669192, 44.41249707556364], [26.02640135604848, 44.41215442753952], [26.026211471119563, 44.41212637630434], [26.02668984616435, 44.41260851085092], [26.026670255396553, 44.41262038962714], [26.026862012596894, 44.41279488250234], [26.026754190132255, 44.41284159524698], [26.027027984367244, 44.41311183059344], [26.02674048682555, 44.413031722377006], [26.026759927786518, 44.413005732715966], [26.025900575905766, 44.412176657342066], [26.025409029440596, 44.4124245066311], [26.025909335051715, 44.412977384015896], [26.025828138235955, 44.412982695651735], [26.025462187779915, 44.412575117188084], [26.025313423820876, 44.41266042494021], [26.024440677413242, 44.41179175183891], [26.023989254257522, 44.41199326619359], [26.02499753233842, 44.41287330967476], [26.024860991554483, 44.412868981087726], [26.02474549190291, 44.412733985717075], [26.02465449575258, 44.41277089519102], [26.02445269714038, 44.41258275569308], [26.024361827891116, 44.41263179597862], [26.02453312429992, 44.412817675060644], [26.023998185794888, 44.41274350047528], [26.02367624513054, 44.41268926703048], [26.023512813025086, 44.41260282084874], [26.023496121825815, 44.412562147847765], [26.023381678379632, 44.41249872868875], [26.023038915313965, 44.41235893820568], [26.02271744741759, 44.412189900843686], [26.02243372550423, 44.41237262374111], [26.022482980532672, 44.41253869735613], [26.02206945912583, 44.412494596834726], [26.022080145397844, 44.412194641918425], [26.0219593236543, 44.412198654315844], [26.0217241648942, 44.41194672262343], [26.021377312588235, 44.41211193421953], [26.02012709553905, 44.41084937502939], [26.020168487003442, 44.41080915647579], [26.019411109020428, 44.41041018853222], [26.01893480417898, 44.41063942122269], [26.020575168275244, 44.41230300654072], [26.019812009316258, 44.412230627851386], [26.019308582198974, 44.41167362988743], [26.019003344100646, 44.41181861220426], [26.01877141877808, 44.41192140390506], [26.018914882422216, 44.41211938737524], [26.018794652692957, 44.41209711959557], [26.01839264499588, 44.411661665132236], [26.01819902466288, 44.41175639616905], [26.017721740337198, 44.41126400992061], [26.01720147905017, 44.410741292363234], [26.016854705058098, 44.41086197457206], [26.016398550755735, 44.41083308843998], [26.016151193066733, 44.41176103015665], [26.015999113923552, 44.41174756987907], [26.01644437190694, 44.41026001381234], [26.016330636899944, 44.40997813869246], [26.015401235484152, 44.40896610346742], [26.015174487843993, 44.40870742240811], [26.015002912658517, 44.40853615707757], [26.014955892640913, 44.408522585596785], [26.014876506038878, 44.40851984492009], [26.014127469694238, 44.40849062740396], [26.014103208796172, 44.408490422847386], [26.013996846072438, 44.40892082219594], [26.01256967523857, 44.40872870196017], [26.012404964372358, 44.40933120297871], [26.011991875078948, 44.4107517804647], [26.011707957871263, 44.41071442452976], [26.01178925727033, 44.410419938648246], [26.011722716109315, 44.41040301312187], [26.011582946090844, 44.41087078181125], [26.011317120085312, 44.41083332540201], [26.011432673629486, 44.410357044389876], [26.010466494278877, 44.41026289017333], [26.010443573713687, 44.41037544453986], [26.009984306056953, 44.41030012867605], [26.010000836242387, 44.410153026181234], [26.009801554788314, 44.41013249272497], [26.009604526956938, 44.410890288682154], [26.009526247683812, 44.41090368954238], [26.009973201296685, 44.409258084254034], [26.00973758993228, 44.409224781277], [26.009952197765937, 44.40841932477106], [26.009857786003256, 44.408403827094766], [26.00951082382094, 44.408350398700826], [26.009341967859722, 44.40832753971382], [26.009061359151232, 44.40831568991191], [26.00809109667183, 44.40817522838336], [26.007711416019603, 44.40815052773778], [26.00330825251943, 44.40760372270052], [26.000167421221246, 44.40720561020314], [25.999957444186226, 44.40788994553672], [25.999469541571735, 44.40968274620574], [25.99922785869821, 44.40964513707451], [25.999431094194627, 44.4088916519086], [25.999681939254348, 44.40807737094398], [25.999059713701577, 44.407989920796105], [25.999262030075744, 44.40714995291619], [25.998011539152426, 44.40697075111629], [25.998053091980577, 44.406905671975245], [25.99755785953555, 44.406847796594484], [25.997569566264232, 44.40681314141385], [25.996890153444998, 44.406734632496445], [25.996196606237323, 44.40666492333341], [25.996196400202123, 44.40666571806695], [25.99619518604545, 44.40667038187191], [25.99619151995476, 44.406684459896695], [25.99619056610788, 44.40668812688519], [25.99618526306102, 44.406708491577255], [25.996185021642898, 44.40670941892559], [25.99616698702758, 44.40677869041473], [25.996138369865523, 44.40688860647189], [25.996126604997528, 44.40693379396259], [25.996086203954473, 44.407088972365706], [25.99600900488674, 44.40738548477253], [25.99591030386467, 44.4077645807273], [25.995904034961868, 44.40778865749963], [25.99551754800112, 44.40927304080421], [25.995517463503717, 44.40927301905074], [25.99523080845534, 44.4091995157469], [25.994810706950013, 44.40907492405226], [25.994801963818325, 44.40907233093982], [25.99449124372649, 44.40898017765257], [25.994410052054015, 44.408956098287504], [25.994072197883344, 44.40885589520218], [25.994010528172936, 44.408837673329494], [25.9919171579827, 44.40821911025096], [25.99176063179354, 44.40817077109451], [25.991732332706594, 44.40816203186001], [25.991241405395662, 44.40801041837718], [25.9906360864312, 44.40782347278586], [25.989232982071545, 44.40739012472774], [25.98900588696108, 44.407351468295225], [25.98880129953007, 44.40734416372981], [25.987456638523586, 44.40736960981445], [25.98695713483788, 44.407379058793516], [25.984019334491492, 44.4074345857115], [25.98306086250327, 44.407452684939315], [25.982736882941055, 44.407458800970964], [25.982513649587244, 44.40745257199217], [25.98227929455251, 44.4074460318646], [25.981862923588157, 44.407409993581304], [25.981138662428204, 44.4073023205835], [25.98044222495991, 44.407186855034], [25.97986993429736, 44.40709196843676], [25.97984073302839, 44.407087126624035], [25.979827567086176, 44.40708494343649], [25.979441976534336, 44.40702069297524], [25.977714217700527, 44.406732782749856], [25.977509539572896, 44.406686284578804], [25.97735078878587, 44.406650220032816], [25.977212353679207, 44.40661876975485], [25.977085723107802, 44.40659000153289], [25.976934949544084, 44.40655574822018], [25.976823953788386, 44.406530532331544], [25.97667329700019, 44.40648956537297], [25.976550600795747, 44.40645620207641], [25.976538622281126, 44.40645294439636], [25.976401798490574, 44.40641573888321], [25.976324633919916, 44.40639475535907], [25.976323296133707, 44.40639709708515], [25.97632000591313, 44.40640285507901], [25.976309421908326, 44.40642138175908], [25.976300273226475, 44.40643739486473], [25.976295265964815, 44.40644615937951], [25.97628645508733, 44.406461581848475], [25.97617937292091, 44.40664901306615], [25.976049782624475, 44.40687583653677], [25.976007799767103, 44.40694926328021], [25.97586563287675, 44.40719790649666], [25.975690229044485, 44.40750467489635], [25.975593510737248, 44.40767382834207], [25.97557935752579, 44.40769858064793], [25.9754947624489, 44.40784652913065], [25.975007905566926, 44.40869797951698], [25.97481329566377, 44.409038319425434], [25.974701603563506, 44.409233648027275], [25.973256340619816, 44.41176101636152], [25.97300421218643, 44.412201774796614], [25.972375297838354, 44.41330117447227], [25.97213317572866, 44.413726053857104], [25.971904581917343, 44.41412675237822], [25.97128383391792, 44.41521481630742], [25.970946456385395, 44.415806163412284], [25.970711425557255, 44.41632039473258], [25.970606227253914, 44.416550561227034], [25.970403874391096, 44.417063124290394], [25.970361211525724, 44.41719600053464], [25.970328833219643, 44.41729684225615], [25.9698675221027, 44.418733566230664], [25.969304961856157, 44.42081963157667], [25.96918563212291, 44.421306034680626], [25.969009300804004, 44.422007796838784], [25.968857040829334, 44.42263798886305], [25.9688222006049, 44.42278218330393], [25.968735397044245, 44.42315951277758], [25.968566726913018, 44.42433375959302], [25.9683137156071, 44.42658019363383], [25.968123954420577, 44.428264924472245], [25.968092234155698, 44.42854653544106], [25.968071585398985, 44.42872985094452], [25.968067574410583, 44.428765461090194], [25.968010921988515, 44.42926080876317], [25.967849677926154, 44.43067063039229], [25.967846025889713, 44.4307025617998], [25.967820187404623, 44.43092846543851], [25.967812359427423, 44.430996903015064], [25.967771113492237, 44.4313575187351], [25.96774192916071, 44.431612674502496], [25.967731268554072, 44.431705882245], [25.967694994806, 44.43172569171472], [25.967597948098852, 44.43177868823236], [25.967557814473473, 44.43180060443949], [25.967415862904986, 44.43187812300494], [25.96736202262155, 44.43190752434988], [25.96734111680151, 44.431918940523644], [25.967340503177148, 44.43191927609732], [25.967336462913313, 44.43192148252066], [25.967332434376168, 44.43192368416303], [25.967332448768374, 44.43192382372137], [25.967333340850182, 44.43193277748233], [25.967343094200718, 44.43203056105491], [25.967348523903443, 44.43208289063891], [25.96734441317748, 44.43213728487457], [25.96734159202162, 44.43217460740538], [25.967332857760013, 44.432253788078725], [25.967319854349068, 44.432371660934514], [25.967302893786098, 44.43252540445462], [25.967264195098547, 44.43287620150024], [25.967251419857757, 44.43298655369023], [25.967235759465343, 44.43312192399139], [25.96721523797847, 44.433299357599964], [25.9671642821897, 44.43374725418326], [25.967151939718075, 44.43386172470716], [25.967178600000715, 44.43392441567774], [25.96717718994716, 44.43396328131416], [25.967148331449646, 44.43398772140419], [25.967100567360347, 44.43442598744075], [25.967070023265993, 44.434691133174184], [25.967012387045294, 44.43519143088372], [25.96694550417695, 44.43568914480559], [25.966829137282065, 44.43618832560572], [25.96682248537078, 44.43636982339266], [25.966818331630876, 44.43648315350194], [25.967216919028274, 44.436445435311605], [25.966807872578908, 44.43954898822169], [25.9667556098195, 44.44000741892325], [25.96667368961551, 44.44072597823713], [25.966926289714486, 44.440740156552486], [25.967251112987555, 44.44075838711093], [25.967513561310657, 44.44077235085541], [25.967528472468672, 44.44077314441131], [25.968054497334638, 44.440801128704514], [25.97146027686068, 44.440971200213994], [25.973605986019628, 44.44107829493889], [25.977666340334117, 44.44128234761835], [25.977948304258668, 44.441305416653314], [25.97795329476474, 44.441305825139665], [25.97838236881974, 44.44134092899106], [25.9796025467769, 44.44141677398421], [25.980117318994743, 44.44144876710331], [25.98057148626782, 44.441468719392674], [25.98244428002688, 44.44155097198067], [25.98415933036166, 44.441626268930975], [25.984987126914305, 44.44167342688649], [25.987352402527012, 44.44180813778083], [25.990205983044426, 44.4419375281386], [25.99022725957067, 44.44193849314889], [25.992956333346825, 44.44206216976633], [25.994227538868675, 44.44210692324895], [25.998499677708118, 44.442257221198176], [25.99977333387909, 44.44231871799659], [25.999771978710495, 44.442286842490866], [26.00299421228045, 44.442453290710134], [26.00739132025439, 44.44268027836931], [26.00954963863359, 44.44283267327627], [26.01017472512092, 44.44285975062795], [26.011235742154582, 44.44290570447086], [26.01210556993435, 44.442939709227865], [26.012331181189115, 44.44294814487192], [26.012595512829257, 44.44302737381283], [26.012811293207594, 44.443103258552235], [26.014661779237617, 44.44389533153097], [26.015534121675984, 44.44429863500305], [26.016383940295945, 44.444691513894035], [26.016480203706003, 44.44473582353133], [26.017577534935374, 44.445240911564646], [26.017649379826107, 44.44527397995012], [26.017930179185875, 44.44540509836969], [26.018617776009265, 44.44572616481989], [26.018887435786258, 44.445852076894745], [26.019174660880175, 44.445986190586815], [26.019207719176094, 44.44607624419642], [26.01919986723252, 44.44607405618688], [26.01923792120156, 44.446207953005306], [26.019208119771374, 44.44638404625113], [26.019693402521085, 44.44804284997078], [26.019752795798208, 44.44824586019707], [26.019802711324136, 44.44841647818024], [26.019807492568333, 44.44843282060775], [26.01974658848107, 44.44842041162964], [26.019492141381726, 44.44843201153285], [26.019440193929487, 44.44847593619183], [26.019379505104876, 44.4485272516531], [26.019338719008662, 44.44856173850485], [26.0192392926195, 44.44864580766156], [26.01917237393605, 44.448702389565575], [26.019086735690422, 44.44875056719344], [26.018896832117555, 44.448857398599316], [26.01869296624506, 44.448977129863096], [26.018514945851408, 44.449081679635185], [26.018377935849866, 44.44922743381614], [26.018106074573765, 44.449533907443566], [26.01804053819361, 44.4496237992962], [26.017946893393677, 44.44966366113944], [26.017848415232763, 44.449632393249146], [26.017755958704804, 44.44956561922094], [26.01751867346036, 44.44937614889304], [26.0174503170534, 44.44933797549575], [26.01726368750872, 44.44928384168773], [26.01681109669614, 44.449189789390935], [26.01660803320836, 44.44916990444473], [26.01597575774059, 44.44911853773455], [26.015851283228347, 44.449128588283024], [26.01574229874921, 44.44917286167584], [26.01525620221642, 44.44942079647349], [26.014785308063537, 44.44963170955738], [26.014726097517748, 44.449688592878445], [26.014667840799184, 44.4498306091369], [26.01462813751922, 44.45004183155449], [26.014601859321086, 44.4502670183223], [26.01462153083086, 44.45035122672127], [26.014667537545506, 44.45045402629589], [26.014862042407056, 44.45087366219723], [26.014860350103557, 44.45094474274784], [26.014799841961093, 44.451001502792046], [26.01459431232654, 44.45109915156021], [26.014292259915237, 44.4512398167057], [26.01421319094435, 44.45128931838629], [26.014055001340868, 44.45142966610373], [26.0140489611617, 44.45143502426437], [26.013786705080236, 44.45170931531881], [26.013644267929457, 44.45193927306089], [26.01354859679786, 44.45210115569279], [26.013492418721874, 44.45225309782378], [26.013391297705347, 44.452588678534624], [26.01335899293305, 44.452775047510194], [26.01332766003139, 44.453225454597145], [26.013260679114836, 44.453652943847885], [26.013176862457293, 44.45408203348554], [26.013171380270467, 44.454119820479356], [26.01320812351377, 44.454184444268144], [26.014627819758726, 44.45482273441151], [26.01589636163982, 44.45539303879153], [26.01417250393123, 44.457288894391056], [26.013618875659027, 44.45789772986921], [26.013136914843336, 44.45809286088662], [26.01258445045679, 44.45816846130482], [26.012009956875445, 44.45823550870463], [26.011729447846385, 44.4582297377254], [26.01172355965433, 44.458229616892844], [26.011452661114735, 44.45822404333625], [26.010699307244735, 44.458151305853995], [26.009764994206403, 44.457923134096745], [26.00972299246931, 44.45792082034682], [26.009201340674327, 44.45789207712335], [26.00898006905191, 44.4578979252428], [26.008512471259724, 44.45791028184121], [26.008118456529147, 44.457967964508484], [26.00655701907591, 44.458348609577165], [26.00580967936114, 44.458621193058406], [26.004935599677054, 44.459081039759795], [26.00438447257412, 44.45942498990582], [26.003162253664854, 44.45988935559474], [26.001872436051855, 44.46047253964248], [26.001509704464222, 44.46059080613165], [26.000727842018843, 44.46084572251977], [26.00028654038686, 44.460973749587474], [25.9995437112808, 44.46118925140232], [25.996939293835897, 44.46189529781133], [25.992617347082177, 44.46323217700019], [25.99183842112219, 44.46350252360385], [25.987205247623322, 44.46511042673516], [25.985988322182656, 44.465589953504775], [25.985017760268175, 44.465947602726125], [25.984569814510667, 44.46610098035111], [25.983840119012715, 44.466350823969115], [25.983304610222103, 44.4665362698407], [25.982955103301723, 44.46675371986975], [25.98263755034686, 44.466880889548456], [25.982098169501086, 44.4670414959998], [25.98131371044821, 44.46693772640954], [25.98091184819515, 44.46688456665086], [25.98042864415177, 44.46675599894687], [25.97973551340876, 44.46657157262321], [25.979548167059644, 44.4665053915233], [25.979474897528185, 44.46646735747793], [25.97942397092703, 44.46644092208432], [25.97898380289963, 44.466170118307396], [25.978794112278678, 44.46605874948529], [25.97860442240329, 44.465947381241364], [25.97838598693621, 44.4658159192363], [25.978043386134363, 44.465955115109], [25.977996411225966, 44.46592855837551], [25.97786357749587, 44.4658534619224], [25.97749203914805, 44.46605234870126], [25.976026989925, 44.465583810079], [25.97598043836444, 44.46622079364587], [25.975959219728743, 44.466404302311005], [25.97612854019389, 44.46648789429058], [25.976388268163145, 44.46664085254052], [25.9772864444112, 44.467148877544965], [25.977104815064276, 44.467404237890484], [25.977009598470858, 44.467421017142925], [25.976876658502807, 44.46744444145059], [25.976353093645915, 44.46760733214022], [25.9764444174945, 44.46769827754407], [25.97751566504452, 44.4685694654374], [25.978706981939258, 44.46959679270216], [25.978948291965697, 44.469801583095645], [25.97903446113283, 44.46987471042588], [25.979485689872398, 44.47025764363544], [25.979621506125238, 44.470441061544406], [25.979776228327374, 44.470325024779186], [25.979948928580797, 44.47019550493758], [25.98229996940072, 44.472174990241456], [25.98299633748006, 44.47276126855859], [25.983804897755206, 44.47348266271888], [25.98461347825, 44.47420405101994], [25.98635694364576, 44.475758108140056], [25.98792410684769, 44.4770985446637], [25.98827195824691, 44.477380124823135], [25.989176953389894, 44.47795027428574], [25.9899612679158, 44.478330763294196], [25.99047261389475, 44.47856289357806], [25.99110250039201, 44.47877414276637], [25.992066479613023, 44.479028159773776], [25.993210404697273, 44.47918404706216], [25.996606468802067, 44.47947773898144], [25.997817677211575, 44.4795765355161], [25.998745989595143, 44.47966064516775], [25.999597813078186, 44.47967663734907], [26.000555582202274, 44.47965397181315], [26.001725137091846, 44.47954810829124], [26.002740430112752, 44.47938795722606], [26.004138928585046, 44.47905999507691], [26.006460213308365, 44.478249594924115], [26.008044645287868, 44.4776586483279], [26.009773320660805, 44.477047108578596], [26.011197730335777, 44.47653523164728], [26.012381010179165, 44.476144125397354], [26.0176652050634, 44.47444946183248], [26.018011597069524, 44.47434980625903], [26.018642084405684, 44.474127132553626], [26.01925945216737, 44.47383936765326], [26.019847910329442, 44.4735576840991], [26.02038683678526, 44.473285158135624], [26.020802275578536, 44.47306959438285], [26.02110636608951, 44.47290642012959], [26.02167624663478, 44.47254332664133], [26.022121035141144, 44.47222886789461], [26.022434912031812, 44.471966419251515], [26.022805743853308, 44.47157510119373], [26.024012986289172, 44.47056676404575], [26.024169257677418, 44.47041646284675], [26.024509086405224, 44.47020524454177], [26.02513193500019, 44.46992079944244], [26.025633761906096, 44.46976365300973], [26.025713171936687, 44.46984648792428], [26.025898194935607, 44.46982504822789], [26.026186817738072, 44.46981392406875], [26.026586040502323, 44.46985056364686], [26.0267300952632, 44.46988325390035], [26.026959572470258, 44.46991051241912], [26.027235624956376, 44.469978476752466], [26.02748886563166, 44.46999485235073], [26.027762699653433, 44.47007088179147], [26.027904057396814, 44.47020836630494], [26.028043131738794, 44.47034110137843], [26.02824503652718, 44.47051464584309], [26.028783182495296, 44.47100752540814], [26.02918306050077, 44.47091809323685], [26.0293121179942, 44.47087704364761], [26.029358870741977, 44.47093253474921], [26.03080408415187, 44.470574067822284], [26.03046822533849, 44.47000102859499], [26.02936024975362, 44.47033616978956], [26.029213118412212, 44.47010197881502], [26.028327342158725, 44.4686320280545], [26.028472881162788, 44.468582278830105], [26.028726538825453, 44.468997266013304], [26.029231124941788, 44.46886053571702], [26.029355795802655, 44.46907372737168], [26.028896484748064, 44.469212798896315], [26.028960417723617, 44.46933466265395], [26.029422533591603, 44.46919354020676], [26.029404959012666, 44.46914678278582], [26.029861474145044, 44.46901383685961], [26.02941899138097, 44.468276525652506], [26.029565545964683, 44.468230266803666], [26.02980344900621, 44.46862128402811], [26.030035828546005, 44.46903505873325], [26.03096984695331, 44.46874480236843], [26.03082761955653, 44.468660934762624], [26.03064751688359, 44.46854217767224], [26.030566227221254, 44.46849307810545], [26.03051635476483, 44.46841695161897], [26.03043086858982, 44.46824809785617], [26.030321486760105, 44.4680050399849], [26.03108002063929, 44.46775500682992], [26.031098122683797, 44.46780098514757], [26.031164802247364, 44.46778078158437], [26.031152998205826, 44.467731352575505], [26.031411084134216, 44.46766266821598], [26.03147190757719, 44.467760105508766], [26.03160514632803, 44.46771860997824], [26.03154434660485, 44.46762321558199], [26.031658008654542, 44.46759609249065], [26.031702596677412, 44.46758175197701], [26.031945140603614, 44.46750568452903], [26.032086570457015, 44.467718071687415], [26.03228576395617, 44.467653146770985], [26.032354209070892, 44.46775079277894], [26.03254039790853, 44.46768748958347], [26.032480679450213, 44.46759290479494], [26.03274266020397, 44.46750738733914], [26.032609848550845, 44.46728716386205], [26.032757198764617, 44.467250541750616], [26.03289210872073, 44.46746296966027], [26.03334692928878, 44.46732500295391], [26.03341759575533, 44.467427308047725], [26.033870197502054, 44.467286236505515], [26.033664396871416, 44.46695283152848], [26.033807275205188, 44.46690378379838], [26.033948949413272, 44.46713795584999], [26.034271671074524, 44.467042751276374], [26.034342277784628, 44.467138837212836], [26.034465690570705, 44.46709767148345], [26.03435929604905, 44.466909986213906], [26.034818385864277, 44.46676732124916], [26.034729935567825, 44.46662932358336], [26.034875032068676, 44.46658492522138], [26.034987756513722, 44.46675546050758], [26.03535384154245, 44.46665222236137], [26.035424747532225, 44.4667747564288], [26.03550701435634, 44.46674783691756], [26.03549806315834, 44.46672454568365], [26.035660103304004, 44.4666395887562], [26.035427282612275, 44.46641683162507], [26.03557681529005, 44.46638018575506], [26.035633914958275, 44.466434328132635], [26.035761377987075, 44.46636823822743], [26.035906346412474, 44.466507470566526], [26.03603169101603, 44.46644450489466], [26.036119516698268, 44.46652648111494], [26.036365696850943, 44.46638813436291], [26.036159113697305, 44.466179231721064], [26.036288943645456, 44.46613025581016], [26.036512830293148, 44.46633127688772], [26.036592860444028, 44.46629814002154], [26.03656876443205, 44.46628116232055], [26.03675248657678, 44.4661929712929], [26.036835857309907, 44.46626407971487], [26.037077775889603, 44.466133537771775], [26.0368780145816, 44.46595260024855], [26.037007692660225, 44.46588962060725], [26.03718567995378, 44.46606600622089], [26.037695425081044, 44.465790758419004], [26.037530601569596, 44.46562519663536], [26.037640724381376, 44.46556232431328], [26.03781637484615, 44.46572470815394], [26.038326293144486, 44.46546502620962], [26.03814186900157, 44.46529491183072], [26.038260627766846, 44.46522731523609], [26.03835301252639, 44.465327932102944], [26.038495552639166, 44.46524931588625], [26.038609949635834, 44.4653747052029], [26.038739580954953, 44.465308600920395], [26.038689001658316, 44.46525442700873], [26.038931001488525, 44.46513166547081], [26.038761858948554, 44.464969232374045], [26.038887197252315, 44.46490627255919], [26.03903870686029, 44.465047015599666], [26.03953988395148, 44.46478271062236], [26.0393904889827, 44.46463728665108], [26.03951800261185, 44.464575863096634], [26.039658670905006, 44.46471822634965], [26.040151161843333, 44.46445552880721], [26.039979871889777, 44.464294665394085], [26.04008788986218, 44.4642380292191], [26.04024614841632, 44.46439895877042], [26.040423306136457, 44.46430769024711], [26.040243214858958, 44.46413754830111], [26.040342551723523, 44.46408251305381], [26.040417507644907, 44.46403518199672], [26.040662090238495, 44.46389860456791], [26.041191663250547, 44.464423103729054], [26.041268260620452, 44.46447246399894], [26.041435886303134, 44.46449950848312], [26.04169724747015, 44.46435950665709], [26.041585336099825, 44.46426211508238], [26.041546396864142, 44.46427790134611], [26.04144329003936, 44.46419134548186], [26.041488555895604, 44.46415840941347], [26.04143143754671, 44.46410271313463], [26.04155013111397, 44.46403045155118], [26.041576476176783, 44.46405364453066], [26.041880944686508, 44.463883822167205], [26.041665639432043, 44.46367342621495], [26.041812428684583, 44.46358699032263], [26.04211911176998, 44.46342027889686], [26.04213673278924, 44.46344195939401], [26.042162686683614, 44.46343091912265], [26.042620971714417, 44.463219756154835], [26.04273115888192, 44.46316309735623], [26.04284197602889, 44.46326045291149], [26.043134371230177, 44.46311287034204], [26.04323381628426, 44.46306825374922], [26.043703446395458, 44.462864937483495], [26.04364628371151, 44.46280613767185], [26.04375743762094, 44.46274674184997], [26.04365583925121, 44.462633794477874], [26.044130733548336, 44.462411194242314], [26.043972242346463, 44.46223003086332], [26.04407170641538, 44.46218589035714], [26.044628022937673, 44.46276934685253], [26.045320154072915, 44.46242033573798], [26.045365059696884, 44.46242117916811], [26.04580245146085, 44.462862153082725], [26.046032805306986, 44.46305690314189], [26.046922318814122, 44.46255066125941], [26.0459874613858, 44.46154457142131], [26.046035625712236, 44.461517195723324], [26.046075766019413, 44.46147559318979], [26.046344003548914, 44.46133360861243], [26.047194719168257, 44.46087662282725], [26.04726583736821, 44.46094745939588], [26.04789166050949, 44.46065430081218], [26.047840804345864, 44.46057678707277], [26.04896443802272, 44.46002716654231], [26.049019429469087, 44.4600859748724], [26.049512158258626, 44.45985124249101], [26.04954943645184, 44.45988059590669], [26.04992524984709, 44.45968233044778], [26.04986358237885, 44.45960954445766], [26.050408799765012, 44.459337760253085], [26.050671187918873, 44.459213856217225], [26.05110606291475, 44.45900629684828], [26.051176533271924, 44.459088360240386], [26.052088910586384, 44.458625487833714], [26.052202673885635, 44.45856883131146], [26.052147589230596, 44.458502240232235], [26.05235068785199, 44.45840145837332], [26.05221874624052, 44.4582637275546], [26.052322500416725, 44.458216434581445], [26.052714090336107, 44.458640538027446], [26.052958250317968, 44.45852084002331], [26.053030669370813, 44.45858421764269], [26.05333056995793, 44.458398836446726], [26.05339158391777, 44.45848455094174], [26.0537258255556, 44.45831908907356], [26.05381076784438, 44.458020982134855], [26.054000161030796, 44.4579441219885], [26.054072331984013, 44.4579042959901], [26.054037071723215, 44.45786092988498], [26.05419061134085, 44.45779778810403], [26.054217065970484, 44.457830310309646], [26.054416105255946, 44.45775600526511], [26.05452386126182, 44.45786896633184], [26.05459028356244, 44.45783917502116], [26.05475182330171, 44.457853629304914], [26.054891642390416, 44.457731420698124], [26.05495885122058, 44.45771857817871], [26.0549648029448, 44.457668751356096], [26.055317455946078, 44.45734766091516], [26.055580089786144, 44.45751418847807], [26.056015013710827, 44.457169275543905], [26.05531838937648, 44.45686057944018], [26.056850890934236, 44.455012757840514], [26.058049604389897, 44.455499965654695], [26.058255009846384, 44.455279916765164], [26.058344459270298, 44.45530977626819], [26.058668315879686, 44.455058634258485], [26.058740968707557, 44.455103798602345], [26.05882481700781, 44.4550151597236], [26.058999629142786, 44.455087075433354], [26.059310919472605, 44.45485120600713], [26.05956231863138, 44.454940896175124], [26.059725765357395, 44.45476364809141], [26.058653669835778, 44.454523791012946], [26.05878184603139, 44.45423125914601], [26.05772995336508, 44.453932828212764], [26.057646256122442, 44.45393633197628], [26.057704010894945, 44.45379645774299], [26.057699570646204, 44.45382573207019], [26.05809021993004, 44.45394393583855], [26.059146569016107, 44.45421389889579], [26.059366442891974, 44.45377796816214], [26.059274545766346, 44.45374197635808], [26.05914902773904, 44.45369111719952], [26.05928512832924, 44.453349900184946], [26.059336050153835, 44.45334960142704], [26.05937342843339, 44.45327947144081], [26.05983228090969, 44.453387325649864], [26.05983211910915, 44.45337233283938], [26.059895962537862, 44.45337570136426], [26.059925661902973, 44.45331580465295], [26.05998056641473, 44.453309312000364], [26.059995092091636, 44.45326272531339], [26.06015768167319, 44.45330147145002], [26.06037982705409, 44.45334341894942], [26.060392390795556, 44.45307550875736], [26.06035782929873, 44.45273811053312], [26.060397034395784, 44.4524409239747], [26.060486862521987, 44.452271747778695], [26.06056008796124, 44.45209415060414], [26.060629161109386, 44.45193885896373], [26.060762652115244, 44.45165401495342], [26.060963760232955, 44.45122439587927], [26.0610043461062, 44.450799339286505], [26.06127783061628, 44.45056729443212], [26.06154724147411, 44.45034343246897], [26.06162005688466, 44.45034975753371], [26.062238572589646, 44.449790766513], [26.06237505816317, 44.44952940985565], [26.06248397532176, 44.44995096914825], [26.06220650451295, 44.44996017359967], [26.061827059043374, 44.450406479135026], [26.061668291118348, 44.45060486369045], [26.06157185161253, 44.4508406416088], [26.061758514740347, 44.45156239974604], [26.06215477934956, 44.45149695936579], [26.062301735934767, 44.45199046789369], [26.063108729232898, 44.451878606882374], [26.063128687369733, 44.451197022339116], [26.06304290073183, 44.450865976386154], [26.06313673994453, 44.45085396670375], [26.06312116215311, 44.450792615324765], [26.063272803672437, 44.45077060088348], [26.063121244304437, 44.450269630899356], [26.063004908697717, 44.45022661859858], [26.062928303871164, 44.45023765556482], [26.062891405927818, 44.450106006729044], [26.06282044684279, 44.45007147634929], [26.062783753633035, 44.44993385841737], [26.062623308033036, 44.449943660972636], [26.062494174619133, 44.44942576532197], [26.062422871132327, 44.44931569027306], [26.062635464715473, 44.44892554274756], [26.062893323809696, 44.44833717040933], [26.063068505996903, 44.44822778519934], [26.06323499495855, 44.448170421904045], [26.063627594873612, 44.44807991826549], [26.06449581173362, 44.44785028645835], [26.06459406330262, 44.447782054600694], [26.064716101697112, 44.44769762251003], [26.065043123016352, 44.44790987036348], [26.06509057233402, 44.447941624521135], [26.06517180450675, 44.44787301303893], [26.065357996560948, 44.44798504209148], [26.065385901282433, 44.44799729749945], [26.06548058527628, 44.44793459772277], [26.0656026812465, 44.44799103526601], [26.065659373586957, 44.4479434729943], [26.06556622034699, 44.447888120809935], [26.065739517514483, 44.44774021038652], [26.065361874267357, 44.4474713909759], [26.065308342919035, 44.44742252206179], [26.06535150924696, 44.447427090999405], [26.065368117715078, 44.447363617538244], [26.065286401425805, 44.44734794686559], [26.065334076706435, 44.44727061635312], [26.06588008578152, 44.44738043860156], [26.06596118624885, 44.4472611656599], [26.066012243102065, 44.447190121002535], [26.06615786256817, 44.447249539428554], [26.066491210063116, 44.44687829418128], [26.06638143818955, 44.44682648406847], [26.066542721593038, 44.44665146949872], [26.066331363412893, 44.44650659588047], [26.066413952325583, 44.446447699867555], [26.066725298517834, 44.44664389982742], [26.066956128090556, 44.44647742436094], [26.06724638475052, 44.44669966219163], [26.067408691557986, 44.44659929334583], [26.067259503817027, 44.446468385743245], [26.067254904380288, 44.44646424422017], [26.067580727709363, 44.44631687499613], [26.06745887584866, 44.446172181323355], [26.067307366135697, 44.44602092833757], [26.067486426386218, 44.445899898200956], [26.06737794720979, 44.44574996562715], [26.067472148561947, 44.44568933877614], [26.067567782053747, 44.445615107971264], [26.06778337000982, 44.445788334807304], [26.0681958711655, 44.44614042745232], [26.068300185380192, 44.446026044818446], [26.06838726474495, 44.445930860954704], [26.06857123992992, 44.44581690163304], [26.067982091294652, 44.44532930397616], [26.068058164667352, 44.44526337635153], [26.068237786693853, 44.44541503678334], [26.068439173726826, 44.4452813641395], [26.068456327180378, 44.44529926486618], [26.06864002772885, 44.44518143794414], [26.068413334404095, 44.445004870992754], [26.068518671895013, 44.44494870975155], [26.068681146938935, 44.44504406483599], [26.068773754480176, 44.44498230897995], [26.068907859042955, 44.44507345077521], [26.069093453114185, 44.444948044972655], [26.069135346545888, 44.444930061025175], [26.069185691077323, 44.44508237968192], [26.069485505808778, 44.44503609899058], [26.06939729961712, 44.44471222700134], [26.069356692808896, 44.44457288430644], [26.069456681642, 44.444553673777406], [26.069396934431627, 44.44437663094167], [26.069470607497486, 44.44435972223594], [26.069438603609637, 44.444277269184155], [26.06953663544809, 44.44425009397988], [26.069598967678676, 44.4443441033373], [26.069765651350725, 44.44431518710918], [26.069855432786575, 44.444534002490165], [26.069959102462622, 44.44451343353014], [26.07007253400374, 44.44483907254316], [26.070021711916333, 44.44484231830931], [26.070029338743414, 44.44489055895877], [26.069962831562453, 44.44490028081253], [26.06999958461325, 44.445009158214575], [26.070316072068504, 44.44497723428471], [26.070208234264847, 44.44473261619384], [26.070041022662163, 44.44437734645013], [26.069980865618923, 44.44427057238868], [26.070092151003923, 44.44425015597964], [26.06990688300191, 44.44394077858854], [26.069953902910765, 44.44390523125515], [26.070153670831782, 44.4441719358807], [26.070244205336206, 44.444138162124794], [26.07040685811578, 44.44439305961869], [26.07051623237937, 44.44435423753409], [26.07047431558112, 44.444297628542046], [26.07057407266721, 44.44425848377082], [26.070297230035006, 44.44387658952682], [26.07037836128552, 44.443837774878475], [26.07025977771539, 44.44368716706533], [26.07028326625421, 44.44367130157295], [26.07040211233428, 44.443836766201045], [26.07042610953572, 44.443825980960284], [26.070441176629096, 44.44384450422068], [26.07053540403495, 44.44380937211025], [26.07037874467389, 44.4435843165445], [26.070474368854107, 44.44350929131775], [26.07058659329516, 44.44368012878723], [26.07074876920113, 44.443571422135705], [26.071013593468543, 44.443925681899145], [26.071469352202122, 44.44369992527961], [26.071282228201547, 44.443544273246616], [26.071353785787213, 44.443498033757386], [26.071039363527063, 44.44326660408544], [26.07114802343345, 44.44319681847271], [26.071009457826552, 44.44308997141456], [26.07109972212432, 44.443033591023486], [26.071251694921262, 44.443142596536866], [26.071363685419755, 44.44303697623897], [26.07142875461975, 44.443084697515786], [26.071554810406685, 44.44300795991278], [26.07131629833866, 44.442830224209736], [26.07140581935061, 44.44271003920449], [26.071457092304026, 44.44265123026799], [26.071551093657884, 44.44254506085102], [26.0725196547189, 44.443404075867875], [26.07270924456552, 44.44329498838785], [26.07274345709393, 44.443325623322444], [26.0728962877821, 44.44323217688529], [26.072868302896516, 44.44320811584095], [26.07289884948338, 44.44318810549233], [26.072869364761523, 44.44315362749586], [26.073003875094763, 44.44306139039952], [26.07232161155694, 44.44251005384147], [26.07242111125865, 44.44243152497983], [26.071878687317106, 44.44207411395815], [26.072111376827596, 44.44171702183541], [26.072842972154177, 44.442105643149844], [26.072968733921012, 44.44197265548063], [26.072572926486995, 44.441724022807634], [26.072209709484753, 44.44156477460838], [26.07242192168084, 44.44124921465395], [26.07258826649952, 44.44130891342314], [26.07263509340558, 44.441292285221195], [26.072504600606887, 44.44112817587567], [26.07257782096098, 44.44099705686012], [26.072996867122317, 44.44118828986051], [26.073278337027684, 44.44074578676779], [26.072896044374456, 44.44061444316588], [26.07300504970766, 44.44035446917561], [26.07274043283758, 44.44012762807592], [26.072640315166673, 44.44013197444989], [26.072525156327472, 44.44005348207303], [26.07270637769928, 44.439932692974], [26.072754391710934, 44.43975259175186], [26.072768750845086, 44.439606345744885], [26.07236460442975, 44.4393115308337], [26.07217327982581, 44.439270834931335], [26.072082981892805, 44.439251173825625], [26.072105396822916, 44.439209370584585], [26.072052505282794, 44.439183386331884], [26.071674381328968, 44.43916781356938], [26.071413708425823, 44.43911223721386], [26.071153036018835, 44.43905666025296], [26.071197671655508, 44.43900183862972], [26.070937454610814, 44.4388870400293], [26.070496188942474, 44.438577973035976], [26.07033025393945, 44.438418045625326], [26.070164319856005, 44.43825811796755], [26.070055904179462, 44.438196271521896]]]}}]}