{
  "type": "FeatureCollection",
  "features": [
    {
      "type": "Feature",
      "properties": {
        "nume": "Transilvania"
      },
      "geometry": {
        "type": "Polygon",
        "coordinates": [
          [
            [
              24.523144182214352,
              45.580569528702036
            ],
            [
              24.51148068212706,
              45.58679918495538
            ],
            [
              24.481446788814985,
              45.57251608958492
            ],
            [
              24.446480315451964,
              45.59085718036458
            ],
            [
              24.337047848828938,
              45.57248800026481
            ],
            [
              24.33436264492836,
              45.581854154419595
            ],
            [
              24.257318523302235,
              45.54310331477436
            ],
            [
              24.22670439114319,
              45.54724327807726
            ],
            [
              24.20504511390424,
              45.5235756973804
            ],
            [
              24.11884002726652,
              45.50876063149207
            ],
            [
              24.011312631012093,
              45.53193963868549
            ],
            [
              23.794815722190556,
              45.53016116642914
            ],
            [
              23.771168144229257,
              45.51070014696737
            ],
            [
              23.703620812066315,
              45.496776735189236
            ],
            [
              23.678913822450173,
              45.464821350626494
            ],
            [
              23.65370858480953,
              45.45730903431436
            ],
            [
              23.59720198122355,
              45.473439324289004
            ],
            [
              23.576139578183646,
              45.42783613817137
            ],
            [
              23.592293552458262,
              45.421032758896565
            ],
            [
              23.601642376094375,
              45.38267960704507
            ],
            [
              23.585349068583284,
              45.36969976311577
            ],
            [
              23.59064754303986,
              45.35307640458116
            ],
            [
              23.452471500709386,
              45.29845116451407
            ],
            [
              23.400362528165036,
              45.31590968594137
            ],
            [
              23.403390804579335,
              45.33389183797108
            ],
            [
              23.37988875590577,
              45.338752767794986
            ],
            [
              23.33916341467016,
              45.33133308498252
            ],
            [
              23.3099638155984,
              45.2999213755319
            ],
            [
              23.28887854320717,
              45.309909520754694
            ],
            [
              23.23431753283277,
              45.30347070339035
            ],
            [
              23.20729247184557,
              45.277314854704045
            ],
            [
              23.09332359887143,
              45.29124570671667
            ],
            [
              23.066446639071074,
              45.264970671417856
            ],
            [
              23.007618784441384,
              45.25339253140626
            ],
            [
              22.975073708770644,
              45.25412465505652
            ],
            [
              22.956010378544274,
              45.27138904590052
            ],
            [
              22.9426131206448,
              45.23834905921983
            ],
            [
              22.922217753185794,
              45.241344596801476
            ],
            [
              22.95624268690733,
              45.272626167762
            ],
            [
              22.93332609447837,
              45.27855553383895
            ],
            [
              22.8643638723017,
              45.26106303827277
            ],
            [
              22.857843473594972,
              45.27583536919909
            ],
            [
              22.823883493975046,
              45.28514942961549
            ],
            [
              22.78481231038423,
              45.26238733973359
            ],
            [
              22.774292687215475,
              45.270111958697974
            ],
            [
              22.735195243650928,
              45.25341827600854
            ],
            [
              22.68624884496461,
              45.257963635127375
            ],
            [
              22.688843505148466,
              45.27454251094413
            ],
            [
              22.677314039227653,
              45.28261252952288
            ],
            [
              22.696613206023425,
              45.30313059821975
            ],
            [
              22.69923547093398,
              45.32865153949533
            ],
            [
              22.683193452878896,
              45.33159378625719
            ],
            [
              22.65659614783359,
              45.37134188572612
            ],
            [
              22.712853113030338,
              45.41578507486012
            ],
            [
              22.706620594669726,
              45.460995793422036
            ],
            [
              22.66867673076119,
              45.506576622542674
            ],
            [
              22.67712625809923,
              45.51574330823548
            ],
            [
              22.65266018524232,
              45.52676037610941
            ],
            [
              22.64799780095247,
              45.541656518871704
            ],
            [
              22.62722125464957,
              45.53605174329667
            ],
            [
              22.641047028944314,
              45.55305004483487
            ],
            [
              22.63659180211529,
              45.57108196322887
            ],
            [
              22.593080726063143,
              45.56063267561466
            ],
            [
              22.582974902843123,
              45.58444863581301
            ],
            [
              22.548128135197643,
              45.58095385986653
            ],
            [
              22.5444231680682,
              45.59525435857895
            ],
            [
              22.5123835235289,
              45.59529481935379
            ],
            [
              22.47433698446951,
              45.62389878974488
            ],
            [
              22.45388115537629,
              45.66040790874231
            ],
            [
              22.4264795110504,
              45.66888875122786
            ],
            [
              22.468577676730625,
              45.69371775301466
            ],
            [
              22.469776630509077,
              45.731533246997834
            ],
            [
              22.50627980561859,
              45.74324869193172
            ],
            [
              22.551455038213582,
              45.77863927519226
            ],
            [
              22.534246545616966,
              45.8014358320067
            ],
            [
              22.480444839039894,
              45.7868159309361
            ],
            [
              22.4701252839328,
              45.802766065809614
            ],
            [
              22.476271591933546,
              45.83804455617737
            ],
            [
              22.410611410839806,
              45.85456943855451
            ],
            [
              22.386086026581495,
              45.883863371430095
            ],
            [
              22.36864319274773,
              45.88360506005184
            ],
            [
              22.41042594379951,
              45.9071077576131
            ],
            [
              22.4189788639333,
              45.9375977308559
            ],
            [
              22.352793911936264,
              45.972692749534716
            ],
            [
              22.336005898976122,
              45.99438439165297
            ],
            [
              22.436979656922176,
              46.0116845970684
            ],
            [
              22.429478894577695,
              46.077052766987755
            ],
            [
              22.405162328815585,
              46.09510911204003
            ],
            [
              22.411492113539765,
              46.10845469865201
            ],
            [
              22.445430905983173,
              46.11591625730837
            ],
            [
              22.467165354247097,
              46.14571213028878
            ],
            [
              22.438428155743754,
              46.210354565561644
            ],
            [
              22.494914997148626,
              46.24339274148557
            ],
            [
              22.513031373763614,
              46.22463567304696
            ],
            [
              22.583771225679435,
              46.233487340804935
            ],
            [
              22.607740579808382,
              46.218702217543445
            ],
            [
              22.624660784965076,
              46.231417408132536
            ],
            [
              22.64903973973255,
              46.22879706938547
            ],
            [
              22.680356232138504,
              46.29810046430174
            ],
            [
              22.677868946073705,
              46.32136123469412
            ],
            [
              22.748717172044007,
              46.35121595370589
            ],
            [
              22.70006487487715,
              46.36508622483671
            ],
            [
              22.675628509964053,
              46.39497837343152
            ],
            [
              22.674641035054652,
              46.40868038668575
            ],
            [
              22.719912453320024,
              46.43091956102542
            ],
            [
              22.690250671512533,
              46.4397025133158
            ],
            [
              22.67977861239032,
              46.476390462372756
            ],
            [
              22.663799361551135,
              46.47978488814891
            ],
            [
              22.67966273289581,
              46.49245639140509
            ],
            [
              22.6769562299342,
              46.52329878663179
            ],
            [
              22.69094903065634,
              46.51861978373861
            ],
            [
              22.726095960288756,
              46.54691379806513
            ],
            [
              22.75129782021414,
              46.54914949235489
            ],
            [
              22.763642810744734,
              46.575787924406285
            ],
            [
              22.818073157727593,
              46.57040378805964
            ],
            [
              22.801467440879634,
              46.61838386988897
            ],
            [
              22.819578705975687,
              46.63858548136688
            ],
            [
              22.787959922544427,
              46.62704556269373
            ],
            [
              22.793563648161197,
              46.639563526234596
            ],
            [
              22.77264135018956,
              46.652392620921475
            ],
            [
              22.740889906088913,
              46.71437689879423
            ],
            [
              22.708237550894836,
              46.73875703297636
            ],
            [
              22.713201908161224,
              46.76331501447437
            ],
            [
              22.63729303379199,
              46.79941232322471
            ],
            [
              22.72641778773126,
              46.81586829504966
            ],
            [
              22.754126096330236,
              46.8762236047857
            ],
            [
              22.778967440750282,
              46.89703477427036
            ],
            [
              22.775673265425315,
              46.91061925457365
            ],
            [
              22.736737891596267,
              46.91499746875149
            ],
            [
              22.67084833474539,
              46.95011842147529
            ],
            [
              22.674815467721476,
              46.97089223776128
            ],
            [
              22.728099611920282,
              47.00764257737149
            ],
            [
              22.70095154158763,
              47.01814363916431
            ],
            [
              22.68677882192329,
              47.05134891119785
            ],
            [
              22.592298831444875,
              47.06321081671061
            ],
            [
              22.514344640946675,
              47.10880311690245
            ],
            [
              22.566679165127745,
              47.12175551075288
            ],
            [
              22.54405146768738,
              47.13531455183203
            ],
            [
              22.554300295917447,
              47.14319815937318
            ],
            [
              22.53376445029617,
              47.14984537909023
            ],
            [
              22.53144155935,
              47.16913231773446
            ],
            [
              22.50820322119187,
              47.16563462840665
            ],
            [
              22.49330880483894,
              47.18616429902864
            ],
            [
              22.511624112041783,
              47.19617901058014
            ],
            [
              22.508026786024534,
              47.21474863028536
            ],
            [
              22.515771462333277,
              47.20698212052803
            ],
            [
              22.521987136564004,
              47.208183431930586
            ],
            [
              22.51100958151433,
              47.21956968744418
            ],
            [
              22.516795513545063,
              47.232699421482536
            ],
            [
              22.53987407978248,
              47.23385538736383
            ],
            [
              22.561219251273695,
              47.25180859262647
            ],
            [
              22.546787947057204,
              47.26929955083203
            ],
            [
              22.547661405183273,
              47.29824211574231
            ],
            [
              22.580560814774945,
              47.30118970214639
            ],
            [
              22.58722280500647,
              47.327221159705445
            ],
            [
              22.634979378234643,
              47.335511301494435
            ],
            [
              22.629737705435772,
              47.34977387225993
            ],
            [
              22.645444619234222,
              47.37423234324227
            ],
            [
              22.72281471612293,
              47.39271475658092
            ],
            [
              22.768223466492064,
              47.41863343944184
            ],
            [
              22.81084644181419,
              47.39994636896297
            ],
            [
              22.847761932520516,
              47.42216434382733
            ],
            [
              22.861178819215052,
              47.412306522829056
            ],
            [
              22.916148487468387,
              47.41358152099262
            ],
            [
              22.936045617906174,
              47.374917377223944
            ],
            [
              22.959623103933307,
              47.358643914494124
            ],
            [
              22.9766961232292,
              47.352061891514566
            ],
            [
              23.002969135685355,
              47.369001336252836
            ],
            [
              23.05978740282323,
              47.351762066370725
            ],
            [
              23.10405850067668,
              47.37349273138462
            ],
            [
              23.089789312112735,
              47.384242786029624
            ],
            [
              23.095874476846742,
              47.39059373525164
            ],
            [
              23.11911940845526,
              47.395648762521844
            ],
            [
              23.106108367036036,
              47.44237272007499
            ],
            [
              23.15903305206473,
              47.43808480672315
            ],
            [
              23.18357897847525,
              47.45905698351935
            ],
            [
              23.220418088891282,
              47.43319024529711
            ],
            [
              23.24533716719116,
              47.43924269582172
            ],
            [
              23.33623851742039,
              47.4119054572357
            ],
            [
              23.35988266165635,
              47.41790874455955
            ],
            [
              23.377187800400815,
              47.38803146964042
            ],
            [
              23.481644817793377,
              47.37771671171202
            ],
            [
              23.51107976073118,
              47.36215352104236
            ],
            [
              23.579036933334727,
              47.36223395108549
            ],
            [
              23.631471244791904,
              47.39603599084901
            ],
            [
              23.66575431353113,
              47.3816659577616
            ],
            [
              23.680519636499014,
              47.35512612421412
            ],
            [
              23.71235359545436,
              47.352217918447074
            ],
            [
              23.699742902444424,
              47.347347996776236
            ],
            [
              23.710522316823326,
              47.33091111211851
            ],
            [
              23.745259513685223,
              47.3206378018131
            ],
            [
              23.764543622045252,
              47.33719749714408
            ],
            [
              23.841389316439248,
              47.34002209285084
            ],
            [
              23.8322146500325,
              47.34765859078515
            ],
            [
              23.846905273892148,
              47.372442762514424
            ],
            [
              23.866750609330733,
              47.37025637209382
            ],
            [
              23.86986608747602,
              47.380213746108566
            ],
            [
              23.898152206370035,
              47.35442134790193
            ],
            [
              24.032401842022253,
              47.361973519076244
            ],
            [
              24.060854925970386,
              47.377675100841884
            ],
            [
              24.07298351851796,
              47.4101933113972
            ],
            [
              24.12423384259239,
              47.43780144677519
            ],
            [
              24.128466438077027,
              47.47944936535696
            ],
            [
              24.117584963324916,
              47.48294677139914
            ],
            [
              24.126684378462798,
              47.49939911486978
            ],
            [
              24.14140196736331,
              47.48754978326662
            ],
            [
              24.166877148290297,
              47.50569449561351
            ],
            [
              24.24105708288293,
              47.500455519035484
            ],
            [
              24.301951092591217,
              47.55822626817085
            ],
            [
              24.3032108185442,
              47.579115549623985
            ],
            [
              24.342709477475626,
              47.5653749531718
            ],
            [
              24.386531040847554,
              47.60836861811498
            ],
            [
              24.56564424552988,
              47.562667060418555
            ],
            [
              24.63189463063509,
              47.57581993875154
            ],
            [
              24.659594130399107,
              47.553989277737536
            ],
            [
              24.725402650231743,
              47.57592864506721
            ],
            [
              24.78742280882265,
              47.576992266122346
            ],
            [
              24.80725262010723,
              47.56666979283571
            ],
            [
              24.82942608610931,
              47.596845559821695
            ],
            [
              24.960848646392126,
              47.59686784703263
            ],
            [
              25.007783344181522,
              47.56884111243193
            ],
            [
              25.05196207373376,
              47.56045720621973
            ],
            [
              25.066497284035265,
              47.53035599913884
            ],
            [
              25.095056396270817,
              47.516217883892104
            ],
            [
              25.09379658802682,
              47.503977657609525
            ],
            [
              25.045373902058117,
              47.48104622620457
            ],
            [
              25.066202960721597,
              47.45021382249895
            ],
            [
              25.090902286091417,
              47.44894067926147
            ],
            [
              25.05238132854603,
              47.43102017665014
            ],
            [
              25.058287455801043,
              47.41654800951635
            ],
            [
              25.026709675928448,
              47.43581315112964
            ],
            [
              24.982845348313376,
              47.424035728186404
            ],
            [
              25.06942935513581,
              47.36993821863785
            ],
            [
              25.06032415888618,
              47.35327187082307
            ],
            [
              25.077102652604836,
              47.34077296689246
            ],
            [
              25.077543908196002,
              47.31166544534747
            ],
            [
              25.028074060544945,
              47.28679871056862
            ],
            [
              25.079599444962234,
              47.25864056196801
            ],
            [
              25.044274058144595,
              47.21609136440851
            ],
            [
              25.067192661255426,
              47.166762779558056
            ],
            [
              25.06359017022313,
              47.136375878879704
            ],
            [
              25.144062671589367,
              47.11322821201125
            ],
            [
              25.173080694214647,
              47.13059668060474
            ],
            [
              25.2513168558642,
              47.097775053057916
            ],
            [
              25.295943558566677,
              47.115255052032325
            ],
            [
              25.287230244324334,
              47.13323399063746
            ],
            [
              25.30503790892056,
              47.16513870735324
            ],
            [
              25.42514455808535,
              47.183857274623065
            ],
            [
              25.426497696759192,
              47.16970501012892
            ],
            [
              25.458008615342155,
              47.14439524645974
            ],
            [
              25.530300481194875,
              47.11053039317344
            ],
            [
              25.535636559474728,
              47.08346341934493
            ],
            [
              25.601595545951998,
              47.07733886686482
            ],
            [
              25.623805126615075,
              47.09502996309426
            ],
            [
              25.661598720871854,
              47.091661522842514
            ],
            [
              25.738109546106127,
              47.071171473125325
            ],
            [
              25.743761230146188,
              47.05207633373827
            ],
            [
              25.76929389073434,
              47.03558898599824
            ],
            [
              25.801484373600807,
              46.966544221594035
            ],
            [
              25.826723779347496,
              46.97396528531365
            ],
            [
              25.861985353475507,
              46.92339761157265
            ],
            [
              25.803719360918056,
              46.929004584399244
            ],
            [
              25.765398518331654,
              46.88446698833255
            ],
            [
              25.78152789886659,
              46.863116698545156
            ],
            [
              25.762448259817784,
              46.84123228833633
            ],
            [
              25.779474072225522,
              46.83423973992819
            ],
            [
              25.782794444865292,
              46.85120475657063
            ],
            [
              25.8048100897179,
              46.84062061915735
            ],
            [
              25.77703029378049,
              46.82558241245499
            ],
            [
              25.80742936305963,
              46.8049101661356
            ],
            [
              25.807207541702336,
              46.737393757812725
            ],
            [
              25.79589979041253,
              46.71805195470274
            ],
            [
              25.867390921610635,
              46.64943165082283
            ],
            [
              25.90860057752389,
              46.6548605493079
            ],
            [
              25.883866253001266,
              46.68869420357309
            ],
            [
              25.895792898458996,
              46.70152616323691
            ],
            [
              25.975390266608507,
              46.69721148469945
            ],
            [
              25.97270727330774,
              46.67764425326724
            ],
            [
              25.993438227487978,
              46.67382624233424
            ],
            [
              26.01942996264576,
              46.634331608893405
            ],
            [
              26.003311857281926,
              46.637851195065124
            ],
            [
              25.991659958643325,
              46.6214360743868
            ],
            [
              25.998472071619847,
              46.6015101807904
            ],
            [
              26.022469555883593,
              46.58875375078508
            ],
            [
              26.03550547500643,
              46.5438508262421
            ],
            [
              26.081367237917608,
              46.51634551174424
            ],
            [
              26.07461024874838,
              46.48453663381451
            ],
            [
              26.056627722578387,
              46.49436403195431
            ],
            [
              26.007049257445164,
              46.48257265478822
            ],
            [
              26.017060140740764,
              46.46120366069809
            ],
            [
              25.986991700378777,
              46.43889163757246
            ],
            [
              26.00315906921534,
              46.42519771009048
            ],
            [
              25.995259115314273,
              46.406758664372624
            ],
            [
              26.04690595184277,
              46.416581822640104
            ],
            [
              26.06191963698053,
              46.40070211944896
            ],
            [
              26.1659515720606,
              46.38477716825073
            ],
            [
              26.16440476712539,
              46.347127271624174
            ],
            [
              26.14926438259916,
              46.32903905384537
            ],
            [
              26.15610088254152,
              46.315169638274305
            ],
            [
              26.220972427854097,
              46.31456538137068
            ],
            [
              26.235665627463298,
              46.33505425617723
            ],
            [
              26.270801406803052,
              46.34489421715917
            ],
            [
              26.292852000863192,
              46.33424243862143
            ],
            [
              26.27436710062498,
              46.28735146684442
            ],
            [
              26.253416538903533,
              46.27734667842944
            ],
            [
              26.25863492126713,
              46.25010265105018
            ],
            [
              26.326708097777054,
              46.22999985205347
            ],
            [
              26.341439554570737,
              46.203697265632336
            ],
            [
              26.330532977203568,
              46.18335497519621
            ],
            [
              26.347437294576693,
              46.16211841054281
            ],
            [
              26.343257667765595,
              46.137141744900866
            ],
            [
              26.38752328847615,
              46.14496501952458
            ],
            [
              26.39254298537994,
              46.1230344774134
            ],
            [
              26.38007951653968,
              46.1283241738838
            ],
            [
              26.370763240861308,
              46.10979017146067
            ],
            [
              26.407904061482967,
              46.103572386206956
            ],
            [
              26.405058511826855,
              46.09225610916275
            ],
            [
              26.430633080951736,
              46.078069685487236
            ],
            [
              26.425152321140434,
              46.06684258553651
            ],
            [
              26.442003931227113,
              46.0509243897796
            ],
            [
              26.437832746412475,
              45.989487132087085
            ],
            [
              26.39127280465682,
              45.95792074390455
            ],
            [
              26.39449993005922,
              45.92085676884086
            ],
            [
              26.375667033052924,
              45.90732255360363
            ],
            [
              26.387989403361505,
              45.87359369817818
            ],
            [
              26.37100703827715,
              45.84336926108756
            ],
            [
              26.392116584551722,
              45.80239797420004
            ],
            [
              26.384533605977555,
              45.7362272419331
            ],
            [
              26.35340825183996,
              45.72251896483097
            ],
            [
              26.35722515183644,
              45.712075713216
            ],
            [
              26.33233257217039,
              45.685593505640284
            ],
            [
              26.329156617419073,
              45.631829723596866
            ],
            [
              26.31073765163649,
              45.603062126676626
            ],
            [
              26.28127624639375,
              45.58581452143498
            ],
            [
              26.25058248899217,
              45.60355495366155
            ],
            [
              26.24610130017943,
              45.62623730183939
            ],
            [
              26.210374693722756,
              45.62068469132881
            ],
            [
              26.185449238944358,
              45.60830880203407
            ],
            [
              26.173029623165323,
              45.56400707966438
            ],
            [
              26.147718190136427,
              45.5849258283652
            ],
            [
              26.095930433048697,
              45.517615180651994
            ],
            [
              26.066490298778163,
              45.50229920049125
            ],
            [
              26.06549623292717,
              45.48530271174016
            ],
            [
              26.046672048305844,
              45.47844209658587
            ],
            [
              26.01340428192482,
              45.49017350653394
            ],
            [
              25.99537427914266,
              45.514375526347095
            ],
            [
              25.96740063459105,
              45.50777014358805
            ],
            [
              25.921031477520955,
              45.52196236589247
            ],
            [
              25.890990300165303,
              45.48790557154216
            ],
            [
              25.889796939161904,
              45.44698927467668
            ],
            [
              25.865383509555954,
              45.42245667449115
            ],
            [
              25.822404330951024,
              45.43163376579442
            ],
            [
              25.81985208867572,
              45.45560817680398
            ],
            [
              25.786464844822707,
              45.481821797405615
            ],
            [
              25.76593367134984,
              45.46556648198043
            ],
            [
              25.726291615225204,
              45.46540160834066
            ],
            [
              25.681013514683865,
              45.50062555702184
            ],
            [
              25.629975851803636,
              45.49606987583962
            ],
            [
              25.599285605967115,
              45.462468003632665
            ],
            [
              25.498082749277376,
              45.467433338652164
            ],
            [
              25.412894735818536,
              45.429731992210115
            ],
            [
              25.403264419469384,
              45.38657608184235
            ],
            [
              25.32159419734302,
              45.381094461345164
            ],
            [
              25.308013166658487,
              45.389518761608244
            ],
            [
              25.30094211130292,
              45.423151672774644
            ],
            [
              25.27258257726709,
              45.40741196787153
            ],
            [
              25.25538478122274,
              45.42249905405965
            ],
            [
              25.275853061979973,
              45.442062929523104
            ],
            [
              25.238302169016038,
              45.475614797184555
            ],
            [
              25.23679960519229,
              45.51776287187649
            ],
            [
              25.188967931546124,
              45.52277745075566
            ],
            [
              25.103229347239605,
              45.58520022223167
            ],
            [
              24.967736810608862,
              45.59289878462809
            ],
            [
              24.941466521449527,
              45.58209137033409
            ],
            [
              24.91739033833601,
              45.594587568101154
            ],
            [
              24.83638627849265,
              45.59202539400231
            ],
            [
              24.829813634928367,
              45.60653603929778
            ],
            [
              24.771505836284703,
              45.61119960526578
            ],
            [
              24.671069645012192,
              45.594584027128796
            ],
            [
              24.62619637799101,
              45.60391781038672
            ],
            [
              24.56590326615099,
              45.57914422068057
            ],
            [
              24.553676003285503,
              45.58774320540139
            ],
            [
              24.523144182214352,
              45.580569528702036
            ]
          ]
        ]
      }
    },
    {
      "type": "Feature",
      "properties": {
        "nume": "Banat"
      },
      "geometry": {
        "type": "Polygon",
        "coordinates": [
          [
            [
              22.68624884496461,
              45.257963635127375
            ],
            [
              22.67315774401749,
              45.24029985441789
            ],
            [
              22.64460432687287,
              45.23370862328605
            ],
            [
              22.646256440396748,
              45.22014684234684
            ],
            [
              22.600555440347648,
              45.20540516749539
            ],
            [
              22.560219004902855,
              45.16360762550016
            ],
            [
              22.581003470132615,
              45.137481506753645
            ],
            [
              22.6496775627281,
              45.12766175811525
            ],
            [
              22.65622025481136,
              45.1050050909248
            ],
            [
              22.492157829918288,
              44.97327345806016
            ],
            [
              22.516397019621202,
              44.95571617250805
            ],
            [
              22.486606397436354,
              44.949290102480475
            ],
            [
              22.49620780039785,
              44.92886005252514
            ],
            [
              22.48218667080325,
              44.90690731463194
            ],
            [
              22.486544578125383,
              44.8811575498542
            ],
            [
              22.423733424738053,
              44.80053099923634
            ],
            [
              22.43045207106702,
              44.78118198125781
            ],
            [
              22.418710268406375,
              44.75629546120222
            ],
            [
              22.368176845933068,
              44.75618203405187
            ],
            [
              22.35812402589751,
              44.73871449646476
            ],
            [
              22.34164341797693,
              44.77405866976766
            ],
            [
              22.26808555522799,
              44.78252848748069
            ],
            [
              22.243401148594263,
              44.807537788961035
            ],
            [
              22.20680143555299,
              44.81746909677755
            ],
            [
              22.195057586650922,
              44.77920861800932
            ],
            [
              22.204159219893572,
              44.76140481432723
            ],
            [
              22.185541986886026,
              44.741281095827475
            ],
            [
              22.156120303158875,
              44.73658805187567
            ],
            [
              22.14689297855094,
              44.70075613903008
            ],
            [
              22.13867314757337,
              44.659929611803335
            ],
            [
              22.177403538280856,
              44.63987976462384
            ],
            [
              22.156072329288214,
              44.59233737774509
            ],
            [
              22.14751151798156,
              44.585303882729946
            ],
            [
              22.13301510660072,
              44.60060889405894
            ],
            [
              22.117397898399393,
              44.59181190852837
            ],
            [
              22.082258066560268,
              44.6219384052908
            ],
            [
              22.016148575845282,
              44.59920365920885
            ],
            [
              21.99365583877116,
              44.63222231090405
            ],
            [
              21.917422950331073,
              44.647440661550114
            ],
            [
              21.814594818455017,
              44.65061958075034
            ],
            [
              21.79136360531962,
              44.66404511808233
            ],
            [
              21.728784930098684,
              44.65349907129161
            ],
            [
              21.689045642708663,
              44.66526591975992
            ],
            [
              21.637849794684115,
              44.65959271476209
            ],
            [
              21.61797355934522,
              44.67194225560973
            ],
            [
              21.611262669503454,
              44.72687203410613
            ],
            [
              21.586120306146736,
              44.759320186127574
            ],
            [
              21.393717925064973,
              44.78141851136954
            ],
            [
              21.382269004946124,
              44.80921500454084
            ],
            [
              21.356403709012742,
              44.82713828333558
            ],
            [
              21.366923958565682,
              44.86456595691615
            ],
            [
              21.485464317903663,
              44.86815811686468
            ],
            [
              21.560126531827137,
              44.88900423710342
            ],
            [
              21.54668126040129,
              44.93052476292977
            ],
            [
              21.438174625892806,
              44.960558848152886
            ],
            [
              21.360240817636935,
              45.0203773852998
            ],
            [
              21.45612003058122,
              45.04043170085124
            ],
            [
              21.447611984859954,
              45.05750991143942
            ],
            [
              21.483284371682583,
              45.09130225917204
            ],
            [
              21.46975334687113,
              45.10467801737386
            ],
            [
              21.47841638027713,
              45.121248338439486
            ],
            [
              21.527477395136483,
              45.13792492579833
            ],
            [
              21.516428917130312,
              45.16885929627047
            ],
            [
              21.40347493760189,
              45.2292458407326
            ],
            [
              21.39535954079926,
              45.21878611447905
            ],
            [
              21.360122291108414,
              45.22207359493792
            ],
            [
              21.292329382541354,
              45.24227012834918
            ],
            [
              21.27520262926557,
              45.22944485185316
            ],
            [
              21.218579615962668,
              45.25054854710682
            ],
            [
              21.175302564087126,
              45.3252512104216
            ],
            [
              21.144507622807133,
              45.304794201468646
            ],
            [
              21.096594362864366,
              45.29586103527684
            ],
            [
              21.080993082687584,
              45.317795116952105
            ],
            [
              21.06120045754397,
              45.31588088996124
            ],
            [
              21.063447060223776,
              45.3319371681972
            ],
            [
              21.01654073514713,
              45.32461195350378
            ],
            [
              21.009892533765726,
              45.34127278503112
            ],
            [
              20.93122991278637,
              45.38676803144654
            ],
            [
              20.920267315902894,
              45.417215420854916
            ],
            [
              20.864700979316556,
              45.43176560241086
            ],
            [
              20.881067770930507,
              45.446165100838336
            ],
            [
              20.866126543305064,
              45.46524190000681
            ],
            [
              20.83297524689536,
              45.47995596862155
            ],
            [
              20.77107989829694,
              45.47991044469893
            ],
            [
              20.768738493299423,
              45.500208845990066
            ],
            [
              20.83274904293051,
              45.535843661004584
            ],
            [
              20.795301610729684,
              45.58762063040317
            ],
            [
              20.77201835164021,
              45.58282105686365
            ],
            [
              20.765753120649983,
              45.61259911721716
            ],
            [
              20.804977843002778,
              45.65720729875717
            ],
            [
              20.802594125190375,
              45.73779009213846
            ],
            [
              20.823063064869043,
              45.77508306320094
            ],
            [
              20.783558112601245,
              45.785869256514296
            ],
            [
              20.77410287210524,
              45.754514611650286
            ],
            [
              20.70026400664412,
              45.75068046117968
            ],
            [
              20.68137580687711,
              45.79730375777513
            ],
            [
              20.662834994014496,
              45.794149668643264
            ],
            [
              20.650609957975522,
              45.81162801537718
            ],
            [
              20.66036752027603,
              45.82914513655757
            ],
            [
              20.61174528271256,
              45.8639107756708
            ],
            [
              20.581501519294502,
              45.86939877503085
            ],
            [
              20.569329887683562,
              45.91010175851782
            ],
            [
              20.515808357826764,
              45.89209585092162
            ],
            [
              20.482919395851066,
              45.95341544885529
            ],
            [
              20.44728209325481,
              45.97022020806789
            ],
            [
              20.405466772454126,
              45.965236968989934
            ],
            [
              20.34837371731708,
              45.999571698022486
            ],
            [
              20.357705281976187,
              46.0058428125537
            ],
            [
              20.34062280783512,
              46.03626157895691
            ],
            [
              20.345868957367085,
              46.04741730187836
            ],
            [
              20.264820538334916,
              46.108469874382294
            ],
            [
              20.283073206703712,
              46.11773168446178
            ],
            [
              20.26200859162328,
              46.120820510794694
            ],
            [
              20.296850380855226,
              46.15222266610913
            ],
            [
              20.355633473330343,
              46.169659578018916
            ],
            [
              20.368472300919805,
              46.15291293755883
            ],
            [
              20.459212443154062,
              46.142873206004715
            ],
            [
              20.49510838705101,
              46.1708550726045
            ],
            [
              20.501251072824026,
              46.18997005312084
            ],
            [
              20.549411993918334,
              46.176912036825335
            ],
            [
              20.635062972103,
              46.12685295345392
            ],
            [
              20.65415379718455,
              46.148780246401024
            ],
            [
              20.685608228696974,
              46.14522391372996
            ],
            [
              20.70530424488013,
              46.16134534586241
            ],
            [
              20.727751829586982,
              46.14525775565465
            ],
            [
              20.772734151115227,
              46.144536884654194
            ],
            [
              20.78172041057966,
              46.12563798255668
            ],
            [
              20.832977805856405,
              46.09056099606298
            ],
            [
              20.91793242797923,
              46.0742683885369
            ],
            [
              20.94064617430046,
              46.03748683623901
            ],
            [
              21.068734810392172,
              46.0397697273715
            ],
            [
              21.074443930204442,
              46.01255480916679
            ],
            [
              21.11020241314946,
              45.97707298271364
            ],
            [
              21.172038607256077,
              45.99874152565271
            ],
            [
              21.2419971195414,
              45.971360907519355
            ],
            [
              21.23617891798734,
              45.9818616424698
            ],
            [
              21.24799125441182,
              45.98083942152968
            ],
            [
              21.238266361173785,
              45.98640603010963
            ],
            [
              21.28461174299771,
              46.02013346535794
            ],
            [
              21.349498117872663,
              46.00217846929529
            ],
            [
              21.36065274020817,
              45.99543970793133
            ],
            [
              21.351007160269344,
              45.983695641716515
            ],
            [
              21.365730277336763,
              45.98191538523775
            ],
            [
              21.3908953469924,
              46.008631733874935
            ],
            [
              21.449598095730057,
              46.02925248391586
            ],
            [
              21.43526403936992,
              46.059484182701425
            ],
            [
              21.449175329677463,
              46.04583623699408
            ],
            [
              21.51495685783398,
              46.06789170561436
            ],
            [
              21.53630019419774,
              46.03302270911906
            ],
            [
              21.524232806656034,
              46.01032977083366
            ],
            [
              21.64192722106947,
              45.974010178563965
            ],
            [
              21.630018029442464,
              45.94276737169674
            ],
            [
              21.64837846245367,
              45.94751692019126
            ],
            [
              21.66199194028092,
              45.935422920697384
            ],
            [
              21.667719116323898,
              45.90623063331562
            ],
            [
              21.69242268169784,
              45.916338249289645
            ],
            [
              21.736646182405735,
              45.990002938294296
            ],
            [
              21.775375166650715,
              45.9486520088934
            ],
            [
              21.76971248968736,
              45.91689057593418
            ],
            [
              21.805317028160086,
              45.9211420383261
            ],
            [
              21.80108792641565,
              45.9439480259971
            ],
            [
              21.818705512318665,
              45.94910928177955
            ],
            [
              21.811017558197207,
              45.957400858457525
            ],
            [
              21.819723360279266,
              45.96782705026763
            ],
            [
              21.851364451007946,
              45.94720111840521
            ],
            [
              21.872434186708098,
              45.95866869601201
            ],
            [
              21.89349781831749,
              45.95245410185791
            ],
            [
              21.91620568223493,
              45.963068812429455
            ],
            [
              21.925326795255383,
              45.984839072554564
            ],
            [
              21.967468320427216,
              45.994351363699536
            ],
            [
              21.98719958803452,
              45.98846227711951
            ],
            [
              21.99837829321063,
              45.9679428365766
            ],
            [
              22.06992270849614,
              45.95912978024511
            ],
            [
              22.135436150329546,
              45.922753563317684
            ],
            [
              22.200795359741875,
              45.922591878771364
            ],
            [
              22.226120704256367,
              45.901912983497525
            ],
            [
              22.246864943495968,
              45.90357411533179
            ],
            [
              22.245436336040267,
              45.9252023904444
            ],
            [
              22.259921578665114,
              45.93420769731672
            ],
            [
              22.312147503966777,
              45.93761919224641
            ],
            [
              22.31137806338533,
              45.966653485766734
            ],
            [
              22.352793911936264,
              45.972692749534716
            ],
            [
              22.4189788639333,
              45.9375977308559
            ],
            [
              22.41042594379951,
              45.9071077576131
            ],
            [
              22.36864319274773,
              45.88360506005184
            ],
            [
              22.386086026581495,
              45.883863371430095
            ],
            [
              22.410611410839806,
              45.85456943855451
            ],
            [
              22.476271591933546,
              45.83804455617737
            ],
            [
              22.4701252839328,
              45.802766065809614
            ],
            [
              22.480444839039894,
              45.7868159309361
            ],
            [
              22.534246545616966,
              45.8014358320067
            ],
            [
              22.551455038213582,
              45.77863927519226
            ],
            [
              22.50627980561859,
              45.74324869193172
            ],
            [
              22.469776630509077,
              45.731533246997834
            ],
            [
              22.468577676730625,
              45.69371775301466
            ],
            [
              22.4264795110504,
              45.66888875122786
            ],
            [
              22.45388115537629,
              45.66040790874231
            ],
            [
              22.47433698446951,
              45.62389878974488
            ],
            [
              22.5123835235289,
              45.59529481935379
            ],
            [
              22.5444231680682,
              45.59525435857895
            ],
            [
              22.548128135197643,
              45.58095385986653
            ],
            [
              22.582974902843123,
              45.58444863581301
            ],
            [
              22.593080726063143,
              45.56063267561466
            ],
            [
              22.63659180211529,
              45.57108196322887
            ],
            [
              22.641047028944314,
              45.55305004483487
            ],
            [
              22.62722125464957,
              45.53605174329667
            ],
            [
              22.64799780095247,
              45.541656518871704
            ],
            [
              22.65266018524232,
              45.52676037610941
            ],
            [
              22.67712625809923,
              45.51574330823548
            ],
            [
              22.66867673076119,
              45.506576622542674
            ],
            [
              22.706620594669726,
              45.460995793422036
            ],
            [
              22.712853113030338,
              45.41578507486012
            ],
            [
              22.65659614783359,
              45.37134188572612
            ],
            [
              22.683193452878896,
              45.33159378625719
            ],
            [
              22.69923547093398,
              45.32865153949533
            ],
            [
              22.696613206023425,
              45.30313059821975
            ],
            [
              22.677314039227653,
              45.28261252952288
            ],
            [
              22.688843505148466,
              45.27454251094413
            ],
            [
              22.68624884496461,
              45.257963635127375
            ]
          ]
        ]
      }
    },
    {
      "type": "Feature",
      "properties": {
        "nume": "Crișana"
      },
      "geometry": {
        "type": "Polygon",
        "coordinates": [
          [
            [
              22.352793911936264,
              45.972692749534716
            ],
            [
              22.31137806338533,
              45.966653485766734
            ],
            [
              22.312147503966777,
              45.93761919224641
            ],
            [
              22.259921578665114,
              45.93420769731672
            ],
            [
              22.245436336040267,
              45.9252023904444
            ],
            [
              22.246864943495968,
              45.90357411533179
            ],
            [
              22.226120704256367,
              45.901912983497525
            ],
            [
              22.200795359741875,
              45.922591878771364
            ],
            [
              22.135436150329546,
              45.922753563317684
            ],
            [
              22.06992270849614,
              45.95912978024511
            ],
            [
              21.99837829321063,
              45.9679428365766
            ],
            [
              21.98719958803452,
              45.98846227711951
            ],
            [
              21.967468320427216,
              45.994351363699536
            ],
            [
              21.925326795255383,
              45.984839072554564
            ],
            [
              21.91620568223493,
              45.963068812429455
            ],
            [
              21.89349781831749,
              45.95245410185791
            ],
            [
              21.872434186708098,
              45.95866869601201
            ],
            [
              21.851364451007946,
              45.94720111840521
            ],
            [
              21.819723360279266,
              45.96782705026763
            ],
            [
              21.811017558197207,
              45.957400858457525
            ],
            [
              21.818705512318665,
              45.94910928177955
            ],
            [
              21.80108792641565,
              45.9439480259971
            ],
            [
              21.805317028160086,
              45.9211420383261
            ],
            [
              21.76971248968736,
              45.91689057593418
            ],
            [
              21.775375166650715,
              45.9486520088934
            ],
            [
              21.736646182405735,
              45.990002938294296
            ],
            [
              21.69242268169784,
              45.916338249289645
            ],
            [
              21.667719116323898,
              45.90623063331562
            ],
            [
              21.66199194028092,
              45.935422920697384
            ],
            [
              21.64837846245367,
              45.94751692019126
            ],
            [
              21.630018029442464,
              45.94276737169674
            ],
            [
              21.64192722106947,
              45.974010178563965
            ],
            [
              21.524232806656034,
              46.01032977083366
            ],
            [
              21.53630019419774,
              46.03302270911906
            ],
            [
              21.51495685783398,
              46.06789170561436
            ],
            [
              21.449175329677463,
              46.04583623699408
            ],
            [
              21.43526403936992,
              46.059484182701425
            ],
            [
              21.449598095730057,
              46.02925248391586
            ],
            [
              21.3908953469924,
              46.008631733874935
            ],
            [
              21.365730277336763,
              45.98191538523775
            ],
            [
              21.351007160269344,
              45.983695641716515
            ],
            [
              21.36065274020817,
              45.99543970793133
            ],
            [
              21.349498117872663,
              46.00217846929529
            ],
            [
              21.28461174299771,
              46.02013346535794
            ],
            [
              21.238266361173785,
              45.98640603010963
            ],
            [
              21.24799125441182,
              45.98083942152968
            ],
            [
              21.23617891798734,
              45.9818616424698
            ],
            [
              21.2419971195414,
              45.971360907519355
            ],
            [
              21.172038607256077,
              45.99874152565271
            ],
            [
              21.11020241314946,
              45.97707298271364
            ],
            [
              21.074443930204442,
              46.01255480916679
            ],
            [
              21.068734810392172,
              46.0397697273715
            ],
            [
              20.94064617430046,
              46.03748683623901
            ],
            [
              20.91793242797923,
              46.0742683885369
            ],
            [
              20.832977805856405,
              46.09056099606298
            ],
            [
              20.78172041057966,
              46.12563798255668
            ],
            [
              20.772734151115227,
              46.144536884654194
            ],
            [
              20.727751829586982,
              46.14525775565465
            ],
            [
              20.70530424488013,
              46.16134534586241
            ],
            [
              20.733327631774536,
              46.19186004590051
            ],
            [
              20.727355643083364,
              46.20741105682805
            ],
            [
              20.761844138829826,
              46.20444206908245
            ],
            [
              20.74882990602551,
              46.2506208591823
            ],
            [
              20.77557972429469,
              46.27590782370498
            ],
            [
              20.873394447394165,
              46.28741659823761
            ],
            [
              20.922212895299506,
              46.26176111555371
            ],
            [
              20.925060061631072,
              46.276196471144516
            ],
            [
              20.946666516499032,
              46.27916179760122
            ],
            [
              20.95248802381822,
              46.264839542183715
            ],
            [
              21.024951582651955,
              46.26649221404314
            ],
            [
              21.036662197494355,
              46.247881655389996
            ],
            [
              21.06600010530975,
              46.2427546832294
            ],
            [
              21.1031520682635,
              46.26258864479184
            ],
            [
              21.115527460070165,
              46.301630105842406
            ],
            [
              21.180539402483628,
              46.30410824368262
            ],
            [
              21.176153709180596,
              46.33556007523735
            ],
            [
              21.19945523787703,
              46.34790516300294
            ],
            [
              21.20628588394546,
              46.40322961624036
            ],
            [
              21.22534647205997,
              46.41352583037431
            ],
            [
              21.296273035811073,
              46.40669186111365
            ],
            [
              21.289757034991553,
              46.415143195020185
            ],
            [
              21.317377565616795,
              46.450937891534146
            ],
            [
              21.29631699696816,
              46.476113855591215
            ],
            [
              21.274326938902504,
              46.476475945433336
            ],
            [
              21.260383374462535,
              46.50194495613017
            ],
            [
              21.274164479419582,
              46.540739153223825
            ],
            [
              21.32071351388557,
              46.582788418755996
            ],
            [
              21.30115605269654,
              46.590770911367045
            ],
            [
              21.314103732045343,
              46.617555861561364
            ],
            [
              21.36559662770227,
              46.63787316753058
            ],
            [
              21.410023730939482,
              46.621903334668595
            ],
            [
              21.41641355193456,
              46.64250934571227
            ],
            [
              21.45470571837651,
              46.660825021909645
            ],
            [
              21.4307754485782,
              46.678329169586206
            ],
            [
              21.43000092810124,
              46.69383163387352
            ],
            [
              21.49214875453562,
              46.68599302833977
            ],
            [
              21.52933200173977,
              46.720766958944
            ],
            [
              21.52667784619475,
              46.739194928943476
            ],
            [
              21.483211931845947,
              46.76470056983379
            ],
            [
              21.518698313347638,
              46.80001862311529
            ],
            [
              21.520064460655938,
              46.83734004045724
            ],
            [
              21.601986728228074,
              46.866636469754056
            ],
            [
              21.603490168090893,
              46.88480857004343
            ],
            [
              21.614203651753332,
              46.886513075629615
            ],
            [
              21.59998256794095,
              46.92862759618295
            ],
            [
              21.63835387211881,
              46.9329255724241
            ],
            [
              21.680331519272702,
              46.96278572559245
            ],
            [
              21.66791759858761,
              46.97019892413289
            ],
            [
              21.68896026568053,
              47.001834075525515
            ],
            [
              21.6486654859129,
              47.04033728663935
            ],
            [
              21.682760137809684,
              47.045716200015114
            ],
            [
              21.726131416166876,
              47.09847099339679
            ],
            [
              21.79260129840441,
              47.10658592924127
            ],
            [
              21.81736729215489,
              47.17274736396325
            ],
            [
              21.858051046963087,
              47.187026285446
            ],
            [
              21.851628206226838,
              47.23913055509004
            ],
            [
              21.887844796483968,
              47.272101475916
            ],
            [
              21.878760048481286,
              47.28735721373276
            ],
            [
              21.93850853618932,
              47.372955658573716
            ],
            [
              22.01197451470412,
              47.375800135277686
            ],
            [
              22.024429501547505,
              47.39311860355037
            ],
            [
              22.035477396333402,
              47.413429283019084
            ],
            [
              22.0327225916746,
              47.45099146332103
            ],
            [
              22.007084147787996,
              47.48334307847242
            ],
            [
              22.02405861432759,
              47.519870191841335
            ],
            [
              22.04542288233108,
              47.53976571495295
            ],
            [
              22.06150245546229,
              47.528988085418824
            ],
            [
              22.07136697858524,
              47.538030904818804
            ],
            [
              22.055286533134716,
              47.54848485567432
            ],
            [
              22.09362269284314,
              47.55813421573005
            ],
            [
              22.128140027783047,
              47.5980903940727
            ],
            [
              22.17654941848326,
              47.59438934903626
            ],
            [
              22.203324140127485,
              47.65488103467587
            ],
            [
              22.222139032977314,
              47.6621434625971
            ],
            [
              22.225927046936,
              47.688005679961904
            ],
            [
              22.258973670566245,
              47.69837286243046
            ],
            [
              22.264537221390626,
              47.73115764491438
            ],
            [
              22.317449657927572,
              47.743265323892636
            ],
            [
              22.31724385731501,
              47.76592759702454
            ],
            [
              22.43011524470348,
              47.74097176900717
            ],
            [
              22.44794748969098,
              47.803120703620074
            ],
            [
              22.48151926531864,
              47.81095052470551
            ],
            [
              22.54952612270115,
              47.77266516526628
            ],
            [
              22.680229182116786,
              47.78774702702767
            ],
            [
              22.711415717950707,
              47.834877652562746
            ],
            [
              22.776944265056997,
              47.84269225162246
            ],
            [
              22.758208710922094,
              47.893462534984984
            ],
            [
              22.793008153063838,
              47.890966111881674
            ],
            [
              22.846994250627635,
              47.90808962844926
            ],
            [
              22.886690500830234,
              47.95148444377512
            ],
            [
              22.947865753348072,
              47.96707052561551
            ],
            [
              22.935859678477346,
              47.998656112006145
            ],
            [
              22.920122343729975,
              48.00686976643341
            ],
            [
              22.926976758944825,
              48.01916669320905
            ],
            [
              23.013617414029806,
              47.99046633367749
            ],
            [
              23.091030529230327,
              48.00536770065775
            ],
            [
              23.08984648114132,
              48.01948138095153
            ],
            [
              23.109171955703427,
              48.03532945223988
            ],
            [
              23.098089247018017,
              48.044204260817004
            ],
            [
              23.11237884571604,
              48.05444936361822
            ],
            [
              23.106440772500154,
              48.06590443443796
            ],
            [
              23.123309373471077,
              48.07741581751876
            ],
            [
              23.113966695402084,
              48.08622929964253
            ],
            [
              23.16659333382378,
              48.1200232078632
            ],
            [
              23.181168774797904,
              48.11727888285791
            ],
            [
              23.18917231226858,
              48.09774251550304
            ],
            [
              23.267823525195833,
              48.10013352296752
            ],
            [
              23.269502232238,
              48.085153453607624
            ],
            [
              23.292184947469337,
              48.073121897436565
            ],
            [
              23.27680407305018,
              48.05764472931981
            ],
            [
              23.3374970228974,
              48.03639344587215
            ],
            [
              23.331887219261382,
              48.02056918782206
            ],
            [
              23.493607478758257,
              47.96782944930961
            ],
            [
              23.542625905032697,
              47.94137606397863
            ],
            [
              23.56473114797081,
              47.94335896110833
            ],
            [
              23.588012352196788,
              47.90060441742337
            ],
            [
              23.61171778946172,
              47.89858519762341
            ],
            [
              23.63872294071552,
              47.862282438836196
            ],
            [
              23.574321655203324,
              47.83645651348377
            ],
            [
              23.560442474165388,
              47.80411227740187
            ],
            [
              23.4769620811074,
              47.78149834776313
            ],
            [
              23.45114789396092,
              47.76179491577155
            ],
            [
              23.390309072284477,
              47.77973489275251
            ],
            [
              23.311537725626852,
              47.774783301905536
            ],
            [
              23.281376887566438,
              47.79730002851017
            ],
            [
              23.24884989783219,
              47.7872269657276
            ],
            [
              23.224827251640093,
              47.76640939454185
            ],
            [
              23.235449142814332,
              47.76561633637062
            ],
            [
              23.230100910735366,
              47.73916626259309
            ],
            [
              23.242438177253078,
              47.72358953967226
            ],
            [
              23.290990620985134,
              47.72774212006005
            ],
            [
              23.305049240939145,
              47.71228882178795
            ],
            [
              23.340609810143324,
              47.715010989137795
            ],
            [
              23.364068578464973,
              47.68608996142972
            ],
            [
              23.387807535008104,
              47.68477365603673
            ],
            [
              23.36334401306188,
              47.6654088723262
            ],
            [
              23.353164266032575,
              47.672097232839505
            ],
            [
              23.334349321918054,
              47.65249366385246
            ],
            [
              23.339972390031914,
              47.64377618030476
            ],
            [
              23.2875324442398,
              47.630164683316266
            ],
            [
              23.286420823807433,
              47.580955272232565
            ],
            [
              23.25940827374404,
              47.579934197042355
            ],
            [
              23.25748229547905,
              47.55037209490096
            ],
            [
              23.212577433286295,
              47.563447379084415
            ],
            [
              23.140418974799836,
              47.62410123316432
            ],
            [
              23.052952723873467,
              47.55517471371878
            ],
            [
              23.046436915367693,
              47.48782773097819
            ],
            [
              22.96321131700525,
              47.486368471914076
            ],
            [
              22.97168218815604,
              47.4671368971271
            ],
            [
              22.98404599877327,
              47.46927804034102
            ],
            [
              22.96533923813302,
              47.455669561987705
            ],
            [
              22.964224654837583,
              47.439369761271294
            ],
            [
              23.01689211745936,
              47.432961413376525
            ],
            [
              23.032363695247067,
              47.41446462725761
            ],
            [
              23.04502947529299,
              47.412847497967896
            ],
            [
              23.035673604746542,
              47.41730909102343
            ],
            [
              23.048629097954716,
              47.43683906228784
            ],
            [
              23.106108367036036,
              47.44237272007499
            ],
            [
              23.11911940845526,
              47.395648762521844
            ],
            [
              23.095874476846742,
              47.39059373525164
            ],
            [
              23.089789312112735,
              47.384242786029624
            ],
            [
              23.10405850067668,
              47.37349273138462
            ],
            [
              23.05978740282323,
              47.351762066370725
            ],
            [
              23.002969135685355,
              47.369001336252836
            ],
            [
              22.9766961232292,
              47.352061891514566
            ],
            [
              22.959623103933307,
              47.358643914494124
            ],
            [
              22.936045617906174,
              47.374917377223944
            ],
            [
              22.916148487468387,
              47.41358152099262
            ],
            [
              22.861178819215052,
              47.412306522829056
            ],
            [
              22.847761932520516,
              47.42216434382733
            ],
            [
              22.81084644181419,
              47.39994636896297
            ],
            [
              22.768223466492064,
              47.41863343944184
            ],
            [
              22.72281471612293,
              47.39271475658092
            ],
            [
              22.645444619234222,
              47.37423234324227
            ],
            [
              22.629737705435772,
              47.34977387225993
            ],
            [
              22.634979378234643,
              47.335511301494435
            ],
            [
              22.58722280500647,
              47.327221159705445
            ],
            [
              22.580560814774945,
              47.30118970214639
            ],
            [
              22.547661405183273,
              47.29824211574231
            ],
            [
              22.546787947057204,
              47.26929955083203
            ],
            [
              22.561219251273695,
              47.25180859262647
            ],
            [
              22.53987407978248,
              47.23385538736383
            ],
            [
              22.516795513545063,
              47.232699421482536
            ],
            [
              22.51100958151433,
              47.21956968744418
            ],
            [
              22.521987136564004,
              47.208183431930586
            ],
            [
              22.515771462333277,
              47.20698212052803
            ],
            [
              22.508026786024534,
              47.21474863028536
            ],
            [
              22.511624112041783,
              47.19617901058014
            ],
            [
              22.49330880483894,
              47.18616429902864
            ],
            [
              22.50820322119187,
              47.16563462840665
            ],
            [
              22.53144155935,
              47.16913231773446
            ],
            [
              22.53376445029617,
              47.14984537909023
            ],
            [
              22.554300295917447,
              47.14319815937318
            ],
            [
              22.54405146768738,
              47.13531455183203
            ],
            [
              22.566679165127745,
              47.12175551075288
            ],
            [
              22.514344640946675,
              47.10880311690245
            ],
            [
              22.592298831444875,
              47.06321081671061
            ],
            [
              22.68677882192329,
              47.05134891119785
            ],
            [
              22.70095154158763,
              47.01814363916431
            ],
            [
              22.728099611920282,
              47.00764257737149
            ],
            [
              22.674815467721476,
              46.97089223776128
            ],
            [
              22.67084833474539,
              46.95011842147529
            ],
            [
              22.736737891596267,
              46.91499746875149
            ],
            [
              22.775673265425315,
              46.91061925457365
            ],
            [
              22.778967440750282,
              46.89703477427036
            ],
            [
              22.754126096330236,
              46.8762236047857
            ],
            [
              22.72641778773126,
              46.81586829504966
            ],
            [
              22.63729303379199,
              46.79941232322471
            ],
            [
              22.713201908161224,
              46.76331501447437
            ],
            [
              22.708237550894836,
              46.73875703297636
            ],
            [
              22.740889906088913,
              46.71437689879423
            ],
            [
              22.77264135018956,
              46.652392620921475
            ],
            [
              22.793563648161197,
              46.639563526234596
            ],
            [
              22.787959922544427,
              46.62704556269373
            ],
            [
              22.819578705975687,
              46.63858548136688
            ],
            [
              22.801467440879634,
              46.61838386988897
            ],
            [
              22.818073157727593,
              46.57040378805964
            ],
            [
              22.763642810744734,
              46.575787924406285
            ],
            [
              22.75129782021414,
              46.54914949235489
            ],
            [
              22.726095960288756,
              46.54691379806513
            ],
            [
              22.69094903065634,
              46.51861978373861
            ],
            [
              22.6769562299342,
              46.52329878663179
            ],
            [
              22.67966273289581,
              46.49245639140509
            ],
            [
              22.663799361551135,
              46.47978488814891
            ],
            [
              22.67977861239032,
              46.476390462372756
            ],
            [
              22.690250671512533,
              46.4397025133158
            ],
            [
              22.719912453320024,
              46.43091956102542
            ],
            [
              22.674641035054652,
              46.40868038668575
            ],
            [
              22.675628509964053,
              46.39497837343152
            ],
            [
              22.70006487487715,
              46.36508622483671
            ],
            [
              22.748717172044007,
              46.35121595370589
            ],
            [
              22.677868946073705,
              46.32136123469412
            ],
            [
              22.680356232138504,
              46.29810046430174
            ],
            [
              22.64903973973255,
              46.22879706938547
            ],
            [
              22.624660784965076,
              46.231417408132536
            ],
            [
              22.607740579808382,
              46.218702217543445
            ],
            [
              22.583771225679435,
              46.233487340804935
            ],
            [
              22.513031373763614,
              46.22463567304696
            ],
            [
              22.494914997148626,
              46.24339274148557
            ],
            [
              22.438428155743754,
              46.210354565561644
            ],
            [
              22.467165354247097,
              46.14571213028878
            ],
            [
              22.445430905983173,
              46.11591625730837
            ],
            [
              22.411492113539765,
              46.10845469865201
            ],
            [
              22.405162328815585,
              46.09510911204003
            ],
            [
              22.429478894577695,
              46.077052766987755
            ],
            [
              22.436979656922176,
              46.0116845970684
            ],
            [
              22.336005898976122,
              45.99438439165297
            ],
            [
              22.352793911936264,
              45.972692749534716
            ]
          ]
        ]
      }
    },
    {
      "type": "Feature",
      "properties": {
        "nume": "Maramureș"
      },
      "geometry": {
        "type": "Polygon",
        "coordinates": [
          [
            [
              24.947111725710343,
              47.729141477238166
            ],
            [
              24.952265068551917,
              47.70553762536352
            ],
            [
              25.05643651471743,
              47.647560623574996
            ],
            [
              24.95856970977296,
              47.61519311541911
            ],
            [
              24.960848646392126,
              47.59686784703263
            ],
            [
              24.82942608610931,
              47.596845559821695
            ],
            [
              24.80725262010723,
              47.56666979283571
            ],
            [
              24.78742280882265,
              47.576992266122346
            ],
            [
              24.725402650231743,
              47.57592864506721
            ],
            [
              24.659594130399107,
              47.553989277737536
            ],
            [
              24.63189463063509,
              47.57581993875154
            ],
            [
              24.56564424552988,
              47.562667060418555
            ],
            [
              24.386531040847554,
              47.60836861811498
            ],
            [
              24.342709477475626,
              47.5653749531718
            ],
            [
              24.3032108185442,
              47.579115549623985
            ],
            [
              24.301951092591217,
              47.55822626817085
            ],
            [
              24.24105708288293,
              47.500455519035484
            ],
            [
              24.166877148290297,
              47.50569449561351
            ],
            [
              24.14140196736331,
              47.48754978326662
            ],
            [
              24.126684378462798,
              47.49939911486978
            ],
            [
              24.117584963324916,
              47.48294677139914
            ],
            [
              24.128466438077027,
              47.47944936535696
            ],
            [
              24.12423384259239,
              47.43780144677519
            ],
            [
              24.07298351851796,
              47.4101933113972
            ],
            [
              24.060854925970386,
              47.377675100841884
            ],
            [
              24.032401842022253,
              47.361973519076244
            ],
            [
              23.898152206370035,
              47.35442134790193
            ],
            [
              23.86986608747602,
              47.380213746108566
            ],
            [
              23.866750609330733,
              47.37025637209382
            ],
            [
              23.846905273892148,
              47.372442762514424
            ],
            [
              23.8322146500325,
              47.34765859078515
            ],
            [
              23.841389316439248,
              47.34002209285084
            ],
            [
              23.764543622045252,
              47.33719749714408
            ],
            [
              23.745259513685223,
              47.3206378018131
            ],
            [
              23.710522316823326,
              47.33091111211851
            ],
            [
              23.699742902444424,
              47.347347996776236
            ],
            [
              23.71235359545436,
              47.352217918447074
            ],
            [
              23.680519636499014,
              47.35512612421412
            ],
            [
              23.66575431353113,
              47.3816659577616
            ],
            [
              23.631471244791904,
              47.39603599084901
            ],
            [
              23.579036933334727,
              47.36223395108549
            ],
            [
              23.51107976073118,
              47.36215352104236
            ],
            [
              23.481644817793377,
              47.37771671171202
            ],
            [
              23.377187800400815,
              47.38803146964042
            ],
            [
              23.35988266165635,
              47.41790874455955
            ],
            [
              23.33623851742039,
              47.4119054572357
            ],
            [
              23.24533716719116,
              47.43924269582172
            ],
            [
              23.220418088891282,
              47.43319024529711
            ],
            [
              23.18357897847525,
              47.45905698351935
            ],
            [
              23.15903305206473,
              47.43808480672315
            ],
            [
              23.106108367036036,
              47.44237272007499
            ],
            [
              23.048629097954716,
              47.43683906228784
            ],
            [
              23.035673604746542,
              47.41730909102343
            ],
            [
              23.04502947529299,
              47.412847497967896
            ],
            [
              23.032363695247067,
              47.41446462725761
            ],
            [
              23.01689211745936,
              47.432961413376525
            ],
            [
              22.964224654837583,
              47.439369761271294
            ],
            [
              22.96533923813302,
              47.455669561987705
            ],
            [
              22.98404599877327,
              47.46927804034102
            ],
            [
              22.97168218815604,
              47.4671368971271
            ],
            [
              22.96321131700525,
              47.486368471914076
            ],
            [
              23.046436915367693,
              47.48782773097819
            ],
            [
              23.052952723873467,
              47.55517471371878
            ],
            [
              23.140418974799836,
              47.62410123316432
            ],
            [
              23.212577433286295,
              47.563447379084415
            ],
            [
              23.25748229547905,
              47.55037209490096
            ],
            [
              23.25940827374404,
              47.579934197042355
            ],
            [
              23.286420823807433,
              47.580955272232565
            ],
            [
              23.2875324442398,
              47.630164683316266
            ],
            [
              23.339972390031914,
              47.64377618030476
            ],
            [
              23.334349321918054,
              47.65249366385246
            ],
            [
              23.353164266032575,
              47.672097232839505
            ],
            [
              23.36334401306188,
              47.6654088723262
            ],
            [
              23.387807535008104,
              47.68477365603673
            ],
            [
              23.364068578464973,
              47.68608996142972
            ],
            [
              23.340609810143324,
              47.715010989137795
            ],
            [
              23.305049240939145,
              47.71228882178795
            ],
            [
              23.290990620985134,
              47.72774212006005
            ],
            [
              23.242438177253078,
              47.72358953967226
            ],
            [
              23.230100910735366,
              47.73916626259309
            ],
            [
              23.235449142814332,
              47.76561633637062
            ],
            [
              23.224827251640093,
              47.76640939454185
            ],
            [
              23.24884989783219,
              47.7872269657276
            ],
            [
              23.281376887566438,
              47.79730002851017
            ],
            [
              23.311537725626852,
              47.774783301905536
            ],
            [
              23.390309072284477,
              47.77973489275251
            ],
            [
              23.45114789396092,
              47.76179491577155
            ],
            [
              23.4769620811074,
              47.78149834776313
            ],
            [
              23.560442474165388,
              47.80411227740187
            ],
            [
              23.574321655203324,
              47.83645651348377
            ],
            [
              23.63872294071552,
              47.862282438836196
            ],
            [
              23.61171778946172,
              47.89858519762341
            ],
            [
              23.588012352196788,
              47.90060441742337
            ],
            [
              23.56473114797081,
              47.94335896110833
            ],
            [
              23.542625905032697,
              47.94137606397863
            ],
            [
              23.493607478758257,
              47.96782944930961
            ],
            [
              23.529064009939244,
              48.01982491710522
            ],
            [
              23.56671814484823,
              48.00297969991575
            ],
            [
              23.634733272215396,
              48.00296310490161
            ],
            [
              23.66466732738069,
              47.98373245561416
            ],
            [
              23.771812382106162,
              47.994945320913416
            ],
            [
              23.819625911330604,
              47.98047414532404
            ],
            [
              23.84394736195968,
              47.94170915461373
            ],
            [
              23.864126576181796,
              47.931757122899974
            ],
            [
              23.883683691130962,
              47.9441589722511
            ],
            [
              23.94197521114493,
              47.94846577612569
            ],
            [
              23.954592326717187,
              47.96466000621646
            ],
            [
              24.00905457814769,
              47.967260704052975
            ],
            [
              24.03184996681093,
              47.94927772774458
            ],
            [
              24.062194148705007,
              47.95340457145658
            ],
            [
              24.098598908999335,
              47.93651406811617
            ],
            [
              24.111389142364885,
              47.91504874673633
            ],
            [
              24.19667989717316,
              47.916067724602605
            ],
            [
              24.228271421448007,
              47.8964835636855
            ],
            [
              24.32489858323014,
              47.92590010226375
            ],
            [
              24.344943205406473,
              47.914748054300084
            ],
            [
              24.381270914947752,
              47.926470385389145
            ],
            [
              24.393909745661997,
              47.9543023458108
            ],
            [
              24.435877233693397,
              47.97051233371468
            ],
            [
              24.512374844337618,
              47.951849738725585
            ],
            [
              24.575398423851453,
              47.967391418010266
            ],
            [
              24.59692563526064,
              47.946355991041855
            ],
            [
              24.62838645277275,
              47.94794837019275
            ],
            [
              24.635040516436856,
              47.92457468787265
            ],
            [
              24.673782378022246,
              47.89637989965824
            ],
            [
              24.67230449915675,
              47.863117146186454
            ],
            [
              24.702919457108386,
              47.85246897623541
            ],
            [
              24.7057954008982,
              47.840124304807375
            ],
            [
              24.734406164905383,
              47.843855796986645
            ],
            [
              24.752970679564662,
              47.82973859773903
            ],
            [
              24.77811880952434,
              47.83740233267714
            ],
            [
              24.78412330492418,
              47.82343738039364
            ],
            [
              24.827750397414242,
              47.8204763059256
            ],
            [
              24.82150935604288,
              47.80630924889203
            ],
            [
              24.836320853716742,
              47.77968286066061
            ],
            [
              24.878198681060994,
              47.75265946159737
            ],
            [
              24.883150485895094,
              47.72437107612566
            ],
            [
              24.947111725710343,
              47.729141477238166
            ]
          ]
        ]
      }
    },
    {
      "type": "Feature",
      "properties": {
        "nume": "Bucovina"
      },
      "geometry": {
        "type": "Polygon",
        "coordinates": [
          [
            [
              26.098832334103832,
              47.97881910885402
            ],
            [
              26.121567931948608,
              47.97029200254393
            ],
            [
              26.109898813553706,
              47.962615078176896
            ],
            [
              26.131130883587396,
              47.95333104418657
            ],
            [
              26.126001755783737,
              47.93266094524031
            ],
            [
              26.184007327257152,
              47.919894035773
            ],
            [
              26.183760278770915,
              47.89292240235281
            ],
            [
              26.19940577604114,
              47.88441759680411
            ],
            [
              26.228780981199115,
              47.900113805503445
            ],
            [
              26.27277811396182,
              47.87569610638457
            ],
            [
              26.264081635138975,
              47.86847190996287
            ],
            [
              26.28167528242278,
              47.85675464277594
            ],
            [
              26.29059919936911,
              47.864498519808606
            ],
            [
              26.30364620725479,
              47.85542123058761
            ],
            [
              26.31102547525734,
              47.8489541868482
            ],
            [
              26.300503011424297,
              47.835817335409544
            ],
            [
              26.324699236300262,
              47.83124343411072
            ],
            [
              26.318443636016955,
              47.81461537495225
            ],
            [
              26.36958558342063,
              47.774063405224396
            ],
            [
              26.40626445082459,
              47.78414798804992
            ],
            [
              26.40631628152637,
              47.75396444491553
            ],
            [
              26.392093271586923,
              47.73829055574402
            ],
            [
              26.43985914166394,
              47.74297618314945
            ],
            [
              26.43229172620919,
              47.72632503461846
            ],
            [
              26.446067155800584,
              47.73358115425939
            ],
            [
              26.46764356447967,
              47.715926859727674
            ],
            [
              26.463463047453736,
              47.7069206753953
            ],
            [
              26.50746595622839,
              47.663454217486446
            ],
            [
              26.496673836016715,
              47.6587171473365
            ],
            [
              26.54377043779703,
              47.64401175800712
            ],
            [
              26.53611508453881,
              47.61941847614029
            ],
            [
              26.552053296685603,
              47.608828159810834
            ],
            [
              26.53729572474528,
              47.598500583474376
            ],
            [
              26.54798655716702,
              47.59121918852431
            ],
            [
              26.541735585298415,
              47.58258589398138
            ],
            [
              26.558106677244172,
              47.5790751880208
            ],
            [
              26.577985105679137,
              47.53535535339636
            ],
            [
              26.603960996147084,
              47.53251974363534
            ],
            [
              26.604785896471927,
              47.520552701671555
            ],
            [
              26.550413169874908,
              47.51172258296518
            ],
            [
              26.56056414521872,
              47.49560460025851
            ],
            [
              26.58925828351506,
              47.490388506914975
            ],
            [
              26.586585991501142,
              47.46296721875822
            ],
            [
              26.70059349820329,
              47.47172977473161
            ],
            [
              26.695086793277756,
              47.45947454331743
            ],
            [
              26.681510526084224,
              47.46152611910025
            ],
            [
              26.680399082751734,
              47.43978513778328
            ],
            [
              26.703408279790995,
              47.408849414782956
            ],
            [
              26.69597705152051,
              47.40081437764672
            ],
            [
              26.679519749011995,
              47.41337778952358
            ],
            [
              26.643975229821486,
              47.398790650499116
            ],
            [
              26.678643304422824,
              47.37679161129947
            ],
            [
              26.663695235314716,
              47.367081802649466
            ],
            [
              26.68361057256759,
              47.36364631347538
            ],
            [
              26.611669903217077,
              47.35488434184817
            ],
            [
              26.57056593081453,
              47.376276163044444
            ],
            [
              26.570896397867248,
              47.389425399081674
            ],
            [
              26.532929763082052,
              47.38979499492766
            ],
            [
              26.52746335182662,
              47.404639823612094
            ],
            [
              26.49362247991821,
              47.39272530051707
            ],
            [
              26.508859792825618,
              47.363131806172504
            ],
            [
              26.496988605904292,
              47.34991657198917
            ],
            [
              26.550524801074232,
              47.30985592545099
            ],
            [
              26.57421687058633,
              47.306415476471166
            ],
            [
              26.50781051921815,
              47.271709896469346
            ],
            [
              26.405528286705685,
              47.34032203364094
            ],
            [
              26.277123842347052,
              47.29514438845475
            ],
            [
              26.267348839637165,
              47.28198917697168
            ],
            [
              26.242717697238195,
              47.28104842569023
            ],
            [
              26.185928057800552,
              47.307371613842164
            ],
            [
              26.056337687643214,
              47.274552498318286
            ],
            [
              26.02494504669382,
              47.28935766025255
            ],
            [
              25.978561887709166,
              47.28872192716709
            ],
            [
              25.932303428190917,
              47.27705552896693
            ],
            [
              25.923631044103605,
              47.25915725498966
            ],
            [
              25.90049966385261,
              47.26199372910248
            ],
            [
              25.835282796796857,
              47.31194609980278
            ],
            [
              25.772953435273482,
              47.32094940962826
            ],
            [
              25.763921400782912,
              47.31763933164264
            ],
            [
              25.81296161155995,
              47.260205937221464
            ],
            [
              25.72896980213271,
              47.21708588343287
            ],
            [
              25.716010220079344,
              47.19706552846224
            ],
            [
              25.721119520408568,
              47.17495590727185
            ],
            [
              25.691758727453355,
              47.15879632476018
            ],
            [
              25.69776292459909,
              47.14342333097793
            ],
            [
              25.663982727950124,
              47.119399235178655
            ],
            [
              25.661598720871854,
              47.091661522842514
            ],
            [
              25.623805126615075,
              47.09502996309426
            ],
            [
              25.601595545951998,
              47.07733886686482
            ],
            [
              25.535636559474728,
              47.08346341934493
            ],
            [
              25.530300481194875,
              47.11053039317344
            ],
            [
              25.458008615342155,
              47.14439524645974
            ],
            [
              25.426497696759192,
              47.16970501012892
            ],
            [
              25.42514455808535,
              47.183857274623065
            ],
            [
              25.30503790892056,
              47.16513870735324
            ],
            [
              25.287230244324334,
              47.13323399063746
            ],
            [
              25.295943558566677,
              47.115255052032325
            ],
            [
              25.2513168558642,
              47.097775053057916
            ],
            [
              25.173080694214647,
              47.13059668060474
            ],
            [
              25.144062671589367,
              47.11322821201125
            ],
            [
              25.06359017022313,
              47.136375878879704
            ],
            [
              25.067192661255426,
              47.166762779558056
            ],
            [
              25.044274058144595,
              47.21609136440851
            ],
            [
              25.079599444962234,
              47.25864056196801
            ],
            [
              25.028074060544945,
              47.28679871056862
            ],
            [
              25.077543908196002,
              47.31166544534747
            ],
            [
              25.077102652604836,
              47.34077296689246
            ],
            [
              25.06032415888618,
              47.35327187082307
            ],
            [
              25.06942935513581,
              47.36993821863785
            ],
            [
              24.982845348313376,
              47.424035728186404
            ],
            [
              25.026709675928448,
              47.43581315112964
            ],
            [
              25.058287455801043,
              47.41654800951635
            ],
            [
              25.05238132854603,
              47.43102017665014
            ],
            [
              25.090902286091417,
              47.44894067926147
            ],
            [
              25.066202960721597,
              47.45021382249895
            ],
            [
              25.045373902058117,
              47.48104622620457
            ],
            [
              25.09379658802682,
              47.503977657609525
            ],
            [
              25.095056396270817,
              47.516217883892104
            ],
            [
              25.066497284035265,
              47.53035599913884
            ],
            [
              25.05196207373376,
              47.56045720621973
            ],
            [
              25.007783344181522,
              47.56884111243193
            ],
            [
              24.960848646392126,
              47.59686784703263
            ],
            [
              24.95856970977296,
              47.61519311541911
            ],
            [
              25.05643651471743,
              47.647560623574996
            ],
            [
              24.952265068551917,
              47.70553762536352
            ],
            [
              24.947111725710343,
              47.729141477238166
            ],
            [
              25.04010960724072,
              47.72541938526208
            ],
            [
              25.053829214601386,
              47.74641054262319
            ],
            [
              25.11561111674831,
              47.75484126235957
            ],
            [
              25.13409792785162,
              47.782318756589014
            ],
            [
              25.167616033896852,
              47.79226419132981
            ],
            [
              25.180179187129962,
              47.82592873253608
            ],
            [
              25.221958260471933,
              47.85867637295815
            ],
            [
              25.230157292140497,
              47.8930548562766
            ],
            [
              25.269820914827044,
              47.89237878114695
            ],
            [
              25.31093664552768,
              47.9143630095536
            ],
            [
              25.625542749003863,
              47.94879521966007
            ],
            [
              25.774645440207305,
              47.93938952483403
            ],
            [
              25.837487555830545,
              47.96719793456987
            ],
            [
              25.891881820285377,
              47.96121817343277
            ],
            [
              25.914672394481922,
              47.97739484670675
            ],
            [
              25.95198399389888,
              47.970856390438115
            ],
            [
              26.06113720543632,
              47.9880197164694
            ],
            [
              26.098832334103832,
              47.97881910885402
            ]
          ]
        ]
      }
    },
    {
      "type": "Feature",
      "properties": {
        "nume": "Moldova"
      },
      "geometry": {
        "type": "Polygon",
        "coordinates": [
          [
            [
              28.210800162494614,
              45.46717808423119
            ],
            [
              28.19381695803011,
              45.45809737282365
            ],
            [
              28.187252483111763,
              45.41298864023304
            ],
            [
              28.098262009486188,
              45.44110243956173
            ],
            [
              28.03054957670443,
              45.40433499461438
            ],
            [
              27.983007064107248,
              45.3906329736473
            ],
            [
              27.889085458736982,
              45.420067806787976
            ],
            [
              27.874028224269846,
              45.417887283353046
            ],
            [
              27.868665196182135,
              45.39799462834705
            ],
            [
              27.82188097122128,
              45.396521325132596
            ],
            [
              27.786361776834937,
              45.406889783148884
            ],
            [
              27.783018661024883,
              45.42230929829584
            ],
            [
              27.7396291927305,
              45.41536729585141
            ],
            [
              27.75018697437532,
              45.4485011537208
            ],
            [
              27.716780368677124,
              45.43347063277271
            ],
            [
              27.67326689395338,
              45.44618451410332
            ],
            [
              27.692659993402803,
              45.481606977241114
            ],
            [
              27.66162936264206,
              45.47196186017626
            ],
            [
              27.66418052786258,
              45.48979742001222
            ],
            [
              27.654408810033765,
              45.49071392567931
            ],
            [
              27.646233161195642,
              45.462141574914945
            ],
            [
              27.62883232149044,
              45.454648762344526
            ],
            [
              27.605606343224757,
              45.48224378701349
            ],
            [
              27.575288607514896,
              45.49166504274843
            ],
            [
              27.440402680964976,
              45.414800943141614
            ],
            [
              27.429438969398266,
              45.405602196844306
            ],
            [
              27.43475517452186,
              45.39470884409849
            ],
            [
              27.401464409417787,
              45.37701932147883
            ],
            [
              27.3366206441019,
              45.37133465363553
            ],
            [
              27.339579453398752,
              45.383511720967135
            ],
            [
              27.270029914810305,
              45.39020957735924
            ],
            [
              27.264619958102,
              45.4205013083256
            ],
            [
              27.280259204894573,
              45.42682842613889
            ],
            [
              27.279546340870457,
              45.45434730329855
            ],
            [
              27.22343495298617,
              45.42758477643324
            ],
            [
              27.194403475032125,
              45.45337198410743
            ],
            [
              27.174829796876555,
              45.42765017297913
            ],
            [
              27.114841982945773,
              45.40929939964008
            ],
            [
              27.12005885310701,
              45.420809905014416
            ],
            [
              27.104082213034854,
              45.42603512831725
            ],
            [
              27.106649358212035,
              45.438523255261046
            ],
            [
              27.158279470622603,
              45.465207399360175
            ],
            [
              27.109280180995984,
              45.474892621361704
            ],
            [
              27.089935537377666,
              45.4458976488715
            ],
            [
              27.045442772083575,
              45.45257554506175
            ],
            [
              27.002226975192123,
              45.484872620418216
            ],
            [
              26.975075157449982,
              45.53193589040957
            ],
            [
              26.985850866941313,
              45.53773426421135
            ],
            [
              26.94829288483368,
              45.52186897824238
            ],
            [
              26.90335877600359,
              45.53865351325569
            ],
            [
              26.890162261875798,
              45.51680862206778
            ],
            [
              26.83391728103136,
              45.517837249120106
            ],
            [
              26.80539027054999,
              45.54786134286937
            ],
            [
              26.743253659371565,
              45.550628426414654
            ],
            [
              26.743387842775842,
              45.566465145254305
            ],
            [
              26.71897585677985,
              45.5718499631712
            ],
            [
              26.681548847298686,
              45.60870140709741
            ],
            [
              26.530082214675705,
              45.640843224538386
            ],
            [
              26.48299919200227,
              45.70114622878581
            ],
            [
              26.467176775322194,
              45.70456812943099
            ],
            [
              26.466813188366483,
              45.71932276903724
            ],
            [
              26.435740467941685,
              45.739673003678135
            ],
            [
              26.440774025903416,
              45.77663280382359
            ],
            [
              26.392116584551722,
              45.80239797420004
            ],
            [
              26.37100703827715,
              45.84336926108756
            ],
            [
              26.387989403361505,
              45.87359369817818
            ],
            [
              26.375667033052924,
              45.90732255360363
            ],
            [
              26.39449993005922,
              45.92085676884086
            ],
            [
              26.39127280465682,
              45.95792074390455
            ],
            [
              26.437832746412475,
              45.989487132087085
            ],
            [
              26.442003931227113,
              46.0509243897796
            ],
            [
              26.425152321140434,
              46.06684258553651
            ],
            [
              26.430633080951736,
              46.078069685487236
            ],
            [
              26.405058511826855,
              46.09225610916275
            ],
            [
              26.407904061482967,
              46.103572386206956
            ],
            [
              26.370763240861308,
              46.10979017146067
            ],
            [
              26.38007951653968,
              46.1283241738838
            ],
            [
              26.39254298537994,
              46.1230344774134
            ],
            [
              26.38752328847615,
              46.14496501952458
            ],
            [
              26.343257667765595,
              46.137141744900866
            ],
            [
              26.347437294576693,
              46.16211841054281
            ],
            [
              26.330532977203568,
              46.18335497519621
            ],
            [
              26.341439554570737,
              46.203697265632336
            ],
            [
              26.326708097777054,
              46.22999985205347
            ],
            [
              26.25863492126713,
              46.25010265105018
            ],
            [
              26.253416538903533,
              46.27734667842944
            ],
            [
              26.27436710062498,
              46.28735146684442
            ],
            [
              26.292852000863192,
              46.33424243862143
            ],
            [
              26.270801406803052,
              46.34489421715917
            ],
            [
              26.235665627463298,
              46.33505425617723
            ],
            [
              26.220972427854097,
              46.31456538137068
            ],
            [
              26.15610088254152,
              46.315169638274305
            ],
            [
              26.14926438259916,
              46.32903905384537
            ],
            [
              26.16440476712539,
              46.347127271624174
            ],
            [
              26.1659515720606,
              46.38477716825073
            ],
            [
              26.06191963698053,
              46.40070211944896
            ],
            [
              26.04690595184277,
              46.416581822640104
            ],
            [
              25.995259115314273,
              46.406758664372624
            ],
            [
              26.00315906921534,
              46.42519771009048
            ],
            [
              25.986991700378777,
              46.43889163757246
            ],
            [
              26.017060140740764,
              46.46120366069809
            ],
            [
              26.007049257445164,
              46.48257265478822
            ],
            [
              26.056627722578387,
              46.49436403195431
            ],
            [
              26.07461024874838,
              46.48453663381451
            ],
            [
              26.081367237917608,
              46.51634551174424
            ],
            [
              26.03550547500643,
              46.5438508262421
            ],
            [
              26.022469555883593,
              46.58875375078508
            ],
            [
              25.998472071619847,
              46.6015101807904
            ],
            [
              25.991659958643325,
              46.6214360743868
            ],
            [
              26.003311857281926,
              46.637851195065124
            ],
            [
              26.01942996264576,
              46.634331608893405
            ],
            [
              25.993438227487978,
              46.67382624233424
            ],
            [
              25.97270727330774,
              46.67764425326724
            ],
            [
              25.975390266608507,
              46.69721148469945
            ],
            [
              25.895792898458996,
              46.70152616323691
            ],
            [
              25.883866253001266,
              46.68869420357309
            ],
            [
              25.90860057752389,
              46.6548605493079
            ],
            [
              25.867390921610635,
              46.64943165082283
            ],
            [
              25.79589979041253,
              46.71805195470274
            ],
            [
              25.807207541702336,
              46.737393757812725
            ],
            [
              25.80742936305963,
              46.8049101661356
            ],
            [
              25.77703029378049,
              46.82558241245499
            ],
            [
              25.8048100897179,
              46.84062061915735
            ],
            [
              25.782794444865292,
              46.85120475657063
            ],
            [
              25.779474072225522,
              46.83423973992819
            ],
            [
              25.762448259817784,
              46.84123228833633
            ],
            [
              25.78152789886659,
              46.863116698545156
            ],
            [
              25.765398518331654,
              46.88446698833255
            ],
            [
              25.803719360918056,
              46.929004584399244
            ],
            [
              25.861985353475507,
              46.92339761157265
            ],
            [
              25.826723779347496,
              46.97396528531365
            ],
            [
              25.801484373600807,
              46.966544221594035
            ],
            [
              25.76929389073434,
              47.03558898599824
            ],
            [
              25.743761230146188,
              47.05207633373827
            ],
            [
              25.738109546106127,
              47.071171473125325
            ],
            [
              25.661598720871854,
              47.091661522842514
            ],
            [
              25.663982727950124,
              47.119399235178655
            ],
            [
              25.69776292459909,
              47.14342333097793
            ],
            [
              25.691758727453355,
              47.15879632476018
            ],
            [
              25.721119520408568,
              47.17495590727185
            ],
            [
              25.716010220079344,
              47.19706552846224
            ],
            [
              25.72896980213271,
              47.21708588343287
            ],
            [
              25.81296161155995,
              47.260205937221464
            ],
            [
              25.763921400782912,
              47.31763933164264
            ],
            [
              25.772953435273482,
              47.32094940962826
            ],
            [
              25.835282796796857,
              47.31194609980278
            ],
            [
              25.90049966385261,
              47.26199372910248
            ],
            [
              25.923631044103605,
              47.25915725498966
            ],
            [
              25.932303428190917,
              47.27705552896693
            ],
            [
              25.978561887709166,
              47.28872192716709
            ],
            [
              26.02494504669382,
              47.28935766025255
            ],
            [
              26.056337687643214,
              47.274552498318286
            ],
            [
              26.185928057800552,
              47.307371613842164
            ],
            [
              26.242717697238195,
              47.28104842569023
            ],
            [
              26.267348839637165,
              47.28198917697168
            ],
            [
              26.277123842347052,
              47.29514438845475
            ],
            [
              26.405528286705685,
              47.34032203364094
            ],
            [
              26.50781051921815,
              47.271709896469346
            ],
            [
              26.57421687058633,
              47.306415476471166
            ],
            [
              26.550524801074232,
              47.30985592545099
            ],
            [
              26.496988605904292,
              47.34991657198917
            ],
            [
              26.508859792825618,
              47.363131806172504
            ],
            [
              26.49362247991821,
              47.39272530051707
            ],
            [
              26.52746335182662,
              47.404639823612094
            ],
            [
              26.532929763082052,
              47.38979499492766
            ],
            [
              26.570896397867248,
              47.389425399081674
            ],
            [
              26.57056593081453,
              47.376276163044444
            ],
            [
              26.611669903217077,
              47.35488434184817
            ],
            [
              26.68361057256759,
              47.36364631347538
            ],
            [
              26.663695235314716,
              47.367081802649466
            ],
            [
              26.678643304422824,
              47.37679161129947
            ],
            [
              26.643975229821486,
              47.398790650499116
            ],
            [
              26.679519749011995,
              47.41337778952358
            ],
            [
              26.69597705152051,
              47.40081437764672
            ],
            [
              26.703408279790995,
              47.408849414782956
            ],
            [
              26.680399082751734,
              47.43978513778328
            ],
            [
              26.681510526084224,
              47.46152611910025
            ],
            [
              26.695086793277756,
              47.45947454331743
            ],
            [
              26.70059349820329,
              47.47172977473161
            ],
            [
              26.586585991501142,
              47.46296721875822
            ],
            [
              26.58925828351506,
              47.490388506914975
            ],
            [
              26.56056414521872,
              47.49560460025851
            ],
            [
              26.550413169874908,
              47.51172258296518
            ],
            [
              26.604785896471927,
              47.520552701671555
            ],
            [
              26.603960996147084,
              47.53251974363534
            ],
            [
              26.577985105679137,
              47.53535535339636
            ],
            [
              26.558106677244172,
              47.5790751880208
            ],
            [
              26.541735585298415,
              47.58258589398138
            ],
            [
              26.54798655716702,
              47.59121918852431
            ],
            [
              26.53729572474528,
              47.598500583474376
            ],
            [
              26.552053296685603,
              47.608828159810834
            ],
            [
              26.53611508453881,
              47.61941847614029
            ],
            [
              26.54377043779703,
              47.64401175800712
            ],
            [
              26.496673836016715,
              47.6587171473365
            ],
            [
              26.50746595622839,
              47.663454217486446
            ],
            [
              26.463463047453736,
              47.7069206753953
            ],
            [
              26.46764356447967,
              47.715926859727674
            ],
            [
              26.446067155800584,
              47.73358115425939
            ],
            [
              26.43229172620919,
              47.72632503461846
            ],
            [
              26.43985914166394,
              47.74297618314945
            ],
            [
              26.392093271586923,
              47.73829055574402
            ],
            [
              26.40631628152637,
              47.75396444491553
            ],
            [
              26.40626445082459,
              47.78414798804992
            ],
            [
              26.36958558342063,
              47.774063405224396
            ],
            [
              26.318443636016955,
              47.81461537495225
            ],
            [
              26.324699236300262,
              47.83124343411072
            ],
            [
              26.300503011424297,
              47.835817335409544
            ],
            [
              26.31102547525734,
              47.8489541868482
            ],
            [
              26.30364620725479,
              47.85542123058761
            ],
            [
              26.29059919936911,
              47.864498519808606
            ],
            [
              26.28167528242278,
              47.85675464277594
            ],
            [
              26.264081635138975,
              47.86847190996287
            ],
            [
              26.27277811396182,
              47.87569610638457
            ],
            [
              26.228780981199115,
              47.900113805503445
            ],
            [
              26.19940577604114,
              47.88441759680411
            ],
            [
              26.183760278770915,
              47.89292240235281
            ],
            [
              26.184007327257152,
              47.919894035773
            ],
            [
              26.126001755783737,
              47.93266094524031
            ],
            [
              26.131130883587396,
              47.95333104418657
            ],
            [
              26.109898813553706,
              47.962615078176896
            ],
            [
              26.121567931948608,
              47.97029200254393
            ],
            [
              26.098832334103832,
              47.97881910885402
            ],
            [
              26.18805880086488,
              47.99548451874369
            ],
            [
              26.21211131237092,
              48.050785704542484
            ],
            [
              26.266869457120727,
              48.076510914013234
            ],
            [
              26.29800559477301,
              48.133690335725596
            ],
            [
              26.33423979252045,
              48.15940677939886
            ],
            [
              26.332693820058516,
              48.185825939929714
            ],
            [
              26.360482352413985,
              48.18517458920254
            ],
            [
              26.376284366086335,
              48.198795280709014
            ],
            [
              26.386843506729516,
              48.186964393950475
            ],
            [
              26.420876916633613,
              48.201654720125326
            ],
            [
              26.43589392547554,
              48.193226563870155
            ],
            [
              26.435233298763578,
              48.20454698115554
            ],
            [
              26.471512764209958,
              48.22022734751772
            ],
            [
              26.529294794370113,
              48.209802059882875
            ],
            [
              26.549714812666913,
              48.22510026706468
            ],
            [
              26.572338927325276,
              48.21945989821697
            ],
            [
              26.578184508476102,
              48.24398220609514
            ],
            [
              26.620396500413907,
              48.23919068233958
            ],
            [
              26.61546716210049,
              48.25149466925643
            ],
            [
              26.660789132643348,
              48.264330870429184
            ],
            [
              26.664659781054603,
              48.247603452309534
            ],
            [
              26.68027954089059,
              48.24862227104811
            ],
            [
              26.70023030094811,
              48.265383711223095
            ],
            [
              26.725013597131607,
              48.24570880344258
            ],
            [
              26.72859158416415,
              48.258211180633104
            ],
            [
              26.742654364462794,
              48.25408895799254
            ],
            [
              26.735871100248293,
              48.24495370072654
            ],
            [
              26.80963610884777,
              48.253944107357505
            ],
            [
              26.83160273624005,
              48.22668600698186
            ],
            [
              26.851752398779826,
              48.23411168413662
            ],
            [
              26.884232107252057,
              48.20242223336826
            ],
            [
              26.908772649012068,
              48.20142828171405
            ],
            [
              26.89244323505865,
              48.191783009488645
            ],
            [
              26.904650416898587,
              48.1803388054421
            ],
            [
              26.92089176616702,
              48.18220448134581
            ],
            [
              26.913900312716937,
              48.198552287279746
            ],
            [
              26.941418251066416,
              48.1969840256427
            ],
            [
              26.949959302865242,
              48.185295898616864
            ],
            [
              26.935253807382406,
              48.164009719034404
            ],
            [
              26.991722241447885,
              48.149767690431815
            ],
            [
              26.955986276449885,
              48.15228554803541
            ],
            [
              26.956352288558033,
              48.13509985532996
            ],
            [
              27.00058356359571,
              48.1218781418326
            ],
            [
              27.02022942577076,
              48.13838119552957
            ],
            [
              27.02451107488935,
              48.12433869718569
            ],
            [
              27.03922360508589,
              48.12967280660991
            ],
            [
              27.040677451438714,
              48.10336231836122
            ],
            [
              27.024952278448783,
              48.08993291491196
            ],
            [
              27.080021291542224,
              48.0510059577141
            ],
            [
              27.083986233033464,
              48.03473171409586
            ],
            [
              27.107528136943543,
              48.03276732867724
            ],
            [
              27.091099978692103,
              48.00747690867093
            ],
            [
              27.1238781965225,
              48.01608583325991
            ],
            [
              27.12182998871231,
              47.99391114932273
            ],
            [
              27.166146139605623,
              47.99488663418582
            ],
            [
              27.141373752553292,
              47.9669597561712
            ],
            [
              27.178166067053457,
              47.94686078568737
            ],
            [
              27.150837541188615,
              47.92131965520813
            ],
            [
              27.19994335185242,
              47.90184402538646
            ],
            [
              27.208989351835605,
              47.849419512697054
            ],
            [
              27.248209771982708,
              47.83411384305539
            ],
            [
              27.22281918108924,
              47.83166866417986
            ],
            [
              27.215274350400943,
              47.81927409875748
            ],
            [
              27.241372770040943,
              47.815772451374976
            ],
            [
              27.23147468661633,
              47.79898396315976
            ],
            [
              27.266459272186726,
              47.780232727429265
            ],
            [
              27.26512797691058,
              47.76068443938655
            ],
            [
              27.29690599826708,
              47.7521296895552
            ],
            [
              27.28067327820936,
              47.735889973047044
            ],
            [
              27.293932337285657,
              47.724034939163246
            ],
            [
              27.265503325197045,
              47.73279909509075
            ],
            [
              27.25004813951977,
              47.71952893851135
            ],
            [
              27.282651549517645,
              47.70081085010144
            ],
            [
              27.2732117789213,
              47.69016608945542
            ],
            [
              27.29646583645159,
              47.68039627608163
            ],
            [
              27.294806286373337,
              47.66241156682858
            ],
            [
              27.332442334195928,
              47.62811873665718
            ],
            [
              27.361535668581052,
              47.61935515250569
            ],
            [
              27.373106007746514,
              47.59693032666775
            ],
            [
              27.42827679018437,
              47.582535211867445
            ],
            [
              27.418575191021716,
              47.56517003089118
            ],
            [
              27.432871396723804,
              47.56240581870437
            ],
            [
              27.424030866773197,
              47.55412036043941
            ],
            [
              27.440094795441986,
              47.54852112581711
            ],
            [
              27.431020036053795,
              47.544174976277816
            ],
            [
              27.45687499108167,
              47.53635565279385
            ],
            [
              27.444115614937473,
              47.530733424056585
            ],
            [
              27.451395667216072,
              47.52188662412909
            ],
            [
              27.46761954874092,
              47.52677853381584
            ],
            [
              27.45433601619191,
              47.50775922223396
            ],
            [
              27.474799700183286,
              47.48530380721382
            ],
            [
              27.506825849664196,
              47.478413850278756
            ],
            [
              27.51607847875229,
              47.49083747686575
            ],
            [
              27.51531091659171,
              47.473725650134575
            ],
            [
              27.536333877930446,
              47.47819141329136
            ],
            [
              27.53811655407634,
              47.489023804315835
            ],
            [
              27.559296743629517,
              47.4635612036739
            ],
            [
              27.572587361802455,
              47.46393460692379
            ],
            [
              27.552576983607203,
              47.43356040190342
            ],
            [
              27.584381880745887,
              47.40851851210241
            ],
            [
              27.568854586475105,
              47.37328401505259
            ],
            [
              27.596766987452575,
              47.37233912248465
            ],
            [
              27.595148749050338,
              47.34714246638109
            ],
            [
              27.615259277901934,
              47.3394909984551
            ],
            [
              27.58075858306446,
              47.328034905026485
            ],
            [
              27.59962149456259,
              47.317116456844765
            ],
            [
              27.604928776683757,
              47.32887515372288
            ],
            [
              27.60598683856486,
              47.31699662921748
            ],
            [
              27.622361851501108,
              47.32585086702845
            ],
            [
              27.646617537515574,
              47.29956746873661
            ],
            [
              27.663312248391225,
              47.30826800278061
            ],
            [
              27.673595172333556,
              47.299311501431866
            ],
            [
              27.679084694835172,
              47.30947553426038
            ],
            [
              27.685894687542607,
              47.284412313287746
            ],
            [
              27.706213827237175,
              47.28957774438481
            ],
            [
              27.705291915574918,
              47.30010717571919
            ],
            [
              27.731929517648112,
              47.292894077971056
            ],
            [
              27.75867799198243,
              47.257806510207324
            ],
            [
              27.74223540125351,
              47.25687791505575
            ],
            [
              27.757441710534604,
              47.24954271985569
            ],
            [
              27.74515121314828,
              47.24273608080072
            ],
            [
              27.785844451254697,
              47.21869578908548
            ],
            [
              27.776979719436493,
              47.20454972253994
            ],
            [
              27.790117989824914,
              47.20768085498634
            ],
            [
              27.786695513983183,
              47.190391135042105
            ],
            [
              27.803677994700394,
              47.18851172351409
            ],
            [
              27.796274095612077,
              47.170770251267314
            ],
            [
              27.811292418035116,
              47.165649691089584
            ],
            [
              27.784141556095104,
              47.14973000287777
            ],
            [
              27.799377141247046,
              47.141677313373336
            ],
            [
              27.780949288780626,
              47.14265224027817
            ],
            [
              27.84278772155971,
              47.13554056516849
            ],
            [
              27.849584786766133,
              47.12389914143722
            ],
            [
              27.825895139634213,
              47.1215818287813
            ],
            [
              27.859900746792718,
              47.10354279196144
            ],
            [
              27.874749870894746,
              47.107928485792506
            ],
            [
              27.866798531571547,
              47.10280192299383
            ],
            [
              27.883685331771463,
              47.098964941344725
            ],
            [
              27.89765835447957,
              47.07343663568466
            ],
            [
              27.94076177757645,
              47.065955815059816
            ],
            [
              27.96035228199257,
              47.05576311773636
            ],
            [
              27.944595850591167,
              47.049870500331366
            ],
            [
              27.9950385475919,
              47.02895690745212
            ],
            [
              28.048011399177444,
              47.0249635679323
            ],
            [
              28.053213471899497,
              47.01350609003147
            ],
            [
              28.041314966018735,
              47.019183421277695
            ],
            [
              28.03261364463984,
              47.01091806172362
            ],
            [
              28.09614079759822,
              46.978947077019775
            ],
            [
              28.07833187801481,
              46.9633410289813
            ],
            [
              28.09676511580894,
              46.94186407734568
            ],
            [
              28.081301133237076,
              46.937539484295215
            ],
            [
              28.1127196909119,
              46.92170926625614
            ],
            [
              28.08292855053172,
              46.90294558391133
            ],
            [
              28.114289686772118,
              46.891358300844864
            ],
            [
              28.118757060574836,
              46.877700967066616
            ],
            [
              28.098212997589666,
              46.87018495815904
            ],
            [
              28.126588296066068,
              46.852912434047695
            ],
            [
              28.10752662421304,
              46.84279165127554
            ],
            [
              28.114037995464102,
              46.8222536237988
            ],
            [
              28.176221577023785,
              46.778484300254036
            ],
            [
              28.16046540313224,
              46.777323477439175
            ],
            [
              28.185157826648588,
              46.75967478421486
            ],
            [
              28.173142427632737,
              46.75050372452153
            ],
            [
              28.19429303008227,
              46.73450336217697
            ],
            [
              28.186861068033497,
              46.723547885373904
            ],
            [
              28.208972453471244,
              46.71269954165922
            ],
            [
              28.20793104521191,
              46.68598980849437
            ],
            [
              28.236095766050887,
              46.67958368200808
            ],
            [
              28.23909675501009,
              46.62987658885266
            ],
            [
              28.252335574024972,
              46.61248450653204
            ],
            [
              28.231177606095695,
              46.58519300860585
            ],
            [
              28.241222012940415,
              46.58108986599857
            ],
            [
              28.22289750872797,
              46.57981758293296
            ],
            [
              28.235703077226432,
              46.55186874982665
            ],
            [
              28.21544161901464,
              46.537590198663885
            ],
            [
              28.22998338060843,
              46.52670038811237
            ],
            [
              28.20915529035466,
              46.50533279432391
            ],
            [
              28.23092520544793,
              46.49486700998804
            ],
            [
              28.225160969371945,
              46.47943157038279
            ],
            [
              28.25812683836435,
              46.46228101631785
            ],
            [
              28.240041793849063,
              46.4523141398419
            ],
            [
              28.257102454977503,
              46.44737945027277
            ],
            [
              28.258549243620482,
              46.42676466637486
            ],
            [
              28.230602768876874,
              46.41556405193727
            ],
            [
              28.23877423984178,
              46.406774129894366
            ],
            [
              28.22492679090267,
              46.39942379503065
            ],
            [
              28.243074770277943,
              46.3952762026837
            ],
            [
              28.217760173227237,
              46.395988934594584
            ],
            [
              28.221896330984844,
              46.38181916330119
            ],
            [
              28.197645292859697,
              46.37061524215052
            ],
            [
              28.208330678086618,
              46.359142239698706
            ],
            [
              28.18304705711793,
              46.35272150643825
            ],
            [
              28.199745709550214,
              46.34347723771187
            ],
            [
              28.184136582295416,
              46.33291002287336
            ],
            [
              28.208953784507496,
              46.32065647424215
            ],
            [
              28.203718507707954,
              46.31195230146551
            ],
            [
              28.178321127372115,
              46.29993768094279
            ],
            [
              28.180593705410725,
              46.285542594925595
            ],
            [
              28.17278018930339,
              46.2980639563491
            ],
            [
              28.16918687877043,
              46.28253286023637
            ],
            [
              28.14962239758992,
              46.29221560350271
            ],
            [
              28.152582878837148,
              46.27900836897958
            ],
            [
              28.139633047449838,
              46.284769496396684
            ],
            [
              28.126451308587225,
              46.261995791029236
            ],
            [
              28.146539954428295,
              46.25194559553148
            ],
            [
              28.109961392009073,
              46.242891910275354
            ],
            [
              28.109601985051277,
              46.205217323672194
            ],
            [
              28.12160601774108,
              46.211841990328594
            ],
            [
              28.118186737479245,
              46.192032869950864
            ],
            [
              28.141173338574255,
              46.192054009256424
            ],
            [
              28.13079171635753,
              46.184746591361765
            ],
            [
              28.143075443132464,
              46.177048899424115
            ],
            [
              28.128022788688977,
              46.177204021647434
            ],
            [
              28.142813691717897,
              46.164314713536484
            ],
            [
              28.12434700800992,
              46.151694868070365
            ],
            [
              28.13434924232088,
              46.130428406903555
            ],
            [
              28.115978083288955,
              46.10994291548114
            ],
            [
              28.122763409894205,
              46.10493218824108
            ],
            [
              28.10225359311524,
              46.098430753399455
            ],
            [
              28.108878186353824,
              46.0782728700219
            ],
            [
              28.09230325927975,
              46.07866718355729
            ],
            [
              28.100572143550497,
              46.064160688710814
            ],
            [
              28.08896246178071,
              46.05782633136609
            ],
            [
              28.105065502163843,
              46.052785780076874
            ],
            [
              28.085268834465662,
              46.008347284760454
            ],
            [
              28.10525390343309,
              45.989168313874806
            ],
            [
              28.098339250184864,
              45.97849558397683
            ],
            [
              28.125666749648257,
              45.922507806058334
            ],
            [
              28.112558127796937,
              45.88458655590297
            ],
            [
              28.13250655169662,
              45.87676232765722
            ],
            [
              28.126866912809724,
              45.86278101662649
            ],
            [
              28.10575477482372,
              45.859352161260965
            ],
            [
              28.107767350250352,
              45.81598667230124
            ],
            [
              28.122555411444935,
              45.798059161360015
            ],
            [
              28.112668215569617,
              45.793036831009374
            ],
            [
              28.134966146800437,
              45.77838419190306
            ],
            [
              28.153800020919576,
              45.782428592902455
            ],
            [
              28.143432208011124,
              45.760320087666585
            ],
            [
              28.166845848127927,
              45.736465616264624
            ],
            [
              28.170856437739854,
              45.70946135059636
            ],
            [
              28.160147330031972,
              45.70357212391743
            ],
            [
              28.17142674074611,
              45.67933800066311
            ],
            [
              28.157782865492216,
              45.651150354736764
            ],
            [
              28.174174477352345,
              45.645927904722654
            ],
            [
              28.14440773373319,
              45.621572683876906
            ],
            [
              28.112783935615184,
              45.626177064773216
            ],
            [
              28.088451144395023,
              45.60525851193743
            ],
            [
              28.12112227256345,
              45.572230255447515
            ],
            [
              28.138538815588593,
              45.577556756703736
            ],
            [
              28.145531937432377,
              45.56602009817621
            ],
            [
              28.156543341515114,
              45.57520536447309
            ],
            [
              28.148166740279752,
              45.56241181613943
            ],
            [
              28.15881026451639,
              45.560765874598836
            ],
            [
              28.166289446036988,
              45.528421956790794
            ],
            [
              28.156943526798788,
              45.524330365852336
            ],
            [
              28.166744196344304,
              45.52017406628749
            ],
            [
              28.154394571865655,
              45.50975800429631
            ],
            [
              28.18560608241948,
              45.47482767590258
            ],
            [
              28.210800162494614,
              45.46717808423119
            ]
          ]
        ]
      }
    },
    {
      "type": "Feature",
      "properties": {
        "nume": "Muntenia"
      },
      "geometry": {
        "type": "Polygon",
        "coordinates": [
          [
            [
              24.65707967059178,
              43.72363550565917
            ],
            [
              24.66522739075938,
              43.742589783789924
            ],
            [
              24.650648732556625,
              43.74676002335135
            ],
            [
              24.656451814908774,
              43.754697822148096
            ],
            [
              24.68672935424408,
              43.75972893107299
            ],
            [
              24.69437847263046,
              43.78186756225993
            ],
            [
              24.746728006892862,
              43.79202189685306
            ],
            [
              24.736586010024563,
              43.8080964991759
            ],
            [
              24.75511192566601,
              43.817597824857586
            ],
            [
              24.68907217919053,
              43.82112061133449
            ],
            [
              24.695856635950207,
              43.83130638639086
            ],
            [
              24.72353029600321,
              43.83578792819728
            ],
            [
              24.693549317479288,
              43.87073723443054
            ],
            [
              24.668346639773436,
              43.8666791588449
            ],
            [
              24.66244379290564,
              43.88308084562914
            ],
            [
              24.67784821014183,
              43.88527061985827
            ],
            [
              24.675515584668627,
              43.89806004629911
            ],
            [
              24.630999370471717,
              43.92516191581087
            ],
            [
              24.627587451018286,
              43.93587027531786
            ],
            [
              24.647137632928683,
              43.94325227394563
            ],
            [
              24.634330836623096,
              43.94449926366567
            ],
            [
              24.63222198803726,
              43.96162206003435
            ],
            [
              24.602283931689527,
              43.96211003114308
            ],
            [
              24.60909271091868,
              43.97786370829144
            ],
            [
              24.59604287319229,
              43.97990520085603
            ],
            [
              24.607073464931343,
              43.99125295100473
            ],
            [
              24.593719172555478,
              43.98951663222148
            ],
            [
              24.628403031243213,
              44.02169700176999
            ],
            [
              24.72019456040435,
              44.038073788688656
            ],
            [
              24.710915897747633,
              44.059123231825254
            ],
            [
              24.859363620348287,
              44.09380110385072
            ],
            [
              24.844184652651208,
              44.133168627542965
            ],
            [
              24.805343418501533,
              44.15880033440012
            ],
            [
              24.79358146122815,
              44.19125294250716
            ],
            [
              24.837178318432393,
              44.226277721722035
            ],
            [
              24.817780387552176,
              44.23318642290824
            ],
            [
              24.82808132456802,
              44.236820858840936
            ],
            [
              24.821370154284132,
              44.290210956941955
            ],
            [
              24.847434183864667,
              44.31899200296261
            ],
            [
              24.817046282910926,
              44.361052298316714
            ],
            [
              24.88255633877718,
              44.36828530932954
            ],
            [
              24.886550781533515,
              44.38003581061553
            ],
            [
              24.880569073670493,
              44.394212768990414
            ],
            [
              24.74453595677974,
              44.395482370547384
            ],
            [
              24.759159690564395,
              44.46450725492187
            ],
            [
              24.734012693251028,
              44.46520622129371
            ],
            [
              24.72916380130838,
              44.51379897827816
            ],
            [
              24.742627124250735,
              44.53804961399235
            ],
            [
              24.725046806311603,
              44.54332486584338
            ],
            [
              24.73654829533393,
              44.55511930707957
            ],
            [
              24.71054626485259,
              44.58230099282582
            ],
            [
              24.71671203202774,
              44.626096741973555
            ],
            [
              24.70106571588212,
              44.64036550235076
            ],
            [
              24.685680322247926,
              44.700113324958
            ],
            [
              24.725064999821438,
              44.721199170271284
            ],
            [
              24.674717526498494,
              44.73908821092773
            ],
            [
              24.62965473057134,
              44.728769622261055
            ],
            [
              24.606982115144476,
              44.75379854010392
            ],
            [
              24.593790316867914,
              44.75087261243151
            ],
            [
              24.582261074618586,
              44.77403756549264
            ],
            [
              24.58857623685871,
              44.79815466067585
            ],
            [
              24.556490640466986,
              44.83113609135785
            ],
            [
              24.540735575739674,
              44.891041763861
            ],
            [
              24.522777123918978,
              44.89423089029178
            ],
            [
              24.50543562514462,
              44.86587479918139
            ],
            [
              24.509415651878033,
              44.84549779363826
            ],
            [
              24.494863986858157,
              44.844566646138546
            ],
            [
              24.48019628840831,
              44.82174264949441
            ],
            [
              24.4453393601369,
              44.81076280477189
            ],
            [
              24.44688493365615,
              44.82021913544533
            ],
            [
              24.42151315522917,
              44.82707127789483
            ],
            [
              24.472332415914444,
              44.874350037857404
            ],
            [
              24.463249979120587,
              44.874669088380706
            ],
            [
              24.480067349536178,
              44.899125709186265
            ],
            [
              24.463646636823807,
              44.913370827981296
            ],
            [
              24.49975609333844,
              44.945429293828404
            ],
            [
              24.468689885546222,
              44.94826703228218
            ],
            [
              24.509043483971343,
              44.997784082345476
            ],
            [
              24.4827641423397,
              45.01430904122312
            ],
            [
              24.52046746149052,
              45.048980579657055
            ],
            [
              24.481359221712648,
              45.06094245634858
            ],
            [
              24.507153077893193,
              45.08497322669288
            ],
            [
              24.487503104387677,
              45.10529802987027
            ],
            [
              24.49779694997937,
              45.11500736857926
            ],
            [
              24.51245393335193,
              45.10828056109103
            ],
            [
              24.519689760622583,
              45.134763810642575
            ],
            [
              24.497933182473847,
              45.16564063258106
            ],
            [
              24.521976965408466,
              45.17982466434834
            ],
            [
              24.488748929476614,
              45.195002790348006
            ],
            [
              24.50079305297093,
              45.20502700170803
            ],
            [
              24.469281960420656,
              45.22099691612977
            ],
            [
              24.483962281284104,
              45.25668787084186
            ],
            [
              24.475851497620315,
              45.26720665690093
            ],
            [
              24.491947547374426,
              45.27774914887688
            ],
            [
              24.48013772914017,
              45.29602748605204
            ],
            [
              24.492230618262674,
              45.31549556128046
            ],
            [
              24.48609297475657,
              45.331138292997416
            ],
            [
              24.472587168758842,
              45.32948203953073
            ],
            [
              24.46613138746083,
              45.36300500390695
            ],
            [
              24.507270708411827,
              45.35249323042638
            ],
            [
              24.493960036473826,
              45.37861573777553
            ],
            [
              24.50536456510795,
              45.38407314041822
            ],
            [
              24.47902611897919,
              45.437653615708165
            ],
            [
              24.485595571442072,
              45.4625963840023
            ],
            [
              24.524981443409306,
              45.47528369695653
            ],
            [
              24.52787018565382,
              45.49678999643284
            ],
            [
              24.511903431664027,
              45.517523844151924
            ],
            [
              24.540535122127466,
              45.53576303845572
            ],
            [
              24.523144182214352,
              45.580569528702036
            ],
            [
              24.553676003285503,
              45.58774320540139
            ],
            [
              24.56590326615099,
              45.57914422068057
            ],
            [
              24.62619637799101,
              45.60391781038672
            ],
            [
              24.671069645012192,
              45.594584027128796
            ],
            [
              24.771505836284703,
              45.61119960526578
            ],
            [
              24.829813634928367,
              45.60653603929778
            ],
            [
              24.83638627849265,
              45.59202539400231
            ],
            [
              24.91739033833601,
              45.594587568101154
            ],
            [
              24.941466521449527,
              45.58209137033409
            ],
            [
              24.967736810608862,
              45.59289878462809
            ],
            [
              25.103229347239605,
              45.58520022223167
            ],
            [
              25.188967931546124,
              45.52277745075566
            ],
            [
              25.23679960519229,
              45.51776287187649
            ],
            [
              25.238302169016038,
              45.475614797184555
            ],
            [
              25.275853061979973,
              45.442062929523104
            ],
            [
              25.25538478122274,
              45.42249905405965
            ],
            [
              25.27258257726709,
              45.40741196787153
            ],
            [
              25.30094211130292,
              45.423151672774644
            ],
            [
              25.308013166658487,
              45.389518761608244
            ],
            [
              25.32159419734302,
              45.381094461345164
            ],
            [
              25.403264419469384,
              45.38657608184235
            ],
            [
              25.412894735818536,
              45.429731992210115
            ],
            [
              25.498082749277376,
              45.467433338652164
            ],
            [
              25.599285605967115,
              45.462468003632665
            ],
            [
              25.629975851803636,
              45.49606987583962
            ],
            [
              25.681013514683865,
              45.50062555702184
            ],
            [
              25.726291615225204,
              45.46540160834066
            ],
            [
              25.76593367134984,
              45.46556648198043
            ],
            [
              25.786464844822707,
              45.481821797405615
            ],
            [
              25.81985208867572,
              45.45560817680398
            ],
            [
              25.822404330951024,
              45.43163376579442
            ],
            [
              25.865383509555954,
              45.42245667449115
            ],
            [
              25.889796939161904,
              45.44698927467668
            ],
            [
              25.890990300165303,
              45.48790557154216
            ],
            [
              25.921031477520955,
              45.52196236589247
            ],
            [
              25.96740063459105,
              45.50777014358805
            ],
            [
              25.99537427914266,
              45.514375526347095
            ],
            [
              26.01340428192482,
              45.49017350653394
            ],
            [
              26.046672048305844,
              45.47844209658587
            ],
            [
              26.06549623292717,
              45.48530271174016
            ],
            [
              26.066490298778163,
              45.50229920049125
            ],
            [
              26.095930433048697,
              45.517615180651994
            ],
            [
              26.147718190136427,
              45.5849258283652
            ],
            [
              26.173029623165323,
              45.56400707966438
            ],
            [
              26.185449238944358,
              45.60830880203407
            ],
            [
              26.210374693722756,
              45.62068469132881
            ],
            [
              26.24610130017943,
              45.62623730183939
            ],
            [
              26.25058248899217,
              45.60355495366155
            ],
            [
              26.28127624639375,
              45.58581452143498
            ],
            [
              26.31073765163649,
              45.603062126676626
            ],
            [
              26.329156617419073,
              45.631829723596866
            ],
            [
              26.33233257217039,
              45.685593505640284
            ],
            [
              26.35722515183644,
              45.712075713216
            ],
            [
              26.35340825183996,
              45.72251896483097
            ],
            [
              26.384533605977555,
              45.7362272419331
            ],
            [
              26.392116584551722,
              45.80239797420004
            ],
            [
              26.440774025903416,
              45.77663280382359
            ],
            [
              26.435740467941685,
              45.739673003678135
            ],
            [
              26.466813188366483,
              45.71932276903724
            ],
            [
              26.467176775322194,
              45.70456812943099
            ],
            [
              26.48299919200227,
              45.70114622878581
            ],
            [
              26.530082214675705,
              45.640843224538386
            ],
            [
              26.681548847298686,
              45.60870140709741
            ],
            [
              26.71897585677985,
              45.5718499631712
            ],
            [
              26.743387842775842,
              45.566465145254305
            ],
            [
              26.743253659371565,
              45.550628426414654
            ],
            [
              26.80539027054999,
              45.54786134286937
            ],
            [
              26.83391728103136,
              45.517837249120106
            ],
            [
              26.890162261875798,
              45.51680862206778
            ],
            [
              26.90335877600359,
              45.53865351325569
            ],
            [
              26.94829288483368,
              45.52186897824238
            ],
            [
              26.985850866941313,
              45.53773426421135
            ],
            [
              26.975075157449982,
              45.53193589040957
            ],
            [
              27.002226975192123,
              45.484872620418216
            ],
            [
              27.045442772083575,
              45.45257554506175
            ],
            [
              27.089935537377666,
              45.4458976488715
            ],
            [
              27.109280180995984,
              45.474892621361704
            ],
            [
              27.158279470622603,
              45.465207399360175
            ],
            [
              27.106649358212035,
              45.438523255261046
            ],
            [
              27.104082213034854,
              45.42603512831725
            ],
            [
              27.12005885310701,
              45.420809905014416
            ],
            [
              27.114841982945773,
              45.40929939964008
            ],
            [
              27.174829796876555,
              45.42765017297913
            ],
            [
              27.194403475032125,
              45.45337198410743
            ],
            [
              27.22343495298617,
              45.42758477643324
            ],
            [
              27.279546340870457,
              45.45434730329855
            ],
            [
              27.280259204894573,
              45.42682842613889
            ],
            [
              27.264619958102,
              45.4205013083256
            ],
            [
              27.270029914810305,
              45.39020957735924
            ],
            [
              27.339579453398752,
              45.383511720967135
            ],
            [
              27.3366206441019,
              45.37133465363553
            ],
            [
              27.401464409417787,
              45.37701932147883
            ],
            [
              27.43475517452186,
              45.39470884409849
            ],
            [
              27.429438969398266,
              45.405602196844306
            ],
            [
              27.440402680964976,
              45.414800943141614
            ],
            [
              27.575288607514896,
              45.49166504274843
            ],
            [
              27.605606343224757,
              45.48224378701349
            ],
            [
              27.62883232149044,
              45.454648762344526
            ],
            [
              27.646233161195642,
              45.462141574914945
            ],
            [
              27.654408810033765,
              45.49071392567931
            ],
            [
              27.66418052786258,
              45.48979742001222
            ],
            [
              27.66162936264206,
              45.47196186017626
            ],
            [
              27.692659993402803,
              45.481606977241114
            ],
            [
              27.67326689395338,
              45.44618451410332
            ],
            [
              27.716780368677124,
              45.43347063277271
            ],
            [
              27.75018697437532,
              45.4485011537208
            ],
            [
              27.7396291927305,
              45.41536729585141
            ],
            [
              27.783018661024883,
              45.42230929829584
            ],
            [
              27.786361776834937,
              45.406889783148884
            ],
            [
              27.82188097122128,
              45.396521325132596
            ],
            [
              27.868665196182135,
              45.39799462834705
            ],
            [
              27.874028224269846,
              45.417887283353046
            ],
            [
              27.889085458736982,
              45.420067806787976
            ],
            [
              27.983007064107248,
              45.3906329736473
            ],
            [
              28.03054957670443,
              45.40433499461438
            ],
            [
              27.99484232958966,
              45.28674835302583
            ],
            [
              28.068113779153826,
              45.25224571833803
            ],
            [
              28.115145326488232,
              45.25882638154488
            ],
            [
              28.1306048071548,
              45.23380296800066
            ],
            [
              28.091398274525556,
              45.19025449794321
            ],
            [
              28.197701884959066,
              45.1375430199887
            ],
            [
              28.16962121198107,
              45.122108647750025
            ],
            [
              28.17573684347244,
              45.10188469760444
            ],
            [
              28.13485772841102,
              45.09871576077705
            ],
            [
              28.15263411562695,
              45.03673036379895
            ],
            [
              28.128485076013803,
              45.013630186258176
            ],
            [
              28.151258332516203,
              44.97313805637801
            ],
            [
              28.125121957938337,
              44.91515538071131
            ],
            [
              28.142348984366432,
              44.89002367348327
            ],
            [
              28.10020195617456,
              44.86159244816274
            ],
            [
              28.066248895609586,
              44.785570632342456
            ],
            [
              28.03694860262987,
              44.76096191590506
            ],
            [
              28.00443182884243,
              44.757600700573654
            ],
            [
              27.94957411018817,
              44.78048772122436
            ],
            [
              27.89717879003081,
              44.772471957203315
            ],
            [
              27.878198313929314,
              44.75848682164998
            ],
            [
              27.871503531336796,
              44.72617609557692
            ],
            [
              27.882376260844882,
              44.70776460902513
            ],
            [
              27.93123468564648,
              44.67970337096026
            ],
            [
              27.958234027074685,
              44.68018872580038
            ],
            [
              28.03177062441135,
              44.625294225372855
            ],
            [
              28.01654726772198,
              44.564820349303936
            ],
            [
              28.05323901738772,
              44.50869971164932
            ],
            [
              28.090012010810224,
              44.48783400118086
            ],
            [
              28.10848643050746,
              44.43305769798193
            ],
            [
              28.043254571297318,
              44.384617600122425
            ],
            [
              28.011879054757042,
              44.32208037819419
            ],
            [
              27.933994362790532,
              44.24979932779172
            ],
            [
              27.800753147670527,
              44.240139924838374
            ],
            [
              27.7252638437584,
              44.19764222973227
            ],
            [
              27.636989858901984,
              44.20606191697642
            ],
            [
              27.60063242254449,
              44.198322850990685
            ],
            [
              27.453458874026428,
              44.12507457517971
            ],
            [
              27.315121956488706,
              44.140592021111786
            ],
            [
              27.271374343682268,
              44.12633632694999
            ],
            [
              27.217274921645483,
              44.11667818917865
            ],
            [
              27.138675299566398,
              44.14010952077555
            ],
            [
              27.080372964404614,
              44.132981769273144
            ],
            [
              27.04195095596625,
              44.1446158724302
            ],
            [
              26.906706109613395,
              44.13333129085654
            ],
            [
              26.76280632639464,
              44.077866304608115
            ],
            [
              26.690293405620817,
              44.074426807567114
            ],
            [
              26.59281972467566,
              44.05003547023355
            ],
            [
              26.528280618649728,
              44.05364831354616
            ],
            [
              26.44519657489356,
              44.033739995169135
            ],
            [
              26.375689784960933,
              44.04287154041833
            ],
            [
              26.191823597943827,
              43.983189654825935
            ],
            [
              26.134594153573396,
              43.98121928280361
            ],
            [
              26.111673105602755,
              43.97220516050991
            ],
            [
              26.042856303544298,
              43.90098562398035
            ],
            [
              25.93991695546769,
              43.85182788138103
            ],
            [
              25.884355336385013,
              43.78346419774945
            ],
            [
              25.81162441368408,
              43.74575121359013
            ],
            [
              25.780216369691555,
              43.710404628829735
            ],
            [
              25.725906727498433,
              43.69110412935895
            ],
            [
              25.665202070348982,
              43.68982084400766
            ],
            [
              25.560618965121616,
              43.644262178762006
            ],
            [
              25.50832542654422,
              43.64684806366158
            ],
            [
              25.38330500904193,
              43.6194990487955
            ],
            [
              25.28770588592503,
              43.65589324416569
            ],
            [
              25.248513419917582,
              43.68378094772082
            ],
            [
              25.167259860594427,
              43.699765462140725
            ],
            [
              25.111259237795117,
              43.68386687779754
            ],
            [
              25.0583300369095,
              43.69106249705192
            ],
            [
              24.998509539103303,
              43.727290019763835
            ],
            [
              24.947518922597165,
              43.72928773178703
            ],
            [
              24.93294539155167,
              43.71594928930134
            ],
            [
              24.879063267287272,
              43.706817695604464
            ],
            [
              24.815772455812063,
              43.712342398818485
            ],
            [
              24.734362747843967,
              43.68508576070897
            ],
            [
              24.65707967059178,
              43.72363550565917
            ]
          ]
        ]
      }
    },
    {
      "type": "Feature",
      "properties": {
        "nume": "Oltenia"
      },
      "geometry": {
        "type": "Polygon",
        "coordinates": [
          [
            [
              24.65707967059178,
              43.72363550565917
            ],
            [
              24.61075833463194,
              43.746098021950544
            ],
            [
              24.512919862124043,
              43.764848168556966
            ],
            [
              24.408608864837817,
              43.7369013228669
            ],
            [
              24.348609981615063,
              43.697354413739305
            ],
            [
              24.173357730757786,
              43.68261234238109
            ],
            [
              23.98864641055203,
              43.73958948088724
            ],
            [
              23.863393630090847,
              43.75504276726637
            ],
            [
              23.76515157510896,
              43.78585617245368
            ],
            [
              23.75544564797303,
              43.80009820192556
            ],
            [
              23.581024094464443,
              43.79708683963768
            ],
            [
              23.515224933779056,
              43.831069186640335
            ],
            [
              23.42963456567472,
              43.85111380450616
            ],
            [
              23.267784872135863,
              43.846807202025005
            ],
            [
              23.13075433501341,
              43.80530787030471
            ],
            [
              23.05378390962093,
              43.79559280496481
            ],
            [
              22.873484403884984,
              43.83503919144384
            ],
            [
              22.842693327660974,
              43.86379582225183
            ],
            [
              22.838284949692856,
              43.88668681604772
            ],
            [
              22.878730326576658,
              43.98156314268693
            ],
            [
              23.01005567599935,
              44.013425967381416
            ],
            [
              23.045658467453173,
              44.05789442921955
            ],
            [
              23.040515507298256,
              44.07546725158778
            ],
            [
              23.013211191008118,
              44.093679949863606
            ],
            [
              22.925480246333475,
              44.10213546295164
            ],
            [
              22.800711087931965,
              44.16050141281349
            ],
            [
              22.749421443053087,
              44.197850605658374
            ],
            [
              22.675669775901163,
              44.21473677725542
            ],
            [
              22.678803225685684,
              44.27813262710383
            ],
            [
              22.557884330512437,
              44.30908445256047
            ],
            [
              22.52390731260641,
              44.339299756676326
            ],
            [
              22.503764244362607,
              44.3804583100738
            ],
            [
              22.501695332731742,
              44.417258036760344
            ],
            [
              22.467348465499473,
              44.44092730106287
            ],
            [
              22.45626023263603,
              44.464588303327965
            ],
            [
              22.46721254026135,
              44.480116935502195
            ],
            [
              22.5168238279481,
              44.471665698176274
            ],
            [
              22.548216478033737,
              44.48167549032879
            ],
            [
              22.562902928248917,
              44.5331413986812
            ],
            [
              22.58217470038575,
              44.549314172582505
            ],
            [
              22.62080036331825,
              44.55172262770994
            ],
            [
              22.699144499103475,
              44.516742495206486
            ],
            [
              22.762516281206324,
              44.539331259953045
            ],
            [
              22.74846292381216,
              44.569815725606425
            ],
            [
              22.675854632580947,
              44.617990004958926
            ],
            [
              22.62171303475636,
              44.6146442993574
            ],
            [
              22.57380146980481,
              44.63406348889248
            ],
            [
              22.463899323879073,
              44.71476303705544
            ],
            [
              22.42092895003308,
              44.70620285730664
            ],
            [
              22.383730146874658,
              44.67626419774282
            ],
            [
              22.33164973655983,
              44.67526193518182
            ],
            [
              22.308459100994668,
              44.658711704991084
            ],
            [
              22.173076917750976,
              44.47591937051656
            ],
            [
              22.13197419771588,
              44.473953190484046
            ],
            [
              22.07625019271251,
              44.50527337147121
            ],
            [
              22.068111963214534,
              44.528701703324614
            ],
            [
              22.03526981140702,
              44.54923097565616
            ],
            [
              22.016148575845282,
              44.59920365920885
            ],
            [
              22.082258066560268,
              44.6219384052908
            ],
            [
              22.117397898399393,
              44.59181190852837
            ],
            [
              22.13301510660072,
              44.60060889405894
            ],
            [
              22.14751151798156,
              44.585303882729946
            ],
            [
              22.156072329288214,
              44.59233737774509
            ],
            [
              22.177403538280856,
              44.63987976462384
            ],
            [
              22.13867314757337,
              44.659929611803335
            ],
            [
              22.14689297855094,
              44.70075613903008
            ],
            [
              22.156120303158875,
              44.73658805187567
            ],
            [
              22.185541986886026,
              44.741281095827475
            ],
            [
              22.204159219893572,
              44.76140481432723
            ],
            [
              22.195057586650922,
              44.77920861800932
            ],
            [
              22.20680143555299,
              44.81746909677755
            ],
            [
              22.243401148594263,
              44.807537788961035
            ],
            [
              22.26808555522799,
              44.78252848748069
            ],
            [
              22.34164341797693,
              44.77405866976766
            ],
            [
              22.35812402589751,
              44.73871449646476
            ],
            [
              22.368176845933068,
              44.75618203405187
            ],
            [
              22.418710268406375,
              44.75629546120222
            ],
            [
              22.43045207106702,
              44.78118198125781
            ],
            [
              22.423733424738053,
              44.80053099923634
            ],
            [
              22.486544578125383,
              44.8811575498542
            ],
            [
              22.48218667080325,
              44.90690731463194
            ],
            [
              22.49620780039785,
              44.92886005252514
            ],
            [
              22.486606397436354,
              44.949290102480475
            ],
            [
              22.516397019621202,
              44.95571617250805
            ],
            [
              22.492157829918288,
              44.97327345806016
            ],
            [
              22.65622025481136,
              45.1050050909248
            ],
            [
              22.6496775627281,
              45.12766175811525
            ],
            [
              22.581003470132615,
              45.137481506753645
            ],
            [
              22.560219004902855,
              45.16360762550016
            ],
            [
              22.600555440347648,
              45.20540516749539
            ],
            [
              22.646256440396748,
              45.22014684234684
            ],
            [
              22.64460432687287,
              45.23370862328605
            ],
            [
              22.67315774401749,
              45.24029985441789
            ],
            [
              22.68624884496461,
              45.257963635127375
            ],
            [
              22.735195243650928,
              45.25341827600854
            ],
            [
              22.774292687215475,
              45.270111958697974
            ],
            [
              22.78481231038423,
              45.26238733973359
            ],
            [
              22.823883493975046,
              45.28514942961549
            ],
            [
              22.857843473594972,
              45.27583536919909
            ],
            [
              22.8643638723017,
              45.26106303827277
            ],
            [
              22.93332609447837,
              45.27855553383895
            ],
            [
              22.95624268690733,
              45.272626167762
            ],
            [
              22.922217753185794,
              45.241344596801476
            ],
            [
              22.9426131206448,
              45.23834905921983
            ],
            [
              22.956010378544274,
              45.27138904590052
            ],
            [
              22.975073708770644,
              45.25412465505652
            ],
            [
              23.007618784441384,
              45.25339253140626
            ],
            [
              23.066446639071074,
              45.264970671417856
            ],
            [
              23.09332359887143,
              45.29124570671667
            ],
            [
              23.20729247184557,
              45.277314854704045
            ],
            [
              23.23431753283277,
              45.30347070339035
            ],
            [
              23.28887854320717,
              45.309909520754694
            ],
            [
              23.3099638155984,
              45.2999213755319
            ],
            [
              23.33916341467016,
              45.33133308498252
            ],
            [
              23.37988875590577,
              45.338752767794986
            ],
            [
              23.403390804579335,
              45.33389183797108
            ],
            [
              23.400362528165036,
              45.31590968594137
            ],
            [
              23.452471500709386,
              45.29845116451407
            ],
            [
              23.59064754303986,
              45.35307640458116
            ],
            [
              23.585349068583284,
              45.36969976311577
            ],
            [
              23.601642376094375,
              45.38267960704507
            ],
            [
              23.592293552458262,
              45.421032758896565
            ],
            [
              23.576139578183646,
              45.42783613817137
            ],
            [
              23.59720198122355,
              45.473439324289004
            ],
            [
              23.65370858480953,
              45.45730903431436
            ],
            [
              23.678913822450173,
              45.464821350626494
            ],
            [
              23.703620812066315,
              45.496776735189236
            ],
            [
              23.771168144229257,
              45.51070014696737
            ],
            [
              23.794815722190556,
              45.53016116642914
            ],
            [
              24.011312631012093,
              45.53193963868549
            ],
            [
              24.11884002726652,
              45.50876063149207
            ],
            [
              24.20504511390424,
              45.5235756973804
            ],
            [
              24.22670439114319,
              45.54724327807726
            ],
            [
              24.257318523302235,
              45.54310331477436
            ],
            [
              24.33436264492836,
              45.581854154419595
            ],
            [
              24.337047848828938,
              45.57248800026481
            ],
            [
              24.446480315451964,
              45.59085718036458
            ],
            [
              24.481446788814985,
              45.57251608958492
            ],
            [
              24.51148068212706,
              45.58679918495538
            ],
            [
              24.523144182214352,
              45.580569528702036
            ],
            [
              24.540535122127466,
              45.53576303845572
            ],
            [
              24.511903431664027,
              45.517523844151924
            ],
            [
              24.52787018565382,
              45.49678999643284
            ],
            [
              24.524981443409306,
              45.47528369695653
            ],
            [
              24.485595571442072,
              45.4625963840023
            ],
            [
              24.47902611897919,
              45.437653615708165
            ],
            [
              24.50536456510795,
              45.38407314041822
            ],
            [
              24.493960036473826,
              45.37861573777553
            ],
            [
              24.507270708411827,
              45.35249323042638
            ],
            [
              24.46613138746083,
              45.36300500390695
            ],
            [
              24.472587168758842,
              45.32948203953073
            ],
            [
              24.48609297475657,
              45.331138292997416
            ],
            [
              24.492230618262674,
              45.31549556128046
            ],
            [
              24.48013772914017,
              45.29602748605204
            ],
            [
              24.491947547374426,
              45.27774914887688
            ],
            [
              24.475851497620315,
              45.26720665690093
            ],
            [
              24.483962281284104,
              45.25668787084186
            ],
            [
              24.469281960420656,
              45.22099691612977
            ],
            [
              24.50079305297093,
              45.20502700170803
            ],
            [
              24.488748929476614,
              45.195002790348006
            ],
            [
              24.521976965408466,
              45.17982466434834
            ],
            [
              24.497933182473847,
              45.16564063258106
            ],
            [
              24.519689760622583,
              45.134763810642575
            ],
            [
              24.51245393335193,
              45.10828056109103
            ],
            [
              24.49779694997937,
              45.11500736857926
            ],
            [
              24.487503104387677,
              45.10529802987027
            ],
            [
              24.507153077893193,
              45.08497322669288
            ],
            [
              24.481359221712648,
              45.06094245634858
            ],
            [
              24.52046746149052,
              45.048980579657055
            ],
            [
              24.4827641423397,
              45.01430904122312
            ],
            [
              24.509043483971343,
              44.997784082345476
            ],
            [
              24.468689885546222,
              44.94826703228218
            ],
            [
              24.49975609333844,
              44.945429293828404
            ],
            [
              24.463646636823807,
              44.913370827981296
            ],
            [
              24.480067349536178,
              44.899125709186265
            ],
            [
              24.463249979120587,
              44.874669088380706
            ],
            [
              24.472332415914444,
              44.874350037857404
            ],
            [
              24.42151315522917,
              44.82707127789483
            ],
            [
              24.44688493365615,
              44.82021913544533
            ],
            [
              24.4453393601369,
              44.81076280477189
            ],
            [
              24.48019628840831,
              44.82174264949441
            ],
            [
              24.494863986858157,
              44.844566646138546
            ],
            [
              24.509415651878033,
              44.84549779363826
            ],
            [
              24.50543562514462,
              44.86587479918139
            ],
            [
              24.522777123918978,
              44.89423089029178
            ],
            [
              24.540735575739674,
              44.891041763861
            ],
            [
              24.556490640466986,
              44.83113609135785
            ],
            [
              24.58857623685871,
              44.79815466067585
            ],
            [
              24.582261074618586,
              44.77403756549264
            ],
            [
              24.593790316867914,
              44.75087261243151
            ],
            [
              24.606982115144476,
              44.75379854010392
            ],
            [
              24.62965473057134,
              44.728769622261055
            ],
            [
              24.674717526498494,
              44.73908821092773
            ],
            [
              24.725064999821438,
              44.721199170271284
            ],
            [
              24.685680322247926,
              44.700113324958
            ],
            [
              24.70106571588212,
              44.64036550235076
            ],
            [
              24.71671203202774,
              44.626096741973555
            ],
            [
              24.71054626485259,
              44.58230099282582
            ],
            [
              24.73654829533393,
              44.55511930707957
            ],
            [
              24.725046806311603,
              44.54332486584338
            ],
            [
              24.742627124250735,
              44.53804961399235
            ],
            [
              24.72916380130838,
              44.51379897827816
            ],
            [
              24.734012693251028,
              44.46520622129371
            ],
            [
              24.759159690564395,
              44.46450725492187
            ],
            [
              24.74453595677974,
              44.395482370547384
            ],
            [
              24.880569073670493,
              44.394212768990414
            ],
            [
              24.886550781533515,
              44.38003581061553
            ],
            [
              24.88255633877718,
              44.36828530932954
            ],
            [
              24.817046282910926,
              44.361052298316714
            ],
            [
              24.847434183864667,
              44.31899200296261
            ],
            [
              24.821370154284132,
              44.290210956941955
            ],
            [
              24.82808132456802,
              44.236820858840936
            ],
            [
              24.817780387552176,
              44.23318642290824
            ],
            [
              24.837178318432393,
              44.226277721722035
            ],
            [
              24.79358146122815,
              44.19125294250716
            ],
            [
              24.805343418501533,
              44.15880033440012
            ],
            [
              24.844184652651208,
              44.133168627542965
            ],
            [
              24.859363620348287,
              44.09380110385072
            ],
            [
              24.710915897747633,
              44.059123231825254
            ],
            [
              24.72019456040435,
              44.038073788688656
            ],
            [
              24.628403031243213,
              44.02169700176999
            ],
            [
              24.593719172555478,
              43.98951663222148
            ],
            [
              24.607073464931343,
              43.99125295100473
            ],
            [
              24.59604287319229,
              43.97990520085603
            ],
            [
              24.60909271091868,
              43.97786370829144
            ],
            [
              24.602283931689527,
              43.96211003114308
            ],
            [
              24.63222198803726,
              43.96162206003435
            ],
            [
              24.634330836623096,
              43.94449926366567
            ],
            [
              24.647137632928683,
              43.94325227394563
            ],
            [
              24.627587451018286,
              43.93587027531786
            ],
            [
              24.630999370471717,
              43.92516191581087
            ],
            [
              24.675515584668627,
              43.89806004629911
            ],
            [
              24.67784821014183,
              43.88527061985827
            ],
            [
              24.66244379290564,
              43.88308084562914
            ],
            [
              24.668346639773436,
              43.8666791588449
            ],
            [
              24.693549317479288,
              43.87073723443054
            ],
            [
              24.72353029600321,
              43.83578792819728
            ],
            [
              24.695856635950207,
              43.83130638639086
            ],
            [
              24.68907217919053,
              43.82112061133449
            ],
            [
              24.75511192566601,
              43.817597824857586
            ],
            [
              24.736586010024563,
              43.8080964991759
            ],
            [
              24.746728006892862,
              43.79202189685306
            ],
            [
              24.69437847263046,
              43.78186756225993
            ],
            [
              24.68672935424408,
              43.75972893107299
            ],
            [
              24.656451814908774,
              43.754697822148096
            ],
            [
              24.650648732556625,
              43.74676002335135
            ],
            [
              24.66522739075938,
              43.742589783789924
            ],
            [
              24.65707967059178,
              43.72363550565917
            ]
          ]
        ]
      }
    },
    {
      "type": "Feature",
      "properties": {
        "nume": "Dobrogea"
      },
      "geometry": {
        "type": "Polygon",
        "coordinates": [
          [
            [
              27.271374343682268,
              44.12633632694999
            ],
            [
              27.315121956488706,
              44.140592021111786
            ],
            [
              27.453458874026428,
              44.12507457517971
            ],
            [
              27.60063242254449,
              44.198322850990685
            ],
            [
              27.636989858901984,
              44.20606191697642
            ],
            [
              27.7252638437584,
              44.19764222973227
            ],
            [
              27.800753147670527,
              44.240139924838374
            ],
            [
              27.933994362790532,
              44.24979932779172
            ],
            [
              28.011879054757042,
              44.32208037819419
            ],
            [
              28.043254571297318,
              44.384617600122425
            ],
            [
              28.10848643050746,
              44.43305769798193
            ],
            [
              28.090012010810224,
              44.48783400118086
            ],
            [
              28.05323901738772,
              44.50869971164932
            ],
            [
              28.01654726772198,
              44.564820349303936
            ],
            [
              28.03177062441135,
              44.625294225372855
            ],
            [
              27.958234027074685,
              44.68018872580038
            ],
            [
              27.93123468564648,
              44.67970337096026
            ],
            [
              27.882376260844882,
              44.70776460902513
            ],
            [
              27.871503531336796,
              44.72617609557692
            ],
            [
              27.878198313929314,
              44.75848682164998
            ],
            [
              27.89717879003081,
              44.772471957203315
            ],
            [
              27.94957411018817,
              44.78048772122436
            ],
            [
              28.00443182884243,
              44.757600700573654
            ],
            [
              28.03694860262987,
              44.76096191590506
            ],
            [
              28.066248895609586,
              44.785570632342456
            ],
            [
              28.10020195617456,
              44.86159244816274
            ],
            [
              28.142348984366432,
              44.89002367348327
            ],
            [
              28.125121957938337,
              44.91515538071131
            ],
            [
              28.151258332516203,
              44.97313805637801
            ],
            [
              28.128485076013803,
              45.013630186258176
            ],
            [
              28.15263411562695,
              45.03673036379895
            ],
            [
              28.13485772841102,
              45.09871576077705
            ],
            [
              28.17573684347244,
              45.10188469760444
            ],
            [
              28.16962121198107,
              45.122108647750025
            ],
            [
              28.197701884959066,
              45.1375430199887
            ],
            [
              28.091398274525556,
              45.19025449794321
            ],
            [
              28.1306048071548,
              45.23380296800066
            ],
            [
              28.115145326488232,
              45.25882638154488
            ],
            [
              28.068113779153826,
              45.25224571833803
            ],
            [
              27.99484232958966,
              45.28674835302583
            ],
            [
              28.03054957670443,
              45.40433499461438
            ],
            [
              28.098262009486188,
              45.44110243956173
            ],
            [
              28.187252483111763,
              45.41298864023304
            ],
            [
              28.19381695803011,
              45.45809737282365
            ],
            [
              28.210800162494614,
              45.46717808423119
            ],
            [
              28.279541355023163,
              45.444777820250756
            ],
            [
              28.28545926548209,
              45.399849685716944
            ],
            [
              28.34995776485988,
              45.319911885025476
            ],
            [
              28.561011280499688,
              45.24959715299404
            ],
            [
              28.710428579853605,
              45.22399952558114
            ],
            [
              28.79215536303551,
              45.242805501526206
            ],
            [
              28.751914678935762,
              45.2845614755627
            ],
            [
              28.801449933384966,
              45.30086413387059
            ],
            [
              28.804908800704546,
              45.311287862275854
            ],
            [
              28.780436638880758,
              45.323216489765535
            ],
            [
              28.793981303259326,
              45.333649620504126
            ],
            [
              28.873513427893617,
              45.31620095850744
            ],
            [
              28.942592910009047,
              45.28061050323772
            ],
            [
              28.9649736158213,
              45.33205361062273
            ],
            [
              29.169017851596376,
              45.395095848693465
            ],
            [
              29.242572207919924,
              45.434356842545
            ],
            [
              29.285777987788382,
              45.42642329690117
            ],
            [
              29.3221064479633,
              45.44747887879179
            ],
            [
              29.358100084692936,
              45.43695444130026
            ],
            [
              29.430002099771624,
              45.44266932666475
            ],
            [
              29.56411509039728,
              45.40240270941715
            ],
            [
              29.651132621840524,
              45.339765581022924
            ],
            [
              29.67719511311676,
              45.27692755234052
            ],
            [
              29.65976376365393,
              45.24786757366956
            ],
            [
              29.682032806645815,
              45.205833886656535
            ],
            [
              29.637767779060393,
              45.224360616943244
            ],
            [
              29.628537098628502,
              45.21699252789463
            ],
            [
              29.6382387072485,
              45.17646562198844
            ],
            [
              29.65026724291406,
              45.16018065278452
            ],
            [
              29.71529590226285,
              45.1652990738678
            ],
            [
              29.68699872055298,
              45.15248449129266
            ],
            [
              29.660322843976438,
              45.1075419715299
            ],
            [
              29.62483605921724,
              44.883797256419456
            ],
            [
              29.60310805380249,
              44.87660169836736
            ],
            [
              29.613421775581394,
              44.85677611392971
            ],
            [
              29.616021032836983,
              44.87704292552275
            ],
            [
              29.617783973828157,
              44.874718435083444
            ],
            [
              29.617587170304343,
              44.864060609212956
            ],
            [
              29.609756607100586,
              44.84667418680233
            ],
            [
              29.593553283159753,
              44.826192165533655
            ],
            [
              29.567433392243327,
              44.8019853938365
            ],
            [
              29.55256782613528,
              44.7904492727642
            ],
            [
              29.516222953655696,
              44.775580362614114
            ],
            [
              29.499965046463494,
              44.773692229020654
            ],
            [
              29.485863314138278,
              44.77756361881147
            ],
            [
              29.551842350960204,
              44.793016209765
            ],
            [
              29.609264694898897,
              44.84963420006661
            ],
            [
              29.553547573921282,
              44.82288835743076
            ],
            [
              29.245412836532502,
              44.796780688609985
            ],
            [
              29.123532003208243,
              44.77012445315059
            ],
            [
              29.0293171958551,
              44.70927937536391
            ],
            [
              28.95097798447984,
              44.6376912258495
            ],
            [
              28.857035305186116,
              44.505628765738024
            ],
            [
              28.710265071664818,
              44.37546403180489
            ],
            [
              28.689218378986514,
              44.34165353043844
            ],
            [
              28.694707155185643,
              44.32066497093492
            ],
            [
              28.675862505418582,
              44.34461858952978
            ],
            [
              28.661630188507132,
              44.33661977082095
            ],
            [
              28.66163539985193,
              44.333328971460986
            ],
            [
              28.672463979421654,
              44.333849751161495
            ],
            [
              28.67240512806008,
              44.3320040053662
            ],
            [
              28.651559867384893,
              44.327755716400965
            ],
            [
              28.68923717799386,
              44.32227210286985
            ],
            [
              28.638770780845938,
              44.323955764265854
            ],
            [
              28.622899691693082,
              44.28226980313255
            ],
            [
              28.626101591604172,
              44.238113671514036
            ],
            [
              28.636952023844568,
              44.21948464445496
            ],
            [
              28.64687017287199,
              44.221368482040106
            ],
            [
              28.65029254330149,
              44.21956623988192
            ],
            [
              28.66571318213601,
              44.17211798128988
            ],
            [
              28.65844363746423,
              44.16169569562649
            ],
            [
              28.67161048963955,
              44.154229395127935
            ],
            [
              28.673159966063302,
              44.148821085995074
            ],
            [
              28.673617474381157,
              44.14308871544536
            ],
            [
              28.700564321941602,
              44.12186675219211
            ],
            [
              28.708169211441984,
              44.10842356182417
            ],
            [
              28.672378149501228,
              44.14331400598309
            ],
            [
              28.671364959664047,
              44.15365563674367
            ],
            [
              28.656677716512046,
              44.15756038457545
            ],
            [
              28.65672682431744,
              44.17114892412522
            ],
            [
              28.643176094292674,
              44.16714654087455
            ],
            [
              28.654332628940626,
              44.153320333296186
            ],
            [
              28.644064941462887,
              44.14891224552386
            ],
            [
              28.655848138988553,
              44.14989048739323
            ],
            [
              28.645562985235316,
              44.14548311900147
            ],
            [
              28.66881060421445,
              44.14710975083039
            ],
            [
              28.647148965070638,
              44.14096371029609
            ],
            [
              28.664766836971044,
              44.14049008917615
            ],
            [
              28.661274423725917,
              44.12447648880102
            ],
            [
              28.677368793409567,
              44.1070032748315
            ],
            [
              28.667249280525066,
              44.1111542859171
            ],
            [
              28.655276679490516,
              44.11153068296615
            ],
            [
              28.65378783565316,
              44.111974807287204
            ],
            [
              28.665353828362562,
              44.11240786254164
            ],
            [
              28.657053070429903,
              44.13050789624177
            ],
            [
              28.656936335526733,
              44.12109941865138
            ],
            [
              28.650141523532753,
              44.11179199265059
            ],
            [
              28.651157944041866,
              44.1298005998083
            ],
            [
              28.641643892187393,
              44.10207239432796
            ],
            [
              28.667174476330537,
              44.10929517525582
            ],
            [
              28.69536172967151,
              44.10278776755686
            ],
            [
              28.694753241026746,
              44.09110705753625
            ],
            [
              28.638375453082855,
              44.076616308643814
            ],
            [
              28.667553321661586,
              43.98668064006139
            ],
            [
              28.613840490997948,
              43.898391746156086
            ],
            [
              28.60851768035054,
              43.8501773327778
            ],
            [
              28.591382249386644,
              43.83961846399962
            ],
            [
              28.587003282411157,
              43.810855614758815
            ],
            [
              28.60102399087473,
              43.798799383065514
            ],
            [
              28.58658676262935,
              43.80963788457159
            ],
            [
              28.575579330582883,
              43.79485115039638
            ],
            [
              28.594013212946617,
              43.799084570278445
            ],
            [
              28.580796074524024,
              43.78877747771151
            ],
            [
              28.579031155800944,
              43.738718091884344
            ],
            [
              28.446183839828684,
              43.73370901647616
            ],
            [
              28.236431426327,
              43.758488417172615
            ],
            [
              27.994217749877237,
              43.84288316651809
            ],
            [
              27.94426824618122,
              43.98479337110782
            ],
            [
              27.916822470687322,
              44.00822534574207
            ],
            [
              27.843485173855584,
              43.966391123005565
            ],
            [
              27.737855822733295,
              43.95352024339968
            ],
            [
              27.71003705860355,
              43.95939159317597
            ],
            [
              27.673649952942444,
              44.029799365120674
            ],
            [
              27.643523178920017,
              44.0479323423285
            ],
            [
              27.61194497981202,
              44.012205965755655
            ],
            [
              27.468764479890616,
              44.022501157480924
            ],
            [
              27.399427941618303,
              44.01236900296684
            ],
            [
              27.356166445102776,
              44.058708735804906
            ],
            [
              27.291184421738016,
              44.075173891778675
            ],
            [
              27.271374343682268,
              44.12633632694999
            ]
          ]
        ]
      }
    }
  ]
}