{
  "type": "FeatureCollection",
  "features": [
    {
      "type": "Feature",
      "properties": {
        "nume": "Transilvania"
      },
      "geometry": {
        "type": "Polygon",
        "coordinates": [
          [
            [
              22.686068437355893,
              45.257075062892504
            ],
            [
              22.67315774401749,
              45.24029985441789
            ],
            [
              22.64460432687287,
              45.23370862328605
            ],
            [
              22.646256440396748,
              45.22014684234684
            ],
            [
              22.600555440347648,
              45.20540516749539
            ],
            [
              22.560219004902855,
              45.16360762550016
            ],
            [
              22.562383198026406,
              45.151597842753745
            ],
            [
              22.581003470132615,
              45.137481506753645
            ],
            [
              22.6496775627281,
              45.12766175811525
            ],
            [
              22.65622025481136,
              45.1050050909248
            ],
            [
              22.58635676723818,
              45.044063698158396
            ],
            [
              22.570813707728902,
              45.040848427407035
            ],
            [
              22.53662712199259,
              45.002033976379316
            ],
            [
              22.492157829918288,
              44.97327345806016
            ],
            [
              22.511695665795695,
              44.96591112241872
            ],
            [
              22.516397019621202,
              44.95571617250805
            ],
            [
              22.486606397436354,
              44.949290102480475
            ],
            [
              22.49620780039785,
              44.92886005252514
            ],
            [
              22.49103464032517,
              44.909317166574404
            ],
            [
              22.48218667080325,
              44.90690731463194
            ],
            [
              22.486544578125383,
              44.8811575498542
            ],
            [
              22.47632308084988,
              44.87648541975804
            ],
            [
              22.470826698558476,
              44.86072154002219
            ],
            [
              22.457526885798448,
              44.851325508729275
            ],
            [
              22.459751544557413,
              44.843292317750695
            ],
            [
              22.444445614133855,
              44.83239963555243
            ],
            [
              22.44647873548126,
              44.82225777263526
            ],
            [
              22.423733424738053,
              44.80053099923634
            ],
            [
              22.43045207106702,
              44.78118198125781
            ],
            [
              22.417439702362273,
              44.77066635634559
            ],
            [
              22.41881909723591,
              44.75641227776202
            ],
            [
              22.401454881046675,
              44.75333774558729
            ],
            [
              22.391642377858037,
              44.76192656700813
            ],
            [
              22.368176845933068,
              44.75618203405187
            ],
            [
              22.35812402589751,
              44.73871449646476
            ],
            [
              22.34164341797693,
              44.77405866976766
            ],
            [
              22.26808555522799,
              44.78252848748069
            ],
            [
              22.243401148594263,
              44.807537788961035
            ],
            [
              22.20680143555299,
              44.81746909677755
            ],
            [
              22.2071511046093,
              44.799344488142516
            ],
            [
              22.195057586650922,
              44.77920861800932
            ],
            [
              22.204159219893572,
              44.76140481432723
            ],
            [
              22.185541986886026,
              44.741281095827475
            ],
            [
              22.163534595896152,
              44.74342627332198
            ],
            [
              22.155634177363773,
              44.73577248711685
            ],
            [
              22.14919844100056,
              44.682453432100424
            ],
            [
              22.13867314757337,
              44.659929611803335
            ],
            [
              22.177403538280856,
              44.63987976462384
            ],
            [
              22.176293636123766,
              44.624494675421836
            ],
            [
              22.14751151798156,
              44.585303882729946
            ],
            [
              22.13301510660072,
              44.60060889405894
            ],
            [
              22.117397898399393,
              44.59181190852837
            ],
            [
              22.082258066560268,
              44.6219384052908
            ],
            [
              22.062002201371264,
              44.60994985453317
            ],
            [
              22.023474112171858,
              44.60774473336247
            ],
            [
              22.016148575845282,
              44.59920365920885
            ],
            [
              21.99365583877116,
              44.63222231090405
            ],
            [
              21.950765897672277,
              44.63511576047874
            ],
            [
              21.917422950331073,
              44.647440661550114
            ],
            [
              21.814594818455017,
              44.65061958075034
            ],
            [
              21.79136360531962,
              44.66404511808233
            ],
            [
              21.728784930098684,
              44.65349907129161
            ],
            [
              21.689045642708663,
              44.66526591975992
            ],
            [
              21.632663173509645,
              44.66128739014387
            ],
            [
              21.61396066136364,
              44.680131971901474
            ],
            [
              21.61500745854729,
              44.71617299627365
            ],
            [
              21.588338996078054,
              44.75806708843687
            ],
            [
              21.53693437685599,
              44.77264671798327
            ],
            [
              21.40064163933868,
              44.777431828795294
            ],
            [
              21.376471252323558,
              44.8152729886422
            ],
            [
              21.358262571231723,
              44.8217013503336
            ],
            [
              21.364223471099848,
              44.82921848730784
            ],
            [
              21.352983946351532,
              44.840274027048444
            ],
            [
              21.361364037046457,
              44.84039525638407
            ],
            [
              21.357637356304398,
              44.85019052473831
            ],
            [
              21.37140168068297,
              44.86678208771432
            ],
            [
              21.40603660813123,
              44.86643153274694
            ],
            [
              21.417976888338853,
              44.87334896434906
            ],
            [
              21.442974183105886,
              44.866495941413824
            ],
            [
              21.446906047860463,
              44.87402372251407
            ],
            [
              21.485464317903663,
              44.86815811686468
            ],
            [
              21.560126531827137,
              44.88900423710342
            ],
            [
              21.54668126040129,
              44.93052476292977
            ],
            [
              21.469255220889178,
              44.958458887533354
            ],
            [
              21.438174625892806,
              44.960558848152886
            ],
            [
              21.406757234073535,
              44.97851387459347
            ],
            [
              21.414746907524087,
              44.986786849254536
            ],
            [
              21.360240817636935,
              45.0203773852998
            ],
            [
              21.405820248911564,
              45.03697516635803
            ],
            [
              21.422939906649496,
              45.03236281613225
            ],
            [
              21.45612003058122,
              45.04043170085124
            ],
            [
              21.447611984859954,
              45.05750991143942
            ],
            [
              21.483284371682583,
              45.09130225917204
            ],
            [
              21.46975334687113,
              45.10467801737386
            ],
            [
              21.47841638027713,
              45.121248338439486
            ],
            [
              21.527477395136483,
              45.13792492579833
            ],
            [
              21.516428917130312,
              45.16885929627047
            ],
            [
              21.493332526104954,
              45.17313123407253
            ],
            [
              21.48289321943923,
              45.192080785374195
            ],
            [
              21.43879815699135,
              45.20280349348202
            ],
            [
              21.40347493760189,
              45.2292458407326
            ],
            [
              21.39535954079926,
              45.21878611447905
            ],
            [
              21.360122291108414,
              45.22207359493792
            ],
            [
              21.33943801401597,
              45.23583791582498
            ],
            [
              21.292329382541354,
              45.24227012834918
            ],
            [
              21.27520262926557,
              45.22944485185316
            ],
            [
              21.218579615962668,
              45.25054854710682
            ],
            [
              21.202497085511858,
              45.265193228969224
            ],
            [
              21.208551667964716,
              45.27508347167611
            ],
            [
              21.191096911158567,
              45.28720732892693
            ],
            [
              21.179706868719432,
              45.311715635306086
            ],
            [
              21.1833158841269,
              45.320944128233855
            ],
            [
              21.175302564087126,
              45.3252512104216
            ],
            [
              21.166122957227294,
              45.319586807260706
            ],
            [
              21.161619825289872,
              45.32513578690953
            ],
            [
              21.144507622807133,
              45.304794201468646
            ],
            [
              21.096594362864366,
              45.29586103527684
            ],
            [
              21.080993082687584,
              45.317795116952105
            ],
            [
              21.06120045754397,
              45.31588088996124
            ],
            [
              21.063447060223776,
              45.3319371681972
            ],
            [
              21.01654073514713,
              45.32461195350378
            ],
            [
              21.009892533765726,
              45.34127278503112
            ],
            [
              20.96031954385325,
              45.36676679830122
            ],
            [
              20.948335002627324,
              45.38557996442582
            ],
            [
              20.93122991278637,
              45.38676803144654
            ],
            [
              20.935554902166793,
              45.39281039029578
            ],
            [
              20.920267315902894,
              45.417215420854916
            ],
            [
              20.900497373785768,
              45.41686946486712
            ],
            [
              20.864700979316556,
              45.43176560241086
            ],
            [
              20.875273113205093,
              45.43861493389177
            ],
            [
              20.872211560260148,
              45.446048974603876
            ],
            [
              20.881067770930507,
              45.446165100838336
            ],
            [
              20.866126543305064,
              45.46524190000681
            ],
            [
              20.83297524689536,
              45.47995596862155
            ],
            [
              20.77107989829694,
              45.47991044469893
            ],
            [
              20.777006948632913,
              45.49047142492697
            ],
            [
              20.768738493299423,
              45.500208845990066
            ],
            [
              20.80709254027604,
              45.51579422583057
            ],
            [
              20.83274904293051,
              45.535843661004584
            ],
            [
              20.795301610729684,
              45.58762063040317
            ],
            [
              20.77201835164021,
              45.58282105686365
            ],
            [
              20.765753120649983,
              45.61259911721716
            ],
            [
              20.804977843002778,
              45.65720729875717
            ],
            [
              20.803034091770808,
              45.68199862816187
            ],
            [
              20.796147465530566,
              45.68704096574447
            ],
            [
              20.802594125190375,
              45.73779009213846
            ],
            [
              20.815966689868947,
              45.7492567135103
            ],
            [
              20.823063064869043,
              45.77508306320094
            ],
            [
              20.783558112601245,
              45.785869256514296
            ],
            [
              20.77410287210524,
              45.754514611650286
            ],
            [
              20.70026400664412,
              45.75068046117968
            ],
            [
              20.68137580687711,
              45.79730375777513
            ],
            [
              20.662834994014496,
              45.794149668643264
            ],
            [
              20.650609957975522,
              45.81162801537718
            ],
            [
              20.66036752027603,
              45.82914513655757
            ],
            [
              20.61174528271256,
              45.8639107756708
            ],
            [
              20.581501519294502,
              45.86939877503085
            ],
            [
              20.569329887683562,
              45.91010175851782
            ],
            [
              20.515808357826764,
              45.89209585092162
            ],
            [
              20.482919395851066,
              45.95341544885529
            ],
            [
              20.44728209325481,
              45.97022020806789
            ],
            [
              20.405466772454126,
              45.965236968989934
            ],
            [
              20.34837371731708,
              45.999571698022486
            ],
            [
              20.357705281976187,
              46.0058428125537
            ],
            [
              20.34062280783512,
              46.03626157895691
            ],
            [
              20.345868957367085,
              46.04741730187836
            ],
            [
              20.30927805016373,
              46.0720872202846
            ],
            [
              20.302205269200666,
              46.086598865359015
            ],
            [
              20.264820538334916,
              46.108469874382294
            ],
            [
              20.283073206703712,
              46.11773168446178
            ],
            [
              20.262023854722532,
              46.12192116484088
            ],
            [
              20.296850380855226,
              46.15222266610913
            ],
            [
              20.309207564516278,
              46.156453150796324
            ],
            [
              20.31264330916486,
              46.15015535846258
            ],
            [
              20.355633473330343,
              46.169659578018916
            ],
            [
              20.368472300919805,
              46.15291293755883
            ],
            [
              20.39750537112076,
              46.157373808534516
            ],
            [
              20.426322646138537,
              46.14518917708671
            ],
            [
              20.459212443154062,
              46.142873206004715
            ],
            [
              20.49510838705101,
              46.1708550726045
            ],
            [
              20.491786759999687,
              46.180743300882774
            ],
            [
              20.501251072824026,
              46.18997005312084
            ],
            [
              20.549411993918334,
              46.176912036825335
            ],
            [
              20.63979619482976,
              46.126979310888196
            ],
            [
              20.65415379718455,
              46.148780246401024
            ],
            [
              20.685608228696974,
              46.14522391372996
            ],
            [
              20.695096394509576,
              46.15866785581839
            ],
            [
              20.713943483689352,
              46.16593055459762
            ],
            [
              20.72234755701342,
              46.18746794563269
            ],
            [
              20.73411722805614,
              46.193776354625534
            ],
            [
              20.725666920316083,
              46.19648142791227
            ],
            [
              20.727355643083364,
              46.20741105682805
            ],
            [
              20.761844138829826,
              46.20444206908245
            ],
            [
              20.74882990602551,
              46.2506208591823
            ],
            [
              20.77557972429469,
              46.27590782370498
            ],
            [
              20.873394447394165,
              46.28741659823761
            ],
            [
              20.890539410479267,
              46.27137404378887
            ],
            [
              20.922212895299506,
              46.26176111555371
            ],
            [
              20.925060061631072,
              46.276196471144516
            ],
            [
              20.946666516499032,
              46.27916179760122
            ],
            [
              20.95248802381822,
              46.264839542183715
            ],
            [
              20.99034363415739,
              46.25952965174251
            ],
            [
              21.024951582651955,
              46.26649221404314
            ],
            [
              21.036662197494355,
              46.247881655389996
            ],
            [
              21.06600010530975,
              46.2427546832294
            ],
            [
              21.071153811965548,
              46.25386178672037
            ],
            [
              21.1031520682635,
              46.26258864479184
            ],
            [
              21.115527460070165,
              46.301630105842406
            ],
            [
              21.14536404857329,
              46.304691691697755
            ],
            [
              21.151536048283493,
              46.29755027960214
            ],
            [
              21.168125071135147,
              46.297915432390525
            ],
            [
              21.180539402483628,
              46.30410824368262
            ],
            [
              21.173122057935455,
              46.31839360665366
            ],
            [
              21.176153709180596,
              46.33556007523735
            ],
            [
              21.19945523787703,
              46.34790516300294
            ],
            [
              21.196480942128158,
              46.370834641961
            ],
            [
              21.20628588394546,
              46.40322961624036
            ],
            [
              21.216316053700595,
              46.40182932578679
            ],
            [
              21.22534647205997,
              46.41352583037431
            ],
            [
              21.296273035811073,
              46.40669186111365
            ],
            [
              21.289757034991553,
              46.415143195020185
            ],
            [
              21.31744520568896,
              46.450653971163845
            ],
            [
              21.29631699696816,
              46.476113855591215
            ],
            [
              21.274326938902504,
              46.476475945433336
            ],
            [
              21.260383374462535,
              46.50194495613017
            ],
            [
              21.274164479419582,
              46.540739153223825
            ],
            [
              21.289674376129486,
              46.54432167982933
            ],
            [
              21.32071351388557,
              46.582788418755996
            ],
            [
              21.30115605269654,
              46.590770911367045
            ],
            [
              21.314103732045343,
              46.617555861561364
            ],
            [
              21.329874294808953,
              46.63156734892826
            ],
            [
              21.35312864958794,
              46.63026523929122
            ],
            [
              21.36559662770227,
              46.63787316753058
            ],
            [
              21.410023730939482,
              46.621903334668595
            ],
            [
              21.41641355193456,
              46.64250934571227
            ],
            [
              21.45470571837651,
              46.660825021909645
            ],
            [
              21.455638972807865,
              46.667142181244664
            ],
            [
              21.442341930893427,
              46.6665672808047
            ],
            [
              21.4307754485782,
              46.678329169586206
            ],
            [
              21.43000092810124,
              46.69383163387352
            ],
            [
              21.45114367088458,
              46.68852880893102
            ],
            [
              21.472994703434875,
              46.69566146869825
            ],
            [
              21.49214875453562,
              46.68599302833977
            ],
            [
              21.507590241269728,
              46.69807410373243
            ],
            [
              21.511118825347697,
              46.71169926647759
            ],
            [
              21.52933200173977,
              46.720766958944
            ],
            [
              21.52667784619475,
              46.739194928943476
            ],
            [
              21.483211931845947,
              46.76470056983379
            ],
            [
              21.509363642383633,
              46.78338143314386
            ],
            [
              21.518698313347638,
              46.80001862311529
            ],
            [
              21.51907613623897,
              46.83591744340409
            ],
            [
              21.55704761505486,
              46.85371213329235
            ],
            [
              21.596820154652555,
              46.86132192273745
            ],
            [
              21.603490168090893,
              46.88480857004343
            ],
            [
              21.614203651753332,
              46.886513075629615
            ],
            [
              21.599052354328805,
              46.9091830355897
            ],
            [
              21.598912297203583,
              46.92746626356166
            ],
            [
              21.63835387211881,
              46.9329255724241
            ],
            [
              21.657973723410514,
              46.95613751136204
            ],
            [
              21.673139392605805,
              46.95370209846511
            ],
            [
              21.6788522699332,
              46.96038624209368
            ],
            [
              21.681864018133936,
              46.966910677798815
            ],
            [
              21.66791759858761,
              46.97019892413289
            ],
            [
              21.679348134154754,
              46.997972958961924
            ],
            [
              21.68896026568053,
              47.001834075525515
            ],
            [
              21.67791796119122,
              47.01838294780483
            ],
            [
              21.661021290123337,
              47.02089585727891
            ],
            [
              21.6486654859129,
              47.04033728663935
            ],
            [
              21.682760137809684,
              47.045716200015114
            ],
            [
              21.716394467682516,
              47.07487220390073
            ],
            [
              21.712734896717915,
              47.08252247559647
            ],
            [
              21.726131416166876,
              47.09847099339679
            ],
            [
              21.770854696061903,
              47.108845598044475
            ],
            [
              21.792314255058884,
              47.10635107318681
            ],
            [
              21.791413209177488,
              47.12400722456076
            ],
            [
              21.81736729215489,
              47.17274736396325
            ],
            [
              21.858051046963087,
              47.187026285446
            ],
            [
              21.858058577271034,
              47.22011458521419
            ],
            [
              21.846811711754544,
              47.22375931538594
            ],
            [
              21.851628206226838,
              47.23913055509004
            ],
            [
              21.887844796483968,
              47.272101475916
            ],
            [
              21.878760048481286,
              47.28735721373276
            ],
            [
              21.93850853618932,
              47.372955658573716
            ],
            [
              21.961522443309754,
              47.381235733572176
            ],
            [
              22.01197451470412,
              47.375800135277686
            ],
            [
              22.0347298441262,
              47.411622823967676
            ],
            [
              22.02971201584991,
              47.4226791530409
            ],
            [
              22.035401413725584,
              47.427440715803385
            ],
            [
              22.025899096239527,
              47.442385959726636
            ],
            [
              22.0327225916746,
              47.45099146332103
            ],
            [
              22.0209528868181,
              47.45460607472445
            ],
            [
              22.007084147787996,
              47.48334307847242
            ],
            [
              22.02405861432759,
              47.519870191841335
            ],
            [
              22.044209368338432,
              47.538703316242454
            ],
            [
              22.06150245546229,
              47.528988085418824
            ],
            [
              22.07136697858524,
              47.538030904818804
            ],
            [
              22.055286533134716,
              47.54848485567432
            ],
            [
              22.07919195394835,
              47.56235464771822
            ],
            [
              22.09362269284314,
              47.55813421573005
            ],
            [
              22.129103578058572,
              47.58930608135049
            ],
            [
              22.128140027783047,
              47.5980903940727
            ],
            [
              22.17654941848326,
              47.59438934903626
            ],
            [
              22.18987851902818,
              47.61185810732113
            ],
            [
              22.203324140127485,
              47.65488103467587
            ],
            [
              22.222139032977314,
              47.6621434625971
            ],
            [
              22.225927046936,
              47.688005679961904
            ],
            [
              22.258973670566245,
              47.69837286243046
            ],
            [
              22.264537221390626,
              47.73115764491438
            ],
            [
              22.285364528714958,
              47.72935504970638
            ],
            [
              22.317449657927572,
              47.743265323892636
            ],
            [
              22.31724385731501,
              47.76592759702454
            ],
            [
              22.357021482474078,
              47.74897776807818
            ],
            [
              22.43011524470348,
              47.74097176900717
            ],
            [
              22.427027185116792,
              47.754530672989915
            ],
            [
              22.44794748969098,
              47.803120703620074
            ],
            [
              22.48151926531864,
              47.81095052470551
            ],
            [
              22.54952612270115,
              47.77266516526628
            ],
            [
              22.611549385627708,
              47.7719957016909
            ],
            [
              22.680229182116786,
              47.78774702702767
            ],
            [
              22.711415717950707,
              47.834877652562746
            ],
            [
              22.75596605141521,
              47.83479715318825
            ],
            [
              22.776944265056997,
              47.84269225162246
            ],
            [
              22.77301077826525,
              47.863096570911786
            ],
            [
              22.762065535116545,
              47.86704938838135
            ],
            [
              22.76847389539039,
              47.87860268522801
            ],
            [
              22.758208710922094,
              47.893462534984984
            ],
            [
              22.793008153063838,
              47.890966111881674
            ],
            [
              22.825611070168954,
              47.90768557152299
            ],
            [
              22.846994250627635,
              47.90808962844926
            ],
            [
              22.886690500830234,
              47.95148444377512
            ],
            [
              22.947865753348072,
              47.96707052561551
            ],
            [
              22.935859678477346,
              47.998656112006145
            ],
            [
              22.920122343729975,
              48.00686976643341
            ],
            [
              22.926976758944825,
              48.01916669320905
            ],
            [
              22.96124654579022,
              48.00746245655792
            ],
            [
              22.977755850219808,
              48.00991047580413
            ],
            [
              23.013617414029806,
              47.99046633367749
            ],
            [
              23.065629567944274,
              48.007786171164696
            ],
            [
              23.091030529230327,
              48.00536770065775
            ],
            [
              23.097885572568334,
              48.015801352337114
            ],
            [
              23.08984648114132,
              48.01948138095153
            ],
            [
              23.109171955703427,
              48.03532945223988
            ],
            [
              23.098089247018017,
              48.044204260817004
            ],
            [
              23.11237884571604,
              48.05444936361822
            ],
            [
              23.106440772500154,
              48.06590443443796
            ],
            [
              23.123309373471077,
              48.07741581751876
            ],
            [
              23.113966695402084,
              48.08622929964253
            ],
            [
              23.139053352070746,
              48.094716750627505
            ],
            [
              23.15097739799475,
              48.11261931611615
            ],
            [
              23.16659333382378,
              48.1200232078632
            ],
            [
              23.181168774797904,
              48.11727888285791
            ],
            [
              23.18917231226858,
              48.09774251550304
            ],
            [
              23.246403504145047,
              48.091915781255366
            ],
            [
              23.25183110292115,
              48.100779020269215
            ],
            [
              23.267823525195833,
              48.10013352296752
            ],
            [
              23.269502232238,
              48.085153453607624
            ],
            [
              23.292184947469337,
              48.073121897436565
            ],
            [
              23.27680407305018,
              48.05764472931981
            ],
            [
              23.293914261966528,
              48.04439057705233
            ],
            [
              23.3374970228974,
              48.03639344587215
            ],
            [
              23.32849151230014,
              48.02610399363786
            ],
            [
              23.331887219261382,
              48.02056918782206
            ],
            [
              23.399363377604484,
              48.001216206445626
            ],
            [
              23.417414652886674,
              47.98664994878905
            ],
            [
              23.433567774326775,
              47.99051436749081
            ],
            [
              23.449715303337275,
              47.97621778220958
            ],
            [
              23.493607478758257,
              47.96782944930961
            ],
            [
              23.503546524774535,
              47.97038023171466
            ],
            [
              23.52116070632741,
              47.99445871131982
            ],
            [
              23.529064009939244,
              48.01982491710522
            ],
            [
              23.56671814484823,
              48.00297969991575
            ],
            [
              23.593485062230577,
              48.00834244130129
            ],
            [
              23.634733272215396,
              48.00296310490161
            ],
            [
              23.66466732738069,
              47.98373245561416
            ],
            [
              23.708458463545803,
              47.9944017233251
            ],
            [
              23.716404197376473,
              47.98805630647427
            ],
            [
              23.72064083329968,
              47.99495747752911
            ],
            [
              23.771812382106162,
              47.994945320913416
            ],
            [
              23.819625911330604,
              47.98047414532404
            ],
            [
              23.833995751924576,
              47.96755483603862
            ],
            [
              23.84394736195968,
              47.94170915461373
            ],
            [
              23.864126576181796,
              47.931757122899974
            ],
            [
              23.883683691130962,
              47.9441589722511
            ],
            [
              23.94197521114493,
              47.94846577612569
            ],
            [
              23.954592326717187,
              47.96466000621646
            ],
            [
              23.975938134526483,
              47.96789588523411
            ],
            [
              23.982679866362645,
              47.95938128709863
            ],
            [
              24.00905457814769,
              47.967260704052975
            ],
            [
              24.03184996681093,
              47.94927772774458
            ],
            [
              24.062194148705007,
              47.95340457145658
            ],
            [
              24.098598908999335,
              47.93651406811617
            ],
            [
              24.111389142364885,
              47.91504874673633
            ],
            [
              24.19667989717316,
              47.916067724602605
            ],
            [
              24.225458601309686,
              47.89651670924593
            ],
            [
              24.279621864308016,
              47.906008267258194
            ],
            [
              24.32489858323014,
              47.92590010226375
            ],
            [
              24.353479242292728,
              47.916623664413585
            ],
            [
              24.381596572478863,
              47.92658768062923
            ],
            [
              24.393909745661997,
              47.9543023458108
            ],
            [
              24.435877233693397,
              47.97051233371468
            ],
            [
              24.5020141885553,
              47.95228629520877
            ],
            [
              24.526999835006556,
              47.96154296686092
            ],
            [
              24.55238386567712,
              47.95864504035011
            ],
            [
              24.56286803169926,
              47.96859564753862
            ],
            [
              24.58330202082036,
              47.96487040655178
            ],
            [
              24.59692563526064,
              47.946355991041855
            ],
            [
              24.623568835548546,
              47.951708694093824
            ],
            [
              24.635040516436856,
              47.92457468787265
            ],
            [
              24.651580046772818,
              47.919118584019955
            ],
            [
              24.65259269403415,
              47.91066176580938
            ],
            [
              24.673782378022246,
              47.89637989965824
            ],
            [
              24.665789348662837,
              47.876506778234024
            ],
            [
              24.67255658261625,
              47.862933722943836
            ],
            [
              24.702919457108386,
              47.85246897623541
            ],
            [
              24.7057954008982,
              47.840124304807375
            ],
            [
              24.734406164905383,
              47.843855796986645
            ],
            [
              24.752970679564662,
              47.82973859773903
            ],
            [
              24.76528517362908,
              47.83933700625136
            ],
            [
              24.77811880952434,
              47.83740233267714
            ],
            [
              24.78412330492418,
              47.82343738039364
            ],
            [
              24.827750397414242,
              47.8204763059256
            ],
            [
              24.82150935604288,
              47.80630924889203
            ],
            [
              24.836594744161285,
              47.793598135900844
            ],
            [
              24.836320853716742,
              47.77968286066061
            ],
            [
              24.878198681060994,
              47.75265946159737
            ],
            [
              24.883150485895094,
              47.72437107612566
            ],
            [
              24.947111725710343,
              47.729141477238166
            ],
            [
              24.952265068551917,
              47.70553762536352
            ],
            [
              25.054784111068415,
              47.65578762347504
            ],
            [
              25.051794894584173,
              47.64058813513812
            ],
            [
              24.956509539348154,
              47.61232171189509
            ],
            [
              24.960848646392126,
              47.59686784703263
            ],
            [
              24.99215039612094,
              47.585587601474714
            ],
            [
              25.005430528177683,
              47.56988790578902
            ],
            [
              25.05196207373376,
              47.56045720621973
            ],
            [
              25.066497284035265,
              47.53035599913884
            ],
            [
              25.095056396270817,
              47.516217883892104
            ],
            [
              25.09379658802682,
              47.503977657609525
            ],
            [
              25.06147443308528,
              47.48127905639833
            ],
            [
              25.045373902058117,
              47.48104622620457
            ],
            [
              25.066202960721597,
              47.45021382249895
            ],
            [
              25.090902286091417,
              47.44894067926147
            ],
            [
              25.05238132854603,
              47.43102017665014
            ],
            [
              25.058287455801043,
              47.41654800951635
            ],
            [
              25.026709675928448,
              47.43581315112964
            ],
            [
              24.99946942343846,
              47.42021632548206
            ],
            [
              24.982845348313376,
              47.424035728186404
            ],
            [
              25.03333728997023,
              47.39432315332093
            ],
            [
              25.039973527590764,
              47.38044451070031
            ],
            [
              25.062646490889847,
              47.37919691266241
            ],
            [
              25.06942935513581,
              47.36993821863785
            ],
            [
              25.06032415888618,
              47.35327187082307
            ],
            [
              25.077102652604836,
              47.34077296689246
            ],
            [
              25.077543908196002,
              47.31166544534747
            ],
            [
              25.047514206415837,
              47.30368670936608
            ],
            [
              25.028074060544945,
              47.28679871056862
            ],
            [
              25.079599444962234,
              47.25864056196801
            ],
            [
              25.044274058144595,
              47.21609136440851
            ],
            [
              25.05829057483314,
              47.201406739149846
            ],
            [
              25.067192661255426,
              47.166762779558056
            ],
            [
              25.05761356515766,
              47.15059515227211
            ],
            [
              25.063395518125674,
              47.13655306186734
            ],
            [
              25.094409737643815,
              47.12046442688889
            ],
            [
              25.124895843398193,
              47.123229631876356
            ],
            [
              25.144062671589367,
              47.11322821201125
            ],
            [
              25.173080694214647,
              47.13059668060474
            ],
            [
              25.19986990972426,
              47.1135997382216
            ],
            [
              25.226392225822885,
              47.1081226946746
            ],
            [
              25.233365402557833,
              47.09831224999162
            ],
            [
              25.2513168558642,
              47.097775053057916
            ],
            [
              25.295943558566677,
              47.115255052032325
            ],
            [
              25.287230244324334,
              47.13323399063746
            ],
            [
              25.30503790892056,
              47.16513870735324
            ],
            [
              25.358482933265677,
              47.17972823776645
            ],
            [
              25.374199699545958,
              47.175330053590415
            ],
            [
              25.42514455808535,
              47.183857274623065
            ],
            [
              25.426497696759192,
              47.16970501012892
            ],
            [
              25.458008615342155,
              47.14439524645974
            ],
            [
              25.530300481194875,
              47.11053039317344
            ],
            [
              25.535636559474728,
              47.08346341934493
            ],
            [
              25.601595545951998,
              47.07733886686482
            ],
            [
              25.630224868569943,
              47.094956272736766
            ],
            [
              25.738109546106127,
              47.071171473125325
            ],
            [
              25.743761230146188,
              47.05207633373827
            ],
            [
              25.76929389073434,
              47.03558898599824
            ],
            [
              25.76967004664899,
              47.01628382017122
            ],
            [
              25.78976929473141,
              46.99642625235612
            ],
            [
              25.801484373600807,
              46.966544221594035
            ],
            [
              25.818001738896577,
              46.97661758878114
            ],
            [
              25.826723779347496,
              46.97396528531365
            ],
            [
              25.838750322280827,
              46.96270830910195
            ],
            [
              25.853853164189772,
              46.924768919282435
            ],
            [
              25.861985353475507,
              46.92339761157265
            ],
            [
              25.803719360918056,
              46.929004584399244
            ],
            [
              25.801481981093247,
              46.91526503675188
            ],
            [
              25.765398518331654,
              46.88446698833255
            ],
            [
              25.78152789886659,
              46.863116698545156
            ],
            [
              25.762448259817784,
              46.84123228833633
            ],
            [
              25.779474072225522,
              46.83423973992819
            ],
            [
              25.782794444865292,
              46.85120475657063
            ],
            [
              25.8048100897179,
              46.84062061915735
            ],
            [
              25.77703029378049,
              46.82558241245499
            ],
            [
              25.78516155023111,
              46.8127543006423
            ],
            [
              25.80742936305963,
              46.8049101661356
            ],
            [
              25.800991677536295,
              46.80086043505071
            ],
            [
              25.8086216642247,
              46.785790479540076
            ],
            [
              25.799844466621856,
              46.769283419837684
            ],
            [
              25.807207541702336,
              46.737393757812725
            ],
            [
              25.7955820274407,
              46.718511488808076
            ],
            [
              25.867390921610635,
              46.64943165082283
            ],
            [
              25.90860057752389,
              46.6548605493079
            ],
            [
              25.883866253001266,
              46.68869420357309
            ],
            [
              25.895792898458996,
              46.70152616323691
            ],
            [
              25.975390266608507,
              46.69721148469945
            ],
            [
              25.97270727330774,
              46.67764425326724
            ],
            [
              25.993438227487978,
              46.67382624233424
            ],
            [
              26.01942996264576,
              46.634331608893405
            ],
            [
              26.003311857281926,
              46.637851195065124
            ],
            [
              25.991659958643325,
              46.6214360743868
            ],
            [
              25.998472071619847,
              46.6015101807904
            ],
            [
              26.022469555883593,
              46.58875375078508
            ],
            [
              26.039195618292652,
              46.55566580366156
            ],
            [
              26.03550547500643,
              46.5438508262421
            ],
            [
              26.057408902543692,
              46.52698946967351
            ],
            [
              26.074453470727374,
              46.52548755877851
            ],
            [
              26.083226452445977,
              46.512473877548494
            ],
            [
              26.07461024874838,
              46.48453663381451
            ],
            [
              26.056627722578387,
              46.49436403195431
            ],
            [
              26.019037694625048,
              46.49235722958195
            ],
            [
              26.007049257445164,
              46.48257265478822
            ],
            [
              26.016839275293364,
              46.47697351801099
            ],
            [
              26.01159564356491,
              46.46922373016481
            ],
            [
              26.017060140740764,
              46.46120366069809
            ],
            [
              26.005137493743998,
              46.4547928001565
            ],
            [
              26.005827756064388,
              46.44485069989098
            ],
            [
              25.986991700378777,
              46.43889163757246
            ],
            [
              26.00315906921534,
              46.42519771009048
            ],
            [
              25.995259115314273,
              46.406758664372624
            ],
            [
              26.04690595184277,
              46.416581822640104
            ],
            [
              26.06023613853023,
              46.413377239540715
            ],
            [
              26.056396782584013,
              46.4035534134311
            ],
            [
              26.06191963698053,
              46.40070211944896
            ],
            [
              26.109755854411134,
              46.40054720676535
            ],
            [
              26.1659515720606,
              46.38477716825073
            ],
            [
              26.16440476712539,
              46.347127271624174
            ],
            [
              26.14926438259916,
              46.32903905384537
            ],
            [
              26.15610088254152,
              46.315169638274305
            ],
            [
              26.220972427854097,
              46.31456538137068
            ],
            [
              26.235665627463298,
              46.33505425617723
            ],
            [
              26.270801406803052,
              46.34489421715917
            ],
            [
              26.291637370159293,
              46.335783647281026
            ],
            [
              26.272171908369696,
              46.29644479569089
            ],
            [
              26.27436710062498,
              46.28735146684442
            ],
            [
              26.253416538903533,
              46.27734667842944
            ],
            [
              26.25326825793536,
              46.26687106447713
            ],
            [
              26.264794983009406,
              46.256295252835976
            ],
            [
              26.25863492126713,
              46.25010265105018
            ],
            [
              26.326708097777054,
              46.22999985205347
            ],
            [
              26.341439554570737,
              46.203697265632336
            ],
            [
              26.330532977203568,
              46.18335497519621
            ],
            [
              26.347437294576693,
              46.16211841054281
            ],
            [
              26.343257667765595,
              46.137141744900866
            ],
            [
              26.38752328847615,
              46.14496501952458
            ],
            [
              26.38569930939412,
              46.12898150962353
            ],
            [
              26.39254298537994,
              46.1230344774134
            ],
            [
              26.38007951653968,
              46.1283241738838
            ],
            [
              26.367651360509104,
              46.1185486451149
            ],
            [
              26.370763240861308,
              46.10979017146067
            ],
            [
              26.38886464480192,
              46.10137024298119
            ],
            [
              26.407904061482967,
              46.103572386206956
            ],
            [
              26.405058511826855,
              46.09225610916275
            ],
            [
              26.430633080951736,
              46.078069685487236
            ],
            [
              26.425152321140434,
              46.06684258553651
            ],
            [
              26.442003931227113,
              46.0509243897796
            ],
            [
              26.437548565242547,
              46.03552958221976
            ],
            [
              26.445417547978433,
              46.01704235946247
            ],
            [
              26.43193007233009,
              46.00022076377163
            ],
            [
              26.437832746412475,
              45.989487132087085
            ],
            [
              26.39127280465682,
              45.95792074390455
            ],
            [
              26.38720609729438,
              45.94031097651591
            ],
            [
              26.39449993005922,
              45.92085676884086
            ],
            [
              26.375667033052924,
              45.90732255360363
            ],
            [
              26.387989403361505,
              45.87359369817818
            ],
            [
              26.37100703827715,
              45.84336926108756
            ],
            [
              26.37501148603744,
              45.82072778828073
            ],
            [
              26.392116584551722,
              45.80239797420004
            ],
            [
              26.38333129418984,
              45.78269299858833
            ],
            [
              26.38938358185281,
              45.7667684701035
            ],
            [
              26.380738832399054,
              45.74975062552697
            ],
            [
              26.384533605977555,
              45.7362272419331
            ],
            [
              26.35340825183996,
              45.72251896483097
            ],
            [
              26.35722515183644,
              45.712075713216
            ],
            [
              26.33233257217039,
              45.685593505640284
            ],
            [
              26.324196872003185,
              45.64913411859898
            ],
            [
              26.329156617419073,
              45.631829723596866
            ],
            [
              26.31073765163649,
              45.603062126676626
            ],
            [
              26.30102248604702,
              45.60532350618657
            ],
            [
              26.28127624639375,
              45.58581452143498
            ],
            [
              26.25058248899217,
              45.60355495366155
            ],
            [
              26.25530339387755,
              45.61821412332865
            ],
            [
              26.24610130017943,
              45.62623730183939
            ],
            [
              26.210374693722756,
              45.62068469132881
            ],
            [
              26.185449238944358,
              45.60830880203407
            ],
            [
              26.173029623165323,
              45.56400707966438
            ],
            [
              26.15517015017468,
              45.57676603309837
            ],
            [
              26.155540843165788,
              45.584953525025654
            ],
            [
              26.147718190136427,
              45.5849258283652
            ],
            [
              26.095930433048697,
              45.517615180651994
            ],
            [
              26.066490298778163,
              45.50229920049125
            ],
            [
              26.06549623292717,
              45.48530271174016
            ],
            [
              26.046672048305844,
              45.47844209658587
            ],
            [
              26.01340428192482,
              45.49017350653394
            ],
            [
              25.99537427914266,
              45.514375526347095
            ],
            [
              25.96740063459105,
              45.50777014358805
            ],
            [
              25.921031477520955,
              45.52196236589247
            ],
            [
              25.890990300165303,
              45.48790557154216
            ],
            [
              25.897314794112734,
              45.47816191432733
            ],
            [
              25.88745199333427,
              45.46680749003077
            ],
            [
              25.889796939161904,
              45.44698927467668
            ],
            [
              25.86916036550534,
              45.435871732215716
            ],
            [
              25.865383509555954,
              45.42245667449115
            ],
            [
              25.822404330951024,
              45.43163376579442
            ],
            [
              25.82839697086164,
              45.43874998792637
            ],
            [
              25.81985208867572,
              45.45560817680398
            ],
            [
              25.786464844822707,
              45.481821797405615
            ],
            [
              25.76593367134984,
              45.46556648198043
            ],
            [
              25.726291615225204,
              45.46540160834066
            ],
            [
              25.681013514683865,
              45.50062555702184
            ],
            [
              25.642762028902272,
              45.492109400714725
            ],
            [
              25.629975851803636,
              45.49606987583962
            ],
            [
              25.599285605967115,
              45.462468003632665
            ],
            [
              25.572348756250932,
              45.467676623372945
            ],
            [
              25.532917931981142,
              45.45894220905973
            ],
            [
              25.51156229684478,
              45.47039680109255
            ],
            [
              25.498082749277376,
              45.467433338652164
            ],
            [
              25.47643216710926,
              45.45297078328098
            ],
            [
              25.46068294437764,
              45.45350845027319
            ],
            [
              25.451711963450993,
              45.440960889273406
            ],
            [
              25.412894735818536,
              45.429731992210115
            ],
            [
              25.403264419469384,
              45.38657608184235
            ],
            [
              25.362741498328425,
              45.391576526680865
            ],
            [
              25.32159419734302,
              45.381094461345164
            ],
            [
              25.308013166658487,
              45.389518761608244
            ],
            [
              25.312306486265083,
              45.398951275803505
            ],
            [
              25.30094211130292,
              45.423151672774644
            ],
            [
              25.27258257726709,
              45.40741196787153
            ],
            [
              25.25538478122274,
              45.42249905405965
            ],
            [
              25.26202778632462,
              45.43789295068366
            ],
            [
              25.275853061979973,
              45.442062929523104
            ],
            [
              25.238302169016038,
              45.475614797184555
            ],
            [
              25.23679960519229,
              45.51776287187649
            ],
            [
              25.21164313706136,
              45.52687305843271
            ],
            [
              25.203423962396037,
              45.51969339999384
            ],
            [
              25.188967931546124,
              45.52277745075566
            ],
            [
              25.103229347239605,
              45.58520022223167
            ],
            [
              25.08059433367408,
              45.581806845805616
            ],
            [
              25.03610835700269,
              45.59264398777212
            ],
            [
              24.983284465685827,
              45.58618255371851
            ],
            [
              24.967736810608862,
              45.59289878462809
            ],
            [
              24.941466521449527,
              45.58209137033409
            ],
            [
              24.917215577047116,
              45.59461165062904
            ],
            [
              24.83638627849265,
              45.59202539400231
            ],
            [
              24.829813634928367,
              45.60653603929778
            ],
            [
              24.810640133373575,
              45.61073831395562
            ],
            [
              24.792805867790822,
              45.60235199356187
            ],
            [
              24.772136981863973,
              45.61119934157475
            ],
            [
              24.736423415037237,
              45.60313164381412
            ],
            [
              24.69474660912524,
              45.60577604939307
            ],
            [
              24.67096134530033,
              45.59458002605676
            ],
            [
              24.658159974665292,
              45.60306181969545
            ],
            [
              24.626315535443442,
              45.60392954018829
            ],
            [
              24.56590326615099,
              45.57914422068057
            ],
            [
              24.553676003285503,
              45.58774320540139
            ],
            [
              24.5267251113008,
              45.58017400150811
            ],
            [
              24.51236542454487,
              45.58690773193906
            ],
            [
              24.481598708954653,
              45.5725085911738
            ],
            [
              24.477665376023623,
              45.58159797291278
            ],
            [
              24.461364231949428,
              45.580901642825395
            ],
            [
              24.446480315451964,
              45.59085718036458
            ],
            [
              24.43239530249072,
              45.58119031352082
            ],
            [
              24.38641077692116,
              45.583889269747964
            ],
            [
              24.337047848828938,
              45.57248800026481
            ],
            [
              24.33436264492836,
              45.581854154419595
            ],
            [
              24.266043421824357,
              45.55575222460484
            ],
            [
              24.257318523302235,
              45.54310331477436
            ],
            [
              24.22670439114319,
              45.54724327807726
            ],
            [
              24.20504511390424,
              45.5235756973804
            ],
            [
              24.11884002726652,
              45.50876063149207
            ],
            [
              24.011312631012093,
              45.53193963868549
            ],
            [
              24.00097092371153,
              45.52663822668046
            ],
            [
              23.922279829362754,
              45.535979580364625
            ],
            [
              23.87357332252711,
              45.5228155046576
            ],
            [
              23.857848752100768,
              45.535022631748845
            ],
            [
              23.794815722190556,
              45.53016116642914
            ],
            [
              23.771168144229257,
              45.51070014696737
            ],
            [
              23.703620812066315,
              45.496776735189236
            ],
            [
              23.678913822450173,
              45.464821350626494
            ],
            [
              23.65370858480953,
              45.45730903431436
            ],
            [
              23.634874369730067,
              45.456637252688445
            ],
            [
              23.626903534622656,
              45.4709317001683
            ],
            [
              23.61722692002033,
              45.46582545721267
            ],
            [
              23.59720198122355,
              45.473439324289004
            ],
            [
              23.595697753776626,
              45.45277019792
            ],
            [
              23.576139578183646,
              45.42783613817137
            ],
            [
              23.592293552458262,
              45.421032758896565
            ],
            [
              23.58893765833924,
              45.409940024508785
            ],
            [
              23.601642376094375,
              45.38267960704507
            ],
            [
              23.585349068583284,
              45.36969976311577
            ],
            [
              23.59064754303986,
              45.35307640458116
            ],
            [
              23.539151054407327,
              45.340107815415536
            ],
            [
              23.531312021867933,
              45.32898637979754
            ],
            [
              23.452471500709386,
              45.29845116451407
            ],
            [
              23.400362528165036,
              45.31590968594137
            ],
            [
              23.403390804579335,
              45.33389183797108
            ],
            [
              23.37988875590577,
              45.338752767794986
            ],
            [
              23.375065053012694,
              45.331854168410814
            ],
            [
              23.33916341467016,
              45.33133308498252
            ],
            [
              23.32681665504324,
              45.31000199621261
            ],
            [
              23.3099638155984,
              45.2999213755319
            ],
            [
              23.28887854320717,
              45.309909520754694
            ],
            [
              23.23431753283277,
              45.30347070339035
            ],
            [
              23.20729247184557,
              45.277314854704045
            ],
            [
              23.184817953242355,
              45.28587860892173
            ],
            [
              23.16471236977109,
              45.27929574338217
            ],
            [
              23.148726909837652,
              45.28693479305535
            ],
            [
              23.14515025942764,
              45.27914664427982
            ],
            [
              23.09332359887143,
              45.29124570671667
            ],
            [
              23.067907750256666,
              45.27475454477973
            ],
            [
              23.066446639071074,
              45.264970671417856
            ],
            [
              23.007618784441384,
              45.25339253140626
            ],
            [
              22.996159362031044,
              45.26024126181293
            ],
            [
              22.975073708770644,
              45.25412465505652
            ],
            [
              22.963753343992085,
              45.27129412192255
            ],
            [
              22.956010378544274,
              45.27138904590052
            ],
            [
              22.9426131206448,
              45.23834905921983
            ],
            [
              22.922217753185794,
              45.241344596801476
            ],
            [
              22.95624268690733,
              45.272626167762
            ],
            [
              22.93332609447837,
              45.27855553383895
            ],
            [
              22.89697845155434,
              45.27450232143366
            ],
            [
              22.8643638723017,
              45.26106303827277
            ],
            [
              22.857843473594972,
              45.27583536919909
            ],
            [
              22.823883493975046,
              45.28514942961549
            ],
            [
              22.814465915560625,
              45.27238569602815
            ],
            [
              22.78481231038423,
              45.26238733973359
            ],
            [
              22.774292687215475,
              45.270111958697974
            ],
            [
              22.74405441078071,
              45.26491256632723
            ],
            [
              22.735195243650928,
              45.25341827600854
            ],
            [
              22.699917791118313,
              45.260173636851945
            ],
            [
              22.692359665896237,
              45.251274517505315
            ],
            [
              22.686068437355893,
              45.257075062892504
            ]
          ]
        ]
      }
    },
    {
      "type": "Feature",
      "properties": {
        "nume": "Moldova"
      },
      "geometry": {
        "type": "Polygon",
        "coordinates": [
          [
            [
              28.117736564214628,
              46.1068537572581
            ],
            [
              28.122763409894205,
              46.10493218824108
            ],
            [
              28.10225359311524,
              46.098430753399455
            ],
            [
              28.111547383520243,
              46.08700427380138
            ],
            [
              28.108878186353824,
              46.0782728700219
            ],
            [
              28.093006206390225,
              46.07927608676285
            ],
            [
              28.088893011223803,
              46.069220703364394
            ],
            [
              28.10053670205983,
              46.06446089442955
            ],
            [
              28.08882015263969,
              46.05953651268314
            ],
            [
              28.09138342628897,
              46.05426221829069
            ],
            [
              28.105065502163843,
              46.052785780076874
            ],
            [
              28.103719803420336,
              46.04307948747366
            ],
            [
              28.090249443645114,
              46.034817873772596
            ],
            [
              28.087507021748184,
              46.02035719727682
            ],
            [
              28.095759725766037,
              46.014952876569005
            ],
            [
              28.085268834465662,
              46.008347284760454
            ],
            [
              28.10525390343309,
              45.989168313874806
            ],
            [
              28.098339250184864,
              45.97849558397683
            ],
            [
              28.107083531825914,
              45.9781680678185
            ],
            [
              28.10151025732965,
              45.97264194837737
            ],
            [
              28.125666749648257,
              45.922507806058334
            ],
            [
              28.116096222395665,
              45.90941684985732
            ],
            [
              28.119678648658763,
              45.900684479680315
            ],
            [
              28.112140686193868,
              45.89894066540637
            ],
            [
              28.11814836866849,
              45.88753214453791
            ],
            [
              28.112558127796937,
              45.88458655590297
            ],
            [
              28.12685885244817,
              45.885243725893595
            ],
            [
              28.13250655169662,
              45.87676232765722
            ],
            [
              28.126866912809724,
              45.86278101662649
            ],
            [
              28.105848607481526,
              45.85962068145239
            ],
            [
              28.114110770797897,
              45.8492503709171
            ],
            [
              28.105376991628884,
              45.84309432310943
            ],
            [
              28.11258573893951,
              45.8345464813598
            ],
            [
              28.10765667390374,
              45.81641480768022
            ],
            [
              28.118602527471158,
              45.814876964212004
            ],
            [
              28.12113022286673,
              45.806426797849085
            ],
            [
              28.113961424640127,
              45.79043945851262
            ],
            [
              28.1352755526788,
              45.778312571043074
            ],
            [
              28.153800020919576,
              45.782428592902455
            ],
            [
              28.143432208011124,
              45.760320087666585
            ],
            [
              28.151101072563694,
              45.744299011220875
            ],
            [
              28.166845848127927,
              45.736465616264624
            ],
            [
              28.160769607744516,
              45.72523183860235
            ],
            [
              28.170856437739854,
              45.70946135059636
            ],
            [
              28.160147330031972,
              45.70357212391743
            ],
            [
              28.17142674074611,
              45.67933800066311
            ],
            [
              28.16211301523593,
              45.660446669211794
            ],
            [
              28.16592648353224,
              45.65350672822442
            ],
            [
              28.157782865492216,
              45.651150354736764
            ],
            [
              28.174180862471612,
              45.64466367350652
            ],
            [
              28.144132321850027,
              45.621470813746654
            ],
            [
              28.112783935615184,
              45.626177064773216
            ],
            [
              28.088451144395023,
              45.60525851193743
            ],
            [
              28.12112227256345,
              45.572230255447515
            ],
            [
              28.138538815588593,
              45.577556756703736
            ],
            [
              28.145531937432377,
              45.56602009817621
            ],
            [
              28.15682990908731,
              45.57468440514023
            ],
            [
              28.148166740279752,
              45.56241181613943
            ],
            [
              28.15881026451639,
              45.560765874598836
            ],
            [
              28.166289446036988,
              45.528421956790794
            ],
            [
              28.156943526798788,
              45.524330365852336
            ],
            [
              28.166744196344304,
              45.52017406628749
            ],
            [
              28.154394571865655,
              45.50975800429631
            ],
            [
              28.17227576212541,
              45.500588260615466
            ],
            [
              28.18560608241948,
              45.47482767590258
            ],
            [
              28.210800162494614,
              45.46717808423119
            ],
            [
              28.19381695803011,
              45.45809737282365
            ],
            [
              28.187252483111763,
              45.41298864023304
            ],
            [
              28.130785134561997,
              45.437281734647485
            ],
            [
              28.098262009486188,
              45.44110243956173
            ],
            [
              28.054189735713585,
              45.42424397483863
            ],
            [
              28.03054957670443,
              45.40433499461438
            ],
            [
              28.005843341543073,
              45.396141766594724
            ],
            [
              27.99333540748117,
              45.400494190437044
            ],
            [
              27.98413338175109,
              45.39051612982315
            ],
            [
              27.889085458736982,
              45.420067806787976
            ],
            [
              27.874028224269846,
              45.417887283353046
            ],
            [
              27.865545978193623,
              45.40582680043719
            ],
            [
              27.868665196182135,
              45.39799462834705
            ],
            [
              27.82188097122128,
              45.396521325132596
            ],
            [
              27.786361776834937,
              45.406889783148884
            ],
            [
              27.783018661024883,
              45.42230929829584
            ],
            [
              27.7396291927305,
              45.41536729585141
            ],
            [
              27.75018697437532,
              45.4485011537208
            ],
            [
              27.732793258220042,
              45.43941826225855
            ],
            [
              27.73808380814155,
              45.436698786035116
            ],
            [
              27.71812283603185,
              45.44093814340365
            ],
            [
              27.716780368677124,
              45.43347063277271
            ],
            [
              27.67326689395338,
              45.44618451410332
            ],
            [
              27.68856687235013,
              45.46053697385384
            ],
            [
              27.681465668087828,
              45.466581321921
            ],
            [
              27.694137534736402,
              45.473193297002865
            ],
            [
              27.692659993402803,
              45.481606977241114
            ],
            [
              27.66162936264206,
              45.47196186017626
            ],
            [
              27.66418052786258,
              45.48979742001222
            ],
            [
              27.654408810033765,
              45.49071392567931
            ],
            [
              27.654954220937746,
              45.47980126304904
            ],
            [
              27.643578846861544,
              45.47767871049889
            ],
            [
              27.646233161195642,
              45.462141574914945
            ],
            [
              27.62883232149044,
              45.454648762344526
            ],
            [
              27.62406171299412,
              45.466173709359765
            ],
            [
              27.611554075401028,
              45.464318512768244
            ],
            [
              27.61413324800808,
              45.47349457293236
            ],
            [
              27.60273857286986,
              45.47757683997062
            ],
            [
              27.605606343224757,
              45.48224378701349
            ],
            [
              27.575288607514896,
              45.49166504274843
            ],
            [
              27.560668629311355,
              45.49015092064998
            ],
            [
              27.440402680964976,
              45.414800943141614
            ],
            [
              27.429438969398266,
              45.405602196844306
            ],
            [
              27.43475517452186,
              45.39470884409849
            ],
            [
              27.401464409417787,
              45.37701932147883
            ],
            [
              27.394440226029037,
              45.38331572607085
            ],
            [
              27.37302393459517,
              45.37363332128997
            ],
            [
              27.3366206441019,
              45.37133465363553
            ],
            [
              27.339579453398752,
              45.383511720967135
            ],
            [
              27.270029914810305,
              45.39020957735924
            ],
            [
              27.264619958102,
              45.4205013083256
            ],
            [
              27.280259204894573,
              45.42682842613889
            ],
            [
              27.279546340870457,
              45.45434730329855
            ],
            [
              27.256727441765268,
              45.449417610929515
            ],
            [
              27.24103107316557,
              45.4299158832834
            ],
            [
              27.22343495298617,
              45.42758477643324
            ],
            [
              27.204286583485274,
              45.452838332951565
            ],
            [
              27.194403475032125,
              45.45337198410743
            ],
            [
              27.174829796876555,
              45.42765017297913
            ],
            [
              27.143433001215186,
              45.410370116571
            ],
            [
              27.114841982945773,
              45.40929939964008
            ],
            [
              27.12005885310701,
              45.420809905014416
            ],
            [
              27.104082213034854,
              45.42603512831725
            ],
            [
              27.112697995271045,
              45.43475364339624
            ],
            [
              27.106649358212035,
              45.438523255261046
            ],
            [
              27.142945107899433,
              45.45133237690445
            ],
            [
              27.158279470622603,
              45.465207399360175
            ],
            [
              27.109280180995984,
              45.474892621361704
            ],
            [
              27.089935537377666,
              45.4458976488715
            ],
            [
              27.045442772083575,
              45.45257554506175
            ],
            [
              27.002226975192123,
              45.484872620418216
            ],
            [
              26.975075157449982,
              45.53193589040957
            ],
            [
              26.985850866941313,
              45.53773426421135
            ],
            [
              26.94829288483368,
              45.52186897824238
            ],
            [
              26.938540474409997,
              45.532023582130066
            ],
            [
              26.906076494087763,
              45.53283602488637
            ],
            [
              26.90335877600359,
              45.53865351325569
            ],
            [
              26.90019303512806,
              45.52342737701572
            ],
            [
              26.890162261875798,
              45.51680862206778
            ],
            [
              26.85304663028469,
              45.52535800054657
            ],
            [
              26.83391728103136,
              45.517837249120106
            ],
            [
              26.80539027054999,
              45.54786134286937
            ],
            [
              26.743253659371565,
              45.550628426414654
            ],
            [
              26.743387842775842,
              45.566465145254305
            ],
            [
              26.71897585677985,
              45.5718499631712
            ],
            [
              26.681174813321388,
              45.60885116773723
            ],
            [
              26.647776860388195,
              45.6090388054912
            ],
            [
              26.61527557606221,
              45.628043015541756
            ],
            [
              26.593550748288802,
              45.62035007782909
            ],
            [
              26.57968279288447,
              45.63330575214188
            ],
            [
              26.551399746312267,
              45.62938316142408
            ],
            [
              26.517929237239866,
              45.6512489122918
            ],
            [
              26.49283232648645,
              45.67689689511022
            ],
            [
              26.48299919200227,
              45.70114622878581
            ],
            [
              26.467176775322194,
              45.70456812943099
            ],
            [
              26.466813188366483,
              45.71932276903724
            ],
            [
              26.435740467941685,
              45.739673003678135
            ],
            [
              26.44339149768559,
              45.75156527021341
            ],
            [
              26.440774025903416,
              45.77663280382359
            ],
            [
              26.38626803452334,
              45.804810356564055
            ],
            [
              26.374936706836827,
              45.82091093788041
            ],
            [
              26.373349398873877,
              45.855738667484886
            ],
            [
              26.387989403361505,
              45.87359369817818
            ],
            [
              26.375667033052924,
              45.90732255360363
            ],
            [
              26.39452013290169,
              45.921040028990326
            ],
            [
              26.389251368979306,
              45.954888925732256
            ],
            [
              26.437762174430798,
              45.98934960417379
            ],
            [
              26.43193007233009,
              46.00022076377163
            ],
            [
              26.445417547978433,
              46.01704235946247
            ],
            [
              26.437548565242547,
              46.03552958221976
            ],
            [
              26.442003931227113,
              46.0509243897796
            ],
            [
              26.425152321140434,
              46.06684258553651
            ],
            [
              26.430633080951736,
              46.078069685487236
            ],
            [
              26.405058511826855,
              46.09225610916275
            ],
            [
              26.407904061482967,
              46.103572386206956
            ],
            [
              26.38886464480192,
              46.10137024298119
            ],
            [
              26.370763240861308,
              46.10979017146067
            ],
            [
              26.367651360509104,
              46.1185486451149
            ],
            [
              26.38007951653968,
              46.1283241738838
            ],
            [
              26.39254298537994,
              46.1230344774134
            ],
            [
              26.38569930939412,
              46.12898150962353
            ],
            [
              26.38752328847615,
              46.14496501952458
            ],
            [
              26.343257667765595,
              46.137141744900866
            ],
            [
              26.347437294576693,
              46.16211841054281
            ],
            [
              26.330532977203568,
              46.18335497519621
            ],
            [
              26.341439554570737,
              46.203697265632336
            ],
            [
              26.326708097777054,
              46.22999985205347
            ],
            [
              26.25863492126713,
              46.25010265105018
            ],
            [
              26.264794983009406,
              46.256295252835976
            ],
            [
              26.25326825793536,
              46.26687106447713
            ],
            [
              26.253416538903533,
              46.27734667842944
            ],
            [
              26.27436710062498,
              46.28735146684442
            ],
            [
              26.272171908369696,
              46.29644479569089
            ],
            [
              26.292324154813628,
              46.33513227527525
            ],
            [
              26.270801406803052,
              46.34489421715917
            ],
            [
              26.235665627463298,
              46.33505425617723
            ],
            [
              26.220972427854097,
              46.31456538137068
            ],
            [
              26.15610088254152,
              46.315169638274305
            ],
            [
              26.14926438259916,
              46.32903905384537
            ],
            [
              26.16440476712539,
              46.347127271624174
            ],
            [
              26.1659515720606,
              46.38477716825073
            ],
            [
              26.109755854411134,
              46.40054720676535
            ],
            [
              26.06191963698053,
              46.40070211944896
            ],
            [
              26.056396782584013,
              46.4035534134311
            ],
            [
              26.06023613853023,
              46.413377239540715
            ],
            [
              26.04690595184277,
              46.416581822640104
            ],
            [
              25.995259115314273,
              46.406758664372624
            ],
            [
              26.00315906921534,
              46.42519771009048
            ],
            [
              25.986991700378777,
              46.43889163757246
            ],
            [
              26.005827756064388,
              46.44485069989098
            ],
            [
              26.005137493743998,
              46.4547928001565
            ],
            [
              26.017060140740764,
              46.46120366069809
            ],
            [
              26.01159564356491,
              46.46922373016481
            ],
            [
              26.016839275293364,
              46.47697351801099
            ],
            [
              26.007049257445164,
              46.48257265478822
            ],
            [
              26.019037694625048,
              46.49235722958195
            ],
            [
              26.056627722578387,
              46.49436403195431
            ],
            [
              26.07461024874838,
              46.48453663381451
            ],
            [
              26.083226452445977,
              46.512473877548494
            ],
            [
              26.074453470727374,
              46.52548755877851
            ],
            [
              26.057408902543692,
              46.52698946967351
            ],
            [
              26.03550547500643,
              46.5438508262421
            ],
            [
              26.039195618292652,
              46.55566580366156
            ],
            [
              26.022469555883593,
              46.58875375078508
            ],
            [
              26.003547808671748,
              46.596622319820824
            ],
            [
              25.99047787089499,
              46.6161110960177
            ],
            [
              26.003311857281926,
              46.637851195065124
            ],
            [
              26.01942996264576,
              46.634331608893405
            ],
            [
              26.006470392158786,
              46.6597201091426
            ],
            [
              25.985576042789432,
              46.6784530166598
            ],
            [
              25.97270727330774,
              46.67764425326724
            ],
            [
              25.975178014169003,
              46.69732553242926
            ],
            [
              25.902716271269313,
              46.70436612819298
            ],
            [
              25.883866253001266,
              46.68869420357309
            ],
            [
              25.908031124418436,
              46.65390095587478
            ],
            [
              25.867390921610635,
              46.64943165082283
            ],
            [
              25.7955820274407,
              46.718511488808076
            ],
            [
              25.807207541702336,
              46.737393757812725
            ],
            [
              25.799844466621856,
              46.769283419837684
            ],
            [
              25.8086216642247,
              46.785790479540076
            ],
            [
              25.800991677536295,
              46.80086043505071
            ],
            [
              25.80742936305963,
              46.8049101661356
            ],
            [
              25.78516155023111,
              46.8127543006423
            ],
            [
              25.77703029378049,
              46.82558241245499
            ],
            [
              25.8048100897179,
              46.84062061915735
            ],
            [
              25.782794444865292,
              46.85120475657063
            ],
            [
              25.779474072225522,
              46.83423973992819
            ],
            [
              25.762448259817784,
              46.84123228833633
            ],
            [
              25.78152789886659,
              46.863116698545156
            ],
            [
              25.765398518331654,
              46.88446698833255
            ],
            [
              25.801481981093247,
              46.91526503675188
            ],
            [
              25.803719360918056,
              46.929004584399244
            ],
            [
              25.84210051503976,
              46.92041748790022
            ],
            [
              25.861985353475507,
              46.92339761157265
            ],
            [
              25.853853164189772,
              46.924768919282435
            ],
            [
              25.838750322280827,
              46.96270830910195
            ],
            [
              25.826723779347496,
              46.97396528531365
            ],
            [
              25.818001738896577,
              46.97661758878114
            ],
            [
              25.801484373600807,
              46.966544221594035
            ],
            [
              25.78976929473141,
              46.99642625235612
            ],
            [
              25.76967004664899,
              47.01628382017122
            ],
            [
              25.76929389073434,
              47.03558898599824
            ],
            [
              25.743761230146188,
              47.05207633373827
            ],
            [
              25.739317864135256,
              47.07000476203459
            ],
            [
              25.67706570948888,
              47.08961460733413
            ],
            [
              25.65215173598041,
              47.08722600250246
            ],
            [
              25.630224868569943,
              47.094956272736766
            ],
            [
              25.601595545951998,
              47.07733886686482
            ],
            [
              25.535636559474728,
              47.08346341934493
            ],
            [
              25.530300481194875,
              47.11053039317344
            ],
            [
              25.458008615342155,
              47.14439524645974
            ],
            [
              25.426497696759192,
              47.16970501012892
            ],
            [
              25.42514455808535,
              47.183857274623065
            ],
            [
              25.374199699545958,
              47.175330053590415
            ],
            [
              25.358482933265677,
              47.17972823776645
            ],
            [
              25.30503790892056,
              47.16513870735324
            ],
            [
              25.287230244324334,
              47.13323399063746
            ],
            [
              25.295943558566677,
              47.115255052032325
            ],
            [
              25.2513168558642,
              47.097775053057916
            ],
            [
              25.233365402557833,
              47.09831224999162
            ],
            [
              25.226392225822885,
              47.1081226946746
            ],
            [
              25.19986990972426,
              47.1135997382216
            ],
            [
              25.173080694214647,
              47.13059668060474
            ],
            [
              25.144062671589367,
              47.11322821201125
            ],
            [
              25.124895843398193,
              47.123229631876356
            ],
            [
              25.094409737643815,
              47.12046442688889
            ],
            [
              25.063395518125674,
              47.13655306186734
            ],
            [
              25.05761356515766,
              47.15059515227211
            ],
            [
              25.067192661255426,
              47.166762779558056
            ],
            [
              25.05829057483314,
              47.201406739149846
            ],
            [
              25.044274058144595,
              47.21609136440851
            ],
            [
              25.079599444962234,
              47.25864056196801
            ],
            [
              25.028074060544945,
              47.28679871056862
            ],
            [
              25.047514206415837,
              47.30368670936608
            ],
            [
              25.077543908196002,
              47.31166544534747
            ],
            [
              25.077102652604836,
              47.34077296689246
            ],
            [
              25.06032415888618,
              47.35327187082307
            ],
            [
              25.06942935513581,
              47.36993821863785
            ],
            [
              25.062646490889847,
              47.37919691266241
            ],
            [
              25.039973527590764,
              47.38044451070031
            ],
            [
              25.03333728997023,
              47.39432315332093
            ],
            [
              24.982845348313376,
              47.424035728186404
            ],
            [
              24.99946942343846,
              47.42021632548206
            ],
            [
              25.026709675928448,
              47.43581315112964
            ],
            [
              25.058287455801043,
              47.41654800951635
            ],
            [
              25.05238132854603,
              47.43102017665014
            ],
            [
              25.090902286091417,
              47.44894067926147
            ],
            [
              25.066202960721597,
              47.45021382249895
            ],
            [
              25.045373902058117,
              47.48104622620457
            ],
            [
              25.06147443308528,
              47.48127905639833
            ],
            [
              25.09379658802682,
              47.503977657609525
            ],
            [
              25.095056396270817,
              47.516217883892104
            ],
            [
              25.066497284035265,
              47.53035599913884
            ],
            [
              25.05196207373376,
              47.56045720621973
            ],
            [
              25.007783344181522,
              47.56884111243193
            ],
            [
              24.99215039612094,
              47.585587601474714
            ],
            [
              24.960848646392126,
              47.59686784703263
            ],
            [
              24.95856970977296,
              47.61519311541911
            ],
            [
              24.975006471049078,
              47.61382191582812
            ],
            [
              25.05643651471743,
              47.647560623574996
            ],
            [
              25.05158866144445,
              47.65876500326876
            ],
            [
              25.022162861807058,
              47.66639532860738
            ],
            [
              24.97834101095327,
              47.69752195111319
            ],
            [
              24.952265068551917,
              47.70553762536352
            ],
            [
              24.947111725710343,
              47.729141477238166
            ],
            [
              24.99492797345205,
              47.72502751551659
            ],
            [
              25.006953558411293,
              47.734369544904126
            ],
            [
              25.04010960724072,
              47.72541938526208
            ],
            [
              25.053829214601386,
              47.74641054262319
            ],
            [
              25.065147747318164,
              47.74060236164665
            ],
            [
              25.11561111674831,
              47.75484126235957
            ],
            [
              25.116205651356577,
              47.7678946172376
            ],
            [
              25.13409792785162,
              47.782318756589014
            ],
            [
              25.14883797213682,
              47.792046939408124
            ],
            [
              25.167616033896852,
              47.79226419132981
            ],
            [
              25.166868667664666,
              47.808957128596184
            ],
            [
              25.177528439135845,
              47.81412519738844
            ],
            [
              25.180179187129962,
              47.82592873253608
            ],
            [
              25.20237692695278,
              47.8397471068184
            ],
            [
              25.201822868270785,
              47.85032699250637
            ],
            [
              25.221958260471933,
              47.85867637295815
            ],
            [
              25.221603910709582,
              47.8807499062442
            ],
            [
              25.230157292140497,
              47.8930548562766
            ],
            [
              25.269820914827044,
              47.89237878114695
            ],
            [
              25.31093664552768,
              47.9143630095536
            ],
            [
              25.59232361752948,
              47.938447750804634
            ],
            [
              25.625542749003863,
              47.94879521966007
            ],
            [
              25.774645440207305,
              47.93938952483403
            ],
            [
              25.849945723613413,
              47.96894306975773
            ],
            [
              25.891881820285377,
              47.96121817343277
            ],
            [
              25.90787988054424,
              47.96490626698218
            ],
            [
              25.914672394481922,
              47.97739484670675
            ],
            [
              25.95198399389888,
              47.970856390438115
            ],
            [
              26.06113720543632,
              47.9880197164694
            ],
            [
              26.100978132997056,
              47.978256107175824
            ],
            [
              26.18805880086488,
              47.99548451874369
            ],
            [
              26.19919594835828,
              48.0080238372769
            ],
            [
              26.21211131237092,
              48.050785704542484
            ],
            [
              26.266869457120727,
              48.076510914013234
            ],
            [
              26.29800559477301,
              48.133690335725596
            ],
            [
              26.33423979252045,
              48.15940677939886
            ],
            [
              26.32785602878551,
              48.17622010790802
            ],
            [
              26.332693820058516,
              48.185825939929714
            ],
            [
              26.348093779428723,
              48.18299190723809
            ],
            [
              26.350972267021525,
              48.19164596219788
            ],
            [
              26.360482352413985,
              48.18517458920254
            ],
            [
              26.377082408767482,
              48.19887024157624
            ],
            [
              26.386843506729516,
              48.186964393950475
            ],
            [
              26.420876916633613,
              48.201654720125326
            ],
            [
              26.43589392547554,
              48.193226563870155
            ],
            [
              26.435233298763578,
              48.20454698115554
            ],
            [
              26.45831068067195,
              48.20678753083031
            ],
            [
              26.45691795963748,
              48.21395544373636
            ],
            [
              26.471512764209958,
              48.22022734751772
            ],
            [
              26.52882290579245,
              48.20975948699243
            ],
            [
              26.549937184563333,
              48.216536947160805
            ],
            [
              26.549714812666913,
              48.22510026706468
            ],
            [
              26.571993442849507,
              48.21930670922093
            ],
            [
              26.568676107058554,
              48.23117081893057
            ],
            [
              26.577497089687576,
              48.24367590836092
            ],
            [
              26.620396500413907,
              48.23919068233958
            ],
            [
              26.614696855791024,
              48.250573889955
            ],
            [
              26.629138208730772,
              48.24747823674365
            ],
            [
              26.63318267293839,
              48.261842357703635
            ],
            [
              26.645690095844742,
              48.25244646664162
            ],
            [
              26.662992871509008,
              48.263665029974426
            ],
            [
              26.666655392102967,
              48.24672609448153
            ],
            [
              26.68398532831092,
              48.2495844226347
            ],
            [
              26.70023030094811,
              48.265383711223095
            ],
            [
              26.725013597131607,
              48.24570880344258
            ],
            [
              26.731867981485124,
              48.250276585439316
            ],
            [
              26.72859158416415,
              48.258211180633104
            ],
            [
              26.742654364462794,
              48.25408895799254
            ],
            [
              26.735871100248293,
              48.24495370072654
            ],
            [
              26.783175751819506,
              48.24312966498989
            ],
            [
              26.808139563759138,
              48.25445368952002
            ],
            [
              26.8265768886218,
              48.244251535284285
            ],
            [
              26.83160273624005,
              48.22668600698186
            ],
            [
              26.851752398779826,
              48.23411168413662
            ],
            [
              26.860748630841737,
              48.21813105365693
            ],
            [
              26.884232107252057,
              48.20242223336826
            ],
            [
              26.908772649012068,
              48.20142828171405
            ],
            [
              26.89244323505865,
              48.191783009488645
            ],
            [
              26.903472379608807,
              48.18077494387823
            ],
            [
              26.92089176616702,
              48.18220448134581
            ],
            [
              26.914955035224782,
              48.199004762230935
            ],
            [
              26.941418251066416,
              48.1969840256427
            ],
            [
              26.949959302865242,
              48.185295898616864
            ],
            [
              26.93271233845747,
              48.170661306226776
            ],
            [
              26.935253807382406,
              48.164009719034404
            ],
            [
              26.974948753779504,
              48.16089561953818
            ],
            [
              26.991722241447885,
              48.149767690431815
            ],
            [
              26.97918671242748,
              48.14378144929624
            ],
            [
              26.955986276449885,
              48.15228554803541
            ],
            [
              26.95098181293858,
              48.14526425542226
            ],
            [
              26.956352288558033,
              48.13509985532996
            ],
            [
              27.00058356359571,
              48.1218781418326
            ],
            [
              27.02022942577076,
              48.13838119552957
            ],
            [
              27.029122598214627,
              48.13608164541881
            ],
            [
              27.02451107488935,
              48.12433869718569
            ],
            [
              27.03922360508589,
              48.12967280660991
            ],
            [
              27.033717941648714,
              48.11534812415463
            ],
            [
              27.040677451438714,
              48.10336231836122
            ],
            [
              27.024952278448783,
              48.08993291491196
            ],
            [
              27.04188926006179,
              48.08177752922552
            ],
            [
              27.045448689169675,
              48.069110331636736
            ],
            [
              27.080021291542224,
              48.0510059577141
            ],
            [
              27.083986233033464,
              48.03473171409586
            ],
            [
              27.107528136943543,
              48.03276732867724
            ],
            [
              27.092157976064286,
              48.0219798675502
            ],
            [
              27.091099978692103,
              48.00747690867093
            ],
            [
              27.1238781965225,
              48.01608583325991
            ],
            [
              27.13077774201048,
              48.01225604558032
            ],
            [
              27.116940811748655,
              48.00055522529003
            ],
            [
              27.12182998871231,
              47.99391114932273
            ],
            [
              27.166146139605623,
              47.99488663418582
            ],
            [
              27.153203317610647,
              47.971567245307185
            ],
            [
              27.141373752553292,
              47.9669597561712
            ],
            [
              27.178166067053457,
              47.94686078568737
            ],
            [
              27.150837541188615,
              47.92131965520813
            ],
            [
              27.19994335185242,
              47.90184402538646
            ],
            [
              27.208989351835605,
              47.849419512697054
            ],
            [
              27.248209771982708,
              47.83411384305539
            ],
            [
              27.234370663450395,
              47.82496950368881
            ],
            [
              27.22281918108924,
              47.83166866417986
            ],
            [
              27.215274350400943,
              47.81927409875748
            ],
            [
              27.241372770040943,
              47.815772451374976
            ],
            [
              27.23147468661633,
              47.79898396315976
            ],
            [
              27.249801735871014,
              47.79377328288407
            ],
            [
              27.25383894122916,
              47.778691976970066
            ],
            [
              27.266459272186726,
              47.780232727429265
            ],
            [
              27.26512797691058,
              47.76068443938655
            ],
            [
              27.279668739588715,
              47.76445778265804
            ],
            [
              27.28578155279104,
              47.756134834422
            ],
            [
              27.28009273123053,
              47.75021553892399
            ],
            [
              27.29690599826708,
              47.7521296895552
            ],
            [
              27.28067327820936,
              47.735889973047044
            ],
            [
              27.293932337285657,
              47.724034939163246
            ],
            [
              27.268659867627964,
              47.72644429269052
            ],
            [
              27.265503325197045,
              47.73279909509075
            ],
            [
              27.25004813951977,
              47.71952893851135
            ],
            [
              27.26646714436578,
              47.712460723072596
            ],
            [
              27.271197535254597,
              47.69965659352941
            ],
            [
              27.282651549517645,
              47.70081085010144
            ],
            [
              27.2732117789213,
              47.69016608945542
            ],
            [
              27.29646583645159,
              47.68039627608163
            ],
            [
              27.294806286373337,
              47.66241156682858
            ],
            [
              27.307280213726827,
              47.66109961228549
            ],
            [
              27.332442334195928,
              47.62811873665718
            ],
            [
              27.361535668581052,
              47.61935515250569
            ],
            [
              27.373106007746514,
              47.59693032666775
            ],
            [
              27.40431226992259,
              47.58298580069579
            ],
            [
              27.42827679018437,
              47.582535211867445
            ],
            [
              27.418575191021716,
              47.56517003089118
            ],
            [
              27.432871396723804,
              47.56240581870437
            ],
            [
              27.424030866773197,
              47.55412036043941
            ],
            [
              27.440094795441986,
              47.54852112581711
            ],
            [
              27.431020036053795,
              47.544174976277816
            ],
            [
              27.45687499108167,
              47.53635565279385
            ],
            [
              27.444115614937473,
              47.530733424056585
            ],
            [
              27.451395667216072,
              47.52188662412909
            ],
            [
              27.46761954874092,
              47.52677853381584
            ],
            [
              27.45433601619191,
              47.50775922223396
            ],
            [
              27.474799700183286,
              47.48530380721382
            ],
            [
              27.49316795742973,
              47.48871101399225
            ],
            [
              27.49279122405942,
              47.48056749186991
            ],
            [
              27.506825849664196,
              47.478413850278756
            ],
            [
              27.51607847875229,
              47.49083747686575
            ],
            [
              27.51531091659171,
              47.473725650134575
            ],
            [
              27.52169860570416,
              47.4823009651392
            ],
            [
              27.536333877930446,
              47.47819141329136
            ],
            [
              27.531316637997893,
              47.484519880674696
            ],
            [
              27.53811655407634,
              47.489023804315835
            ],
            [
              27.559296743629517,
              47.4635612036739
            ],
            [
              27.572587361802455,
              47.46393460692379
            ],
            [
              27.57091862793571,
              47.450934653361436
            ],
            [
              27.557579802290512,
              47.447153578521586
            ],
            [
              27.560817560970825,
              47.438056458719366
            ],
            [
              27.552576983607203,
              47.43356040190342
            ],
            [
              27.556555542636822,
              47.42558550844704
            ],
            [
              27.57061303725457,
              47.42482160734611
            ],
            [
              27.575104082177695,
              47.409121082776
            ],
            [
              27.584381880745887,
              47.40851851210241
            ],
            [
              27.58168226453291,
              47.398554814636434
            ],
            [
              27.569515901488895,
              47.394587267238904
            ],
            [
              27.568854586475105,
              47.37328401505259
            ],
            [
              27.582610372502884,
              47.37902734609496
            ],
            [
              27.573321756266676,
              47.36859873300464
            ],
            [
              27.58910517744108,
              47.36476136705097
            ],
            [
              27.596766987452575,
              47.37233912248465
            ],
            [
              27.595148749050338,
              47.34714246638109
            ],
            [
              27.605336096840414,
              47.34963937599152
            ],
            [
              27.605235328932867,
              47.33917143337063
            ],
            [
              27.615259277901934,
              47.3394909984551
            ],
            [
              27.600035973930044,
              47.32865014948133
            ],
            [
              27.58075858306446,
              47.328034905026485
            ],
            [
              27.595236436986674,
              47.32709898657509
            ],
            [
              27.59962149456259,
              47.317116456844765
            ],
            [
              27.604928776683757,
              47.32887515372288
            ],
            [
              27.610970884283805,
              47.32480730322587
            ],
            [
              27.60598683856486,
              47.31699662921748
            ],
            [
              27.622361851501108,
              47.32585086702845
            ],
            [
              27.627917656021953,
              47.31010576968941
            ],
            [
              27.63831048257773,
              47.311510646337325
            ],
            [
              27.633158398029764,
              47.30294686099999
            ],
            [
              27.646617537515574,
              47.29956746873661
            ],
            [
              27.646307655354327,
              47.3068770756765
            ],
            [
              27.663312248391225,
              47.30826800278061
            ],
            [
              27.673595172333556,
              47.299311501431866
            ],
            [
              27.679084694835172,
              47.30947553426038
            ],
            [
              27.685894687542607,
              47.284412313287746
            ],
            [
              27.690225735383635,
              47.2916846166575
            ],
            [
              27.706213827237175,
              47.28957774438481
            ],
            [
              27.705291915574918,
              47.30010717571919
            ],
            [
              27.731929517648112,
              47.292894077971056
            ],
            [
              27.737914675725122,
              47.275546538269296
            ],
            [
              27.748200397714722,
              47.276692645409746
            ],
            [
              27.744330503961308,
              47.26485843429632
            ],
            [
              27.75867799198243,
              47.257806510207324
            ],
            [
              27.74223540125351,
              47.25687791505575
            ],
            [
              27.757441710534604,
              47.24954271985569
            ],
            [
              27.74515121314828,
              47.24273608080072
            ],
            [
              27.759186701034967,
              47.24004631245397
            ],
            [
              27.755224451789797,
              47.230267591423186
            ],
            [
              27.774739390621093,
              47.23081768128663
            ],
            [
              27.76971169712865,
              47.221332890361076
            ],
            [
              27.785844451254697,
              47.21869578908548
            ],
            [
              27.776979719436493,
              47.20454972253994
            ],
            [
              27.790117989824914,
              47.20768085498634
            ],
            [
              27.786695513983183,
              47.190391135042105
            ],
            [
              27.803677994700394,
              47.18851172351409
            ],
            [
              27.796274095612077,
              47.170770251267314
            ],
            [
              27.811292418035116,
              47.165649691089584
            ],
            [
              27.800457352866875,
              47.151519817607586
            ],
            [
              27.784141556095104,
              47.14973000287777
            ],
            [
              27.795570692905414,
              47.14934797189083
            ],
            [
              27.799377141247046,
              47.141677313373336
            ],
            [
              27.780949288780626,
              47.14265224027817
            ],
            [
              27.84278772155971,
              47.13554056516849
            ],
            [
              27.849584786766133,
              47.12389914143722
            ],
            [
              27.838761084514136,
              47.13011452854032
            ],
            [
              27.825895139634213,
              47.1215818287813
            ],
            [
              27.857076770425934,
              47.112466683297775
            ],
            [
              27.859900746792718,
              47.10354279196144
            ],
            [
              27.874749870894746,
              47.107928485792506
            ],
            [
              27.866798531571547,
              47.10280192299383
            ],
            [
              27.883685331771463,
              47.098964941344725
            ],
            [
              27.879635292600906,
              47.09176107481307
            ],
            [
              27.893997092394173,
              47.08629280238507
            ],
            [
              27.89765835447957,
              47.07343663568466
            ],
            [
              27.906087387852534,
              47.076680139503324
            ],
            [
              27.931623059589143,
              47.06216618626689
            ],
            [
              27.94076177757645,
              47.065955815059816
            ],
            [
              27.96035228199257,
              47.05576311773636
            ],
            [
              27.944595850591167,
              47.049870500331366
            ],
            [
              27.96406780032055,
              47.04936618071782
            ],
            [
              27.9596530325493,
              47.04119803034803
            ],
            [
              27.97273129809037,
              47.044606914659624
            ],
            [
              27.9842610169099,
              47.034457379966796
            ],
            [
              27.992457117913347,
              47.037603142481196
            ],
            [
              27.9950385475919,
              47.02895690745212
            ],
            [
              28.019681473449715,
              47.0229512547515
            ],
            [
              28.035281769706227,
              47.03028343342291
            ],
            [
              28.043072112281116,
              47.02006683828301
            ],
            [
              28.048011399177444,
              47.0249635679323
            ],
            [
              28.053213471899497,
              47.01350609003147
            ],
            [
              28.041314966018735,
              47.019183421277695
            ],
            [
              28.03261364463984,
              47.01091806172362
            ],
            [
              28.09614079759822,
              46.978947077019775
            ],
            [
              28.07833187801481,
              46.9633410289813
            ],
            [
              28.09351422148907,
              46.956716735719446
            ],
            [
              28.089672102500206,
              46.94824706933128
            ],
            [
              28.09819091595184,
              46.949167543679906
            ],
            [
              28.09676511580894,
              46.94186407734568
            ],
            [
              28.081301133237076,
              46.937539484295215
            ],
            [
              28.103473300763564,
              46.93237483128166
            ],
            [
              28.096146539224176,
              46.92860483116532
            ],
            [
              28.1127196909119,
              46.92170926625614
            ],
            [
              28.103958619896904,
              46.910153384307236
            ],
            [
              28.08292855053172,
              46.90294558391133
            ],
            [
              28.08558579146165,
              46.89527179850711
            ],
            [
              28.114289686772118,
              46.891358300844864
            ],
            [
              28.118757060574836,
              46.877700967066616
            ],
            [
              28.098212997589666,
              46.87018495815904
            ],
            [
              28.111835722318407,
              46.869585915236165
            ],
            [
              28.107194994569884,
              46.86607757499247
            ],
            [
              28.123139334244573,
              46.857142206759505
            ],
            [
              28.117295019899643,
              46.853652485223954
            ],
            [
              28.126588296066068,
              46.852912434047695
            ],
            [
              28.10752662421304,
              46.84279165127554
            ],
            [
              28.115304562749927,
              46.83668356816625
            ],
            [
              28.114037995464102,
              46.8222536237988
            ],
            [
              28.125304142975274,
              46.82292515423063
            ],
            [
              28.128651746583465,
              46.806513386635594
            ],
            [
              28.152932108441924,
              46.79948304804121
            ],
            [
              28.148921760910774,
              46.793776861096276
            ],
            [
              28.160702988552895,
              46.784373312090324
            ],
            [
              28.164774425931608,
              46.79136844209298
            ],
            [
              28.176221577023785,
              46.778484300254036
            ],
            [
              28.16046540313224,
              46.777323477439175
            ],
            [
              28.172596611737678,
              46.77556747725336
            ],
            [
              28.167606483428408,
              46.76986636784168
            ],
            [
              28.177556934876012,
              46.77082931758794
            ],
            [
              28.177407839638683,
              46.7588970234603
            ],
            [
              28.185157826648588,
              46.75967478421486
            ],
            [
              28.173142427632737,
              46.75050372452153
            ],
            [
              28.18325394275864,
              46.74645155902691
            ],
            [
              28.17801096209779,
              46.74285542486944
            ],
            [
              28.183542341328206,
              46.73432717869774
            ],
            [
              28.19429303008227,
              46.73450336217697
            ],
            [
              28.186861068033497,
              46.723547885373904
            ],
            [
              28.208972453471244,
              46.71269954165922
            ],
            [
              28.202147638646597,
              46.70012644175151
            ],
            [
              28.214768698927816,
              46.69455411616972
            ],
            [
              28.20793104521191,
              46.68598980849437
            ],
            [
              28.220765121346084,
              46.6903346375115
            ],
            [
              28.223872316649903,
              46.67583842716332
            ],
            [
              28.2307888507319,
              46.67366195692049
            ],
            [
              28.23358697364901,
              46.68133925149096
            ],
            [
              28.239419382179275,
              46.66971461264171
            ],
            [
              28.237568672088198,
              46.651245571528776
            ],
            [
              28.24602137024186,
              46.64562210070762
            ],
            [
              28.238219991122726,
              46.64430007255495
            ],
            [
              28.244662842066685,
              46.63767515809939
            ],
            [
              28.23909675501009,
              46.62987658885266
            ],
            [
              28.247847679834173,
              46.6280466978481
            ],
            [
              28.252335574024972,
              46.61248450653204
            ],
            [
              28.231177606095695,
              46.58519300860585
            ],
            [
              28.241222012940415,
              46.58108986599857
            ],
            [
              28.22289750872797,
              46.57981758293296
            ],
            [
              28.235703077226432,
              46.55186874982665
            ],
            [
              28.22668923866019,
              46.553665084355764
            ],
            [
              28.21544161901464,
              46.537590198663885
            ],
            [
              28.227190199161974,
              46.536207958731566
            ],
            [
              28.22998338060843,
              46.52670038811237
            ],
            [
              28.21448604730736,
              46.522221859378305
            ],
            [
              28.222849479362562,
              46.51131945341834
            ],
            [
              28.20915529035466,
              46.50533279432391
            ],
            [
              28.23092520544793,
              46.49486700998804
            ],
            [
              28.225160969371945,
              46.47943157038279
            ],
            [
              28.242490163696303,
              46.479138419083796
            ],
            [
              28.252146094009703,
              46.46750704558932
            ],
            [
              28.245488260595067,
              46.463692277803666
            ],
            [
              28.25812683836435,
              46.46228101631785
            ],
            [
              28.240064897324192,
              46.45201092094455
            ],
            [
              28.257102454977503,
              46.44737945027277
            ],
            [
              28.260999668873016,
              46.4376379344417
            ],
            [
              28.250275300606155,
              46.41578645832937
            ],
            [
              28.23009041870251,
              46.41444032956546
            ],
            [
              28.23877423984178,
              46.406774129894366
            ],
            [
              28.22492679090267,
              46.39942379503065
            ],
            [
              28.24288939481353,
              46.39496411225718
            ],
            [
              28.23466271977112,
              46.38998253413198
            ],
            [
              28.217760173227237,
              46.395988934594584
            ],
            [
              28.221896330984844,
              46.38181916330119
            ],
            [
              28.197645292859697,
              46.37061524215052
            ],
            [
              28.2073810517539,
              46.369273430746745
            ],
            [
              28.19908555577199,
              46.36507629764818
            ],
            [
              28.208330678086618,
              46.359142239698706
            ],
            [
              28.192632136699398,
              46.35956283428567
            ],
            [
              28.195006938512723,
              46.34941105706744
            ],
            [
              28.18304705711793,
              46.35272150643825
            ],
            [
              28.199745709550214,
              46.34347723771187
            ],
            [
              28.19721482311873,
              46.334168367666315
            ],
            [
              28.184136582295416,
              46.33291002287336
            ],
            [
              28.208953784507496,
              46.32065647424215
            ],
            [
              28.203718507707954,
              46.31195230146551
            ],
            [
              28.178321127372115,
              46.29993768094279
            ],
            [
              28.187083913739347,
              46.29344735766245
            ],
            [
              28.180593705410725,
              46.285542594925595
            ],
            [
              28.17278018930339,
              46.2980639563491
            ],
            [
              28.16918687877043,
              46.28253286023637
            ],
            [
              28.14962239758992,
              46.29221560350271
            ],
            [
              28.152582878837148,
              46.27900836897958
            ],
            [
              28.139633047449838,
              46.284769496396684
            ],
            [
              28.136097796456113,
              46.2644472036056
            ],
            [
              28.126451308587225,
              46.261995791029236
            ],
            [
              28.146539954428295,
              46.25194559553148
            ],
            [
              28.119168932388696,
              46.238744706730756
            ],
            [
              28.109961392009073,
              46.242891910275354
            ],
            [
              28.106400884524604,
              46.22155594358905
            ],
            [
              28.114855896897584,
              46.21111304580347
            ],
            [
              28.109780382944944,
              46.204798457487065
            ],
            [
              28.123477687257324,
              46.21086548671992
            ],
            [
              28.11802919523073,
              46.19224313597719
            ],
            [
              28.13449739703494,
              46.19550376870353
            ],
            [
              28.141383655682606,
              46.185447830361966
            ],
            [
              28.131151699234813,
              46.18329419305466
            ],
            [
              28.144106708710694,
              46.17928081355185
            ],
            [
              28.128053963394105,
              46.177754300377636
            ],
            [
              28.142813691717897,
              46.164314713536484
            ],
            [
              28.12434700800992,
              46.151694868070365
            ],
            [
              28.125164064535806,
              46.1371875744205
            ],
            [
              28.13434924232088,
              46.130428406903555
            ],
            [
              28.124521820919124,
              46.12602718104226
            ],
            [
              28.117736564214628,
              46.1068537572581
            ]
          ]
        ]
      }
    },
    {
      "type": "Feature",
      "properties": {
        "nume": "Muntenia"
      },
      "geometry": {
        "type": "Polygon",
        "coordinates": [
          [
            [
              25.656186517778945,
              43.68614363627139
            ],
            [
              25.563336733172715,
              43.64485291026493
            ],
            [
              25.50832542654422,
              43.64684806366158
            ],
            [
              25.39015421582891,
              43.61901921938972
            ],
            [
              25.345633920148142,
              43.628895690510774
            ],
            [
              25.248513419917582,
              43.68378094772082
            ],
            [
              25.167259860594427,
              43.699765462140725
            ],
            [
              25.111259237795117,
              43.68386687779754
            ],
            [
              25.0583300369095,
              43.69106249705192
            ],
            [
              24.998509539103303,
              43.727290019763835
            ],
            [
              24.947518922597165,
              43.72928773178703
            ],
            [
              24.933083440759635,
              43.72329763337291
            ],
            [
              24.93294539155167,
              43.71594928930134
            ],
            [
              24.879063267287272,
              43.706817695604464
            ],
            [
              24.815772455812063,
              43.712342398818485
            ],
            [
              24.734362747843967,
              43.68508576070897
            ],
            [
              24.70481535169388,
              43.693776150340184
            ],
            [
              24.65707967059178,
              43.72363550565917
            ],
            [
              24.66522739075938,
              43.742589783789924
            ],
            [
              24.650648732556625,
              43.74676002335135
            ],
            [
              24.656451814908774,
              43.754697822148096
            ],
            [
              24.674639692950116,
              43.751516470629
            ],
            [
              24.68672935424408,
              43.75972893107299
            ],
            [
              24.68395401772239,
              43.77228673563705
            ],
            [
              24.696325433899585,
              43.77403224423448
            ],
            [
              24.69437847263046,
              43.78186756225993
            ],
            [
              24.746728006892862,
              43.79202189685306
            ],
            [
              24.736586010024563,
              43.8080964991759
            ],
            [
              24.75511192566601,
              43.817597824857586
            ],
            [
              24.72602014915785,
              43.82608456241993
            ],
            [
              24.68907217919053,
              43.82112061133449
            ],
            [
              24.695856635950207,
              43.83130638639086
            ],
            [
              24.71594295635849,
              43.82885803975672
            ],
            [
              24.72353029600321,
              43.83578792819728
            ],
            [
              24.700465200492243,
              43.86056306695842
            ],
            [
              24.692987699477282,
              43.85972469083335
            ],
            [
              24.693549317479288,
              43.87073723443054
            ],
            [
              24.668346639773436,
              43.8666791588449
            ],
            [
              24.66244379290564,
              43.88308084562914
            ],
            [
              24.67784821014183,
              43.88527061985827
            ],
            [
              24.675515584668627,
              43.89806004629911
            ],
            [
              24.65773954548422,
              43.89982770097672
            ],
            [
              24.639265392960652,
              43.925422831972824
            ],
            [
              24.630999370471717,
              43.92516191581087
            ],
            [
              24.627587451018286,
              43.93587027531786
            ],
            [
              24.647137632928683,
              43.94325227394563
            ],
            [
              24.634330836623096,
              43.94449926366567
            ],
            [
              24.63222198803726,
              43.96162206003435
            ],
            [
              24.602283931689527,
              43.96211003114308
            ],
            [
              24.60909271091868,
              43.97786370829144
            ],
            [
              24.59604287319229,
              43.97990520085603
            ],
            [
              24.607201200958823,
              43.98368735291561
            ],
            [
              24.607073464931343,
              43.99125295100473
            ],
            [
              24.593719172555478,
              43.98951663222148
            ],
            [
              24.608537607225106,
              43.994738216825496
            ],
            [
              24.61310748792886,
              44.014152994209034
            ],
            [
              24.628403031243213,
              44.02169700176999
            ],
            [
              24.72019456040435,
              44.038073788688656
            ],
            [
              24.711707841084742,
              44.044586875158835
            ],
            [
              24.722090628339142,
              44.04742084309074
            ],
            [
              24.710915897747633,
              44.059123231825254
            ],
            [
              24.859363620348287,
              44.09380110385072
            ],
            [
              24.844184652651208,
              44.133168627542965
            ],
            [
              24.805343418501533,
              44.15880033440012
            ],
            [
              24.79358146122815,
              44.19125294250716
            ],
            [
              24.837178318432393,
              44.226277721722035
            ],
            [
              24.817780387552176,
              44.23318642290824
            ],
            [
              24.82808132456802,
              44.236820858840936
            ],
            [
              24.820218290463064,
              44.24206583078524
            ],
            [
              24.829185382908996,
              44.27232034218187
            ],
            [
              24.821370154284132,
              44.290210956941955
            ],
            [
              24.835689298886518,
              44.301992679362684
            ],
            [
              24.831023735929378,
              44.30948997757528
            ],
            [
              24.847434183864667,
              44.31899200296261
            ],
            [
              24.828317889789663,
              44.332295433090465
            ],
            [
              24.817046282910926,
              44.361052298316714
            ],
            [
              24.88255633877718,
              44.36828530932954
            ],
            [
              24.886550781533515,
              44.38003581061553
            ],
            [
              24.880569073670493,
              44.394212768990414
            ],
            [
              24.81832538291525,
              44.39386590921704
            ],
            [
              24.81315513935976,
              44.38694444420614
            ],
            [
              24.786378072230743,
              44.398249771581945
            ],
            [
              24.74453595677974,
              44.395482370547384
            ],
            [
              24.753272830346777,
              44.40239584433801
            ],
            [
              24.74402224877487,
              44.42296525107343
            ],
            [
              24.754343734294515,
              44.42807745489681
            ],
            [
              24.74987107864246,
              44.44336825051092
            ],
            [
              24.759159690564395,
              44.46450725492187
            ],
            [
              24.734012693251028,
              44.46520622129371
            ],
            [
              24.72916380130838,
              44.51379897827816
            ],
            [
              24.742627124250735,
              44.53804961399235
            ],
            [
              24.73894581013599,
              44.54654485519731
            ],
            [
              24.725046806311603,
              44.54332486584338
            ],
            [
              24.73654829533393,
              44.55511930707957
            ],
            [
              24.7233957813574,
              44.5786414877486
            ],
            [
              24.71054626485259,
              44.58230099282582
            ],
            [
              24.70873172250255,
              44.61654120037172
            ],
            [
              24.71671203202774,
              44.626096741973555
            ],
            [
              24.70106571588212,
              44.64036550235076
            ],
            [
              24.704987299260843,
              44.65710504344295
            ],
            [
              24.692867261636042,
              44.69676506489323
            ],
            [
              24.685680322247926,
              44.700113324958
            ],
            [
              24.725064999821438,
              44.721199170271284
            ],
            [
              24.715940266664767,
              44.7182509303421
            ],
            [
              24.70743584872577,
              44.73129526470301
            ],
            [
              24.674717526498494,
              44.73908821092773
            ],
            [
              24.62965473057134,
              44.728769622261055
            ],
            [
              24.606982115144476,
              44.75379854010392
            ],
            [
              24.593790316867914,
              44.75087261243151
            ],
            [
              24.587825712180987,
              44.77568612142606
            ],
            [
              24.582261074618586,
              44.77403756549264
            ],
            [
              24.58857623685871,
              44.79815466067585
            ],
            [
              24.57708394421933,
              44.79900745695049
            ],
            [
              24.571719809245916,
              44.81705937844218
            ],
            [
              24.556490640466986,
              44.83113609135785
            ],
            [
              24.552081368274223,
              44.85848124965319
            ],
            [
              24.542471889467507,
              44.86142140209255
            ],
            [
              24.540735575739674,
              44.891041763861
            ],
            [
              24.522777123918978,
              44.89423089029178
            ],
            [
              24.515225184521725,
              44.86905138290374
            ],
            [
              24.50543562514462,
              44.86587479918139
            ],
            [
              24.509415651878033,
              44.84549779363826
            ],
            [
              24.494863986858157,
              44.844566646138546
            ],
            [
              24.494853448517464,
              44.83168913080306
            ],
            [
              24.48296704029552,
              44.82986668104485
            ],
            [
              24.48019628840831,
              44.82174264949441
            ],
            [
              24.4453393601369,
              44.81076280477189
            ],
            [
              24.44688493365615,
              44.82021913544533
            ],
            [
              24.432968586117628,
              44.817836176684466
            ],
            [
              24.42151315522917,
              44.82707127789483
            ],
            [
              24.472332415914444,
              44.874350037857404
            ],
            [
              24.463249979120587,
              44.874669088380706
            ],
            [
              24.480067349536178,
              44.899125709186265
            ],
            [
              24.463540633190807,
              44.90417366652668
            ],
            [
              24.463646636823807,
              44.913370827981296
            ],
            [
              24.49975609333844,
              44.945429293828404
            ],
            [
              24.48232532629279,
              44.954178257336594
            ],
            [
              24.468689885546222,
              44.94826703228218
            ],
            [
              24.481000238121638,
              44.975804573807174
            ],
            [
              24.509043483971343,
              44.997784082345476
            ],
            [
              24.4827641423397,
              45.01430904122312
            ],
            [
              24.517356930956243,
              45.039301930269204
            ],
            [
              24.52046746149052,
              45.048980579657055
            ],
            [
              24.481359221712648,
              45.06094245634858
            ],
            [
              24.491271221999888,
              45.077078783410215
            ],
            [
              24.507153077893193,
              45.08497322669288
            ],
            [
              24.487503104387677,
              45.10529802987027
            ],
            [
              24.496495101009824,
              45.1066116778889
            ],
            [
              24.49779694997937,
              45.11500736857926
            ],
            [
              24.51245393335193,
              45.10828056109103
            ],
            [
              24.519689760622583,
              45.134763810642575
            ],
            [
              24.497933182473847,
              45.16564063258106
            ],
            [
              24.512882945363156,
              45.16582249477264
            ],
            [
              24.510424108143273,
              45.174994342353905
            ],
            [
              24.521976965408466,
              45.17982466434834
            ],
            [
              24.488748929476614,
              45.195002790348006
            ],
            [
              24.50079305297093,
              45.20502700170803
            ],
            [
              24.484459628292456,
              45.21274632292353
            ],
            [
              24.475895883915545,
              45.20902520725567
            ],
            [
              24.469281960420656,
              45.22099691612977
            ],
            [
              24.4667680549973,
              45.231736060225415
            ],
            [
              24.483962281284104,
              45.25668787084186
            ],
            [
              24.475851497620315,
              45.26720665690093
            ],
            [
              24.491947547374426,
              45.27774914887688
            ],
            [
              24.48820646345302,
              45.296444056041665
            ],
            [
              24.48013772914017,
              45.29602748605204
            ],
            [
              24.492230618262674,
              45.31549556128046
            ],
            [
              24.48609297475657,
              45.331138292997416
            ],
            [
              24.472587168758842,
              45.32948203953073
            ],
            [
              24.472789911522636,
              45.357679250050396
            ],
            [
              24.46613138746083,
              45.36300500390695
            ],
            [
              24.507270708411827,
              45.35249323042638
            ],
            [
              24.493960036473826,
              45.37861573777553
            ],
            [
              24.50536456510795,
              45.38407314041822
            ],
            [
              24.49100072999154,
              45.39930268334181
            ],
            [
              24.47902611897919,
              45.437653615708165
            ],
            [
              24.485595571442072,
              45.4625963840023
            ],
            [
              24.510371707804115,
              45.463044726948276
            ],
            [
              24.524981443409306,
              45.47528369695653
            ],
            [
              24.52787018565382,
              45.49678999643284
            ],
            [
              24.511903431664027,
              45.517523844151924
            ],
            [
              24.540535122127466,
              45.53576303845572
            ],
            [
              24.523144182214352,
              45.580569528702036
            ],
            [
              24.553676003285503,
              45.58774320540139
            ],
            [
              24.56590326615099,
              45.57914422068057
            ],
            [
              24.62619637799101,
              45.60391781038672
            ],
            [
              24.658159974665292,
              45.60306181969545
            ],
            [
              24.671069645012192,
              45.594584027128796
            ],
            [
              24.68365178240151,
              45.60440167249054
            ],
            [
              24.728594274440567,
              45.60836474382322
            ],
            [
              24.736423415037237,
              45.60313164381412
            ],
            [
              24.771505836284703,
              45.61119960526578
            ],
            [
              24.792544567894716,
              45.60235502733865
            ],
            [
              24.810640133373575,
              45.61073831395562
            ],
            [
              24.829813634928367,
              45.60653603929778
            ],
            [
              24.83638627849265,
              45.59202539400231
            ],
            [
              24.91739033833601,
              45.594587568101154
            ],
            [
              24.941466521449527,
              45.58209137033409
            ],
            [
              24.967736810608862,
              45.59289878462809
            ],
            [
              24.983284465685827,
              45.58618255371851
            ],
            [
              25.03610835700269,
              45.59264398777212
            ],
            [
              25.08059433367408,
              45.581806845805616
            ],
            [
              25.103229347239605,
              45.58520022223167
            ],
            [
              25.188967931546124,
              45.52277745075566
            ],
            [
              25.203423962396037,
              45.51969339999384
            ],
            [
              25.21164313706136,
              45.52687305843271
            ],
            [
              25.23679960519229,
              45.51776287187649
            ],
            [
              25.238302169016038,
              45.475614797184555
            ],
            [
              25.275853061979973,
              45.442062929523104
            ],
            [
              25.26202778632462,
              45.43789295068366
            ],
            [
              25.25538478122274,
              45.42249905405965
            ],
            [
              25.27258257726709,
              45.40741196787153
            ],
            [
              25.30094211130292,
              45.423151672774644
            ],
            [
              25.312306486265083,
              45.398951275803505
            ],
            [
              25.308013166658487,
              45.389518761608244
            ],
            [
              25.32159419734302,
              45.381094461345164
            ],
            [
              25.362741498328425,
              45.391576526680865
            ],
            [
              25.403264419469384,
              45.38657608184235
            ],
            [
              25.412894735818536,
              45.429731992210115
            ],
            [
              25.451711963450993,
              45.440960889273406
            ],
            [
              25.46068294437764,
              45.45350845027319
            ],
            [
              25.47643216710926,
              45.45297078328098
            ],
            [
              25.498082749277376,
              45.467433338652164
            ],
            [
              25.51156229684478,
              45.47039680109255
            ],
            [
              25.532917931981142,
              45.45894220905973
            ],
            [
              25.572348756250932,
              45.467676623372945
            ],
            [
              25.599285605967115,
              45.462468003632665
            ],
            [
              25.629975851803636,
              45.49606987583962
            ],
            [
              25.642762028902272,
              45.492109400714725
            ],
            [
              25.681013514683865,
              45.50062555702184
            ],
            [
              25.726291615225204,
              45.46540160834066
            ],
            [
              25.76593367134984,
              45.46556648198043
            ],
            [
              25.786464844822707,
              45.481821797405615
            ],
            [
              25.81985208867572,
              45.45560817680398
            ],
            [
              25.82839697086164,
              45.43874998792637
            ],
            [
              25.822404330951024,
              45.43163376579442
            ],
            [
              25.865383509555954,
              45.42245667449115
            ],
            [
              25.86916036550534,
              45.435871732215716
            ],
            [
              25.889796939161904,
              45.44698927467668
            ],
            [
              25.88745199333427,
              45.46680749003077
            ],
            [
              25.897314794112734,
              45.47816191432733
            ],
            [
              25.890990300165303,
              45.48790557154216
            ],
            [
              25.921031477520955,
              45.52196236589247
            ],
            [
              25.96740063459105,
              45.50777014358805
            ],
            [
              25.99537427914266,
              45.514375526347095
            ],
            [
              26.01340428192482,
              45.49017350653394
            ],
            [
              26.046672048305844,
              45.47844209658587
            ],
            [
              26.06549623292717,
              45.48530271174016
            ],
            [
              26.066490298778163,
              45.50229920049125
            ],
            [
              26.095930433048697,
              45.517615180651994
            ],
            [
              26.147718190136427,
              45.5849258283652
            ],
            [
              26.155540843165788,
              45.584953525025654
            ],
            [
              26.15517015017468,
              45.57676603309837
            ],
            [
              26.173029623165323,
              45.56400707966438
            ],
            [
              26.185449238944358,
              45.60830880203407
            ],
            [
              26.210374693722756,
              45.62068469132881
            ],
            [
              26.24610130017943,
              45.62623730183939
            ],
            [
              26.25530339387755,
              45.61821412332865
            ],
            [
              26.25058248899217,
              45.60355495366155
            ],
            [
              26.28127624639375,
              45.58581452143498
            ],
            [
              26.30102248604702,
              45.60532350618657
            ],
            [
              26.31073765163649,
              45.603062126676626
            ],
            [
              26.329156617419073,
              45.631829723596866
            ],
            [
              26.324196872003185,
              45.64913411859898
            ],
            [
              26.33233257217039,
              45.685593505640284
            ],
            [
              26.35722515183644,
              45.712075713216
            ],
            [
              26.35340825183996,
              45.72251896483097
            ],
            [
              26.384533605977555,
              45.7362272419331
            ],
            [
              26.380738832399054,
              45.74975062552697
            ],
            [
              26.38938358185281,
              45.7667684701035
            ],
            [
              26.38333129418984,
              45.78269299858833
            ],
            [
              26.392116584551722,
              45.80239797420004
            ],
            [
              26.440774025903416,
              45.77663280382359
            ],
            [
              26.44339149768559,
              45.75156527021341
            ],
            [
              26.435740467941685,
              45.739673003678135
            ],
            [
              26.466813188366483,
              45.71932276903724
            ],
            [
              26.467176775322194,
              45.70456812943099
            ],
            [
              26.48299919200227,
              45.70114622878581
            ],
            [
              26.49283232648645,
              45.67689689511022
            ],
            [
              26.530082214675705,
              45.640843224538386
            ],
            [
              26.541188041787173,
              45.6419081047308
            ],
            [
              26.560975092904606,
              45.62787271667369
            ],
            [
              26.57968279288447,
              45.63330575214188
            ],
            [
              26.593550748288802,
              45.62035007782909
            ],
            [
              26.61527557606221,
              45.628043015541756
            ],
            [
              26.647776860388195,
              45.6090388054912
            ],
            [
              26.681548847298686,
              45.60870140709741
            ],
            [
              26.71897585677985,
              45.5718499631712
            ],
            [
              26.743387842775842,
              45.566465145254305
            ],
            [
              26.743253659371565,
              45.550628426414654
            ],
            [
              26.80539027054999,
              45.54786134286937
            ],
            [
              26.83391728103136,
              45.517837249120106
            ],
            [
              26.85304663028469,
              45.52535800054657
            ],
            [
              26.890162261875798,
              45.51680862206778
            ],
            [
              26.90019303512806,
              45.52342737701572
            ],
            [
              26.90335877600359,
              45.53865351325569
            ],
            [
              26.906076494087763,
              45.53283602488637
            ],
            [
              26.938540474409997,
              45.532023582130066
            ],
            [
              26.94829288483368,
              45.52186897824238
            ],
            [
              26.985850866941313,
              45.53773426421135
            ],
            [
              26.975075157449982,
              45.53193589040957
            ],
            [
              27.002226975192123,
              45.484872620418216
            ],
            [
              27.045442772083575,
              45.45257554506175
            ],
            [
              27.089935537377666,
              45.4458976488715
            ],
            [
              27.109280180995984,
              45.474892621361704
            ],
            [
              27.158279470622603,
              45.465207399360175
            ],
            [
              27.142945107899433,
              45.45133237690445
            ],
            [
              27.106649358212035,
              45.438523255261046
            ],
            [
              27.112697995271045,
              45.43475364339624
            ],
            [
              27.104082213034854,
              45.42603512831725
            ],
            [
              27.12005885310701,
              45.420809905014416
            ],
            [
              27.114841982945773,
              45.40929939964008
            ],
            [
              27.143433001215186,
              45.410370116571
            ],
            [
              27.174829796876555,
              45.42765017297913
            ],
            [
              27.194403475032125,
              45.45337198410743
            ],
            [
              27.204286583485274,
              45.452838332951565
            ],
            [
              27.22343495298617,
              45.42758477643324
            ],
            [
              27.24103107316557,
              45.4299158832834
            ],
            [
              27.256727441765268,
              45.449417610929515
            ],
            [
              27.279546340870457,
              45.45434730329855
            ],
            [
              27.280259204894573,
              45.42682842613889
            ],
            [
              27.264619958102,
              45.4205013083256
            ],
            [
              27.270029914810305,
              45.39020957735924
            ],
            [
              27.339579453398752,
              45.383511720967135
            ],
            [
              27.3366206441019,
              45.37133465363553
            ],
            [
              27.37302393459517,
              45.37363332128997
            ],
            [
              27.394440226029037,
              45.38331572607085
            ],
            [
              27.401464409417787,
              45.37701932147883
            ],
            [
              27.43475517452186,
              45.39470884409849
            ],
            [
              27.429438969398266,
              45.405602196844306
            ],
            [
              27.440402680964976,
              45.414800943141614
            ],
            [
              27.560668629311355,
              45.49015092064998
            ],
            [
              27.575288607514896,
              45.49166504274843
            ],
            [
              27.605606343224757,
              45.48224378701349
            ],
            [
              27.60273857286986,
              45.47757683997062
            ],
            [
              27.61413324800808,
              45.47349457293236
            ],
            [
              27.611554075401028,
              45.464318512768244
            ],
            [
              27.62406171299412,
              45.466173709359765
            ],
            [
              27.62883232149044,
              45.454648762344526
            ],
            [
              27.646233161195642,
              45.462141574914945
            ],
            [
              27.643578846861544,
              45.47767871049889
            ],
            [
              27.654954220937746,
              45.47980126304904
            ],
            [
              27.654408810033765,
              45.49071392567931
            ],
            [
              27.66418052786258,
              45.48979742001222
            ],
            [
              27.66162936264206,
              45.47196186017626
            ],
            [
              27.692659993402803,
              45.481606977241114
            ],
            [
              27.694137534736402,
              45.473193297002865
            ],
            [
              27.681465668087828,
              45.466581321921
            ],
            [
              27.68856687235013,
              45.46053697385384
            ],
            [
              27.67326689395338,
              45.44618451410332
            ],
            [
              27.716780368677124,
              45.43347063277271
            ],
            [
              27.71812283603185,
              45.44093814340365
            ],
            [
              27.73808380814155,
              45.436698786035116
            ],
            [
              27.732793258220042,
              45.43941826225855
            ],
            [
              27.75018697437532,
              45.4485011537208
            ],
            [
              27.7396291927305,
              45.41536729585141
            ],
            [
              27.783018661024883,
              45.42230929829584
            ],
            [
              27.786361776834937,
              45.406889783148884
            ],
            [
              27.82188097122128,
              45.396521325132596
            ],
            [
              27.868665196182135,
              45.39799462834705
            ],
            [
              27.865545978193623,
              45.40582680043719
            ],
            [
              27.874028224269846,
              45.417887283353046
            ],
            [
              27.889085458736982,
              45.420067806787976
            ],
            [
              27.983007064107248,
              45.3906329736473
            ],
            [
              27.99333540748117,
              45.400494190437044
            ],
            [
              28.005843341543073,
              45.396141766594724
            ],
            [
              28.03054957670443,
              45.40433499461438
            ],
            [
              28.022891605122247,
              45.35250656886497
            ],
            [
              27.99484232958966,
              45.28674835302583
            ],
            [
              28.022866153938843,
              45.266853172190594
            ],
            [
              28.068113779153826,
              45.25224571833803
            ],
            [
              28.094766064947084,
              45.24943888498472
            ],
            [
              28.115145326488232,
              45.25882638154488
            ],
            [
              28.1306048071548,
              45.23380296800066
            ],
            [
              28.091398274525556,
              45.19025449794321
            ],
            [
              28.197681764077895,
              45.13687210245283
            ],
            [
              28.17041462558645,
              45.12338123712418
            ],
            [
              28.17573684347244,
              45.10188469760444
            ],
            [
              28.135719155587157,
              45.101480453496855
            ],
            [
              28.13740943069725,
              45.06876757409268
            ],
            [
              28.15263411562695,
              45.03673036379895
            ],
            [
              28.13573286935781,
              45.02868257330053
            ],
            [
              28.128485076013803,
              45.013630186258176
            ],
            [
              28.151258332516203,
              44.97313805637801
            ],
            [
              28.133286056491794,
              44.949305871877286
            ],
            [
              28.124880627449667,
              44.922030752379776
            ],
            [
              28.128135421698833,
              44.902162408537734
            ],
            [
              28.142348984366432,
              44.89002367348327
            ],
            [
              28.100066604597327,
              44.8614192453627
            ],
            [
              28.065126079520624,
              44.78406227515565
            ],
            [
              28.035895302044462,
              44.76036666972232
            ],
            [
              28.00443182884243,
              44.757600700573654
            ],
            [
              27.94702599035202,
              44.78060817061534
            ],
            [
              27.89717879003081,
              44.772471957203315
            ],
            [
              27.87564162494158,
              44.75118621722902
            ],
            [
              27.871503531336796,
              44.72617609557692
            ],
            [
              27.880337748170046,
              44.70938340463477
            ],
            [
              27.93123468564648,
              44.67970337096026
            ],
            [
              27.958234027074685,
              44.68018872580038
            ],
            [
              28.03177062441135,
              44.625294225372855
            ],
            [
              28.03261240894078,
              44.60725939974217
            ],
            [
              28.01373798437321,
              44.584422367003974
            ],
            [
              28.01654726772198,
              44.564820349303936
            ],
            [
              28.03461907831991,
              44.547406335162876
            ],
            [
              28.05323901738772,
              44.50869971164932
            ],
            [
              28.08748095224437,
              44.49127370412106
            ],
            [
              28.110202479255726,
              44.4397053430422
            ],
            [
              28.031243061770585,
              44.37136645942313
            ],
            [
              28.011879054757042,
              44.32208037819419
            ],
            [
              27.949821736378837,
              44.25711643071295
            ],
            [
              27.922900233389154,
              44.24768569828512
            ],
            [
              27.884942500909954,
              44.25104507746332
            ],
            [
              27.800753147670527,
              44.240139924838374
            ],
            [
              27.7252638437584,
              44.19764222973227
            ],
            [
              27.636989858901984,
              44.20606191697642
            ],
            [
              27.60063242254449,
              44.198322850990685
            ],
            [
              27.528354144951706,
              44.17007087136439
            ],
            [
              27.453458874026428,
              44.12507457517971
            ],
            [
              27.35948534693031,
              44.12882691246756
            ],
            [
              27.315121956488706,
              44.140592021111786
            ],
            [
              27.228685575141604,
              44.11623198963554
            ],
            [
              27.18519150018897,
              44.12049629349434
            ],
            [
              27.133887562584665,
              44.14058419489982
            ],
            [
              27.080372964404614,
              44.132981769273144
            ],
            [
              27.04195095596625,
              44.1446158724302
            ],
            [
              26.99451234215352,
              44.13391221301937
            ],
            [
              26.906706109613395,
              44.13333129085654
            ],
            [
              26.76280632639464,
              44.077866304608115
            ],
            [
              26.690293405620817,
              44.074426807567114
            ],
            [
              26.59281972467566,
              44.05003547023355
            ],
            [
              26.528280618649728,
              44.05364831354616
            ],
            [
              26.434627385324347,
              44.03309786238611
            ],
            [
              26.375689784960933,
              44.04287154041833
            ],
            [
              26.30482901478253,
              44.026587239269546
            ],
            [
              26.280282541109973,
              44.010254429056424
            ],
            [
              26.191823597943827,
              43.983189654825935
            ],
            [
              26.14703049603274,
              43.98419860935482
            ],
            [
              26.114947433291423,
              43.97408765383305
            ],
            [
              26.04766628265567,
              43.904543452085
            ],
            [
              25.93991695546769,
              43.85182788138103
            ],
            [
              25.91047879682628,
              43.81162424996819
            ],
            [
              25.88720971265286,
              43.79508201568542
            ],
            [
              25.884355336385013,
              43.78346419774945
            ],
            [
              25.854987439112374,
              43.76076112829933
            ],
            [
              25.81162441368408,
              43.74575121359013
            ],
            [
              25.780216369691555,
              43.710404628829735
            ],
            [
              25.734179167313254,
              43.69263116001953
            ],
            [
              25.656186517778945,
              43.68614363627139
            ]
          ]
        ]
      }
    },
    {
      "type": "Feature",
      "properties": {
        "nume": "Oltenia"
      },
      "geometry": {
        "type": "Polygon",
        "coordinates": [
          [
            [
              24.472332415914444,
              44.874350037857404
            ],
            [
              24.42151315522917,
              44.82707127789483
            ],
            [
              24.432968586117628,
              44.817836176684466
            ],
            [
              24.44688493365615,
              44.82021913544533
            ],
            [
              24.4453393601369,
              44.81076280477189
            ],
            [
              24.48019628840831,
              44.82174264949441
            ],
            [
              24.48296704029552,
              44.82986668104485
            ],
            [
              24.494853448517464,
              44.83168913080306
            ],
            [
              24.494863986858157,
              44.844566646138546
            ],
            [
              24.509415651878033,
              44.84549779363826
            ],
            [
              24.50543562514462,
              44.86587479918139
            ],
            [
              24.515225184521725,
              44.86905138290374
            ],
            [
              24.522777123918978,
              44.89423089029178
            ],
            [
              24.540735575739674,
              44.891041763861
            ],
            [
              24.542471889467507,
              44.86142140209255
            ],
            [
              24.552081368274223,
              44.85848124965319
            ],
            [
              24.556490640466986,
              44.83113609135785
            ],
            [
              24.571719809245916,
              44.81705937844218
            ],
            [
              24.57708394421933,
              44.79900745695049
            ],
            [
              24.58857623685871,
              44.79815466067585
            ],
            [
              24.582261074618586,
              44.77403756549264
            ],
            [
              24.587825712180987,
              44.77568612142606
            ],
            [
              24.593790316867914,
              44.75087261243151
            ],
            [
              24.606982115144476,
              44.75379854010392
            ],
            [
              24.62965473057134,
              44.728769622261055
            ],
            [
              24.674717526498494,
              44.73908821092773
            ],
            [
              24.70743584872577,
              44.73129526470301
            ],
            [
              24.715940266664767,
              44.7182509303421
            ],
            [
              24.725064999821438,
              44.721199170271284
            ],
            [
              24.685680322247926,
              44.700113324958
            ],
            [
              24.692867261636042,
              44.69676506489323
            ],
            [
              24.704987299260843,
              44.65710504344295
            ],
            [
              24.70106571588212,
              44.64036550235076
            ],
            [
              24.71671203202774,
              44.626096741973555
            ],
            [
              24.70873172250255,
              44.61654120037172
            ],
            [
              24.71054626485259,
              44.58230099282582
            ],
            [
              24.7233957813574,
              44.5786414877486
            ],
            [
              24.73654829533393,
              44.55511930707957
            ],
            [
              24.725046806311603,
              44.54332486584338
            ],
            [
              24.73894581013599,
              44.54654485519731
            ],
            [
              24.742627124250735,
              44.53804961399235
            ],
            [
              24.72916380130838,
              44.51379897827816
            ],
            [
              24.734012693251028,
              44.46520622129371
            ],
            [
              24.759159690564395,
              44.46450725492187
            ],
            [
              24.74987107864246,
              44.44336825051092
            ],
            [
              24.754343734294515,
              44.42807745489681
            ],
            [
              24.74402224877487,
              44.42296525107343
            ],
            [
              24.753272830346777,
              44.40239584433801
            ],
            [
              24.74453595677974,
              44.395482370547384
            ],
            [
              24.786378072230743,
              44.398249771581945
            ],
            [
              24.81315513935976,
              44.38694444420614
            ],
            [
              24.81832538291525,
              44.39386590921704
            ],
            [
              24.880569073670493,
              44.394212768990414
            ],
            [
              24.886550781533515,
              44.38003581061553
            ],
            [
              24.88255633877718,
              44.36828530932954
            ],
            [
              24.817046282910926,
              44.361052298316714
            ],
            [
              24.828317889789663,
              44.332295433090465
            ],
            [
              24.847434183864667,
              44.31899200296261
            ],
            [
              24.831023735929378,
              44.30948997757528
            ],
            [
              24.835689298886518,
              44.301992679362684
            ],
            [
              24.821370154284132,
              44.290210956941955
            ],
            [
              24.829185382908996,
              44.27232034218187
            ],
            [
              24.820218290463064,
              44.24206583078524
            ],
            [
              24.82808132456802,
              44.236820858840936
            ],
            [
              24.817780387552176,
              44.23318642290824
            ],
            [
              24.837178318432393,
              44.226277721722035
            ],
            [
              24.79358146122815,
              44.19125294250716
            ],
            [
              24.805343418501533,
              44.15880033440012
            ],
            [
              24.844184652651208,
              44.133168627542965
            ],
            [
              24.859363620348287,
              44.09380110385072
            ],
            [
              24.710915897747633,
              44.059123231825254
            ],
            [
              24.722090628339142,
              44.04742084309074
            ],
            [
              24.711707841084742,
              44.044586875158835
            ],
            [
              24.72019456040435,
              44.038073788688656
            ],
            [
              24.628403031243213,
              44.02169700176999
            ],
            [
              24.61310748792886,
              44.014152994209034
            ],
            [
              24.608537607225106,
              43.994738216825496
            ],
            [
              24.593719172555478,
              43.98951663222148
            ],
            [
              24.607073464931343,
              43.99125295100473
            ],
            [
              24.607201200958823,
              43.98368735291561
            ],
            [
              24.59604287319229,
              43.97990520085603
            ],
            [
              24.60909271091868,
              43.97786370829144
            ],
            [
              24.602283931689527,
              43.96211003114308
            ],
            [
              24.63222198803726,
              43.96162206003435
            ],
            [
              24.634330836623096,
              43.94449926366567
            ],
            [
              24.647137632928683,
              43.94325227394563
            ],
            [
              24.627587451018286,
              43.93587027531786
            ],
            [
              24.630999370471717,
              43.92516191581087
            ],
            [
              24.639265392960652,
              43.925422831972824
            ],
            [
              24.65773954548422,
              43.89982770097672
            ],
            [
              24.675515584668627,
              43.89806004629911
            ],
            [
              24.67784821014183,
              43.88527061985827
            ],
            [
              24.66244379290564,
              43.88308084562914
            ],
            [
              24.668346639773436,
              43.8666791588449
            ],
            [
              24.693549317479288,
              43.87073723443054
            ],
            [
              24.692987699477282,
              43.85972469083335
            ],
            [
              24.700465200492243,
              43.86056306695842
            ],
            [
              24.72353029600321,
              43.83578792819728
            ],
            [
              24.71594295635849,
              43.82885803975672
            ],
            [
              24.695856635950207,
              43.83130638639086
            ],
            [
              24.68907217919053,
              43.82112061133449
            ],
            [
              24.72602014915785,
              43.82608456241993
            ],
            [
              24.75511192566601,
              43.817597824857586
            ],
            [
              24.736586010024563,
              43.8080964991759
            ],
            [
              24.746728006892862,
              43.79202189685306
            ],
            [
              24.69437847263046,
              43.78186756225993
            ],
            [
              24.696325433899585,
              43.77403224423448
            ],
            [
              24.68395401772239,
              43.77228673563705
            ],
            [
              24.68672935424408,
              43.75972893107299
            ],
            [
              24.674639692950116,
              43.751516470629
            ],
            [
              24.656451814908774,
              43.754697822148096
            ],
            [
              24.650648732556625,
              43.74676002335135
            ],
            [
              24.66522739075938,
              43.742589783789924
            ],
            [
              24.65707967059178,
              43.72363550565917
            ],
            [
              24.61075833463194,
              43.746098021950544
            ],
            [
              24.512919862124043,
              43.764848168556966
            ],
            [
              24.408608864837817,
              43.7369013228669
            ],
            [
              24.381571284291386,
              43.712731669951054
            ],
            [
              24.348609981615063,
              43.697354413739305
            ],
            [
              24.311002855000293,
              43.70036364756096
            ],
            [
              24.173357730757786,
              43.68261234238109
            ],
            [
              24.086434030956777,
              43.70218669767788
            ],
            [
              24.060794099794535,
              43.71888173050551
            ],
            [
              23.98864641055203,
              43.73958948088724
            ],
            [
              23.863393630090847,
              43.75504276726637
            ],
            [
              23.76515157510896,
              43.78585617245368
            ],
            [
              23.75544564797303,
              43.80009820192556
            ],
            [
              23.70078072395284,
              43.80410552061845
            ],
            [
              23.623493282259435,
              43.791328299248185
            ],
            [
              23.592246325677145,
              43.80064854373284
            ],
            [
              23.581024094464443,
              43.79708683963768
            ],
            [
              23.515224933779056,
              43.831069186640335
            ],
            [
              23.42963456567472,
              43.85111380450616
            ],
            [
              23.267784872135863,
              43.846807202025005
            ],
            [
              23.13075433501341,
              43.80530787030471
            ],
            [
              23.05378390962093,
              43.79559280496481
            ],
            [
              22.873484403884984,
              43.83503919144384
            ],
            [
              22.842693327660974,
              43.86379582225183
            ],
            [
              22.838284949692856,
              43.88668681604772
            ],
            [
              22.862060700103775,
              43.92389486798455
            ],
            [
              22.878730326576658,
              43.98156314268693
            ],
            [
              22.928897286628725,
              44.00124199434524
            ],
            [
              23.01005567599935,
              44.013425967381416
            ],
            [
              23.045658467453173,
              44.05789442921955
            ],
            [
              23.040515507298256,
              44.07546725158778
            ],
            [
              23.013211191008118,
              44.093679949863606
            ],
            [
              22.925480246333475,
              44.10213546295164
            ],
            [
              22.800711087931965,
              44.16050141281349
            ],
            [
              22.749421443053087,
              44.197850605658374
            ],
            [
              22.694487490010868,
              44.20447839582422
            ],
            [
              22.675669775901163,
              44.21473677725542
            ],
            [
              22.672099187848833,
              44.22882298949134
            ],
            [
              22.68559993718028,
              44.25619345666467
            ],
            [
              22.678803225685684,
              44.27813262710383
            ],
            [
              22.64495413779794,
              44.2925310335667
            ],
            [
              22.557884330512437,
              44.30908445256047
            ],
            [
              22.52390731260641,
              44.339299756676326
            ],
            [
              22.503764244362607,
              44.3804583100738
            ],
            [
              22.501695332731742,
              44.417258036760344
            ],
            [
              22.467348465499473,
              44.44092730106287
            ],
            [
              22.45626023263603,
              44.464588303327965
            ],
            [
              22.46721254026135,
              44.480116935502195
            ],
            [
              22.5168238279481,
              44.471665698176274
            ],
            [
              22.548216478033737,
              44.48167549032879
            ],
            [
              22.560375538397217,
              44.50516377344681
            ],
            [
              22.562902928248917,
              44.5331413986812
            ],
            [
              22.58217470038575,
              44.549314172582505
            ],
            [
              22.62080036331825,
              44.55172262770994
            ],
            [
              22.699144499103475,
              44.516742495206486
            ],
            [
              22.762516281206324,
              44.539331259953045
            ],
            [
              22.76131167980689,
              44.55517598161483
            ],
            [
              22.74846292381216,
              44.569815725606425
            ],
            [
              22.710141465234525,
              44.60138490140279
            ],
            [
              22.685966176016557,
              44.60698351920892
            ],
            [
              22.675854632580947,
              44.617990004958926
            ],
            [
              22.62171303475636,
              44.6146442993574
            ],
            [
              22.57380146980481,
              44.63406348889248
            ],
            [
              22.50576030529842,
              44.69247935903984
            ],
            [
              22.463899323879073,
              44.71476303705544
            ],
            [
              22.42092895003308,
              44.70620285730664
            ],
            [
              22.383730146874658,
              44.67626419774282
            ],
            [
              22.33164973655983,
              44.67526193518182
            ],
            [
              22.308459100994668,
              44.658711704991084
            ],
            [
              22.299919189463775,
              44.638658120652146
            ],
            [
              22.274392608130942,
              44.62542790175589
            ],
            [
              22.264507325054755,
              44.59620912966112
            ],
            [
              22.230235805132576,
              44.5613786071643
            ],
            [
              22.193672957824365,
              44.50728572446688
            ],
            [
              22.187265397260287,
              44.484948909921926
            ],
            [
              22.173076917750976,
              44.47591937051656
            ],
            [
              22.13197419771588,
              44.473953190484046
            ],
            [
              22.07625019271251,
              44.50527337147121
            ],
            [
              22.068111963214534,
              44.528701703324614
            ],
            [
              22.03526981140702,
              44.54923097565616
            ],
            [
              22.026291130902592,
              44.591175854877804
            ],
            [
              22.016148575845282,
              44.59920365920885
            ],
            [
              22.023474112171858,
              44.60774473336247
            ],
            [
              22.062002201371264,
              44.60994985453317
            ],
            [
              22.082258066560268,
              44.6219384052908
            ],
            [
              22.117397898399393,
              44.59181190852837
            ],
            [
              22.13301510660072,
              44.60060889405894
            ],
            [
              22.14751151798156,
              44.585303882729946
            ],
            [
              22.156072329288214,
              44.59233737774509
            ],
            [
              22.176293636123766,
              44.624494675421836
            ],
            [
              22.177403538280856,
              44.63987976462384
            ],
            [
              22.13867314757337,
              44.659929611803335
            ],
            [
              22.14919844100056,
              44.682453432100424
            ],
            [
              22.14689297855094,
              44.70075613903008
            ],
            [
              22.156120303158875,
              44.73658805187567
            ],
            [
              22.163534595896152,
              44.74342627332198
            ],
            [
              22.185541986886026,
              44.741281095827475
            ],
            [
              22.204159219893572,
              44.76140481432723
            ],
            [
              22.195057586650922,
              44.77920861800932
            ],
            [
              22.2071511046093,
              44.799344488142516
            ],
            [
              22.20680143555299,
              44.81746909677755
            ],
            [
              22.243401148594263,
              44.807537788961035
            ],
            [
              22.26808555522799,
              44.78252848748069
            ],
            [
              22.34164341797693,
              44.77405866976766
            ],
            [
              22.35812402589751,
              44.73871449646476
            ],
            [
              22.368176845933068,
              44.75618203405187
            ],
            [
              22.391642377858037,
              44.76192656700813
            ],
            [
              22.401454881046675,
              44.75333774558729
            ],
            [
              22.418710268406375,
              44.75629546120222
            ],
            [
              22.417439702362273,
              44.77066635634559
            ],
            [
              22.43045207106702,
              44.78118198125781
            ],
            [
              22.423733424738053,
              44.80053099923634
            ],
            [
              22.44647873548126,
              44.82225777263526
            ],
            [
              22.444445614133855,
              44.83239963555243
            ],
            [
              22.459751544557413,
              44.843292317750695
            ],
            [
              22.457526885798448,
              44.851325508729275
            ],
            [
              22.470826698558476,
              44.86072154002219
            ],
            [
              22.47632308084988,
              44.87648541975804
            ],
            [
              22.486544578125383,
              44.8811575498542
            ],
            [
              22.48218667080325,
              44.90690731463194
            ],
            [
              22.49103464032517,
              44.909317166574404
            ],
            [
              22.49620780039785,
              44.92886005252514
            ],
            [
              22.486606397436354,
              44.949290102480475
            ],
            [
              22.516397019621202,
              44.95571617250805
            ],
            [
              22.511695665795695,
              44.96591112241872
            ],
            [
              22.492157829918288,
              44.97327345806016
            ],
            [
              22.53662712199259,
              45.002033976379316
            ],
            [
              22.570813707728902,
              45.040848427407035
            ],
            [
              22.58635676723818,
              45.044063698158396
            ],
            [
              22.65622025481136,
              45.1050050909248
            ],
            [
              22.6496775627281,
              45.12766175811525
            ],
            [
              22.581003470132615,
              45.137481506753645
            ],
            [
              22.562383198026406,
              45.151597842753745
            ],
            [
              22.560219004902855,
              45.16360762550016
            ],
            [
              22.600555440347648,
              45.20540516749539
            ],
            [
              22.646256440396748,
              45.22014684234684
            ],
            [
              22.64460432687287,
              45.23370862328605
            ],
            [
              22.67315774401749,
              45.24029985441789
            ],
            [
              22.68649242161152,
              45.25820868004044
            ],
            [
              22.692359665896237,
              45.251274517505315
            ],
            [
              22.699917791118313,
              45.260173636851945
            ],
            [
              22.735195243650928,
              45.25341827600854
            ],
            [
              22.74405441078071,
              45.26491256632723
            ],
            [
              22.774292687215475,
              45.270111958697974
            ],
            [
              22.78481231038423,
              45.26238733973359
            ],
            [
              22.814465915560625,
              45.27238569602815
            ],
            [
              22.823883493975046,
              45.28514942961549
            ],
            [
              22.857843473594972,
              45.27583536919909
            ],
            [
              22.8643638723017,
              45.26106303827277
            ],
            [
              22.89697845155434,
              45.27450232143366
            ],
            [
              22.93332609447837,
              45.27855553383895
            ],
            [
              22.95624268690733,
              45.272626167762
            ],
            [
              22.942341787811028,
              45.26515774190054
            ],
            [
              22.922217753185794,
              45.241344596801476
            ],
            [
              22.9426131206448,
              45.23834905921983
            ],
            [
              22.956010378544274,
              45.27138904590052
            ],
            [
              22.963753343992085,
              45.27129412192255
            ],
            [
              22.975073708770644,
              45.25412465505652
            ],
            [
              22.996159362031044,
              45.26024126181293
            ],
            [
              23.007618784441384,
              45.25339253140626
            ],
            [
              23.066446639071074,
              45.264970671417856
            ],
            [
              23.067907750256666,
              45.27475454477973
            ],
            [
              23.09332359887143,
              45.29124570671667
            ],
            [
              23.14515025942764,
              45.27914664427982
            ],
            [
              23.148726909837652,
              45.28693479305535
            ],
            [
              23.16471236977109,
              45.27929574338217
            ],
            [
              23.184817953242355,
              45.28587860892173
            ],
            [
              23.20729247184557,
              45.277314854704045
            ],
            [
              23.23431753283277,
              45.30347070339035
            ],
            [
              23.28887854320717,
              45.309909520754694
            ],
            [
              23.3099638155984,
              45.2999213755319
            ],
            [
              23.32681665504324,
              45.31000199621261
            ],
            [
              23.33916341467016,
              45.33133308498252
            ],
            [
              23.375065053012694,
              45.331854168410814
            ],
            [
              23.37988875590577,
              45.338752767794986
            ],
            [
              23.4025356311426,
              45.33465566296754
            ],
            [
              23.400362528165036,
              45.31590968594137
            ],
            [
              23.439996402141137,
              45.29804865310021
            ],
            [
              23.47219025389819,
              45.30281239118261
            ],
            [
              23.483609835355264,
              45.31419866068237
            ],
            [
              23.5330841859421,
              45.32990659878806
            ],
            [
              23.539151054407327,
              45.340107815415536
            ],
            [
              23.59064754303986,
              45.35307640458116
            ],
            [
              23.585349068583284,
              45.36969976311577
            ],
            [
              23.601642376094375,
              45.38267960704507
            ],
            [
              23.58893765833924,
              45.409940024508785
            ],
            [
              23.592293552458262,
              45.421032758896565
            ],
            [
              23.576139578183646,
              45.42783613817137
            ],
            [
              23.595697753776626,
              45.45277019792
            ],
            [
              23.59720198122355,
              45.473439324289004
            ],
            [
              23.61722692002033,
              45.46582545721267
            ],
            [
              23.626903534622656,
              45.4709317001683
            ],
            [
              23.634874369730067,
              45.456637252688445
            ],
            [
              23.65370858480953,
              45.45730903431436
            ],
            [
              23.678913822450173,
              45.464821350626494
            ],
            [
              23.703620812066315,
              45.496776735189236
            ],
            [
              23.771168144229257,
              45.51070014696737
            ],
            [
              23.8042315861871,
              45.53196173448777
            ],
            [
              23.857848752100768,
              45.535022631748845
            ],
            [
              23.87357332252711,
              45.5228155046576
            ],
            [
              23.922279829362754,
              45.535979580364625
            ],
            [
              24.00097092371153,
              45.52663822668046
            ],
            [
              24.011312631012093,
              45.53193963868549
            ],
            [
              24.11884002726652,
              45.50876063149207
            ],
            [
              24.20504511390424,
              45.5235756973804
            ],
            [
              24.22670439114319,
              45.54724327807726
            ],
            [
              24.257318523302235,
              45.54310331477436
            ],
            [
              24.266043421824357,
              45.55575222460484
            ],
            [
              24.33436264492836,
              45.581854154419595
            ],
            [
              24.337047848828938,
              45.57248800026481
            ],
            [
              24.38641077692116,
              45.583889269747964
            ],
            [
              24.43239530249072,
              45.58119031352082
            ],
            [
              24.446480315451964,
              45.59085718036458
            ],
            [
              24.461364231949428,
              45.580901642825395
            ],
            [
              24.477665376023623,
              45.58159797291278
            ],
            [
              24.481446788814985,
              45.57251608958492
            ],
            [
              24.51148068212706,
              45.58679918495538
            ],
            [
              24.523144182214352,
              45.580569528702036
            ],
            [
              24.540535122127466,
              45.53576303845572
            ],
            [
              24.511903431664027,
              45.517523844151924
            ],
            [
              24.52787018565382,
              45.49678999643284
            ],
            [
              24.524981443409306,
              45.47528369695653
            ],
            [
              24.510371707804115,
              45.463044726948276
            ],
            [
              24.485595571442072,
              45.4625963840023
            ],
            [
              24.47902611897919,
              45.437653615708165
            ],
            [
              24.49100072999154,
              45.39930268334181
            ],
            [
              24.50536456510795,
              45.38407314041822
            ],
            [
              24.493960036473826,
              45.37861573777553
            ],
            [
              24.507270708411827,
              45.35249323042638
            ],
            [
              24.46613138746083,
              45.36300500390695
            ],
            [
              24.472789911522636,
              45.357679250050396
            ],
            [
              24.472587168758842,
              45.32948203953073
            ],
            [
              24.48609297475657,
              45.331138292997416
            ],
            [
              24.492230618262674,
              45.31549556128046
            ],
            [
              24.48013772914017,
              45.29602748605204
            ],
            [
              24.48820646345302,
              45.296444056041665
            ],
            [
              24.491947547374426,
              45.27774914887688
            ],
            [
              24.475851497620315,
              45.26720665690093
            ],
            [
              24.483962281284104,
              45.25668787084186
            ],
            [
              24.4667680549973,
              45.231736060225415
            ],
            [
              24.469281960420656,
              45.22099691612977
            ],
            [
              24.475895883915545,
              45.20902520725567
            ],
            [
              24.484459628292456,
              45.21274632292353
            ],
            [
              24.50079305297093,
              45.20502700170803
            ],
            [
              24.488748929476614,
              45.195002790348006
            ],
            [
              24.521976965408466,
              45.17982466434834
            ],
            [
              24.510424108143273,
              45.174994342353905
            ],
            [
              24.512882945363156,
              45.16582249477264
            ],
            [
              24.497933182473847,
              45.16564063258106
            ],
            [
              24.519689760622583,
              45.134763810642575
            ],
            [
              24.51245393335193,
              45.10828056109103
            ],
            [
              24.49779694997937,
              45.11500736857926
            ],
            [
              24.496495101009824,
              45.1066116778889
            ],
            [
              24.487503104387677,
              45.10529802987027
            ],
            [
              24.507153077893193,
              45.08497322669288
            ],
            [
              24.491271221999888,
              45.077078783410215
            ],
            [
              24.481359221712648,
              45.06094245634858
            ],
            [
              24.52046746149052,
              45.048980579657055
            ],
            [
              24.517356930956243,
              45.039301930269204
            ],
            [
              24.4827641423397,
              45.01430904122312
            ],
            [
              24.509043483971343,
              44.997784082345476
            ],
            [
              24.481000238121638,
              44.975804573807174
            ],
            [
              24.46869248225439,
              44.94820593446735
            ],
            [
              24.48232532629279,
              44.954178257336594
            ],
            [
              24.499479945581257,
              44.94412928122642
            ],
            [
              24.469167744758472,
              44.924472820124706
            ],
            [
              24.463424907344702,
              44.90444095959886
            ],
            [
              24.480067349536178,
              44.899125709186265
            ],
            [
              24.463249979120587,
              44.874669088380706
            ],
            [
              24.472332415914444,
              44.874350037857404
            ]
          ]
        ]
      }
    },
    {
      "type": "Feature",
      "properties": {
        "nume": "Dobrogea"
      },
      "geometry": {
        "type": "Polygon",
        "coordinates": [
          [
            [
              29.085088224172587,
              44.74902906851734
            ],
            [
              28.950327575093727,
              44.636887950371566
            ],
            [
              28.857035305186116,
              44.505628765738024
            ],
            [
              28.71118249704839,
              44.3765719810065
            ],
            [
              28.689218378986514,
              44.34165353043844
            ],
            [
              28.694707155185643,
              44.32066497093492
            ],
            [
              28.685884503239443,
              44.34243311413308
            ],
            [
              28.676385436763926,
              44.33711470768578
            ],
            [
              28.675862505418582,
              44.34461858952978
            ],
            [
              28.661630188507132,
              44.33661977082095
            ],
            [
              28.66163539985193,
              44.333328971460986
            ],
            [
              28.672463979421654,
              44.333849751161495
            ],
            [
              28.67240512806008,
              44.3320040053662
            ],
            [
              28.651559867384893,
              44.327755716400965
            ],
            [
              28.68923717799386,
              44.32227210286985
            ],
            [
              28.63931442016744,
              44.32423491945855
            ],
            [
              28.629062999873877,
              44.30530475381776
            ],
            [
              28.621866887093898,
              44.26422197027624
            ],
            [
              28.62956651726713,
              44.22938615170109
            ],
            [
              28.639734040343047,
              44.21812327796343
            ],
            [
              28.64687017287199,
              44.221368482040106
            ],
            [
              28.65029254330149,
              44.21956623988192
            ],
            [
              28.644258055468438,
              44.21654179961499
            ],
            [
              28.658736667683534,
              44.199372612960524
            ],
            [
              28.65554373752045,
              44.18228737336981
            ],
            [
              28.66571318213601,
              44.17211798128988
            ],
            [
              28.65844363746423,
              44.16169569562649
            ],
            [
              28.67161048963955,
              44.154229395127935
            ],
            [
              28.673159966063302,
              44.148821085995074
            ],
            [
              28.673617474381157,
              44.14308871544536
            ],
            [
              28.700564321941602,
              44.12186675219211
            ],
            [
              28.708169211441984,
              44.10842356182417
            ],
            [
              28.672378149501228,
              44.14331400598309
            ],
            [
              28.671364959664047,
              44.15365563674367
            ],
            [
              28.656677716512046,
              44.15756038457545
            ],
            [
              28.65672682431744,
              44.17114892412522
            ],
            [
              28.643176094292674,
              44.16714654087455
            ],
            [
              28.652554895382977,
              44.162689169702105
            ],
            [
              28.643758018551683,
              44.15839117754634
            ],
            [
              28.65402813248665,
              44.15743352882687
            ],
            [
              28.643050667848403,
              44.154643068458554
            ],
            [
              28.654332628940626,
              44.153320333296186
            ],
            [
              28.644064941462887,
              44.14891224552386
            ],
            [
              28.655848138988553,
              44.14989048739323
            ],
            [
              28.645562985235316,
              44.14548311900147
            ],
            [
              28.66881060421445,
              44.14710975083039
            ],
            [
              28.647148965070638,
              44.14096371029609
            ],
            [
              28.664766836971044,
              44.14049008917615
            ],
            [
              28.656563800641756,
              44.137662981415495
            ],
            [
              28.661274423725917,
              44.12447648880102
            ],
            [
              28.677368793409567,
              44.1070032748315
            ],
            [
              28.667249280525066,
              44.1111542859171
            ],
            [
              28.655276679490516,
              44.11153068296615
            ],
            [
              28.65378783565316,
              44.111974807287204
            ],
            [
              28.665353828362562,
              44.11240786254164
            ],
            [
              28.657053070429903,
              44.13050789624177
            ],
            [
              28.656936335526733,
              44.12109941865138
            ],
            [
              28.650141523532753,
              44.11179199265059
            ],
            [
              28.65655813396716,
              44.12122007319087
            ],
            [
              28.651157944041866,
              44.1298005998083
            ],
            [
              28.639219722095362,
              44.11745226216269
            ],
            [
              28.641643892187393,
              44.10207239432796
            ],
            [
              28.64790181543706,
              44.11002260550325
            ],
            [
              28.667174476330537,
              44.10929517525582
            ],
            [
              28.66697189710079,
              44.10388334456684
            ],
            [
              28.69536172967151,
              44.10278776755686
            ],
            [
              28.694753241026746,
              44.09110705753625
            ],
            [
              28.64388967940999,
              44.084176593885616
            ],
            [
              28.638375453082855,
              44.076616308643814
            ],
            [
              28.64584033930422,
              44.045027926213095
            ],
            [
              28.660245468046217,
              44.02887809705268
            ],
            [
              28.667553321661586,
              43.98668064006139
            ],
            [
              28.641652433211185,
              43.95660550702604
            ],
            [
              28.63582851819066,
              43.92296733380645
            ],
            [
              28.613840490997948,
              43.898391746156086
            ],
            [
              28.606377661494005,
              43.87800797297946
            ],
            [
              28.60851768035054,
              43.8501773327778
            ],
            [
              28.591382249386644,
              43.83961846399962
            ],
            [
              28.587003282411157,
              43.810855614758815
            ],
            [
              28.60102399087473,
              43.798799383065514
            ],
            [
              28.58658676262935,
              43.80963788457159
            ],
            [
              28.575579330582883,
              43.79485115039638
            ],
            [
              28.594013212946617,
              43.799084570278445
            ],
            [
              28.580796074524024,
              43.78877747771151
            ],
            [
              28.574476587931713,
              43.756903645644556
            ],
            [
              28.579031155800944,
              43.738718091884344
            ],
            [
              28.446183839828684,
              43.73370901647616
            ],
            [
              28.348482035555012,
              43.75214662526949
            ],
            [
              28.236431426327,
              43.758488417172615
            ],
            [
              27.994217749877237,
              43.84288316651809
            ],
            [
              27.976270820511886,
              43.90094243415424
            ],
            [
              27.954071970440598,
              43.94014898268168
            ],
            [
              27.94426824618122,
              43.98479337110782
            ],
            [
              27.916822470687322,
              44.00822534574207
            ],
            [
              27.843485173855584,
              43.966391123005565
            ],
            [
              27.732162391818676,
              43.953932404079914
            ],
            [
              27.71003705860355,
              43.95939159317597
            ],
            [
              27.673649952942444,
              44.029799365120674
            ],
            [
              27.643523178920017,
              44.0479323423285
            ],
            [
              27.61194497981202,
              44.012205965755655
            ],
            [
              27.468764479890616,
              44.022501157480924
            ],
            [
              27.399427941618303,
              44.01236900296684
            ],
            [
              27.356166445102776,
              44.058708735804906
            ],
            [
              27.291184421738016,
              44.075173891778675
            ],
            [
              27.276869544508823,
              44.09925060674751
            ],
            [
              27.284143708888724,
              44.1098623535594
            ],
            [
              27.271374343682268,
              44.12633632694999
            ],
            [
              27.305344437045804,
              44.14045639981912
            ],
            [
              27.35948534693031,
              44.12882691246756
            ],
            [
              27.453458874026428,
              44.12507457517971
            ],
            [
              27.528354144951706,
              44.17007087136439
            ],
            [
              27.60063242254449,
              44.198322850990685
            ],
            [
              27.636989858901984,
              44.20606191697642
            ],
            [
              27.7252638437584,
              44.19764222973227
            ],
            [
              27.800753147670527,
              44.240139924838374
            ],
            [
              27.93615413580838,
              44.25062311433684
            ],
            [
              28.011879054757042,
              44.32208037819419
            ],
            [
              28.022828999424867,
              44.35896873969298
            ],
            [
              28.043254571297318,
              44.384617600122425
            ],
            [
              28.072813789685906,
              44.41385128848874
            ],
            [
              28.10848643050746,
              44.43305769798193
            ],
            [
              28.090012010810224,
              44.48783400118086
            ],
            [
              28.05323901738772,
              44.50869971164932
            ],
            [
              28.03461907831991,
              44.547406335162876
            ],
            [
              28.01654726772198,
              44.564820349303936
            ],
            [
              28.01373798437321,
              44.584422367003974
            ],
            [
              28.03261240894078,
              44.60725939974217
            ],
            [
              28.03177062441135,
              44.625294225372855
            ],
            [
              27.958234027074685,
              44.68018872580038
            ],
            [
              27.93123468564648,
              44.67970337096026
            ],
            [
              27.911439889332804,
              44.696931746501214
            ],
            [
              27.882376260844882,
              44.70776460902513
            ],
            [
              27.871503531336796,
              44.72617609557692
            ],
            [
              27.878198313929314,
              44.75848682164998
            ],
            [
              27.89717879003081,
              44.772471957203315
            ],
            [
              27.94957411018817,
              44.78048772122436
            ],
            [
              28.00443182884243,
              44.757600700573654
            ],
            [
              28.03694860262987,
              44.76096191590506
            ],
            [
              28.066248895609586,
              44.785570632342456
            ],
            [
              28.10020195617456,
              44.86159244816274
            ],
            [
              28.142348984366432,
              44.89002367348327
            ],
            [
              28.125121957938337,
              44.91515538071131
            ],
            [
              28.129626879639392,
              44.94174158316151
            ],
            [
              28.151258332516203,
              44.97313805637801
            ],
            [
              28.128485076013803,
              45.013630186258176
            ],
            [
              28.13573286935781,
              45.02868257330053
            ],
            [
              28.15263411562695,
              45.03673036379895
            ],
            [
              28.138659278150804,
              45.064374279660214
            ],
            [
              28.13485772841102,
              45.09871576077705
            ],
            [
              28.17573684347244,
              45.10188469760444
            ],
            [
              28.16962121198107,
              45.122108647750025
            ],
            [
              28.197701884959066,
              45.1375430199887
            ],
            [
              28.091398274525556,
              45.19025449794321
            ],
            [
              28.1306048071548,
              45.23380296800066
            ],
            [
              28.115145326488232,
              45.25882638154488
            ],
            [
              28.094766064947084,
              45.24943888498472
            ],
            [
              28.068113779153826,
              45.25224571833803
            ],
            [
              28.022866153938843,
              45.266853172190594
            ],
            [
              27.99484232958966,
              45.28674835302583
            ],
            [
              28.022891605122247,
              45.35250656886497
            ],
            [
              28.03277446569456,
              45.4083828082244
            ],
            [
              28.08093721517257,
              45.43722081022697
            ],
            [
              28.130785134561997,
              45.437281734647485
            ],
            [
              28.187187667250683,
              45.41297272233516
            ],
            [
              28.198871472255096,
              45.464602249977425
            ],
            [
              28.258228619371152,
              45.45695298303646
            ],
            [
              28.280160508064455,
              45.443991306950096
            ],
            [
              28.286880073418423,
              45.43249814971206
            ],
            [
              28.28545926548209,
              45.399849685716944
            ],
            [
              28.34995776485988,
              45.319911885025476
            ],
            [
              28.561011280499688,
              45.24959715299404
            ],
            [
              28.632846108466747,
              45.24451878653708
            ],
            [
              28.710428579853605,
              45.22399952558114
            ],
            [
              28.79215536303551,
              45.242805501526206
            ],
            [
              28.787230950914413,
              45.25359371227539
            ],
            [
              28.76217214866116,
              45.26559871416147
            ],
            [
              28.751914678935762,
              45.2845614755627
            ],
            [
              28.790513545489187,
              45.291904704075826
            ],
            [
              28.801449933384966,
              45.30086413387059
            ],
            [
              28.804908800704546,
              45.311287862275854
            ],
            [
              28.780436638880758,
              45.323216489765535
            ],
            [
              28.793981303259326,
              45.333649620504126
            ],
            [
              28.81733208154295,
              45.336068705559924
            ],
            [
              28.845128315602906,
              45.3180778604899
            ],
            [
              28.873513427893617,
              45.31620095850744
            ],
            [
              28.914002827435567,
              45.28773157071245
            ],
            [
              28.942592910009047,
              45.28061050323772
            ],
            [
              28.952640760940774,
              45.28725510353996
            ],
            [
              28.94835261993534,
              45.309116310240775
            ],
            [
              28.9649736158213,
              45.33205361062273
            ],
            [
              28.985937047239883,
              45.33233089326633
            ],
            [
              29.04394186638183,
              45.360752959687936
            ],
            [
              29.169017851596376,
              45.395095848693465
            ],
            [
              29.18742220264815,
              45.41243182974132
            ],
            [
              29.242572207919924,
              45.434356842545
            ],
            [
              29.285777987788382,
              45.42642329690117
            ],
            [
              29.3221064479633,
              45.44747887879179
            ],
            [
              29.358100084692936,
              45.43695444130026
            ],
            [
              29.430002099771624,
              45.44266932666475
            ],
            [
              29.47465587967104,
              45.42296441201119
            ],
            [
              29.54487730506601,
              45.40976835596776
            ],
            [
              29.58966252936844,
              45.390027150324556
            ],
            [
              29.651132621840524,
              45.339765581022924
            ],
            [
              29.67719511311676,
              45.27692755234052
            ],
            [
              29.65976376365393,
              45.24786757366956
            ],
            [
              29.682032806645815,
              45.205833886656535
            ],
            [
              29.637767779060393,
              45.224360616943244
            ],
            [
              29.628537098628502,
              45.21699252789463
            ],
            [
              29.6382387072485,
              45.17646562198844
            ],
            [
              29.65026724291406,
              45.16018065278452
            ],
            [
              29.71529590226285,
              45.1652990738678
            ],
            [
              29.68699872055298,
              45.15248449129266
            ],
            [
              29.660322843976438,
              45.1075419715299
            ],
            [
              29.62483605921724,
              44.883797256419456
            ],
            [
              29.60310805380249,
              44.87660169836736
            ],
            [
              29.613421775581394,
              44.85677611392971
            ],
            [
              29.617396379142715,
              44.87636528999305
            ],
            [
              29.617587170304343,
              44.864060609212956
            ],
            [
              29.609756607100586,
              44.84667418680233
            ],
            [
              29.593553283159753,
              44.826192165533655
            ],
            [
              29.55256782613528,
              44.7904492727642
            ],
            [
              29.499965046463494,
              44.773692229020654
            ],
            [
              29.485863314138278,
              44.77756361881147
            ],
            [
              29.513171041616427,
              44.77812976455073
            ],
            [
              29.52351845211354,
              44.78753504747847
            ],
            [
              29.551842350960204,
              44.793016209765
            ],
            [
              29.609264694898897,
              44.84963420006661
            ],
            [
              29.58585332643421,
              44.83725616808565
            ],
            [
              29.57411811777925,
              44.839132324379385
            ],
            [
              29.553547573921282,
              44.82288835743076
            ],
            [
              29.271695414803677,
              44.79970099064545
            ],
            [
              29.159146183122807,
              44.78002902590629
            ],
            [
              29.085088224172587,
              44.74902906851734
            ]
          ]
        ]
      }
    }
  ]
}