{"type":"FeatureCollection","features":[{"type":"Feature","geometry":{"type":"MultiLineString","coordinates":[[[26.09815,44.40119],[26.09753,44.40109],[26.09735,44.40101],[26.09726,44.4009],[26.09716,44.4004],[26.09698,44.39988],[26.09664,44.39904],[26.09233,44.38969],[26.09214,44.38924],[26.09207,44.38881],[26.09231,44.38263],[26.09234,44.3812],[26.09229,44.38095],[26.09176,44.379],[26.09168,44.37893],[26.09157,44.37889],[26.09138,44.37889],[26.08709,44.37947],[26.08696,44.37949],[26.08635,44.37972],[26.08601,44.37995],[26.08575,44.38024],[26.08567,44.38036],[26.08542,44.38099],[26.08527,44.38123],[26.08507,44.38143],[26.08481,44.38161],[26.08389,44.38218],[26.08326,44.38259],[26.08142,44.38383],[26.08092,44.38422],[26.07995,44.3852],[26.07969,44.38544],[26.07944,44.38564],[26.079,44.38589],[26.0781,44.38636],[26.07795,44.38639],[26.07775,44.38636],[26.07749,44.38597],[26.07751,44.38587],[26.07762,44.38577],[26.07784,44.38577],[26.07794,44.38582],[26.07809,44.38601],[26.07815,44.38607],[26.07822,44.3861]],[[26.07823,44.3861],[26.07829,44.38614],[26.07837,44.38615],[26.07847,44.38613],[26.07906,44.38583],[26.07934,44.38567],[26.07955,44.38552],[26.07986,44.38524],[26.08078,44.38431],[26.08109,44.38404],[26.08224,44.38324],[26.08349,44.3824],[26.08381,44.38221],[26.08412,44.382],[26.08442,44.38183],[26.08504,44.38141],[26.08519,44.38126],[26.08536,44.38102],[26.0856,44.38041],[26.08572,44.38021],[26.08604,44.37988],[26.08633,44.37969],[26.08685,44.3795],[26.08707,44.37944],[26.09147,44.37884],[26.09166,44.37886],[26.09178,44.37894],[26.09181,44.379],[26.09238,44.38118],[26.09237,44.38246],[26.09212,44.3889],[26.0922,44.38928],[26.09225,44.38943],[26.0926,44.39015],[26.09386,44.39287],[26.09658,44.3988],[26.0969,44.39954],[26.09718,44.4003],[26.09729,44.40082],[26.09738,44.40173],[26.09734,44.40272],[26.09742,44.40284],[26.09755,44.4029],[26.09764,44.40292],[26.09778,44.40291],[26.09787,44.40288],[26.09793,44.40284],[26.09879,44.40186],[26.09892,44.40173],[26.09906,44.40164],[26.09913,44.40155],[26.09914,44.40147],[26.09911,44.40139],[26.099,44.40131],[26.09815,44.40119]]]},"properties":{"route_id":"1008-1013","line":"4","name":"4","ref":"4","long_name":"Sura Mare - Zetarilor","type":"tram","color":"#BE1622"}},{"type":"Feature","geometry":{"type":"MultiLineString","coordinates":[[[26.1318,44.46292],[26.13147,44.46308],[26.12964,44.46426],[26.12884,44.46474],[26.12829,44.46529],[26.12792,44.4657],[26.1278,44.46588],[26.12751,44.46619],[26.12747,44.46626],[26.12747,44.46642],[26.12758,44.46723],[26.12756,44.46745],[26.12743,44.46782],[26.12728,44.46806],[26.12577,44.47012],[26.12498,44.47114],[26.12472,44.47166],[26.12435,44.47273],[26.12406,44.47344],[26.12399,44.47371],[26.12397,44.47395],[26.12399,44.47418],[26.12411,44.47454],[26.12433,44.47494],[26.1247,44.47533],[26.12513,44.47583],[26.12523,44.47601],[26.1253,44.47622],[26.12534,44.47646],[26.12538,44.47708],[26.12548,44.47798],[26.12557,44.47854],[26.12571,44.48066],[26.12577,44.48124],[26.12583,44.48219],[26.12586,44.48229],[26.12585,44.48236],[26.12581,44.4824],[26.12573,44.48241],[26.12559,44.48236],[26.12535,44.48232],[26.1252,44.48231],[26.12358,44.48237],[26.12155,44.48247],[26.12109,44.48247],[26.12085,44.48245],[26.1206,44.48238],[26.11798,44.48153],[26.11529,44.4807],[26.11441,44.4804],[26.11165,44.47953],[26.11155,44.47947],[26.11101,44.4793],[26.11008,44.47909],[26.10607,44.47829],[26.10595,44.47823],[26.10592,44.47816],[26.10594,44.47808],[26.10605,44.47797],[26.10652,44.47733],[26.10684,44.4768],[26.10734,44.47589],[26.10736,44.47583],[26.10734,44.47577],[26.10728,44.47573],[26.10719,44.47571],[26.1071,44.47575],[26.1065,44.47681],[26.10587,44.47766],[26.10493,44.47859],[26.10277,44.48018],[26.10227,44.48056],[26.10166,44.48108],[26.10079,44.48172],[26.09651,44.48478],[26.09584,44.48521],[26.0943,44.48631],[26.09327,44.48692],[26.09205,44.48767],[26.09196,44.48775],[26.09189,44.48784],[26.0918,44.488],[26.09132,44.48937],[26.0912,44.48965],[26.091,44.49004],[26.09078,44.49033],[26.09049,44.4906],[26.0901,44.49089],[26.08902,44.49163],[26.08856,44.49199],[26.08747,44.49279],[26.08681,44.49317],[26.08622,44.49346],[26.08573,44.49367],[26.08556,44.49372],[26.08034,44.49439],[26.07989,44.49448],[26.07962,44.49458],[26.07951,44.49466],[26.07929,44.49486],[26.07926,44.49564],[26.07927,44.49592],[26.07931,44.4962],[26.0796,44.49743],[26.07967,44.49809],[26.07996,44.49917],[26.08061,44.50177],[26.08078,44.50211],[26.08094,44.50255],[26.08178,44.50519],[26.0819,44.50543],[26.08225,44.50557],[26.08239,44.50566],[26.08247,44.50575],[26.08268,44.50612],[26.08278,44.50623],[26.08284,44.50628],[26.08309,44.50641],[26.08437,44.50704],[26.08459,44.50711],[26.08465,44.50709],[26.08476,44.5071],[26.08488,44.50715],[26.08504,44.50734],[26.08516,44.50743],[26.08549,44.50757],[26.08558,44.5076],[26.08588,44.50765],[26.08629,44.5077],[26.08634,44.50784],[26.0863,44.50798],[26.08602,44.50814]],[[26.08602,44.50814],[26.08592,44.50814],[26.08584,44.50812],[26.08556,44.50781],[26.08541,44.50768],[26.08523,44.50758],[26.08501,44.50748],[26.08479,44.50741],[26.08468,44.50742],[26.0846,44.50741],[26.0845,44.50734],[26.08447,44.50728],[26.08434,44.50717],[26.08277,44.50639],[26.08262,44.50628],[26.08252,44.50615],[26.08242,44.50598],[26.08233,44.50589],[26.08222,44.50582],[26.08197,44.50574],[26.08183,44.50581],[26.08172,44.50583],[26.08161,44.50583],[26.08152,44.50581],[26.08143,44.50576],[26.08138,44.50561],[26.08134,44.50523],[26.08122,44.50473],[26.08085,44.50358],[26.08045,44.50216],[26.08045,44.50179],[26.0798,44.4992],[26.07951,44.49811],[26.0793,44.49759],[26.07897,44.49622],[26.07891,44.49582],[26.07894,44.49488],[26.07901,44.49475],[26.0791,44.49464],[26.07925,44.49452],[26.07944,44.4944],[26.08002,44.49434],[26.08014,44.49431],[26.08475,44.49375],[26.08544,44.49366],[26.08564,44.49362],[26.08593,44.49351],[26.08663,44.49316],[26.08735,44.49275],[26.08899,44.49154],[26.09032,44.49052],[26.09059,44.49026],[26.09099,44.48958],[26.09168,44.48782],[26.09179,44.48769],[26.09241,44.48728],[26.09355,44.48659],[26.09469,44.48586],[26.09829,44.48329],[26.10108,44.48133],[26.10271,44.48002],[26.10405,44.47905],[26.10496,44.47834],[26.10512,44.47821],[26.10547,44.47784],[26.10611,44.47704],[26.10624,44.47686],[26.10653,44.47639],[26.10692,44.47561],[26.10702,44.47557],[26.10777,44.47561],[26.10785,44.47564],[26.10784,44.47573],[26.10778,44.47578],[26.1076,44.4758],[26.10744,44.47586],[26.10688,44.4768],[26.10674,44.47707],[26.10598,44.47813],[26.10598,44.47818],[26.10604,44.47823],[26.10633,44.47831],[26.10996,44.47903],[26.11103,44.47927],[26.11359,44.4801],[26.1158,44.48079],[26.11716,44.48124],[26.12059,44.48233],[26.12105,44.48241],[26.12125,44.48243],[26.12151,44.48243],[26.12568,44.48226],[26.12575,44.48216],[26.12575,44.48206],[26.12546,44.47883],[26.12541,44.47862],[26.12543,44.47838],[26.12535,44.47797],[26.12531,44.4771],[26.12525,44.47646],[26.12521,44.47625],[26.12516,44.47609],[26.12507,44.47591],[26.12494,44.47571],[26.12424,44.47497],[26.12406,44.47472],[26.12397,44.47454],[26.12385,44.47417],[26.12384,44.47394],[26.12388,44.4737],[26.12443,44.4721],[26.12469,44.47144],[26.12486,44.47114],[26.126,44.46958],[26.12628,44.46925],[26.12721,44.468],[26.12732,44.46779],[26.12739,44.46761],[26.12744,44.46741],[26.12745,44.46699],[26.12738,44.46623],[26.12737,44.4658],[26.12739,44.46568],[26.12748,44.46555],[26.12759,44.46542],[26.12774,44.46529],[26.12791,44.46517],[26.12842,44.46483],[26.12949,44.4642],[26.13062,44.46347],[26.13174,44.46269],[26.13265,44.46215],[26.13288,44.46191],[26.13303,44.46185],[26.13318,44.46182],[26.13336,44.46206],[26.13336,44.46211],[26.1332,44.46225],[26.13292,44.46239],[26.13234,44.46262],[26.1318,44.46292]]]},"properties":{"route_id":"1008-1015","line":"290","name":"290","ref":"290","long_name":"Complex Baneasa - Soseaua Colentina","type":"bus","color":"#1D71B8"}},{"type":"Feature","geometry":{"type":"MultiLineString","coordinates":[[[26.14754,44.48166],[26.14266,44.48221],[26.14262,44.48212],[26.14295,44.48169],[26.14387,44.48023],[26.14314,44.47997],[26.14307,44.47991],[26.14314,44.47973],[26.14389,44.47685],[26.144,44.47658],[26.14458,44.47613],[26.14517,44.47572],[26.14578,44.47523],[26.14652,44.4744],[26.1451,44.47388],[26.14137,44.47255],[26.14136,44.47245],[26.14139,44.47227],[26.14173,44.47066],[26.14176,44.46997],[26.14215,44.46961],[26.14283,44.46902],[26.14285,44.46888],[26.14279,44.46876],[26.13938,44.46721],[26.13795,44.4665],[26.13666,44.46583],[26.13605,44.46549],[26.13563,44.46523],[26.1351,44.46484],[26.13454,44.46438],[26.1336,44.46323],[26.13332,44.46292],[26.13326,44.4628],[26.13299,44.46242],[26.13284,44.46226],[26.13277,44.46216],[26.13272,44.46196],[26.13272,44.46177],[26.13266,44.4613],[26.13259,44.46111],[26.13244,44.46083],[26.13232,44.46066],[26.13222,44.46043],[26.13166,44.4594],[26.13034,44.45742],[26.1291,44.45564],[26.1277,44.45369],[26.12769,44.45364],[26.12771,44.45348],[26.12787,44.45326],[26.12874,44.45222],[26.13203,44.44818],[26.13219,44.44803],[26.13315,44.44729],[26.1345,44.4463],[26.13461,44.44626],[26.13474,44.44624],[26.13486,44.44624],[26.13496,44.44627],[26.13604,44.44673],[26.13948,44.44824],[26.13975,44.44833],[26.14009,44.44836],[26.14029,44.44835],[26.14059,44.44827],[26.1416,44.44787],[26.14281,44.44736],[26.14361,44.44704],[26.14377,44.44678],[26.14387,44.44676],[26.14395,44.44679],[26.14399,44.44686],[26.14386,44.44703],[26.1436,44.44717],[26.14308,44.4474]],[[26.14308,44.4474],[26.1411,44.44819],[26.14098,44.44825],[26.14092,44.44835],[26.14079,44.44846],[26.14041,44.44862],[26.13999,44.44873],[26.13986,44.44874],[26.13967,44.44872],[26.13953,44.44854],[26.13942,44.44836],[26.1393,44.44827],[26.13859,44.44797],[26.135,44.44638],[26.13481,44.44632],[26.13467,44.44634],[26.13213,44.44821],[26.13098,44.4497],[26.12904,44.45202],[26.12847,44.45264],[26.12806,44.45315],[26.12782,44.45342],[26.12776,44.45351],[26.12775,44.45366],[26.12778,44.45373],[26.13002,44.45687],[26.1303,44.45717],[26.13126,44.45849],[26.13247,44.46037],[26.13295,44.46132],[26.13341,44.46195],[26.13348,44.46209],[26.1335,44.46218],[26.13358,44.46272],[26.13401,44.46338],[26.13464,44.46415],[26.13543,44.46481],[26.13583,44.46512],[26.13628,44.46542],[26.13803,44.46637],[26.13822,44.46651],[26.13911,44.46695],[26.1433,44.46886],[26.144,44.46909],[26.14408,44.46914],[26.14429,44.46939],[26.14468,44.46978],[26.14554,44.4707],[26.14644,44.4716],[26.14678,44.47182],[26.15192,44.47445],[26.15194,44.47459],[26.15096,44.47727],[26.15036,44.47814],[26.14899,44.48029],[26.14834,44.48127],[26.14822,44.48153],[26.14754,44.48166]]]},"properties":{"route_id":"1008-112","line":"382","name":"382","ref":"382","long_name":"Baicului - Escalei","type":"bus","color":"#1D71B8"}},{"type":"Feature","geometry":{"type":"MultiLineString","coordinates":[[[26.19396,44.42317],[26.19386,44.42326],[26.19384,44.42344],[26.19378,44.42347],[26.19367,44.42347],[26.1936,44.42342],[26.19358,44.42336],[26.19365,44.42296],[26.19363,44.42283],[26.19348,44.42247],[26.19269,44.42088],[26.19256,44.42067],[26.19224,44.42022],[26.19208,44.42011],[26.19201,44.42011],[26.19128,44.42027],[26.19102,44.42034],[26.19089,44.42039],[26.19076,44.4205],[26.19058,44.4206],[26.19035,44.42068],[26.18593,44.42175],[26.18559,44.42178],[26.18494,44.42189],[26.18399,44.42217],[26.18312,44.42239],[26.18258,44.42251],[26.18119,44.42288],[26.17944,44.42316],[26.17935,44.42316],[26.17923,44.4231],[26.17905,44.42311],[26.17878,44.42316],[26.17721,44.4235],[26.177,44.42359],[26.17682,44.42375],[26.17653,44.42386],[26.17608,44.42393],[26.17587,44.42398],[26.17548,44.42403],[26.17426,44.42435],[26.17364,44.42447],[26.17118,44.42486],[26.17065,44.42496],[26.16971,44.42511],[26.16853,44.42533],[26.16812,44.42537],[26.16714,44.42542],[26.16617,44.42539],[26.16212,44.42487],[26.16055,44.42463],[26.1574,44.42426],[26.15431,44.42382],[26.15148,44.42347],[26.15103,44.42344],[26.15077,44.42351],[26.15065,44.42367],[26.15053,44.42398],[26.15027,44.4248],[26.15008,44.42549],[26.14995,44.42584],[26.14987,44.42598],[26.14977,44.42609],[26.14959,44.42611],[26.14919,44.42606],[26.14371,44.4252],[26.13791,44.42432],[26.1378,44.42433],[26.13763,44.42445],[26.1375,44.42451],[26.13736,44.42455],[26.1372,44.42457],[26.13702,44.42449],[26.13696,44.42441],[26.13693,44.42432],[26.13693,44.42424],[26.13701,44.4241],[26.13709,44.42404],[26.13729,44.42397],[26.13748,44.42396],[26.1379,44.42351],[26.1382,44.42311],[26.13846,44.42268],[26.13862,44.42238],[26.13873,44.42211],[26.13922,44.42065],[26.13938,44.42012],[26.1395,44.4198],[26.13947,44.41973],[26.13941,44.4197],[26.13928,44.41972],[26.13889,44.41983]],[[26.13889,44.41983],[26.13735,44.4202],[26.13702,44.42035],[26.13696,44.42049],[26.13697,44.42085],[26.13735,44.42323],[26.13745,44.42399],[26.13762,44.42407],[26.13774,44.42415],[26.13839,44.42423],[26.14489,44.42522],[26.14694,44.42557],[26.14969,44.42596],[26.14983,44.42591],[26.1499,44.42578],[26.15056,44.42358],[26.15071,44.42321],[26.15082,44.42318],[26.15136,44.42331],[26.16389,44.42495],[26.16452,44.42502],[26.16519,44.42513],[26.16628,44.42523],[26.16746,44.42526],[26.16848,44.42515],[26.17189,44.42458],[26.17336,44.42437],[26.17381,44.42429],[26.17425,44.4242],[26.17563,44.42384],[26.17684,44.42356],[26.17705,44.4235],[26.17904,44.42307],[26.17938,44.42298],[26.17957,44.42307],[26.17973,44.42308],[26.1811,44.42286],[26.18242,44.4225],[26.1854,44.42176],[26.18714,44.42137],[26.18905,44.42087],[26.19025,44.42059],[26.19062,44.42044],[26.19071,44.42034],[26.19072,44.42028],[26.19078,44.42024],[26.19085,44.42022],[26.19104,44.42023],[26.19182,44.42005],[26.19193,44.42],[26.19208,44.41998],[26.19233,44.42005],[26.19247,44.4202],[26.19265,44.42054],[26.19278,44.42085],[26.19288,44.42117],[26.19363,44.42266],[26.19368,44.42274],[26.19375,44.4228],[26.19396,44.42317]]]},"properties":{"route_id":"1008-113","line":"330","name":"330","ref":"330","long_name":"Parcul Teilor - Dristorului","type":"bus","color":"#0070C0"}},{"type":"Feature","geometry":{"type":"MultiLineString","coordinates":[[[26.0692,44.44886],[26.07429,44.4455],[26.07468,44.44528],[26.07489,44.44532],[26.07573,44.44605],[26.07577,44.4462],[26.07545,44.44657],[26.07541,44.44668],[26.07545,44.44689],[26.07588,44.44727],[26.07601,44.44749],[26.07598,44.44754],[26.07588,44.44762],[26.07504,44.44792],[26.07226,44.44912],[26.06988,44.45025],[26.06981,44.45031],[26.06981,44.4504],[26.0701,44.45072],[26.07059,44.45116],[26.07111,44.45151],[26.07286,44.45248],[26.07376,44.45304],[26.07392,44.45312],[26.07429,44.45337],[26.07536,44.454],[26.07763,44.4554],[26.07868,44.45568],[26.07982,44.45588],[26.08,44.45597],[26.08008,44.4561],[26.08007,44.45625],[26.07931,44.45693],[26.07826,44.45793],[26.07701,44.45885],[26.0757,44.45986],[26.07284,44.46213],[26.07254,44.46234],[26.07028,44.46414],[26.06972,44.46445],[26.068,44.46517],[26.06752,44.46539],[26.0663,44.46589],[26.06627,44.46599],[26.06638,44.4661],[26.07037,44.46706],[26.07403,44.46797],[26.07439,44.46802],[26.07484,44.46799],[26.07526,44.46786],[26.07747,44.46731],[26.07768,44.46715],[26.07779,44.46702],[26.07797,44.46693],[26.07818,44.46688],[26.07848,44.46697],[26.07886,44.46703],[26.08032,44.46685],[26.08099,44.46679],[26.08493,44.46629],[26.08557,44.46614],[26.08599,44.46589],[26.08643,44.46576],[26.08681,44.4657],[26.08715,44.46556],[26.08753,44.46532],[26.08947,44.46445],[26.09048,44.46394],[26.09113,44.46355],[26.09237,44.46256],[26.09296,44.46189],[26.09365,44.46093],[26.09389,44.46052],[26.09383,44.46039],[26.09364,44.46017],[26.09356,44.46003],[26.09354,44.4599],[26.09356,44.45977],[26.09369,44.45959],[26.09379,44.4595],[26.09395,44.4594],[26.09416,44.45932],[26.09437,44.45928],[26.09457,44.45939],[26.09473,44.45956],[26.09474,44.45964],[26.09472,44.45975],[26.09461,44.45999],[26.09455,44.46018],[26.09451,44.46054],[26.09457,44.46083],[26.09471,44.46126],[26.09491,44.46178],[26.09517,44.46269],[26.09609,44.46553],[26.09615,44.46561],[26.09628,44.46569],[26.09646,44.46572],[26.09787,44.46572],[26.09847,44.46575],[26.09975,44.46602],[26.10012,44.46605],[26.10047,44.46604],[26.10136,44.46594],[26.10342,44.46576],[26.10451,44.46564],[26.10582,44.46545],[26.10816,44.46506],[26.10828,44.46497],[26.10821,44.46469],[26.10804,44.46426],[26.10784,44.46352],[26.1067,44.45988],[26.10587,44.45709],[26.10594,44.457],[26.10603,44.45696],[26.10612,44.45696],[26.10673,44.45714],[26.1072,44.45734],[26.10927,44.45814],[26.1123,44.45926],[26.11263,44.45942],[26.12189,44.46281],[26.12408,44.46359],[26.12618,44.4644],[26.12664,44.46463],[26.12785,44.46511],[26.12792,44.46511],[26.128,44.46508],[26.12949,44.4642],[26.13062,44.46347],[26.13174,44.46269],[26.13243,44.46229],[26.13284,44.46192],[26.13309,44.46181],[26.1332,44.46179],[26.13333,44.46188],[26.1335,44.46213],[26.13356,44.46264],[26.13365,44.46286],[26.13381,44.46306],[26.13401,44.46338],[26.13464,44.46415],[26.13543,44.46481],[26.13692,44.46572],[26.13762,44.46609],[26.13807,44.46618],[26.13837,44.46609],[26.13953,44.46492],[26.14245,44.46204],[26.14273,44.46174],[26.14285,44.46168],[26.14314,44.46166],[26.14336,44.46174],[26.14685,44.46355],[26.14746,44.46384],[26.14788,44.46407],[26.14819,44.4643],[26.14845,44.46463],[26.1486,44.46492],[26.14857,44.46501],[26.14851,44.46504],[26.14816,44.4651]],[[26.14816,44.4651],[26.14793,44.46511],[26.14778,44.46508],[26.14503,44.46369],[26.14398,44.46311],[26.14292,44.4626],[26.14268,44.46247],[26.14229,44.4623],[26.1422,44.46233],[26.13969,44.46478],[26.13849,44.466],[26.13822,44.46637],[26.13814,44.46642],[26.13798,44.46647],[26.13773,44.4664],[26.13723,44.46612],[26.13666,44.46583],[26.13605,44.46549],[26.13563,44.46523],[26.13537,44.46505],[26.13478,44.46458],[26.13454,44.46437],[26.13424,44.46403],[26.13338,44.46291],[26.13315,44.4627],[26.13298,44.4626],[26.13279,44.46257],[26.13252,44.46256],[26.13229,44.46261],[26.1318,44.46292],[26.12959,44.46424],[26.12892,44.46468],[26.12862,44.46486],[26.12843,44.4651],[26.12812,44.46543],[26.12794,44.46566],[26.12775,44.46575],[26.1276,44.46575],[26.12731,44.46554],[26.12684,44.46504],[26.12641,44.46466],[26.12557,44.46421],[26.12342,44.46348],[26.1209,44.46253],[26.11831,44.4616],[26.11764,44.46133],[26.11566,44.46059],[26.11366,44.45987],[26.11145,44.45905],[26.10803,44.45775],[26.10653,44.45716],[26.10636,44.45712],[26.10621,44.45715],[26.10613,44.45715],[26.10608,44.45721],[26.10609,44.45728],[26.10671,44.45936],[26.10784,44.46273],[26.10804,44.46339],[26.10849,44.46498],[26.10846,44.46505],[26.1084,44.46509],[26.10831,44.46512],[26.1057,44.46553],[26.10414,44.46574],[26.10298,44.46586],[26.10036,44.4661],[26.10006,44.46611],[26.09956,44.46607],[26.09875,44.46588],[26.09845,44.46583],[26.098,44.46578],[26.09744,44.46579],[26.09627,44.46578],[26.09613,44.46572],[26.09603,44.46563],[26.09596,44.46547],[26.09492,44.46208],[26.09459,44.46113],[26.09442,44.46068],[26.09427,44.46064],[26.09418,44.46065],[26.09411,44.46068],[26.09324,44.46185],[26.09278,44.4624],[26.09255,44.46263],[26.09215,44.46298],[26.09171,44.46333],[26.09126,44.46363],[26.09032,44.46416],[26.08723,44.4657],[26.08706,44.46589],[26.08688,44.46633],[26.08676,44.46642],[26.08649,44.46648],[26.08622,44.46648],[26.08589,44.46637],[26.08557,44.46631],[26.08408,44.46646],[26.08148,44.46679],[26.08025,44.46699],[26.07898,44.46715],[26.07885,44.46719],[26.07868,44.46727],[26.0785,44.46738],[26.07836,44.46744],[26.07818,44.46749],[26.07799,44.46747],[26.07782,44.46741],[26.07762,44.46739],[26.07463,44.46811],[26.07426,44.46814],[26.07403,44.46812],[26.07342,44.46797],[26.073,44.46785],[26.06598,44.46612],[26.06594,44.46598],[26.06599,44.46589],[26.06608,44.4658],[26.06712,44.4654],[26.06958,44.46436],[26.06983,44.46423],[26.07023,44.46396],[26.07065,44.46365],[26.07208,44.46246],[26.07371,44.46122],[26.07487,44.4603],[26.07535,44.4599],[26.07657,44.45898],[26.07866,44.45729],[26.07975,44.4563],[26.07982,44.4562],[26.0798,44.45612],[26.07975,44.45603],[26.07968,44.45599],[26.0793,44.45593],[26.07859,44.45578],[26.07749,44.45546],[26.07723,44.45528],[26.07439,44.4536],[26.07337,44.45297],[26.07181,44.45217],[26.07154,44.45205],[26.07095,44.45175],[26.07053,44.45149],[26.07014,44.4512],[26.06949,44.4506],[26.06938,44.45044],[26.06943,44.4503],[26.07037,44.44982],[26.07427,44.44807],[26.07554,44.44761],[26.07564,44.44754],[26.07566,44.44748],[26.07565,44.44739],[26.07536,44.44717],[26.07518,44.44697],[26.07516,44.4468],[26.07543,44.44622],[26.07545,44.44609],[26.07543,44.44602],[26.07534,44.4459],[26.07474,44.44546],[26.0745,44.44547],[26.06892,44.44926],[26.0681,44.44985],[26.06798,44.44997],[26.06789,44.45003],[26.06779,44.45005],[26.06769,44.45005],[26.06758,44.45001],[26.06752,44.44994],[26.06751,44.44984],[26.06755,44.44972],[26.06761,44.44961],[26.06777,44.44946],[26.06788,44.44939],[26.068,44.44935],[26.06818,44.44941],[26.06832,44.44941],[26.06845,44.44938],[26.06852,44.44935],[26.06885,44.44913],[26.0692,44.44887]]]},"properties":{"route_id":"1008-116","line":"282","name":"282","ref":"282","long_name":"Gara Basarab - Soseaua Fundeni","type":"bus","color":"#0070C0"}},{"type":"Feature","geometry":{"type":"MultiLineString","coordinates":[[[26.17895,44.42624],[26.17893,44.42605],[26.17887,44.42591],[26.17864,44.42563],[26.17739,44.4243],[26.17694,44.42396],[26.17668,44.4239],[26.1764,44.42388],[26.17618,44.42391],[26.17587,44.42398],[26.17548,44.42403],[26.17426,44.42435],[26.17364,44.42447],[26.17118,44.42486],[26.16934,44.42518],[26.16764,44.42538],[26.16636,44.42538],[26.16463,44.42521],[26.1637,44.42508],[26.16359,44.4251],[26.16349,44.42515],[26.1633,44.42571],[26.16294,44.42704],[26.16263,44.42836],[26.16211,44.42972],[26.16024,44.43489],[26.15857,44.4384],[26.15817,44.43933],[26.15758,44.44103],[26.15748,44.44143],[26.15752,44.44218],[26.15756,44.44239],[26.15767,44.44269],[26.15781,44.44282],[26.15785,44.44293],[26.15784,44.44303],[26.15778,44.44312],[26.15748,44.44316],[26.15612,44.44313],[26.152,44.44347],[26.15098,44.44357],[26.15068,44.44358],[26.1504,44.44357],[26.15019,44.44355],[26.15001,44.44348],[26.14948,44.44317],[26.14925,44.44307],[26.1489,44.44302],[26.14726,44.44287],[26.14398,44.4425],[26.14315,44.44243],[26.13744,44.44174],[26.1373,44.44172],[26.13711,44.44167],[26.13483,44.44139],[26.1344,44.44137],[26.13417,44.44141],[26.13402,44.44142],[26.1335,44.44141],[26.13339,44.44143],[26.13282,44.44173],[26.13022,44.44327],[26.12984,44.44347],[26.12916,44.44388],[26.12861,44.44424],[26.12784,44.44489],[26.12739,44.44544],[26.12659,44.44653],[26.12639,44.44699],[26.12636,44.44738],[26.12624,44.44787],[26.12615,44.44814],[26.12594,44.44857],[26.12519,44.44935],[26.12486,44.44967],[26.12466,44.44975],[26.12447,44.44978],[26.12431,44.44985],[26.12398,44.4501],[26.12361,44.45043],[26.12307,44.45082],[26.12234,44.45122],[26.12185,44.45143],[26.12041,44.45185],[26.11928,44.45216],[26.11867,44.4523],[26.11775,44.45245],[26.11336,44.45285],[26.11268,44.45288],[26.10599,44.45299],[26.10108,44.45301],[26.10011,44.45311],[26.09892,44.45314],[26.09877,44.45317],[26.09865,44.45326],[26.09858,44.45336],[26.0975,44.45552],[26.09569,44.45826],[26.09431,44.46039],[26.09386,44.46103],[26.09295,44.46225],[26.09237,44.46287],[26.09211,44.46311],[26.09186,44.4633],[26.09149,44.46355],[26.08993,44.46436],[26.08786,44.4654],[26.08724,44.46573],[26.08701,44.46595],[26.08695,44.46618],[26.08683,44.46635],[26.0866,44.46647],[26.08636,44.46648],[26.08589,44.46635],[26.08557,44.46632],[26.07894,44.46713],[26.07883,44.4672],[26.07871,44.46736],[26.07855,44.46753],[26.07846,44.46759],[26.07831,44.46765],[26.07814,44.46768],[26.07801,44.46779],[26.07557,44.47275],[26.07316,44.47755],[26.07311,44.47771],[26.07312,44.47785],[26.07317,44.47794],[26.07331,44.47802],[26.07323,44.47825],[26.07309,44.47842],[26.07301,44.47856],[26.07328,44.47908],[26.07564,44.48311],[26.07597,44.48361],[26.07623,44.48386],[26.07651,44.48407],[26.07652,44.48452],[26.07687,44.48516],[26.07777,44.48671],[26.07885,44.48906],[26.07909,44.49016],[26.07922,44.49151],[26.07941,44.49256],[26.07941,44.49366],[26.07934,44.49396],[26.07926,44.49564],[26.07926,44.49582],[26.07931,44.4962],[26.0796,44.49743],[26.07967,44.49809],[26.07996,44.49917],[26.08061,44.50177],[26.08078,44.50211],[26.08094,44.50255],[26.08178,44.50519],[26.0819,44.50543],[26.08225,44.50557],[26.08243,44.5057],[26.08268,44.50612],[26.08284,44.50628],[26.08437,44.50704],[26.08459,44.50711],[26.08465,44.50709],[26.08476,44.5071],[26.08488,44.50715],[26.08504,44.50734],[26.08516,44.50743],[26.08549,44.50757],[26.08558,44.5076],[26.08588,44.50765],[26.08629,44.5077],[26.08634,44.50784],[26.0863,44.50798],[26.08602,44.50814]],[[26.08602,44.50814],[26.08591,44.50814],[26.08581,44.50811],[26.08557,44.50782],[26.08546,44.50772],[26.08499,44.50747],[26.0847,44.50746],[26.08453,44.5074],[26.08444,44.5073],[26.08439,44.50719],[26.08276,44.50639],[26.08263,44.50631],[26.08235,44.50594],[26.08228,44.50587],[26.08192,44.50576],[26.08174,44.50581],[26.08156,44.50579],[26.08146,44.50575],[26.0814,44.50562],[26.08131,44.50515],[26.08054,44.50259],[26.08027,44.50129],[26.07945,44.49801],[26.07927,44.49756],[26.07904,44.49655],[26.07887,44.496],[26.07891,44.49477],[26.07904,44.49333],[26.07906,44.49271],[26.07894,44.4902],[26.07875,44.48929],[26.07863,44.48894],[26.07797,44.48745],[26.07739,44.4863],[26.07712,44.48594],[26.07637,44.48466],[26.07588,44.48417],[26.07575,44.48401],[26.07558,44.48342],[26.07485,44.48223],[26.0728,44.47869],[26.07273,44.4786],[26.07239,44.47836],[26.0723,44.47825],[26.07224,44.47799],[26.07234,44.47785],[26.07243,44.4778],[26.07266,44.47759],[26.07281,44.47742],[26.07303,44.47698],[26.07447,44.47436],[26.07547,44.47234],[26.07567,44.47205],[26.07783,44.46779],[26.07783,44.46754],[26.0778,44.46738],[26.07782,44.4672],[26.0779,44.46701],[26.07819,44.46693],[26.07852,44.467],[26.07897,44.46702],[26.08032,44.46685],[26.08099,44.46679],[26.08493,44.46629],[26.08557,44.46614],[26.08599,44.46589],[26.08643,44.46576],[26.08681,44.4657],[26.08715,44.46556],[26.08753,44.46532],[26.08774,44.46524],[26.08834,44.46496],[26.08953,44.46437],[26.0908,44.46371],[26.09116,44.4635],[26.09159,44.46321],[26.09192,44.46294],[26.09239,44.46249],[26.09259,44.46228],[26.09301,44.46177],[26.09352,44.46111],[26.09387,44.46058],[26.094,44.46043],[26.09448,44.45975],[26.09622,44.45717],[26.09697,44.45609],[26.09732,44.45554],[26.09774,44.45476],[26.09835,44.45344],[26.09844,44.45328],[26.09858,44.45313],[26.09869,44.45304],[26.09886,44.453],[26.09901,44.45299],[26.10465,44.45296],[26.10959,44.45291],[26.11239,44.45285],[26.11333,44.45282],[26.11402,44.45277],[26.11721,44.45247],[26.11788,44.4524],[26.11845,44.45231],[26.11932,44.45211],[26.12158,44.45147],[26.12186,44.45138],[26.12214,44.45127],[26.1225,44.4511],[26.12285,44.4509],[26.1233,44.45061],[26.12358,44.4504],[26.12414,44.44992],[26.12421,44.44978],[26.12421,44.4497],[26.12413,44.44948],[26.12414,44.4494],[26.12419,44.44931],[26.12485,44.44878],[26.12524,44.44833],[26.12561,44.44795],[26.12575,44.44775],[26.12601,44.44715],[26.12613,44.44695],[26.12644,44.44632],[26.12677,44.44591],[26.12736,44.44511],[26.12789,44.44455],[26.12847,44.44407],[26.12898,44.44375],[26.12923,44.44367],[26.13312,44.44144],[26.13339,44.44124],[26.13352,44.44121],[26.13563,44.44139],[26.14417,44.44237],[26.15214,44.44321],[26.1526,44.4432],[26.15633,44.4429],[26.15659,44.44285],[26.15707,44.44271],[26.1572,44.44269],[26.1572,44.44255],[26.15724,44.44243],[26.15722,44.44203],[26.15726,44.44136],[26.1574,44.44084],[26.15804,44.43909],[26.15844,44.43817],[26.15855,44.43797],[26.1597,44.43548],[26.15985,44.43512],[26.15998,44.43471],[26.16015,44.43429],[26.16222,44.42859],[26.16311,44.4252],[26.16317,44.42506],[26.16323,44.42502],[26.1634,44.42495],[26.16364,44.42491],[26.16452,44.42502],[26.16519,44.42513],[26.16628,44.42523],[26.16746,44.42526],[26.1679,44.42522],[26.16848,44.42515],[26.17189,44.42458],[26.17323,44.42442],[26.17389,44.42429],[26.17477,44.42406],[26.1766,44.42364],[26.17674,44.42357],[26.17692,44.42355],[26.1771,44.42357],[26.17726,44.42365],[26.17737,44.42375],[26.17922,44.42585],[26.17961,44.42623],[26.18005,44.42658],[26.18018,44.42681],[26.18014,44.42694],[26.17924,44.42733],[26.17882,44.4271],[26.17881,44.42699],[26.17894,44.42648],[26.17895,44.42624]]]},"properties":{"route_id":"1008-117","line":"335","name":"335","ref":"335","long_name":"Faur - Complex Baneasa","type":"bus","color":"#1D71B8"}},{"type":"Feature","geometry":{"type":"MultiLineString","coordinates":[[[26.10522,44.45266],[26.10516,44.45285],[26.11132,44.45278],[26.11241,44.45274],[26.11381,44.45272],[26.11753,44.45233],[26.11811,44.45224],[26.11941,44.45196],[26.11956,44.45188],[26.11963,44.4518],[26.11963,44.45169],[26.11955,44.45156],[26.11939,44.45143],[26.1165,44.44926],[26.11377,44.44712],[26.11322,44.44672],[26.11238,44.44556],[26.11217,44.44546],[26.11162,44.44536],[26.11154,44.44533],[26.11147,44.44527],[26.11124,44.44496],[26.11112,44.44476],[26.11082,44.44419],[26.10998,44.44279],[26.10982,44.44247],[26.10858,44.44037],[26.10856,44.44019],[26.10907,44.4392],[26.1093,44.4383],[26.10937,44.43816],[26.11056,44.43642],[26.11062,44.4363],[26.1106,44.43622],[26.11052,44.43614],[26.10999,44.43598],[26.10939,44.4359],[26.10917,44.4358],[26.10861,44.43531],[26.10806,44.43488],[26.10795,44.43477],[26.1078,44.43443],[26.10759,44.43403],[26.10734,44.43364],[26.10623,44.4324],[26.10601,44.43226],[26.10584,44.43218],[26.10565,44.43205],[26.10554,44.43193],[26.10545,44.43176],[26.10539,44.43144],[26.10544,44.4313],[26.10562,44.43117],[26.10604,44.43092],[26.10632,44.43068],[26.10683,44.43019],[26.10694,44.43012],[26.10722,44.43],[26.10735,44.42985]],[[26.10735,44.42985],[26.10771,44.42946],[26.10832,44.42875],[26.10858,44.42853],[26.10892,44.42838],[26.10927,44.42826],[26.1118,44.42813],[26.11189,44.42813],[26.11195,44.42817],[26.11198,44.42822],[26.11198,44.42831],[26.11141,44.42977],[26.11139,44.42995],[26.11143,44.43034],[26.11155,44.43107],[26.11153,44.43204],[26.11138,44.43225],[26.11131,44.43229],[26.11121,44.43229],[26.11092,44.43216],[26.1096,44.43142],[26.10806,44.43067],[26.10727,44.43031],[26.10706,44.43024],[26.10685,44.43029],[26.10614,44.43088],[26.10556,44.43123],[26.10549,44.43129],[26.10543,44.43143],[26.10543,44.43151],[26.10556,44.4319],[26.10571,44.43206],[26.10622,44.43236],[26.10714,44.43336],[26.10759,44.43392],[26.10769,44.43417],[26.10797,44.43475],[26.10806,44.43485],[26.10903,44.43562],[26.10928,44.4358],[26.10938,44.43584],[26.11018,44.43598],[26.11043,44.43605],[26.1106,44.43613],[26.11068,44.43622],[26.11068,44.43633],[26.11048,44.43676],[26.10991,44.43749],[26.10945,44.4382],[26.10935,44.43842],[26.10912,44.43922],[26.10864,44.44012],[26.10861,44.44025],[26.10862,44.44033],[26.10908,44.44112],[26.10938,44.44159],[26.10966,44.44211],[26.111,44.44441],[26.1114,44.44503],[26.11157,44.44536],[26.11151,44.44547],[26.11141,44.44553],[26.10997,44.44579],[26.10972,44.44587],[26.10956,44.446],[26.10931,44.44626],[26.10835,44.44676],[26.10829,44.44681],[26.1079,44.44776],[26.10641,44.45012],[26.10521,44.45266]]]},"properties":{"route_id":"1008-119","line":"605","name":"605","ref":"605","long_name":"Piata Sfanta Vineri - Soseaua Stefan cel Mare","type":"bus","color":"#1D71B8"}},{"type":"Feature","geometry":{"type":"MultiLineString","coordinates":[[[26.02371,44.50359],[26.02401,44.50395],[26.02415,44.50396],[26.02461,44.5038],[26.02519,44.5038],[26.02551,44.50376],[26.02565,44.50367],[26.02593,44.50316],[26.02601,44.50283],[26.02588,44.50272],[26.0257,44.5027],[26.02557,44.50273],[26.02542,44.50291],[26.0253,44.50316],[26.02526,44.50329],[26.02522,44.50367],[26.0253,44.50425],[26.02563,44.5057],[26.02559,44.50608],[26.0256,44.50621],[26.02572,44.50626],[26.02625,44.50627],[26.02704,44.50621],[26.03655,44.50523],[26.03677,44.50519],[26.0381,44.50477],[26.0383,44.50473],[26.04064,44.50445],[26.04515,44.50384],[26.05582,44.50253],[26.05846,44.5022],[26.05994,44.50199],[26.06059,44.50192],[26.06091,44.50184],[26.06117,44.50174],[26.06577,44.49951],[26.06586,44.49949],[26.06597,44.49949],[26.06744,44.49977],[26.06785,44.49986],[26.06808,44.4999],[26.06831,44.49992],[26.06851,44.49993],[26.06917,44.4999],[26.06966,44.49981],[26.06988,44.49973],[26.07067,44.4993],[26.0714,44.49887],[26.07285,44.49805],[26.07369,44.49754],[26.07857,44.49481],[26.07882,44.49457],[26.07896,44.49446],[26.07906,44.49335],[26.07906,44.49266],[26.07894,44.4902],[26.07875,44.48929],[26.07863,44.48894],[26.07797,44.48745],[26.07739,44.4863],[26.07712,44.48594],[26.07637,44.48466],[26.07588,44.48417],[26.07575,44.48401],[26.07558,44.48342],[26.07485,44.48223],[26.0728,44.47869],[26.07273,44.4786],[26.07239,44.47836],[26.0723,44.47825],[26.07224,44.47799],[26.07234,44.47785],[26.07243,44.4778],[26.07266,44.47759],[26.07281,44.47742],[26.07303,44.47698],[26.07447,44.47436],[26.07547,44.47234],[26.07567,44.47205],[26.07782,44.46775],[26.07784,44.4675],[26.07783,44.46723],[26.07786,44.46703],[26.07812,44.46684],[26.07835,44.46662],[26.08144,44.46044],[26.08245,44.45847],[26.08266,44.45801],[26.08335,44.45664],[26.08386,44.45569],[26.08496,44.45386],[26.08519,44.45343],[26.08539,44.4529],[26.08566,44.45236],[26.08622,44.4518],[26.0872,44.45076],[26.08789,44.44996],[26.08895,44.44856],[26.08925,44.44808],[26.08994,44.4472],[26.09089,44.44562],[26.09116,44.44526],[26.09183,44.44451],[26.09225,44.44401],[26.09359,44.44263],[26.09427,44.44189],[26.09493,44.44125],[26.0965,44.43998],[26.09674,44.43963],[26.09696,44.43917],[26.09723,44.43812],[26.09792,44.43661],[26.09787,44.43589],[26.09788,44.43573],[26.09828,44.43472],[26.09832,44.43437],[26.09829,44.43412],[26.0976,44.43295],[26.09718,44.43214],[26.09684,44.43125],[26.09689,44.43111],[26.0967,44.43009],[26.09658,44.43002],[26.09627,44.42958],[26.0964,44.4295],[26.09656,44.42945],[26.09696,44.42937],[26.09968,44.42917],[26.09997,44.42911],[26.10027,44.429],[26.10065,44.4288],[26.10095,44.42859],[26.10105,44.4285],[26.10112,44.42841],[26.10103,44.42744],[26.10094,44.42739],[26.10095,44.42611],[26.10126,44.426],[26.10178,44.4259],[26.10282,44.42583]],[[26.10284,44.42583],[26.10376,44.4258],[26.10395,44.42587],[26.10404,44.42596],[26.10407,44.42608],[26.10387,44.42815],[26.10377,44.42849],[26.10359,44.4288],[26.10343,44.42895],[26.1033,44.42899],[26.1024,44.42913],[26.10181,44.4292],[26.10146,44.42922],[26.10007,44.42958],[26.09974,44.42964],[26.09959,44.42966],[26.09742,44.42979],[26.09729,44.42981],[26.09721,44.42984],[26.09695,44.42999],[26.0966,44.43011],[26.09642,44.4302],[26.09567,44.43088],[26.09422,44.43225],[26.09376,44.43266],[26.09354,44.43282],[26.0933,44.43295],[26.09262,44.43321],[26.09221,44.43333],[26.09186,44.4334],[26.09155,44.43343],[26.09121,44.43341],[26.08966,44.43352],[26.08975,44.4346],[26.08955,44.43499],[26.08906,44.43581],[26.08763,44.43833],[26.08664,44.44002],[26.08648,44.44027],[26.08613,44.4407],[26.0854,44.44193],[26.08497,44.44241],[26.08402,44.44335],[26.08374,44.44357],[26.08353,44.44369],[26.08255,44.44455],[26.0821,44.44476],[26.08199,44.44477],[26.0819,44.4448],[26.08168,44.44492],[26.08156,44.44504],[26.08146,44.44524],[26.08155,44.44576],[26.08205,44.44718],[26.08234,44.44776],[26.08343,44.44959],[26.08397,44.45055],[26.08427,44.45102],[26.08456,44.45138],[26.08474,44.45183],[26.08481,44.45191],[26.08494,44.45195],[26.08624,44.45198],[26.08634,44.45201],[26.08642,44.45224],[26.08622,44.45319],[26.08616,44.45357],[26.08623,44.46041],[26.08651,44.46402],[26.08652,44.46522],[26.08661,44.46564],[26.08669,44.46579],[26.08687,44.46593],[26.08699,44.46621],[26.08683,44.46645],[26.0865,44.46653],[26.08612,44.46641],[26.08575,44.46633],[26.08553,44.46632],[26.07901,44.4671],[26.07887,44.46715],[26.0786,44.46747],[26.07845,44.46759],[26.07831,44.46765],[26.07814,44.46768],[26.07801,44.46779],[26.07557,44.47275],[26.07316,44.47755],[26.07311,44.47771],[26.07312,44.47785],[26.07317,44.47794],[26.07331,44.47802],[26.07323,44.47825],[26.07309,44.47842],[26.07301,44.47856],[26.07328,44.47908],[26.07564,44.48311],[26.07597,44.48361],[26.07623,44.48386],[26.07651,44.48407],[26.0765,44.48431],[26.07659,44.48469],[26.07775,44.48664],[26.07852,44.48826],[26.07897,44.48948],[26.07903,44.48985],[26.07912,44.49001],[26.07933,44.4901],[26.07944,44.49011],[26.08052,44.48997],[26.08111,44.48986],[26.08158,44.48971],[26.08375,44.48884],[26.08418,44.48868],[26.08434,44.48863],[26.08443,44.48866],[26.08454,44.48879],[26.08564,44.49308],[26.08573,44.49352],[26.08572,44.49363],[26.08563,44.49369],[26.0855,44.49373],[26.08526,44.49377],[26.07998,44.49443],[26.0795,44.49452],[26.07913,44.49463],[26.07855,44.49492],[26.07765,44.49545],[26.07421,44.49738],[26.07287,44.49816],[26.06992,44.49982],[26.06936,44.49997],[26.06901,44.5],[26.06828,44.50001],[26.06735,44.49985],[26.06595,44.49956],[26.06582,44.49957],[26.06571,44.49961],[26.06346,44.50074],[26.06108,44.50186],[26.06077,44.50197],[26.05921,44.50219],[26.05405,44.50285],[26.05347,44.5029],[26.05194,44.50308],[26.05149,44.50315],[26.04481,44.50398],[26.04319,44.50421],[26.04029,44.50459],[26.03835,44.50482],[26.03815,44.50486],[26.03694,44.50525],[26.03672,44.5053],[26.03539,44.50545],[26.03098,44.50589],[26.02695,44.50632],[26.02611,44.50635],[26.02558,44.50639],[26.0255,44.50637],[26.02545,44.50633],[26.02551,44.50598],[26.02552,44.50569],[26.02509,44.50393],[26.0251,44.50353],[26.02507,44.50339],[26.02475,44.50322],[26.02452,44.50313],[26.02446,44.50306],[26.02442,44.50297],[26.02433,44.50269],[26.02422,44.50257],[26.02412,44.50258],[26.0232,44.50302],[26.02371,44.50359]]]},"properties":{"route_id":"1008-121","line":"205","name":"205","ref":"205","long_name":"M Straulesti - Piata Unirii 2","type":"bus","color":"#1D71B8"}},{"type":"Feature","geometry":{"type":"MultiLineString","coordinates":[[[26.00102,44.47118],[26.00069,44.47149],[26.00073,44.47156],[26.00276,44.47269],[26.00528,44.474],[26.00542,44.47409],[26.00545,44.47414],[26.00545,44.4742],[26.00534,44.47498],[26.00514,44.47671],[26.00518,44.47691],[26.00524,44.47697],[26.00578,44.47709],[26.0059,44.4771],[26.00639,44.47677],[26.0071,44.47637],[26.00743,44.47622],[26.01616,44.47354],[26.0165,44.4734],[26.0169,44.47318],[26.01775,44.47265],[26.02107,44.47048],[26.0211,44.47041],[26.02106,44.47024],[26.02112,44.47018],[26.02118,44.47016],[26.02151,44.47018],[26.02177,44.47016],[26.02247,44.47006],[26.02333,44.46996],[26.02366,44.4699],[26.02798,44.46859],[26.02855,44.4684],[26.03666,44.46588],[26.03693,44.46578],[26.04114,44.4635],[26.04114,44.46338],[26.0408,44.46215],[26.0405,44.46085],[26.04031,44.46018],[26.04025,44.45985],[26.04023,44.45959],[26.04034,44.459],[26.04047,44.45875],[26.04065,44.45849],[26.04162,44.45745],[26.0449,44.45417],[26.04564,44.45341],[26.04598,44.4531],[26.04633,44.45272],[26.04646,44.45253],[26.04666,44.45215],[26.04684,44.45198],[26.04697,44.45199],[26.04744,44.45227],[26.04813,44.4528],[26.04853,44.45303],[26.04873,44.45313],[26.04898,44.4532],[26.05063,44.45343],[26.05248,44.45361],[26.05573,44.45385],[26.05637,44.45386],[26.05706,44.45382],[26.05723,44.45375],[26.05736,44.45363],[26.05785,44.45288],[26.05811,44.45237],[26.05834,44.45204],[26.05853,44.45182],[26.05876,44.45161],[26.05931,44.4512],[26.06036,44.45046],[26.06108,44.44998],[26.06212,44.44923],[26.06231,44.44898],[26.06283,44.44801],[26.06301,44.4478],[26.06308,44.44766],[26.06339,44.44748],[26.06374,44.4475],[26.06412,44.44765],[26.06464,44.44791],[26.06554,44.44823],[26.06809,44.44942],[26.06829,44.44944],[26.06844,44.4494],[26.0692,44.44886],[26.07429,44.4455]],[[26.07429,44.4455],[26.07459,44.44527],[26.07343,44.44431],[26.07226,44.44326],[26.07158,44.44262],[26.0714,44.44254],[26.07115,44.44291],[26.06825,44.44502],[26.06719,44.44583],[26.06591,44.44671],[26.06527,44.4472],[26.0642,44.44783],[26.06399,44.44793],[26.06387,44.44795],[26.06372,44.44794],[26.06328,44.44778],[26.06254,44.44738],[26.06202,44.44724],[26.05993,44.44678],[26.0572,44.44612],[26.05706,44.44613],[26.05701,44.44618],[26.05691,44.44622],[26.05685,44.44633],[26.05467,44.45093],[26.05456,44.45112],[26.05439,44.45122],[26.05212,44.45196],[26.05185,44.45351],[26.05179,44.45365],[26.05168,44.45373],[26.05129,44.45369],[26.04888,44.45337],[26.04865,44.45329],[26.04837,44.45316],[26.04764,44.45266],[26.04697,44.45224],[26.04688,44.45226],[26.04681,44.45231],[26.04651,44.45275],[26.04632,44.45297],[26.04599,44.4532],[26.04409,44.45509],[26.04325,44.45596],[26.04273,44.45654],[26.04122,44.45812],[26.04107,44.45825],[26.04077,44.45857],[26.04057,44.45895],[26.04049,44.45917],[26.04043,44.4597],[26.04045,44.45984],[26.04064,44.46054],[26.0411,44.46264],[26.04114,44.46275],[26.04165,44.46326],[26.04168,44.46331],[26.04167,44.46335],[26.04145,44.4635],[26.04112,44.46364],[26.03834,44.46516],[26.03709,44.46581],[26.03686,44.46591],[26.03505,44.46648],[26.03397,44.4668],[26.02546,44.46946],[26.02375,44.46997],[26.02352,44.47002],[26.0217,44.47024],[26.02161,44.47027],[26.01951,44.47159],[26.01718,44.47309],[26.01695,44.47323],[26.01661,44.4734],[26.0163,44.47353],[26.01306,44.47455],[26.01108,44.47514],[26.00756,44.47624],[26.00717,44.4764],[26.0067,44.47665],[26.00616,44.47701],[26.0059,44.47716],[26.00526,44.47699],[26.00515,44.47691],[26.00511,44.47677],[26.0052,44.47577],[26.00541,44.47418],[26.00534,44.4741],[26.00151,44.47206],[26.00029,44.47136],[26.00031,44.47127],[26.00045,44.47116],[26.00079,44.47125],[26.00102,44.47118]]]},"properties":{"route_id":"1008-124","line":"162","name":"162","ref":"162","long_name":"Giulesti Sarbi - Gara de Nord","type":"bus","color":"#1D71B8"}},{"type":"Feature","geometry":{"type":"MultiLineString","coordinates":[[[26.00102,44.47118],[26.00069,44.47149],[26.00073,44.47156],[26.00276,44.47269],[26.00528,44.474],[26.00542,44.47409],[26.00545,44.47414],[26.00542,44.47445],[26.00536,44.4747],[26.0053,44.47476],[26.00506,44.47476],[26.0047,44.47473],[26.00451,44.4747],[26.00392,44.47451],[25.99995,44.47365],[25.99986,44.47356],[25.99998,44.47244],[26.00004,44.4721],[26.0001,44.47194],[26.00095,44.47115],[26.00187,44.47027],[26.00196,44.47021],[26.00206,44.47016],[26.00311,44.46993],[26.00326,44.46991],[26.00373,44.46993],[26.00452,44.47003],[26.00661,44.47063],[26.00713,44.47067],[26.00792,44.47065],[26.00854,44.47061],[26.0087,44.47056],[26.00883,44.47042],[26.00942,44.46924],[26.00954,44.4689],[26.00962,44.46817],[26.00966,44.46806],[26.00976,44.46788],[26.00988,44.46771],[26.01004,44.46753],[26.01027,44.46737],[26.01091,44.46708],[26.01114,44.46701],[26.01152,44.46694],[26.01189,44.4669],[26.01285,44.46687],[26.01307,44.46682],[26.01366,44.46653],[26.01381,44.46647],[26.01409,44.46644],[26.01434,44.4665],[26.01458,44.4666],[26.01636,44.46757],[26.02031,44.46969],[26.02093,44.47001],[26.02114,44.47011],[26.02139,44.47014],[26.02152,44.47017],[26.02167,44.47017],[26.02333,44.46996],[26.02366,44.4699],[26.02398,44.46981],[26.02798,44.46859],[26.02855,44.4684],[26.03666,44.46588],[26.03693,44.46578],[26.04114,44.4635],[26.04114,44.46338],[26.0408,44.46215],[26.0405,44.46085],[26.04031,44.46018],[26.04025,44.45985],[26.04023,44.45959],[26.04034,44.459],[26.04047,44.45875],[26.04065,44.45849],[26.04162,44.45745],[26.0449,44.45417],[26.04564,44.45341],[26.04598,44.4531],[26.04633,44.45272],[26.04646,44.45253],[26.04666,44.45215],[26.04684,44.45198],[26.04697,44.45199],[26.04744,44.45227],[26.04813,44.4528],[26.04853,44.45303],[26.04873,44.45313],[26.04898,44.4532],[26.05063,44.45343],[26.05248,44.45361],[26.05573,44.45385],[26.05637,44.45386],[26.0568,44.45384],[26.05706,44.45382],[26.05723,44.45375],[26.05736,44.45363],[26.05765,44.4532],[26.05785,44.45288],[26.05811,44.45237],[26.05834,44.45204],[26.05853,44.45182],[26.05876,44.45161],[26.05931,44.4512],[26.06036,44.45046],[26.06108,44.44998],[26.06207,44.44926],[26.06223,44.4491],[26.06281,44.448],[26.06293,44.44788],[26.06322,44.44753],[26.06335,44.44743],[26.06369,44.44732],[26.06385,44.44731],[26.06431,44.44733],[26.06455,44.44731],[26.06463,44.44728],[26.06509,44.447],[26.06537,44.4469],[26.06602,44.4465],[26.06957,44.44393],[26.07008,44.44352],[26.07086,44.44297],[26.07111,44.44277],[26.07168,44.44193],[26.07247,44.44068],[26.07282,44.44022],[26.07322,44.43994],[26.07583,44.43859],[26.07694,44.43793],[26.07701,44.43785],[26.07707,44.43774],[26.07709,44.43764],[26.07708,44.43755],[26.07702,44.43747],[26.0746,44.43572],[26.07525,44.43542],[26.07738,44.43462],[26.07744,44.43456],[26.07744,44.43448],[26.07741,44.43443],[26.07734,44.4344],[26.07496,44.43435]],[[26.07496,44.43435],[26.07359,44.43431],[26.07307,44.43431],[26.07293,44.4344],[26.07295,44.43448],[26.07379,44.43503],[26.07465,44.43566],[26.07549,44.43623],[26.07628,44.4368],[26.07707,44.43733],[26.07732,44.43755],[26.07746,44.43773],[26.07741,44.43785],[26.07342,44.44002],[26.07297,44.44029],[26.07274,44.44056],[26.07115,44.44291],[26.06825,44.44502],[26.06719,44.44583],[26.06591,44.44671],[26.06527,44.4472],[26.0642,44.44783],[26.06399,44.44793],[26.06387,44.44795],[26.06372,44.44794],[26.06328,44.44778],[26.06254,44.44738],[26.06202,44.44724],[26.05993,44.44678],[26.0572,44.44612],[26.05706,44.44613],[26.05701,44.44618],[26.05691,44.44622],[26.05685,44.44633],[26.05467,44.45093],[26.05456,44.45112],[26.05439,44.45122],[26.05212,44.45196],[26.05185,44.45351],[26.05179,44.45365],[26.05168,44.45373],[26.05129,44.45369],[26.04888,44.45337],[26.04865,44.45329],[26.04837,44.45316],[26.04764,44.45266],[26.04697,44.45224],[26.04688,44.45226],[26.04681,44.45231],[26.04651,44.45275],[26.04632,44.45297],[26.04599,44.4532],[26.04409,44.45509],[26.04325,44.45596],[26.04273,44.45654],[26.04122,44.45812],[26.04107,44.45825],[26.04077,44.45857],[26.04057,44.45895],[26.04049,44.45917],[26.04043,44.4597],[26.04045,44.45984],[26.04064,44.46054],[26.04107,44.46253],[26.04114,44.46275],[26.04165,44.46326],[26.04168,44.46331],[26.04167,44.46335],[26.04145,44.4635],[26.04112,44.46364],[26.03834,44.46516],[26.03709,44.46581],[26.03686,44.46591],[26.03505,44.46648],[26.03397,44.4668],[26.02546,44.46946],[26.02375,44.46997],[26.02352,44.47002],[26.0217,44.47024],[26.02161,44.47027],[26.02148,44.47036],[26.02139,44.47039],[26.0213,44.47039],[26.02114,44.47034],[26.02109,44.47029],[26.02104,44.47016],[26.02096,44.47009],[26.01572,44.46728],[26.0156,44.4672],[26.01452,44.46661],[26.01431,44.46652],[26.01413,44.46648],[26.01389,44.46649],[26.01375,44.46653],[26.01333,44.46675],[26.01305,44.46687],[26.01287,44.4669],[26.01258,44.46692],[26.01213,44.46693],[26.0117,44.46696],[26.01137,44.467],[26.01108,44.46707],[26.01089,44.46713],[26.01054,44.46727],[26.01028,44.46742],[26.01011,44.46754],[26.00998,44.46765],[26.00973,44.46805],[26.00968,44.46818],[26.00963,44.46867],[26.00958,44.46894],[26.0095,44.46917],[26.00922,44.46977],[26.00891,44.47037],[26.00883,44.47051],[26.00873,44.47062],[26.00855,44.47066],[26.0072,44.47072],[26.00667,44.47069],[26.00461,44.47011],[26.00417,44.47003],[26.00346,44.46996],[26.00322,44.46996],[26.00204,44.47021],[26.00184,44.47036],[26.00102,44.47118]]]},"properties":{"route_id":"1008-126","line":"163","name":"163","ref":"163","long_name":"Giulesti Sarbi - Piata Operei","type":"bus","color":"#1D71B8"}},{"type":"Feature","geometry":{"type":"MultiLineString","coordinates":[[[26.09492,44.43777],[26.09504,44.43772],[26.09509,44.43768],[26.09469,44.43722],[26.0946,44.43719],[26.09446,44.43728],[26.09402,44.43775],[26.09404,44.43782],[26.09457,44.43806],[26.09456,44.43813],[26.09405,44.43871],[26.09327,44.44014],[26.09311,44.44035],[26.09281,44.44068],[26.09244,44.44156],[26.09238,44.44175],[26.09233,44.44203],[26.09222,44.44222],[26.09215,44.44229],[26.09204,44.44235],[26.0914,44.44245],[26.09092,44.44291],[26.09026,44.44344],[26.08997,44.44364],[26.08947,44.44382],[26.0893,44.4439],[26.08889,44.44423],[26.08866,44.44437],[26.08834,44.44443],[26.08794,44.44447],[26.08776,44.44436],[26.08648,44.44379],[26.08626,44.44372],[26.08165,44.44302],[26.08148,44.44308],[26.08136,44.44317],[26.08124,44.44321],[26.08107,44.4432],[26.08095,44.44314],[26.08082,44.44305],[26.08081,44.44293],[26.08072,44.44288],[26.07955,44.44269],[26.079,44.44264],[26.0789,44.44261],[26.07883,44.44261],[26.07875,44.44263],[26.07864,44.44273],[26.07337,44.44626],[26.07296,44.44652],[26.07261,44.44678],[26.07143,44.44755],[26.06892,44.44926],[26.06846,44.44953],[26.06812,44.44969],[26.06754,44.44956],[26.06662,44.44909],[26.06503,44.44838],[26.06472,44.44829],[26.06386,44.44798],[26.06376,44.44798],[26.06324,44.44808],[26.06297,44.44818],[26.06281,44.44831],[26.06251,44.44905],[26.06235,44.44927],[26.06155,44.44986],[26.06081,44.45033],[26.05879,44.45178],[26.05852,44.45206],[26.05839,44.45223],[26.05815,44.4527],[26.05766,44.45377],[26.0575,44.45401],[26.05748,44.45425],[26.05766,44.45437],[26.05882,44.45488],[26.05899,44.45491],[26.05918,44.4549],[26.05936,44.45474],[26.05927,44.45455],[26.05899,44.45447],[26.05813,44.45431],[26.0575,44.45423],[26.05129,44.45369],[26.04888,44.45337],[26.04865,44.45329],[26.04837,44.45316],[26.04406,44.45026],[26.04309,44.4497],[26.0397,44.44814],[26.03951,44.448],[26.03929,44.4478],[26.03912,44.44751],[26.03882,44.4469],[26.03865,44.44661],[26.03816,44.44588],[26.03714,44.44458],[26.036,44.44333],[26.03576,44.44297],[26.03559,44.44266],[26.03546,44.44235],[26.03537,44.44189],[26.03502,44.43669],[26.03498,44.4366],[26.03492,44.43654],[26.0347,44.43648],[26.0346,44.43647],[26.03445,44.4365],[26.03334,44.43696],[26.03085,44.43813],[26.02996,44.43853],[26.02485,44.4409],[26.02458,44.44099],[26.02435,44.44112],[26.02116,44.44255],[26.02089,44.44272],[26.0199,44.44356],[26.01978,44.44362],[26.01964,44.4436],[26.01923,44.44316],[26.01831,44.4421],[26.01814,44.442],[26.01721,44.441],[26.0149,44.43829],[26.0148,44.43824],[26.01466,44.4383],[26.01435,44.43795]],[[26.01435,44.43795],[26.01416,44.43769],[26.0143,44.43762],[26.01442,44.43759],[26.01502,44.43822],[26.01604,44.43943],[26.01784,44.44143],[26.01959,44.44345],[26.01967,44.44351],[26.01981,44.44353],[26.02009,44.44327],[26.02052,44.44293],[26.02075,44.4427],[26.02107,44.44249],[26.02269,44.44177],[26.02893,44.43893],[26.02978,44.43856],[26.03441,44.43642],[26.03448,44.43639],[26.0348,44.43636],[26.03494,44.43636],[26.03521,44.4364],[26.03529,44.43646],[26.03531,44.43668],[26.03533,44.43776],[26.03544,44.43947],[26.03553,44.44054],[26.03559,44.44213],[26.03575,44.44254],[26.03607,44.44303],[26.03663,44.44372],[26.03787,44.44512],[26.03853,44.44596],[26.03875,44.44632],[26.03939,44.44759],[26.03954,44.44781],[26.03984,44.44802],[26.04288,44.44942],[26.04342,44.4497],[26.04418,44.45015],[26.04744,44.45227],[26.04813,44.4528],[26.04873,44.45313],[26.04898,44.4532],[26.05063,44.45343],[26.05248,44.45361],[26.05573,44.45385],[26.05637,44.45386],[26.05706,44.45382],[26.05723,44.45375],[26.05736,44.45363],[26.05765,44.4532],[26.05785,44.45288],[26.05811,44.45237],[26.05834,44.45204],[26.05853,44.45182],[26.05876,44.45161],[26.05931,44.4512],[26.06036,44.45046],[26.06108,44.44998],[26.06212,44.44923],[26.06231,44.44898],[26.06283,44.44801],[26.06301,44.4478],[26.06308,44.44766],[26.06339,44.44748],[26.06374,44.4475],[26.06412,44.44765],[26.06464,44.44791],[26.06554,44.44823],[26.06809,44.44942],[26.06829,44.44944],[26.06844,44.4494],[26.0692,44.44886],[26.07453,44.44533],[26.07591,44.44449],[26.07714,44.44363],[26.07927,44.44221],[26.07994,44.4418],[26.08095,44.44109],[26.0811,44.44093],[26.08123,44.4406],[26.08149,44.44012],[26.08155,44.44007],[26.08167,44.44003],[26.08312,44.44005],[26.0842,44.44012],[26.08466,44.44013],[26.08529,44.44008],[26.08629,44.44002],[26.08693,44.44],[26.08799,44.43993],[26.08871,44.43982],[26.08915,44.4398],[26.08998,44.43982],[26.0907,44.43987],[26.09106,44.43995],[26.09205,44.44004],[26.09311,44.44008],[26.09323,44.44004],[26.09332,44.43995],[26.09379,44.43899],[26.09396,44.4387],[26.0945,44.43805],[26.09492,44.43777]]]},"properties":{"route_id":"1008-133","line":"178","name":"178","ref":"178","long_name":"Complex Apusului - Sala Palatului","type":"bus","color":"#1D71B8"}},{"type":"Feature","geometry":{"type":"MultiLineString","coordinates":[[[26.12344,44.36269],[26.12336,44.36273],[26.12329,44.3628],[26.12335,44.3629],[26.12555,44.36418],[26.12591,44.36412],[26.12605,44.36411],[26.12618,44.36416],[26.12627,44.36424],[26.12628,44.36434],[26.12637,44.36445],[26.12651,44.36451],[26.12655,44.36461],[26.12649,44.36471],[26.12637,44.36479],[26.12612,44.3649],[26.12571,44.3658],[26.12524,44.36672],[26.12226,44.37295],[26.12045,44.37665],[26.12043,44.37673],[26.12047,44.37676],[26.12073,44.37676],[26.12101,44.37683],[26.12108,44.37687],[26.12113,44.37694],[26.12115,44.37704],[26.12121,44.3771],[26.12135,44.37718],[26.12434,44.37819],[26.12736,44.37924],[26.12744,44.37937],[26.12744,44.37947],[26.12699,44.37999],[26.12565,44.38136],[26.1251,44.38199],[26.12387,44.38325],[26.1228,44.38438],[26.12224,44.38501],[26.11887,44.38855],[26.1186,44.38899],[26.11859,44.3893],[26.11863,44.3895],[26.11893,44.39005],[26.11945,44.39063],[26.12037,44.39188],[26.12062,44.39218],[26.1208,44.39256],[26.12087,44.39263],[26.1209,44.39275],[26.12094,44.39311],[26.12092,44.39369],[26.12094,44.39376],[26.12102,44.39385],[26.12107,44.39396],[26.12104,44.39406],[26.12093,44.39428],[26.12099,44.39496],[26.12093,44.39633],[26.1211,44.39978],[26.12113,44.39998],[26.12119,44.40201],[26.12143,44.40638],[26.12145,44.4067],[26.12148,44.40683],[26.12155,44.40692],[26.12164,44.40697],[26.12176,44.4071],[26.12177,44.40708],[26.12173,44.40719],[26.12173,44.40727],[26.12169,44.40735],[26.12163,44.40743],[26.12157,44.40747],[26.12152,44.40755],[26.12148,44.4077],[26.12155,44.40793],[26.12167,44.40819],[26.12184,44.40843],[26.12193,44.40852],[26.12197,44.40863],[26.12239,44.409],[26.12272,44.40926],[26.12251,44.40947],[26.12229,44.4096],[26.1216,44.41006],[26.12118,44.41038],[26.11248,44.41836],[26.11214,44.41869],[26.11152,44.41934],[26.11137,44.41963],[26.11104,44.42053],[26.11038,44.42222],[26.11031,44.42233],[26.11011,44.42289],[26.11013,44.42294],[26.11022,44.423],[26.11135,44.42335],[26.11171,44.42348],[26.11202,44.42676],[26.11208,44.42699],[26.11214,44.42782],[26.11211,44.42795],[26.11202,44.42815],[26.11184,44.42817],[26.1097,44.42826],[26.10932,44.42829],[26.10916,44.42833],[26.10866,44.42858],[26.10853,44.42867],[26.10815,44.42906],[26.10784,44.42941],[26.10736,44.43001],[26.10723,44.43009],[26.10698,44.43015],[26.10669,44.43006],[26.10413,44.42898],[26.1039,44.4289],[26.10358,44.42885],[26.10336,44.42877],[26.10283,44.42868],[26.10247,44.42854],[26.10195,44.42827],[26.10151,44.42802],[26.10104,44.42779],[26.10095,44.4274]],[[26.10094,44.42739],[26.10089,44.42612],[26.10127,44.42598],[26.10168,44.4259],[26.10301,44.42585],[26.10421,44.42571],[26.10642,44.42568],[26.10711,44.42563],[26.1074,44.42558],[26.10795,44.42538],[26.10819,44.42525],[26.10849,44.42503],[26.10874,44.42476],[26.10887,44.42451],[26.10901,44.42417],[26.10948,44.42283],[26.11007,44.42136],[26.1102,44.42108],[26.11076,44.41958],[26.11106,44.41915],[26.11143,44.41872],[26.11221,44.41795],[26.11379,44.41645],[26.1193,44.41136],[26.12055,44.41025],[26.1213,44.40964],[26.12199,44.40916],[26.12205,44.40908],[26.12169,44.40874],[26.12151,44.40855],[26.12142,44.40842],[26.1212,44.40807],[26.12111,44.40758],[26.12106,44.40749],[26.12089,44.40732],[26.12087,44.40724],[26.12089,44.40714],[26.12102,44.40695],[26.12104,44.40686],[26.12104,44.40617],[26.12095,44.40426],[26.12098,44.40373],[26.12093,44.4021],[26.12079,44.39935],[26.12065,44.39591],[26.1206,44.39558],[26.12052,44.39432],[26.12053,44.39426],[26.12051,44.3942],[26.1204,44.39407],[26.12037,44.39399],[26.12037,44.39392],[26.12053,44.39369],[26.12058,44.39342],[26.1206,44.39325],[26.12059,44.3931],[26.12062,44.39311],[26.12055,44.39265],[26.12046,44.39239],[26.12025,44.39204],[26.11951,44.39095],[26.119,44.39034],[26.1187,44.39003],[26.11832,44.38973],[26.11801,44.38944],[26.11788,44.38926],[26.11788,44.38909],[26.11796,44.38898],[26.11846,44.38878],[26.11869,44.38863],[26.12237,44.38467],[26.12463,44.3823],[26.12558,44.38133],[26.12734,44.37946],[26.12735,44.37941],[26.12729,44.3793],[26.12027,44.37687],[26.12021,44.37681],[26.1204,44.3765],[26.12052,44.37623],[26.12105,44.3752],[26.12207,44.37301],[26.12549,44.36594],[26.12563,44.36559],[26.12601,44.3648],[26.12596,44.3646],[26.12602,44.3645],[26.12608,44.36447],[26.12615,44.36434],[26.12616,44.36427],[26.12608,44.36422],[26.12597,44.3642],[26.12578,44.36421],[26.12565,44.36424],[26.12546,44.3642],[26.12418,44.36341],[26.12394,44.3633],[26.12328,44.36291],[26.12321,44.36286],[26.12298,44.36254],[26.12291,44.36238],[26.12254,44.36218],[26.12259,44.36213],[26.12281,44.36223],[26.12282,44.36228],[26.12301,44.36241],[26.12312,44.36243],[26.12319,44.36242],[26.12331,44.36243],[26.12345,44.36249],[26.12352,44.3626],[26.12345,44.36269]]]},"properties":{"route_id":"1008-134","line":"312","name":"312","ref":"312","long_name":"Arcade Berceni - Piata Unirii 1","type":"bus","color":"#1D71B8"}},{"type":"Feature","geometry":{"type":"MultiLineString","coordinates":[[[26.09536,44.43767],[26.09458,44.43812],[26.09441,44.43824],[26.09407,44.43866],[26.09361,44.43952],[26.09362,44.44001],[26.09364,44.44005],[26.09369,44.44009],[26.09557,44.44063],[26.0957,44.44064],[26.09585,44.44061],[26.09627,44.44032],[26.0966,44.43998],[26.09668,44.43993],[26.09683,44.43989],[26.09847,44.44044],[26.09862,44.44048],[26.09901,44.44053],[26.09955,44.44066],[26.0999,44.44072],[26.10076,44.4409],[26.10221,44.44139],[26.10348,44.44124],[26.10381,44.44122],[26.1039,44.44123],[26.10412,44.44127],[26.10427,44.44132],[26.1057,44.44184],[26.1072,44.44223],[26.10881,44.44225],[26.10961,44.44224],[26.11,44.44218],[26.1101,44.44218],[26.11139,44.44198],[26.1125,44.44175],[26.1126,44.44184],[26.11269,44.44187],[26.11298,44.4418],[26.11406,44.44146],[26.11503,44.4412],[26.1161,44.44095],[26.11636,44.44082],[26.11657,44.44075],[26.11665,44.4407],[26.11667,44.44061],[26.11504,44.43887],[26.11458,44.43825],[26.11438,44.43792],[26.11438,44.43788],[26.11444,44.43781],[26.11459,44.43775],[26.11532,44.43785],[26.11574,44.43794],[26.11585,44.43794],[26.116,44.43789],[26.11632,44.43783],[26.11661,44.43786],[26.11688,44.43798],[26.11702,44.43809],[26.11707,44.43817],[26.11715,44.43821],[26.12842,44.4403],[26.13249,44.44108],[26.13314,44.44117],[26.13325,44.44118],[26.13336,44.44117],[26.13347,44.44113],[26.13359,44.44104],[26.13444,44.44028],[26.13498,44.43957],[26.13609,44.43805],[26.13629,44.43772],[26.13724,44.4353],[26.1382,44.43264],[26.13876,44.43126],[26.13892,44.43091],[26.13902,44.43055],[26.13906,44.43019],[26.13906,44.43001],[26.13899,44.42943],[26.13887,44.42911],[26.13853,44.42839],[26.13811,44.42734],[26.1376,44.42623],[26.13735,44.42553],[26.1373,44.42516],[26.13721,44.42477],[26.13694,44.42435],[26.13696,44.42422],[26.13703,44.42409],[26.13715,44.42401],[26.13739,44.42399],[26.13751,44.42401],[26.13762,44.42405],[26.13778,44.42416],[26.13839,44.42423],[26.14489,44.42522],[26.14694,44.42557],[26.14969,44.42596],[26.14983,44.42591],[26.1499,44.42578],[26.15056,44.42358],[26.15071,44.42321],[26.15082,44.42318],[26.15136,44.42331],[26.15878,44.42428],[26.16011,44.42447],[26.16305,44.42483],[26.16314,44.4248],[26.1632,44.42471],[26.16329,44.42446],[26.16432,44.42053],[26.16478,44.41868],[26.16488,44.41813],[26.16493,44.41717],[26.16478,44.41607],[26.16493,44.41586],[26.16505,44.41581],[26.16518,44.41579],[26.1661,44.41583],[26.16688,44.41595],[26.16742,44.41607],[26.16775,44.41618],[26.16926,44.41685],[26.1697,44.41701],[26.17026,44.41718],[26.17112,44.41735],[26.1716,44.41741],[26.17188,44.41743],[26.17339,44.4172],[26.17387,44.41719],[26.17418,44.41722],[26.17448,44.41728],[26.17521,44.4175],[26.17534,44.41752],[26.17557,44.4175],[26.17591,44.41743],[26.17621,44.41746],[26.17626,44.41751],[26.17631,44.41781],[26.17629,44.41866],[26.17614,44.41916],[26.17599,44.41944],[26.17597,44.41955],[26.17555,44.42025],[26.17548,44.42044],[26.1754,44.42059],[26.17537,44.42126],[26.17546,44.42152],[26.17569,44.4219],[26.17587,44.42215],[26.17726,44.42365],[26.17737,44.42375],[26.17922,44.42585],[26.17961,44.42623],[26.18005,44.42658],[26.18018,44.42681],[26.18014,44.42694],[26.17924,44.42733],[26.17882,44.4271],[26.17881,44.42699],[26.17894,44.42648],[26.17895,44.42624]],[[26.17895,44.42624],[26.17893,44.42605],[26.17887,44.42591],[26.17864,44.42563],[26.17739,44.4243],[26.17719,44.42393],[26.17658,44.42325],[26.17547,44.42195],[26.17524,44.42158],[26.17519,44.42147],[26.17515,44.4213],[26.17513,44.42074],[26.17517,44.42051],[26.17525,44.42027],[26.17553,44.41968],[26.17579,44.41925],[26.17588,44.41914],[26.176,44.41884],[26.17604,44.41834],[26.176,44.41817],[26.17588,44.41798],[26.17571,44.41782],[26.17542,44.41765],[26.17442,44.41734],[26.17409,44.41728],[26.17384,44.41726],[26.17321,44.41729],[26.17231,44.41747],[26.17202,44.41751],[26.1714,44.41746],[26.17108,44.41742],[26.17019,44.41724],[26.16938,44.41698],[26.16864,44.41666],[26.16786,44.4163],[26.16721,44.4161],[26.16667,44.41597],[26.16556,44.41586],[26.16524,44.41585],[26.1651,44.41588],[26.16509,44.41601],[26.1652,44.41672],[26.16524,44.41714],[26.16523,44.41771],[26.16507,44.41879],[26.1638,44.42377],[26.16359,44.42483],[26.16328,44.42495],[26.16302,44.42499],[26.16212,44.42487],[26.16055,44.42463],[26.1574,44.42426],[26.15431,44.42382],[26.15148,44.42347],[26.15103,44.42344],[26.15077,44.42351],[26.15065,44.42367],[26.15053,44.42398],[26.15027,44.4248],[26.15008,44.42549],[26.14995,44.42584],[26.14987,44.42598],[26.14977,44.42609],[26.14959,44.42611],[26.14919,44.42606],[26.14371,44.4252],[26.13826,44.42438],[26.138,44.42431],[26.13775,44.42439],[26.13764,44.42459],[26.13775,44.42575],[26.13796,44.4264],[26.13848,44.42764],[26.13868,44.42799],[26.13923,44.42954],[26.13931,44.4299],[26.13933,44.43027],[26.13931,44.43063],[26.13924,44.431],[26.13862,44.43247],[26.13755,44.43471],[26.13748,44.4348],[26.13633,44.43774],[26.13598,44.43827],[26.13442,44.44035],[26.1343,44.44047],[26.13351,44.44115],[26.13342,44.44122],[26.13333,44.44126],[26.13324,44.44127],[26.13303,44.44124],[26.13265,44.44116],[26.11729,44.43832],[26.11718,44.43831],[26.11661,44.43841],[26.11633,44.4384],[26.11602,44.43825],[26.11576,44.43805],[26.115,44.43794],[26.11411,44.43777],[26.11361,44.43764],[26.11058,44.43707],[26.10744,44.4365],[26.10712,44.43646],[26.10692,44.43649],[26.10651,44.43646],[26.10626,44.43641],[26.10579,44.43621],[26.10421,44.43593],[26.10411,44.43584],[26.10337,44.4357],[26.10306,44.43568],[26.10285,44.43569],[26.10268,44.43572],[26.10256,44.43578],[26.10235,44.43596],[26.10199,44.43645],[26.10144,44.43755],[26.10062,44.43907],[26.10051,44.43912],[26.10027,44.43911],[26.09954,44.43921],[26.09822,44.43936],[26.09812,44.43933],[26.09796,44.43931],[26.0974,44.4393],[26.09703,44.43927],[26.09697,44.43922],[26.09715,44.43852],[26.09717,44.43831],[26.09723,44.43812],[26.09744,44.43773],[26.09751,44.43754],[26.09758,44.43732],[26.09754,44.43726],[26.09674,44.43712],[26.09641,44.43713],[26.09574,44.43746],[26.09536,44.43767]]]},"properties":{"route_id":"1008-136","line":"311","name":"311","ref":"311","long_name":"Faur - Sala Palatului","type":"bus","color":"#1D71B8"}},{"type":"Feature","geometry":{"type":"MultiLineString","coordinates":[[[26.02417,44.48457],[26.02437,44.48451],[26.02914,44.48258],[26.03183,44.48153],[26.03427,44.48049],[26.03439,44.48047],[26.03531,44.48013],[26.03675,44.47956],[26.03788,44.47907],[26.03875,44.47874],[26.04086,44.47787],[26.04355,44.47679],[26.04414,44.47664],[26.0444,44.47661],[26.04473,44.4766],[26.0453,44.47664],[26.04552,44.47667],[26.04561,44.47664],[26.04657,44.47549],[26.04715,44.4747],[26.04747,44.47424],[26.04753,44.47413],[26.04668,44.4738],[26.04525,44.47318],[26.04866,44.46885],[26.04976,44.46832],[26.05006,44.46861],[26.05095,44.46967],[26.05143,44.47016],[26.05167,44.47044],[26.05187,44.47064],[26.05208,44.4709],[26.05217,44.47093],[26.05425,44.47044],[26.0556,44.47006],[26.05642,44.46977],[26.06402,44.46667],[26.06562,44.46601],[26.06654,44.46561],[26.06712,44.4654],[26.06958,44.46436],[26.06983,44.46423],[26.07023,44.46396],[26.07065,44.46365],[26.07208,44.46246],[26.07371,44.46122],[26.07487,44.4603],[26.07535,44.4599],[26.07657,44.45898],[26.07866,44.45729],[26.0827,44.45365],[26.08307,44.45335],[26.08384,44.45265],[26.08413,44.45236],[26.08437,44.45215],[26.08454,44.4519],[26.08595,44.45185],[26.0867,44.45184],[26.08683,44.45182],[26.08692,44.45179],[26.08743,44.45151],[26.08759,44.45146],[26.09104,44.44967],[26.09209,44.44921],[26.09605,44.44723],[26.09652,44.44697],[26.0966,44.44691],[26.09666,44.44682],[26.09703,44.44609],[26.09834,44.44335],[26.10006,44.43989],[26.1018,44.43646],[26.10217,44.43567],[26.10224,44.43557],[26.10223,44.43551],[26.10228,44.4354],[26.10235,44.43533],[26.10275,44.43462],[26.10286,44.43431],[26.1031,44.4338],[26.10322,44.43317],[26.10347,44.43214],[26.10356,44.43158],[26.10365,44.42941],[26.10362,44.42913],[26.10354,44.42896],[26.10331,44.42879],[26.10273,44.4287],[26.10186,44.42827],[26.10102,44.42779],[26.10094,44.42739],[26.10095,44.42611],[26.10126,44.426],[26.10178,44.4259],[26.10282,44.42583]],[[26.10282,44.42583],[26.10351,44.42581],[26.10381,44.42582],[26.10392,44.42588],[26.104,44.42595],[26.10404,44.42639],[26.10405,44.42684],[26.10396,44.42841],[26.10399,44.42876],[26.10395,44.42902],[26.1039,44.42913],[26.10381,44.42947],[26.10367,44.43181],[26.10329,44.43353],[26.10331,44.43364],[26.10314,44.43437],[26.10282,44.4353],[26.10277,44.4355],[26.10264,44.43568],[26.10231,44.43606],[26.10199,44.43665],[26.10084,44.43893],[26.09993,44.44068],[26.09765,44.44535],[26.09682,44.44698],[26.09272,44.44913],[26.09052,44.4502],[26.08781,44.45155],[26.08646,44.45227],[26.08591,44.45247],[26.08501,44.45239],[26.08458,44.45237],[26.08438,44.4524],[26.08428,44.45246],[26.08386,44.45285],[26.08359,44.45307],[26.08087,44.4555],[26.07824,44.45792],[26.0757,44.45986],[26.07284,44.46213],[26.07254,44.46234],[26.07028,44.46414],[26.06972,44.46445],[26.068,44.46517],[26.06752,44.46539],[26.06315,44.46715],[26.06177,44.46773],[26.05954,44.46864],[26.05939,44.46872],[26.05936,44.46878],[26.0593,44.46918],[26.05854,44.47049],[26.05845,44.47062],[26.0583,44.47078],[26.05808,44.47095],[26.05568,44.47242],[26.05555,44.47251],[26.05544,44.47265],[26.05513,44.4727],[26.05489,44.47281],[26.0536,44.47368],[26.05302,44.47413],[26.0528,44.47427],[26.0526,44.47425],[26.05211,44.47404],[26.04894,44.47278],[26.04681,44.47534],[26.04575,44.47677],[26.04554,44.47683],[26.04535,44.47681],[26.04455,44.47679],[26.0441,44.47685],[26.04333,44.47704],[26.03769,44.47932],[26.03054,44.48217],[26.02882,44.4829],[26.02354,44.48501],[26.02321,44.48516],[26.02317,44.48525],[26.02309,44.48536],[26.02301,44.4854],[26.02287,44.48541],[26.02276,44.48538],[26.0227,44.48529],[26.02272,44.4852],[26.02275,44.48518],[26.02417,44.48457]]]},"properties":{"route_id":"1008-137","line":"N113","name":"N113","ref":"N113","long_name":"Piata Unirii 2 - Mezes","type":"bus","color":"#2D2E83"}},{"type":"Feature","geometry":{"type":"MultiLineString","coordinates":[[[26.104,44.42781],[26.10392,44.42828],[26.1038,44.4285],[26.10358,44.42862],[26.10315,44.42865],[26.10263,44.42855],[26.10215,44.42839],[26.10145,44.42805],[26.10106,44.42782],[26.10105,44.42769],[26.10094,44.42739],[26.10096,44.42718],[26.10092,44.42648],[26.10093,44.42622],[26.10097,44.42614],[26.10121,44.42601],[26.10145,44.42593],[26.10185,44.42589],[26.10302,44.42584],[26.10378,44.42578],[26.10394,44.42567],[26.10395,44.42139],[26.1039,44.42025],[26.10436,44.4153],[26.10434,44.41487],[26.10442,44.4142],[26.10438,44.41403],[26.10145,44.41214],[26.1004,44.4115],[26.09987,44.41114],[26.09959,44.41091],[26.09861,44.41019],[26.09834,44.41003],[26.09744,44.40936],[26.09688,44.40889],[26.09666,44.40867],[26.09583,44.40756],[26.09553,44.4072],[26.09543,44.40693],[26.09542,44.40679],[26.09599,44.40583],[26.09608,44.40565],[26.0962,44.40508],[26.09629,44.40485],[26.09693,44.40384],[26.09705,44.40368],[26.09763,44.40309],[26.09787,44.4029],[26.09805,44.40271],[26.0989,44.40175],[26.09907,44.40162],[26.09939,44.40144],[26.10084,44.401],[26.10524,44.39986],[26.10586,44.39968],[26.10654,44.39937],[26.1091,44.39838],[26.1092,44.39831],[26.10957,44.3976],[26.10973,44.39733],[26.10975,44.39725],[26.10975,44.39689],[26.10979,44.39652],[26.10978,44.39167],[26.1098,44.38961],[26.10983,44.38904],[26.10979,44.3883],[26.1098,44.3877],[26.10977,44.38763],[26.10966,44.38756],[26.10851,44.38778],[26.10475,44.38854],[26.10463,44.38855],[26.10456,44.38853],[26.10449,44.38847],[26.10363,44.38711],[26.10342,44.38682],[26.10077,44.38378],[26.09998,44.38285],[26.09969,44.38242],[26.09963,44.38224],[26.09903,44.37946],[26.099,44.37924],[26.09903,44.37919],[26.09917,44.37916],[26.09933,44.37926],[26.09945,44.37959],[26.09924,44.37972],[26.09922,44.37981]],[[26.09922,44.37981],[26.0992,44.37997],[26.09963,44.38206],[26.09972,44.38238],[26.09987,44.38265],[26.10048,44.38339],[26.10119,44.38418],[26.10233,44.38551],[26.10349,44.38683],[26.10401,44.38761],[26.1045,44.38839],[26.10459,44.38849],[26.10464,44.38851],[26.10471,44.38851],[26.10891,44.38765],[26.10926,44.38756],[26.10968,44.38748],[26.1098,44.3875],[26.10989,44.38757],[26.10995,44.38767],[26.10995,44.38949],[26.10991,44.39023],[26.10993,44.39237],[26.10989,44.39253],[26.10985,44.39723],[26.10989,44.3981],[26.10981,44.39823],[26.10966,44.39832],[26.10849,44.39876],[26.10818,44.3989],[26.10762,44.39905],[26.10638,44.39953],[26.10584,44.39972],[26.10519,44.3999],[26.10176,44.40078],[26.10057,44.4011],[26.09956,44.40142],[26.09941,44.40148],[26.09922,44.40158],[26.09904,44.40169],[26.09879,44.40192],[26.09799,44.40283],[26.0979,44.40296],[26.09784,44.40309],[26.09674,44.40488],[26.09605,44.40609],[26.09576,44.40655],[26.09572,44.40666],[26.09576,44.40717],[26.09581,44.40728],[26.09694,44.40868],[26.09722,44.40892],[26.09765,44.40923],[26.09994,44.41096],[26.10074,44.41149],[26.10329,44.41311],[26.1041,44.4136],[26.10473,44.41411],[26.10478,44.41422],[26.10462,44.41457],[26.10459,44.41512],[26.10452,44.41575],[26.10427,44.4189],[26.10419,44.42062],[26.10424,44.42337],[26.10429,44.42492],[26.10422,44.42572],[26.10408,44.42591],[26.10406,44.42674],[26.104,44.42781]]]},"properties":{"route_id":"1008-139","line":"N112","name":"N112","ref":"N112","long_name":"Piata Unirii 4 - Piata Resita","type":"bus","color":"#2D2E83"}},{"type":"Feature","geometry":{"type":"MultiLineString","coordinates":[[[26.104,44.42781],[26.10392,44.42828],[26.1038,44.4285],[26.10358,44.42862],[26.10315,44.42865],[26.10263,44.42855],[26.10215,44.42839],[26.10145,44.42805],[26.10106,44.42782],[26.10105,44.42769],[26.10094,44.42739],[26.10096,44.42718],[26.10092,44.42648],[26.10093,44.42622],[26.10097,44.42614],[26.10121,44.42601],[26.10145,44.42593],[26.10185,44.42589],[26.10327,44.42582],[26.10376,44.42581],[26.10407,44.42586],[26.10416,44.42595],[26.1042,44.42655],[26.10426,44.4266],[26.11254,44.42624],[26.12298,44.42575],[26.12304,44.42572],[26.12306,44.42566],[26.12306,44.42555],[26.12304,44.42531],[26.12297,44.4251],[26.12294,44.42436],[26.12295,44.42342],[26.12298,44.42332],[26.12306,44.42323],[26.12331,44.42312],[26.12345,44.42302],[26.12353,44.42293],[26.12406,44.42213],[26.12492,44.42099],[26.12566,44.41996],[26.12583,44.41976],[26.12595,44.41963],[26.12895,44.41738],[26.12927,44.41719],[26.13138,44.41565],[26.13237,44.41503],[26.1327,44.41477],[26.1329,44.41456],[26.133,44.41432],[26.13361,44.41331],[26.13503,44.41207],[26.13575,44.41139],[26.13616,44.41097],[26.13767,44.40925],[26.13787,44.40911],[26.13802,44.40906],[26.13983,44.4088],[26.14117,44.40835],[26.14566,44.40676],[26.1474,44.40618],[26.14757,44.40616],[26.14769,44.40618],[26.14774,44.40623],[26.14864,44.40816],[26.14874,44.40871],[26.14871,44.40899],[26.14851,44.40966],[26.14839,44.40995],[26.14828,44.4103],[26.14823,44.41065],[26.14823,44.41088],[26.14829,44.41121],[26.14849,44.41163],[26.14867,44.41189],[26.14902,44.41224],[26.15101,44.41346],[26.15189,44.41396],[26.15336,44.41468],[26.1535,44.41467],[26.15374,44.41458],[26.1548,44.41414],[26.15583,44.41381],[26.15673,44.4136],[26.15738,44.4135],[26.15822,44.4134],[26.1624,44.4131],[26.16323,44.41301],[26.16438,44.41282],[26.16496,44.41269],[26.16737,44.41208],[26.16833,44.41179],[26.17083,44.41112],[26.17153,44.41095],[26.17314,44.41067],[26.1737,44.41055],[26.17515,44.41037],[26.17775,44.40996],[26.17837,44.40985],[26.17995,44.40965],[26.18343,44.40911],[26.18395,44.40901],[26.18616,44.40867],[26.1897,44.40809],[26.1924,44.40768],[26.20092,44.40619],[26.20189,44.40606],[26.20224,44.40581]],[[26.20224,44.40581],[26.2026,44.40564],[26.20291,44.40558],[26.20314,44.40559],[26.20331,44.40577],[26.20336,44.40593],[26.20326,44.40608],[26.2031,44.40623],[26.20232,44.40636],[26.19187,44.40805],[26.18874,44.40854],[26.18423,44.40928],[26.183,44.40943],[26.17208,44.41109],[26.17082,44.41141],[26.16559,44.41284],[26.16381,44.41324],[26.1622,44.41342],[26.15763,44.41376],[26.15679,44.41389],[26.15641,44.41397],[26.15576,44.41414],[26.15506,44.41438],[26.15368,44.41494],[26.1535,44.41494],[26.15335,44.41491],[26.15322,44.41484],[26.15286,44.41455],[26.15177,44.41404],[26.15034,44.41321],[26.14896,44.41236],[26.1485,44.41191],[26.14837,44.41174],[26.1481,44.41118],[26.14805,44.4107],[26.1481,44.41031],[26.14816,44.41011],[26.14822,44.40998],[26.14839,44.40976],[26.14862,44.40912],[26.14867,44.40885],[26.14866,44.40851],[26.14856,44.40811],[26.14769,44.40626],[26.14761,44.40622],[26.14752,44.40621],[26.14483,44.40713],[26.14093,44.40851],[26.14033,44.40869],[26.1399,44.40889],[26.13941,44.40897],[26.13803,44.40911],[26.13784,44.40922],[26.13758,44.40947],[26.13596,44.41131],[26.13456,44.41259],[26.13364,44.4134],[26.13291,44.41476],[26.13269,44.41501],[26.1321,44.41542],[26.13131,44.41593],[26.13106,44.41607],[26.13018,44.41669],[26.12835,44.4181],[26.12677,44.41923],[26.12624,44.41963],[26.12581,44.42011],[26.1243,44.42207],[26.12395,44.42262],[26.12359,44.42328],[26.12352,44.42349],[26.12352,44.42423],[26.1234,44.42455],[26.12321,44.42474],[26.1231,44.42496],[26.12314,44.42585],[26.12305,44.42594],[26.12288,44.42598],[26.11214,44.42645],[26.1104,44.42656],[26.10885,44.42661],[26.10744,44.42669],[26.10402,44.42683],[26.104,44.42781]]]},"properties":{"route_id":"1008-140","line":"N111","name":"N111","ref":"N111","long_name":"Piata Unirii 4 - Complex Titan","type":"bus","color":"#2D2E83"}},{"type":"Feature","geometry":{"type":"MultiLineString","coordinates":[[[26.02247,44.47006],[26.02333,44.46996],[26.02366,44.4699],[26.02398,44.46981],[26.02798,44.46859],[26.02855,44.4684],[26.03666,44.46588],[26.03693,44.46578],[26.04114,44.4635],[26.04114,44.46338],[26.0408,44.46215],[26.0405,44.46085],[26.04031,44.46018],[26.04025,44.45985],[26.04023,44.45959],[26.04034,44.459],[26.04047,44.45875],[26.04065,44.45849],[26.04162,44.45745],[26.0449,44.45417],[26.04593,44.45312],[26.04651,44.4524],[26.04665,44.45214],[26.04665,44.45205],[26.04656,44.45193],[26.04376,44.45008],[26.04273,44.44952],[26.03975,44.44816],[26.03959,44.44806],[26.03939,44.4479],[26.03922,44.4477],[26.03869,44.44666],[26.03816,44.44586],[26.03797,44.44565],[26.03756,44.4451],[26.03741,44.44509],[26.03729,44.44511],[26.03715,44.44517],[26.03708,44.44529],[26.037,44.44566],[26.03708,44.44579],[26.03722,44.44587],[26.038,44.44594],[26.04217,44.44621],[26.04261,44.44617],[26.04356,44.44604],[26.04735,44.4453],[26.05359,44.44419],[26.0556,44.44379],[26.0591,44.44313],[26.06184,44.44265],[26.06248,44.44241],[26.06515,44.4409],[26.06613,44.44031],[26.06778,44.4394],[26.07051,44.43783],[26.0713,44.43746],[26.07251,44.43685],[26.07455,44.43575],[26.07472,44.43564],[26.07525,44.43542],[26.07917,44.4339],[26.08027,44.43368],[26.08087,44.43362],[26.08135,44.43361],[26.083,44.43351],[26.08486,44.43336],[26.09148,44.43295],[26.092,44.43288],[26.09235,44.4328],[26.09275,44.43266],[26.09294,44.43257],[26.09332,44.43232],[26.09351,44.43217],[26.09539,44.43042],[26.09617,44.42967],[26.09627,44.42958],[26.0964,44.4295],[26.09672,44.42941],[26.09696,44.42937],[26.09968,44.42917],[26.09997,44.42911],[26.10027,44.429],[26.10045,44.42892],[26.10065,44.4288],[26.10105,44.42851],[26.10112,44.42841],[26.10103,44.42744],[26.10094,44.42739],[26.10095,44.42611],[26.10126,44.426],[26.10178,44.4259],[26.10282,44.42583]],[[26.10282,44.42583],[26.1039,44.42583],[26.10399,44.42594],[26.10403,44.42605],[26.104,44.42781],[26.10389,44.42821],[26.1037,44.4286],[26.10354,44.42882],[26.10334,44.42895],[26.1024,44.42913],[26.10181,44.4292],[26.10146,44.42922],[26.10007,44.42958],[26.09974,44.42964],[26.09959,44.42966],[26.09742,44.42979],[26.09729,44.42981],[26.09721,44.42984],[26.09695,44.42999],[26.0966,44.43011],[26.09642,44.4302],[26.09567,44.43088],[26.09422,44.43225],[26.09376,44.43266],[26.09354,44.43282],[26.0933,44.43295],[26.09262,44.43321],[26.09221,44.43333],[26.09186,44.4334],[26.09155,44.43343],[26.0903,44.4335],[26.08859,44.43362],[26.08674,44.43371],[26.08351,44.43395],[26.08096,44.4341],[26.08071,44.43414],[26.0805,44.43415],[26.08005,44.43422],[26.07989,44.43428],[26.07966,44.4344],[26.0793,44.43447],[26.0787,44.43467],[26.07822,44.43487],[26.07701,44.4353],[26.07501,44.43608],[26.07441,44.43642],[26.07027,44.43851],[26.0696,44.43892],[26.06473,44.44175],[26.06398,44.44221],[26.06322,44.44265],[26.0625,44.44304],[26.06227,44.44311],[26.06118,44.44332],[26.05814,44.44385],[26.05655,44.44416],[26.05606,44.44424],[26.05283,44.44485],[26.05041,44.44528],[26.04801,44.44575],[26.04745,44.44584],[26.04761,44.44876],[26.04763,44.44941],[26.0476,44.44968],[26.04709,44.45142],[26.04687,44.45193],[26.04686,44.45214],[26.04651,44.45258],[26.04651,44.45275],[26.04632,44.45297],[26.04599,44.4532],[26.04409,44.45509],[26.04325,44.45596],[26.04273,44.45654],[26.04122,44.45812],[26.04107,44.45825],[26.04077,44.45857],[26.04057,44.45895],[26.04049,44.45917],[26.04043,44.4597],[26.04045,44.45984],[26.04064,44.46054],[26.0411,44.46264],[26.04114,44.46275],[26.04165,44.46326],[26.04168,44.46331],[26.04167,44.46335],[26.04145,44.4635],[26.04112,44.46364],[26.03834,44.46516],[26.03709,44.46581],[26.03686,44.46591],[26.03505,44.46648],[26.03397,44.4668],[26.02546,44.46946],[26.02375,44.46997],[26.02352,44.47002],[26.0217,44.47024],[26.02161,44.47027],[26.02148,44.47036],[26.02136,44.47038],[26.02125,44.47039],[26.02116,44.47034],[26.02111,44.47026],[26.02113,44.4702],[26.0212,44.47015],[26.02128,44.47013],[26.02137,44.47013],[26.02152,44.47018],[26.02166,44.47018],[26.02179,44.47017],[26.02247,44.47006]]]},"properties":{"route_id":"1008-141","line":"N110","name":"N110","ref":"N110","long_name":"Piata Unirii 2 - Cartier Giulesti","type":"bus","color":"#2D2E83"}},{"type":"Feature","geometry":{"type":"MultiLineString","coordinates":[[[25.98266,44.42222],[25.98272,44.42211],[25.98277,44.42208],[25.98295,44.42207],[25.98364,44.42217],[25.98738,44.42252],[25.99571,44.4232],[25.99913,44.42351],[25.9993,44.42355],[25.99945,44.42367],[25.99944,44.42384],[25.99927,44.42499],[25.99926,44.42516],[25.99932,44.42544],[26.00032,44.42666],[26.00116,44.42759],[26.00186,44.42844],[26.00293,44.42966],[26.00314,44.42995],[26.00429,44.43135],[26.00449,44.43155],[26.00464,44.4316],[26.00473,44.43166],[26.0048,44.43175],[26.00483,44.43186],[26.00497,44.43206],[26.0052,44.43223],[26.0065,44.43368],[26.00667,44.43372],[26.00706,44.43372],[26.01122,44.43383],[26.01146,44.43387],[26.01158,44.43393],[26.01164,44.43407],[26.01164,44.43428],[26.01167,44.4344],[26.0118,44.43451],[26.01197,44.43469],[26.01311,44.43606],[26.01502,44.43822],[26.01587,44.43925],[26.01585,44.43932],[26.01576,44.43938],[26.01538,44.43955],[26.01412,44.44019],[26.01261,44.44087],[26.01255,44.44086],[26.01247,44.44083],[26.01189,44.44014],[26.01059,44.43871],[26.0104,44.43857],[26.01011,44.43821],[26.00985,44.43795],[26.00971,44.43789],[26.00493,44.43979],[26.00493,44.43984],[26.0056,44.44063],[26.00571,44.44078],[26.00392,44.44167],[26.00383,44.44167],[26.00374,44.4416],[26.00365,44.4415]],[[26.00365,44.4415],[26.00291,44.44075],[26.00297,44.44068],[26.00435,44.43999],[26.00511,44.43967],[26.00972,44.43782],[26.00985,44.43783],[26.00995,44.43792],[26.01032,44.43835],[26.01197,44.44012],[26.01254,44.44079],[26.0126,44.44081],[26.01328,44.44053],[26.01425,44.44009],[26.01574,44.43935],[26.01572,44.43927],[26.01492,44.43833],[26.01452,44.43788],[26.01439,44.43777],[26.01249,44.43556],[26.01173,44.43471],[26.01166,44.43455],[26.01153,44.43436],[26.01151,44.43407],[26.01149,44.43401],[26.01142,44.43398],[26.00657,44.43393],[26.0064,44.4339],[26.00632,44.43384],[26.00629,44.43376],[26.00579,44.43311],[26.00558,44.43292],[26.00483,44.43207],[26.00469,44.43197],[26.00452,44.43192],[26.00446,44.43189],[26.00442,44.43185],[26.00439,44.43166],[26.00434,44.43154],[26.00425,44.43143],[26.00237,44.4293],[25.99916,44.4256],[25.99908,44.42544],[25.99905,44.42519],[25.99924,44.42374],[25.99919,44.42361],[25.99904,44.42357],[25.98416,44.4223],[25.98336,44.42221],[25.9833,44.42221],[25.98322,44.42224],[25.98298,44.42237],[25.98285,44.42238],[25.98277,44.42236],[25.9827,44.42231],[25.98267,44.42222]]]},"properties":{"route_id":"1008-143","line":"106","name":"106","ref":"106","long_name":"C.E.T. Vest Militari - Cartier Rosu","type":"bus","color":"#1D71B8"}},{"type":"Feature","geometry":{"type":"MultiLineString","coordinates":[[[26.0701,44.45072],[26.07084,44.45138],[26.07202,44.45203],[26.0782,44.45002],[26.07826,44.4497],[26.07718,44.44876],[26.07695,44.44866],[26.07536,44.44717],[26.07518,44.44697],[26.07516,44.4468],[26.07543,44.44622],[26.07545,44.44609],[26.07543,44.44602],[26.07534,44.4459],[26.07474,44.44546],[26.0745,44.44547],[26.06892,44.44926],[26.06824,44.44971],[26.06809,44.44974],[26.06786,44.44967],[26.06726,44.4494],[26.06675,44.44916],[26.06636,44.44893],[26.06443,44.44815],[26.0641,44.44805],[26.06332,44.44776],[26.06303,44.44761],[26.06275,44.44743],[26.0625,44.44734],[26.06202,44.44724],[26.06057,44.44688],[26.0603,44.44678],[26.06025,44.44641],[26.06033,44.44621],[26.06062,44.4448],[26.06067,44.44431],[26.0604,44.44302],[26.06023,44.44249],[26.06016,44.44213],[26.06,44.44175],[26.05982,44.44149],[26.05884,44.44073],[26.05851,44.44037],[26.05783,44.43987],[26.05574,44.43825],[26.05519,44.43772],[26.0549,44.43731],[26.05471,44.437],[26.05447,44.4364],[26.05424,44.4353],[26.05428,44.43414],[26.05425,44.43335],[26.05427,44.43277],[26.05426,44.43173],[26.05434,44.42998],[26.05433,44.42939],[26.05444,44.42871],[26.05516,44.42595],[26.05516,44.42582],[26.05261,44.42554],[26.05143,44.42536],[26.04991,44.42506],[26.04729,44.42449],[26.04646,44.42433],[26.04614,44.42425],[26.04129,44.4232],[26.03942,44.42282],[26.03746,44.42254],[26.03586,44.42243],[26.03481,44.42234],[26.03426,44.42231],[26.03367,44.42231],[26.03119,44.42243],[26.03062,44.42248],[26.03014,44.42253],[26.0263,44.42308],[26.02591,44.42313],[26.02531,44.42318],[26.02483,44.4232],[26.0246,44.42318],[26.02395,44.42309],[26.02336,44.42296],[26.02282,44.42279],[26.02217,44.42251],[26.02164,44.42223],[26.02144,44.42209],[26.02109,44.42181],[26.02088,44.4216],[26.02067,44.42137],[26.02033,44.42091],[26.02016,44.42049],[26.02002,44.41998],[26.01999,44.41975],[26.02003,44.41901],[26.0202,44.41841],[26.02032,44.41813],[26.02074,44.41753],[26.02098,44.41728],[26.021,44.4172],[26.02096,44.41712],[26.01929,44.41621],[26.01878,44.41605],[26.01661,44.41586],[26.01452,44.4157],[26.01425,44.41565],[26.0142,44.41556],[26.01494,44.41255],[26.01494,44.41246],[26.01424,44.41238],[26.01417,44.41267],[26.01479,44.41275],[26.01496,44.41276],[26.01483,44.41332]],[[26.01483,44.41332],[26.01428,44.4155],[26.01433,44.41556],[26.01441,44.41561],[26.01876,44.41596],[26.019,44.41601],[26.01921,44.41607],[26.01973,44.41633],[26.02097,44.41701],[26.02112,44.41711],[26.02121,44.41724],[26.02122,44.41734],[26.02117,44.41744],[26.02091,44.41774],[26.02077,44.41793],[26.02058,44.41823],[26.02041,44.41857],[26.02029,44.41906],[26.02023,44.41956],[26.02023,44.41981],[26.02035,44.42032],[26.02073,44.42104],[26.02118,44.42153],[26.02142,44.42175],[26.02171,44.42199],[26.02199,44.42218],[26.02244,44.42242],[26.02293,44.42264],[26.02348,44.4228],[26.02407,44.42292],[26.02451,44.42298],[26.02483,44.423],[26.02511,44.423],[26.02545,44.42299],[26.02606,44.42293],[26.03021,44.42232],[26.03093,44.42223],[26.03238,44.42214],[26.03479,44.42209],[26.03578,44.42214],[26.03786,44.42232],[26.03974,44.42259],[26.04179,44.42302],[26.04268,44.42324],[26.04766,44.42428],[26.05049,44.42493],[26.05172,44.42517],[26.05511,44.42566],[26.05522,44.4257],[26.05529,44.42582],[26.05522,44.42604],[26.05465,44.42848],[26.05466,44.42866],[26.05458,44.42906],[26.05455,44.42942],[26.0545,44.43047],[26.05445,44.43252],[26.05449,44.43569],[26.05458,44.43626],[26.05483,44.43688],[26.05528,44.43757],[26.05585,44.43813],[26.05646,44.43865],[26.05848,44.44019],[26.05955,44.44096],[26.06001,44.44133],[26.06021,44.44153],[26.06038,44.44177],[26.0606,44.44265],[26.06063,44.44292],[26.06092,44.44394],[26.0615,44.44528],[26.06197,44.44595],[26.06269,44.44667],[26.06423,44.44764],[26.06466,44.44788],[26.06554,44.44823],[26.06809,44.44942],[26.06829,44.44944],[26.06844,44.4494],[26.0692,44.44886],[26.07429,44.4455],[26.07468,44.44528],[26.07489,44.44532],[26.07573,44.44605],[26.07577,44.4462],[26.07545,44.44657],[26.07541,44.44668],[26.07545,44.44689],[26.07588,44.44727],[26.07601,44.44749],[26.07598,44.44754],[26.07588,44.44762],[26.07504,44.44792],[26.07226,44.44912],[26.06988,44.45025],[26.06981,44.45031],[26.06981,44.4504],[26.0701,44.45072]]]},"properties":{"route_id":"1008-144","line":"105","name":"105","ref":"105","long_name":"Valea Oltului - Soseaua Nicolae Titulescu","type":"bus","color":"#1D71B8"}},{"type":"Feature","geometry":{"type":"MultiLineString","coordinates":[[[26.10282,44.42583],[26.10351,44.42581],[26.10381,44.42582],[26.10392,44.42588],[26.104,44.42595],[26.10404,44.42639],[26.10405,44.42684],[26.10396,44.42841],[26.10399,44.42876],[26.10395,44.42902],[26.1039,44.42913],[26.10381,44.42947],[26.10367,44.43181],[26.10329,44.43353],[26.10331,44.43364],[26.10314,44.43437],[26.10282,44.4353],[26.10277,44.4355],[26.10264,44.43568],[26.10231,44.43606],[26.10199,44.43665],[26.10084,44.43893],[26.09993,44.44068],[26.09766,44.44535],[26.09761,44.44541],[26.09705,44.44655],[26.09705,44.44671],[26.09714,44.44681],[26.09728,44.44684],[26.0978,44.44686],[26.09946,44.44685],[26.09946,44.44715],[26.09949,44.44729],[26.09944,44.44879],[26.09936,44.44933],[26.0989,44.45191],[26.09878,44.4528],[26.0986,44.4533],[26.09843,44.45367],[26.0975,44.45552],[26.09569,44.45826],[26.09431,44.46039],[26.09386,44.46103],[26.09295,44.46225],[26.09237,44.46287],[26.09211,44.46311],[26.09186,44.4633],[26.09149,44.46355],[26.08993,44.46436],[26.08745,44.46558],[26.0871,44.46579],[26.08676,44.46641],[26.08636,44.46652],[26.08601,44.46634],[26.08592,44.46605],[26.08618,44.46579],[26.08665,44.46579],[26.08774,44.46524],[26.08834,44.46496],[26.08953,44.46437],[26.09026,44.46398],[26.09045,44.46408],[26.09132,44.46443],[26.0933,44.46518],[26.09358,44.46524],[26.09575,44.46469],[26.09607,44.4657],[26.09679,44.46574],[26.09796,44.46576],[26.09868,44.46584],[26.09953,44.46601],[26.09993,44.46606],[26.10012,44.46607],[26.10051,44.46605],[26.1021,44.46589],[26.10228,44.46677],[26.10238,44.46707],[26.10269,44.46759],[26.10397,44.46952],[26.10444,44.47031],[26.10535,44.47194],[26.10546,44.47221],[26.1055,44.47253],[26.10546,44.47272],[26.105,44.47388],[26.10467,44.47438],[26.10378,44.47559],[26.10321,44.47653],[26.10173,44.47922],[26.10146,44.47964],[26.10145,44.47973],[26.10164,44.47983],[26.10263,44.48011],[26.10267,44.48021],[26.10257,44.48036],[26.10236,44.4805],[26.10166,44.48108],[26.10079,44.48172],[26.09651,44.48478],[26.09584,44.48521],[26.0943,44.48631],[26.09327,44.48692],[26.09205,44.48767],[26.09196,44.48775],[26.09189,44.48784],[26.0918,44.488],[26.09132,44.48937],[26.0912,44.48965],[26.091,44.49004],[26.09078,44.49033],[26.09049,44.4906],[26.0901,44.49089],[26.08902,44.49163],[26.08856,44.49199],[26.08747,44.49279],[26.08681,44.49317],[26.08622,44.49346],[26.08573,44.49367],[26.08556,44.49372],[26.08034,44.49439],[26.07989,44.49448],[26.07962,44.49458],[26.07951,44.49466],[26.07929,44.49486],[26.07926,44.49564],[26.07927,44.49592],[26.07931,44.4962],[26.0796,44.49743],[26.07967,44.49809],[26.07996,44.49917],[26.08061,44.50177],[26.08078,44.50211],[26.08094,44.50255],[26.08178,44.50519],[26.0819,44.50543],[26.08225,44.50557],[26.08239,44.50566],[26.08247,44.50575],[26.08268,44.50612],[26.08278,44.50623],[26.08284,44.50628],[26.08309,44.50641],[26.08437,44.50704],[26.08459,44.50711],[26.08465,44.50709],[26.08476,44.5071],[26.08488,44.50715],[26.08504,44.50734],[26.08516,44.50743],[26.08549,44.50757],[26.08558,44.5076],[26.08588,44.50765],[26.08629,44.5077],[26.08634,44.50784],[26.0863,44.50798],[26.08602,44.50814]],[[26.08602,44.50814],[26.08592,44.50814],[26.08584,44.50812],[26.08556,44.50781],[26.08541,44.50768],[26.08523,44.50758],[26.08501,44.50748],[26.08479,44.50741],[26.08468,44.50742],[26.0846,44.50741],[26.0845,44.50734],[26.08447,44.50728],[26.08434,44.50717],[26.08277,44.50639],[26.08262,44.50628],[26.08252,44.50615],[26.08242,44.50598],[26.08233,44.50589],[26.08222,44.50582],[26.08197,44.50574],[26.08183,44.50581],[26.08172,44.50583],[26.08161,44.50583],[26.08152,44.50581],[26.08143,44.50576],[26.08138,44.50561],[26.08134,44.50523],[26.08122,44.50473],[26.08085,44.50358],[26.08045,44.50216],[26.08045,44.50179],[26.0798,44.4992],[26.07951,44.49811],[26.0793,44.49759],[26.07897,44.49622],[26.07892,44.49593],[26.07891,44.49565],[26.07894,44.49488],[26.07898,44.4948],[26.0791,44.49464],[26.07925,44.49452],[26.07944,44.4944],[26.08002,44.49434],[26.08014,44.49431],[26.08475,44.49375],[26.08544,44.49366],[26.08564,44.49362],[26.08593,44.49351],[26.08663,44.49316],[26.08735,44.49275],[26.08899,44.49154],[26.09032,44.49052],[26.09059,44.49026],[26.09099,44.48958],[26.09168,44.48782],[26.09179,44.48769],[26.09241,44.48728],[26.09355,44.48659],[26.09469,44.48586],[26.09829,44.48328],[26.09981,44.48222],[26.10225,44.48039],[26.10225,44.48023],[26.10135,44.47991],[26.10128,44.47975],[26.10176,44.47893],[26.10362,44.47559],[26.1046,44.47429],[26.10487,44.47389],[26.10535,44.47272],[26.10537,44.47255],[26.10536,44.47233],[26.10531,44.47212],[26.10514,44.47177],[26.1042,44.47006],[26.10402,44.46977],[26.10402,44.46966],[26.1035,44.46884],[26.10267,44.46762],[26.10245,44.46728],[26.10235,44.46709],[26.10227,44.46682],[26.1021,44.46589],[26.10051,44.46605],[26.10012,44.46607],[26.09993,44.46606],[26.09953,44.46601],[26.09868,44.46584],[26.09796,44.46576],[26.09679,44.46574],[26.09607,44.4657],[26.09575,44.46469],[26.09345,44.46528],[26.09328,44.46529],[26.09322,44.46528],[26.09032,44.46416],[26.08736,44.46563],[26.08692,44.4661],[26.08668,44.46646],[26.08637,44.46649],[26.08606,44.4664],[26.08595,44.46621],[26.08595,44.46599],[26.08623,44.4658],[26.08669,44.46578],[26.08733,44.46545],[26.08753,44.46532],[26.08774,44.46524],[26.08834,44.46496],[26.08953,44.46437],[26.0908,44.46371],[26.09116,44.4635],[26.09159,44.46321],[26.09192,44.46294],[26.09259,44.46228],[26.09301,44.46177],[26.09352,44.46111],[26.09387,44.46058],[26.094,44.46043],[26.09448,44.45975],[26.09622,44.45717],[26.09697,44.45609],[26.09732,44.45554],[26.09774,44.45476],[26.09814,44.45391],[26.09825,44.45362],[26.09867,44.45277],[26.0993,44.44894],[26.09937,44.44708],[26.09929,44.447],[26.09911,44.44696],[26.0974,44.44693],[26.09721,44.44696],[26.09697,44.44703],[26.09679,44.44712],[26.09658,44.4471],[26.09646,44.44701],[26.09667,44.44683],[26.09677,44.44665],[26.09834,44.44335],[26.10006,44.43989],[26.1018,44.43646],[26.10217,44.43567],[26.10224,44.43557],[26.10223,44.43551],[26.10228,44.4354],[26.10235,44.43533],[26.10275,44.43462],[26.10286,44.43431],[26.1031,44.4338],[26.10322,44.43317],[26.10347,44.43214],[26.10356,44.43158],[26.10365,44.42941],[26.10362,44.42913],[26.10354,44.42896],[26.10331,44.42879],[26.10273,44.4287],[26.10186,44.42827],[26.10102,44.42779],[26.10094,44.42739],[26.10095,44.42611],[26.10126,44.426],[26.10178,44.4259],[26.10282,44.42583]]]},"properties":{"route_id":"1008-145","line":"N119","name":"N119","ref":"N119","long_name":"Piata Unirii 2 - Complex Baneasa","type":"bus","color":"#2D2E83"}},{"type":"Feature","geometry":{"type":"MultiLineString","coordinates":[[[26.07496,44.43435],[26.07295,44.43432],[26.07286,44.43438],[26.07299,44.43452],[26.07461,44.4356],[26.07468,44.43563],[26.07475,44.43563],[26.07525,44.43542],[26.07917,44.4339],[26.08027,44.43368],[26.08102,44.43361],[26.08135,44.43361],[26.083,44.43351],[26.08486,44.43336],[26.09069,44.43299],[26.09136,44.43296],[26.092,44.43288],[26.09235,44.4328],[26.09275,44.43266],[26.09294,44.43257],[26.09332,44.43232],[26.09351,44.43217],[26.09539,44.43042],[26.09617,44.42967],[26.09627,44.42958],[26.0964,44.4295],[26.09672,44.42941],[26.09696,44.42937],[26.09968,44.42917],[26.09997,44.42911],[26.10045,44.42892],[26.10065,44.4288],[26.10095,44.42859],[26.10105,44.42851],[26.10112,44.42841],[26.10103,44.42744],[26.10094,44.42739],[26.10093,44.42632],[26.10099,44.42617],[26.10112,44.42609],[26.10136,44.426],[26.10189,44.42593],[26.10379,44.42585],[26.10403,44.42592],[26.10418,44.42612],[26.10417,44.42638],[26.1042,44.42659],[26.1043,44.42662],[26.10488,44.42658],[26.11254,44.42624],[26.12444,44.42568],[26.12783,44.42554],[26.12798,44.42552],[26.12811,44.42547],[26.1283,44.42527],[26.12849,44.42511],[26.12874,44.42499],[26.12902,44.42497],[26.12927,44.42498],[26.12953,44.42506],[26.12966,44.42513],[26.12978,44.42522],[26.12989,44.42535],[26.12995,44.42552],[26.12995,44.42565],[26.1299,44.42578],[26.12982,44.42589],[26.12946,44.42622],[26.12944,44.42628],[26.12947,44.42642],[26.12954,44.42647],[26.12997,44.42669],[26.13326,44.42862],[26.13724,44.43107],[26.13777,44.43135],[26.13811,44.43159],[26.13833,44.4317],[26.13845,44.43174],[26.13889,44.4318],[26.13898,44.43183],[26.13902,44.43188],[26.13902,44.43193],[26.13895,44.43209],[26.1379,44.43433],[26.13741,44.43546],[26.13738,44.43563],[26.13687,44.43676],[26.13664,44.43753],[26.13673,44.4376],[26.13744,44.4378],[26.13921,44.43821],[26.1405,44.43853],[26.14082,44.43864],[26.14269,44.43911],[26.14305,44.43923],[26.14768,44.44041],[26.1487,44.4407],[26.1497,44.44093],[26.15009,44.44097],[26.15033,44.44104],[26.15039,44.44114],[26.15036,44.44137],[26.15002,44.44285],[26.15004,44.44296],[26.15008,44.44303],[26.15214,44.44321],[26.1526,44.4432],[26.15633,44.4429],[26.15659,44.44285],[26.15707,44.44271],[26.15738,44.44265],[26.15752,44.44265],[26.15767,44.44269],[26.15989,44.44263],[26.16097,44.44258],[26.16133,44.44259],[26.16213,44.44255],[26.16438,44.44248],[26.16962,44.44219],[26.1701,44.44214],[26.17411,44.44187],[26.17453,44.44183],[26.17493,44.44175],[26.17506,44.44176],[26.17703,44.44145],[26.18145,44.44069],[26.18191,44.44059],[26.18221,44.44048],[26.18248,44.44032],[26.18262,44.44009],[26.18279,44.43996],[26.18301,44.43986],[26.18342,44.43982],[26.18451,44.43996],[26.18488,44.44008],[26.18531,44.44014],[26.18547,44.4401],[26.18577,44.43994],[26.18587,44.43965],[26.1858,44.43958],[26.18579,44.43951],[26.18588,44.43944],[26.18604,44.43945],[26.18613,44.4395],[26.18717,44.43925],[26.18769,44.43936],[26.18785,44.43935],[26.18799,44.43928],[26.18811,44.43914],[26.18819,44.4391],[26.18869,44.43926],[26.18883,44.43929]],[[26.18884,44.43929],[26.19075,44.43972],[26.19105,44.43973],[26.19149,44.43955],[26.19159,44.43953],[26.19168,44.43959],[26.19239,44.44034],[26.1924,44.44041],[26.1923,44.44052],[26.19129,44.44101],[26.191,44.44113],[26.19085,44.44113],[26.18936,44.44092],[26.18568,44.44038],[26.18545,44.44036],[26.18514,44.44036],[26.18478,44.44039],[26.18118,44.44097],[26.1766,44.44168],[26.17505,44.44196],[26.1734,44.44213],[26.17198,44.4422],[26.17163,44.44224],[26.17017,44.44234],[26.16977,44.44234],[26.16635,44.44259],[26.16484,44.44266],[26.16442,44.44265],[26.16368,44.44267],[26.16359,44.44269],[26.1633,44.4427],[26.16099,44.44276],[26.15884,44.44287],[26.15827,44.44296],[26.15803,44.44307],[26.15766,44.44315],[26.15748,44.44316],[26.15612,44.44313],[26.15577,44.44311],[26.15408,44.44324],[26.15199,44.44343],[26.15099,44.44354],[26.1504,44.44357],[26.15019,44.44355],[26.15001,44.44348],[26.14988,44.4434],[26.1498,44.44327],[26.14983,44.44316],[26.14987,44.4431],[26.14992,44.4426],[26.15026,44.44123],[26.15025,44.44119],[26.1502,44.44113],[26.15009,44.4411],[26.14978,44.44106],[26.1493,44.44096],[26.14882,44.44084],[26.14683,44.44031],[26.14295,44.43931],[26.14063,44.43867],[26.1366,44.43769],[26.13635,44.4375],[26.13649,44.43688],[26.13725,44.43483],[26.13785,44.43313],[26.13792,44.43286],[26.1382,44.43217],[26.13823,44.43206],[26.13821,44.43194],[26.13812,44.43177],[26.13751,44.43137],[26.13716,44.43118],[26.13377,44.42914],[26.1321,44.42816],[26.13095,44.42744],[26.12948,44.42656],[26.12898,44.42627],[26.12857,44.4261],[26.12848,44.42605],[26.12827,44.42585],[26.12818,44.4258],[26.12809,44.42576],[26.12795,44.42573],[26.12781,44.42573],[26.12735,44.42577],[26.1238,44.42592],[26.12243,44.426],[26.11214,44.42645],[26.11139,44.4265],[26.1043,44.42682],[26.10416,44.42684],[26.10408,44.42689],[26.10398,44.42719],[26.1038,44.42835],[26.10375,44.4285],[26.10359,44.4288],[26.10343,44.42893],[26.10315,44.429],[26.1024,44.42913],[26.10181,44.4292],[26.10146,44.42922],[26.10007,44.42958],[26.09974,44.42964],[26.09959,44.42966],[26.09742,44.42979],[26.09729,44.42981],[26.09721,44.42984],[26.09695,44.42999],[26.0966,44.43011],[26.09642,44.4302],[26.09567,44.43088],[26.09422,44.43225],[26.09376,44.43266],[26.09354,44.43282],[26.0933,44.43295],[26.09262,44.43321],[26.09221,44.43333],[26.09186,44.4334],[26.09155,44.43343],[26.0903,44.4335],[26.08859,44.43362],[26.08674,44.43371],[26.08351,44.43395],[26.08096,44.4341],[26.08071,44.43414],[26.0804,44.43416],[26.08011,44.4342],[26.07998,44.43424],[26.07989,44.43429],[26.07977,44.4344],[26.07924,44.43445],[26.07893,44.43454],[26.07829,44.43478],[26.07816,44.43478],[26.07802,44.43475],[26.07778,44.43449],[26.07761,44.43444],[26.07731,44.4344],[26.07496,44.43435]]]},"properties":{"route_id":"1008-146","line":"104","name":"104","ref":"104","long_name":"Complex Pantelimon - Piata Operei","type":"bus","color":"#1D71B8"}},{"type":"Feature","geometry":{"type":"MultiLineString","coordinates":[[[26.07837,44.38721],[26.07871,44.38781],[26.07899,44.38818],[26.07922,44.38841],[26.07997,44.38907],[26.08035,44.38946],[26.0821,44.39204],[26.08253,44.39256],[26.08295,44.39327],[26.08348,44.39402],[26.08384,44.39446],[26.08408,44.39472],[26.0844,44.39513],[26.08449,44.39527],[26.08469,44.39549],[26.08485,44.39571],[26.08506,44.39595],[26.08518,44.39615],[26.08519,44.39631],[26.08513,44.39662],[26.08504,44.39735],[26.08506,44.39763],[26.0849,44.39844],[26.08441,44.4004],[26.08428,44.40059],[26.084,44.40088],[26.08215,44.40268],[26.08179,44.40307],[26.08166,44.40325],[26.0794,44.40684],[26.07863,44.40773],[26.07838,44.40808],[26.0779,44.40859],[26.07771,44.4087],[26.07696,44.40967],[26.07695,44.40974],[26.07749,44.41007],[26.07768,44.41027],[26.07858,44.41137],[26.07957,44.41251],[26.08004,44.41319],[26.08133,44.4149],[26.08175,44.41529],[26.08217,44.41557],[26.08376,44.41655],[26.08381,44.41665],[26.0837,44.41677],[26.08342,44.41698],[26.08288,44.41729],[26.08233,44.41764],[26.08227,44.41775],[26.08268,44.41792],[26.08295,44.41793],[26.08373,44.41817],[26.08431,44.41832],[26.08449,44.41839],[26.08799,44.42019],[26.09149,44.42202],[26.09696,44.4248],[26.09983,44.4263],[26.10002,44.42633],[26.10054,44.42619],[26.10102,44.42604],[26.10162,44.42592],[26.10193,44.42588],[26.10282,44.42583]],[[26.10282,44.42583],[26.1039,44.42583],[26.10399,44.42594],[26.10403,44.42605],[26.104,44.42781],[26.10392,44.42828],[26.1038,44.4285],[26.10358,44.42862],[26.10315,44.42865],[26.10263,44.42855],[26.10215,44.42839],[26.10145,44.42805],[26.10106,44.42782],[26.10105,44.42769],[26.10095,44.42739],[26.10098,44.42636],[26.10088,44.42614],[26.10019,44.42633],[26.10006,44.42639],[26.09993,44.42641],[26.0998,44.4264],[26.09833,44.42562],[26.09613,44.42451],[26.09029,44.42146],[26.08774,44.42016],[26.08683,44.41972],[26.08548,44.41896],[26.08425,44.41837],[26.08231,44.41788],[26.08214,44.41782],[26.08213,44.41777],[26.08219,44.41765],[26.08235,44.4175],[26.08273,44.41731],[26.08364,44.41668],[26.08366,44.41661],[26.08362,44.41657],[26.08313,44.41627],[26.08173,44.41534],[26.08134,44.41499],[26.08097,44.41462],[26.08033,44.4138],[26.07965,44.41276],[26.07847,44.41137],[26.0775,44.41018],[26.07672,44.40971],[26.07676,44.40953],[26.07709,44.40914],[26.07828,44.40782],[26.07933,44.40672],[26.07949,44.40653],[26.07971,44.40622],[26.07998,44.40573],[26.08029,44.40526],[26.08056,44.40481],[26.08075,44.40445],[26.08095,44.4042],[26.08166,44.40309],[26.08267,44.40202],[26.08388,44.40084],[26.08413,44.40062],[26.08427,44.40042],[26.08436,44.40025],[26.08443,44.40002],[26.08454,44.39958],[26.08463,44.39907],[26.08471,44.39883],[26.08489,44.39778],[26.08487,44.39741],[26.08509,44.39634],[26.08506,44.39615],[26.08469,44.39567],[26.08443,44.39539],[26.08313,44.39367],[26.08226,44.39236],[26.08141,44.39121],[26.08115,44.39082],[26.08076,44.39029],[26.08041,44.38975],[26.08032,44.38957],[26.08014,44.38936],[26.07895,44.38829],[26.07881,44.38812],[26.07764,44.38629],[26.07747,44.38591],[26.07749,44.38582],[26.07766,44.38577],[26.07779,44.38575],[26.07791,44.3858],[26.07798,44.38587],[26.07802,44.38596],[26.07795,44.38638],[26.07795,44.38657],[26.07837,44.38721]]]},"properties":{"route_id":"1008-147","line":"N118","name":"N118","ref":"N118","long_name":"Piata Unirii 2 - Zetarilor","type":"bus","color":"#2D2E83"}},{"type":"Feature","geometry":{"type":"MultiLineString","coordinates":[[[26.18352,44.44026],[26.18467,44.44007],[26.18488,44.44009],[26.18651,44.44039],[26.19109,44.44103],[26.1924,44.44041],[26.18995,44.43768],[26.18731,44.43478],[26.18654,44.43391],[26.18633,44.43375],[26.18613,44.4337],[26.18597,44.43361],[26.18588,44.43352],[26.18602,44.43332],[26.18615,44.43326],[26.18627,44.43324],[26.18642,44.43326],[26.18654,44.43334],[26.18667,44.43338],[26.18677,44.43336],[26.19527,44.43144],[26.20244,44.42984],[26.20793,44.42859],[26.2165,44.42668],[26.22061,44.42575],[26.22068,44.42571],[26.22071,44.4256],[26.21964,44.42312],[26.21778,44.41729],[26.21769,44.41696],[26.21768,44.41664],[26.21778,44.41558]],[[26.21778,44.41558],[26.21845,44.40888],[26.21845,44.40867],[26.2184,44.40832],[26.21835,44.40817],[26.21822,44.40793],[26.21799,44.40758],[26.21759,44.40703],[26.21745,44.40694],[26.21731,44.40688],[26.21725,44.40679],[26.21729,44.4067],[26.21735,44.40664],[26.21748,44.40657],[26.21786,44.40663],[26.21794,44.40669],[26.21797,44.40676],[26.21792,44.4072],[26.21802,44.40744],[26.21824,44.40779],[26.21839,44.40812],[26.21845,44.40835],[26.2185,44.4087],[26.21848,44.40917],[26.21789,44.41541],[26.21778,44.4161],[26.21775,44.41644],[26.21777,44.41706],[26.21874,44.42011],[26.21887,44.42042],[26.21963,44.42283],[26.21988,44.42354],[26.22038,44.42462],[26.22077,44.4254],[26.22082,44.42573],[26.22076,44.4258],[26.21625,44.42682],[26.21609,44.42687],[26.21016,44.42818],[26.20763,44.42876],[26.1961,44.43135],[26.19144,44.43242],[26.18821,44.43313],[26.1875,44.43331],[26.18711,44.43343],[26.18678,44.43358],[26.18665,44.43368],[26.18658,44.43379],[26.18658,44.43388],[26.18963,44.43725],[26.19152,44.43939],[26.1923,44.44022],[26.19242,44.44038],[26.19237,44.44045],[26.19203,44.44065],[26.19105,44.44111],[26.18988,44.44099],[26.18556,44.44035],[26.18487,44.44036],[26.18422,44.44045],[26.18287,44.44067],[26.1827,44.44053],[26.18269,44.44044],[26.18308,44.44033],[26.18352,44.44026]]]},"properties":{"route_id":"1008-148","line":"103","name":"103","ref":"103","long_name":"Pantelimon - Isovolta","type":"bus","color":"#1D71B8"}},{"type":"Feature","geometry":{"type":"MultiLineString","coordinates":[[[26.10282,44.42583],[26.10351,44.42581],[26.10381,44.42582],[26.10392,44.42588],[26.104,44.42595],[26.10404,44.42639],[26.10405,44.42684],[26.10396,44.42841],[26.10399,44.42876],[26.10395,44.42902],[26.1039,44.42913],[26.10381,44.42947],[26.10367,44.43181],[26.10329,44.43353],[26.10331,44.43364],[26.10314,44.43437],[26.10282,44.4353],[26.10277,44.4355],[26.10264,44.43568],[26.10231,44.43606],[26.10199,44.43665],[26.10084,44.43893],[26.09993,44.44068],[26.09766,44.44535],[26.09706,44.44648],[26.09697,44.44669],[26.09696,44.44676],[26.09705,44.44693],[26.09699,44.44708],[26.09692,44.44714],[26.09681,44.44718],[26.09659,44.44716],[26.09635,44.44702],[26.09626,44.44694],[26.09612,44.4469],[26.09412,44.44658],[26.09386,44.4465],[26.09118,44.44562],[26.08819,44.44458],[26.08794,44.44447],[26.08775,44.44435],[26.08648,44.44379],[26.08626,44.44372],[26.08331,44.44328],[26.082,44.44306],[26.08145,44.44299],[26.08137,44.44304],[26.08131,44.4431],[26.08114,44.44316],[26.08094,44.44314],[26.08086,44.4431],[26.08079,44.44304],[26.08072,44.44304],[26.08062,44.4431],[26.08035,44.44331],[26.07822,44.44474],[26.07569,44.44641],[26.07546,44.44665],[26.07549,44.44686],[26.07554,44.44695],[26.07593,44.44733],[26.07599,44.44748],[26.07585,44.44761],[26.07569,44.4477],[26.07473,44.44803],[26.07433,44.44819],[26.07419,44.44829],[26.06993,44.45021],[26.06898,44.45074],[26.06441,44.45366],[26.06368,44.45416],[26.0631,44.45466],[26.0625,44.45532],[26.0618,44.45629],[26.06124,44.45689],[26.05528,44.4646],[26.05388,44.46636],[26.05198,44.46881],[26.0512,44.46978],[26.05117,44.46988],[26.05124,44.47],[26.05147,44.47018],[26.05223,44.47103],[26.05169,44.47117],[26.0527,44.47329],[26.05367,44.47371],[26.0528,44.47427],[26.0526,44.47425],[26.05211,44.47404],[26.04894,44.47278],[26.04792,44.47403],[26.04662,44.47558],[26.04609,44.47632],[26.04476,44.47803],[26.0433,44.47986],[26.04277,44.48061],[26.04107,44.48275],[26.03661,44.48855],[26.03444,44.49128],[26.03433,44.49146],[26.03146,44.49517],[26.02925,44.49798],[26.02705,44.50083],[26.02574,44.50246],[26.02577,44.50254],[26.02607,44.50287],[26.02579,44.50358],[26.02567,44.5037],[26.02551,44.50378],[26.02518,44.50381],[26.02471,44.50383],[26.02451,44.50377],[26.02435,44.50364],[26.02419,44.50336]],[[26.02419,44.50336],[26.02419,44.50321],[26.0243,44.50308],[26.02443,44.50303],[26.02461,44.5031],[26.02484,44.50313],[26.02499,44.50309],[26.02519,44.50288],[26.0295,44.49733],[26.03067,44.49584],[26.03087,44.49561],[26.03095,44.49539],[26.03152,44.49472],[26.03695,44.48773],[26.03883,44.48534],[26.04007,44.48372],[26.04042,44.48332],[26.04065,44.48297],[26.0416,44.48179],[26.04427,44.47838],[26.04513,44.47725],[26.0472,44.47464],[26.04757,44.47415],[26.04668,44.4738],[26.04525,44.47318],[26.04866,44.46885],[26.04976,44.46832],[26.05006,44.46861],[26.05076,44.46939],[26.05098,44.46966],[26.05107,44.46966],[26.05116,44.46959],[26.05401,44.46589],[26.05426,44.4656],[26.05573,44.46363],[26.05777,44.46106],[26.06052,44.45753],[26.06193,44.45576],[26.06236,44.45517],[26.06294,44.4546],[26.06359,44.45406],[26.06569,44.45266],[26.06912,44.45047],[26.06952,44.45026],[26.06986,44.45012],[26.07427,44.44807],[26.07826,44.44659],[26.08199,44.44564],[26.08305,44.44558],[26.0834,44.44553],[26.08354,44.44547],[26.08473,44.44512],[26.08573,44.44492],[26.08636,44.44476],[26.08765,44.44448],[26.08803,44.44444],[26.08882,44.4447],[26.09012,44.44516],[26.0917,44.44566],[26.09431,44.44654],[26.0962,44.44684],[26.09629,44.44683],[26.09643,44.4467],[26.0966,44.44667],[26.09673,44.44662],[26.09703,44.44609],[26.09834,44.44335],[26.10006,44.43989],[26.1018,44.43646],[26.10217,44.43567],[26.10224,44.43557],[26.10223,44.43551],[26.10228,44.4354],[26.10235,44.43533],[26.10275,44.43462],[26.10286,44.43431],[26.1031,44.4338],[26.10322,44.43317],[26.10347,44.43214],[26.10356,44.43158],[26.10365,44.42941],[26.10362,44.42913],[26.10354,44.42896],[26.10331,44.42879],[26.10273,44.4287],[26.10186,44.42827],[26.10102,44.42779],[26.10094,44.42739],[26.10095,44.42611],[26.10126,44.426],[26.10178,44.4259],[26.10282,44.42583]]]},"properties":{"route_id":"1008-149","line":"N117","name":"N117","ref":"N117","long_name":"Piata Unirii 2 - M Straulesti","type":"bus","color":"#2D2E83"}},{"type":"Feature","geometry":{"type":"MultiLineString","coordinates":[[[26.08944,44.36969],[26.08977,44.37083],[26.09095,44.3754],[26.091,44.37552],[26.09161,44.37785],[26.09182,44.37871],[26.09185,44.37875],[26.09192,44.37877],[26.092,44.37878],[26.09298,44.37865],[26.09408,44.37858],[26.09482,44.37851],[26.0951,44.37847],[26.09533,44.37841],[26.10227,44.37742],[26.10599,44.37691],[26.10706,44.37673],[26.10964,44.37635],[26.11452,44.37575],[26.11571,44.37566],[26.11637,44.37565],[26.11678,44.37567],[26.11803,44.37593],[26.11851,44.37607],[26.12019,44.37666],[26.12048,44.37674],[26.12068,44.37676],[26.12101,44.37683],[26.12108,44.37687],[26.12113,44.37694],[26.12115,44.37704],[26.12121,44.3771],[26.12135,44.37718],[26.12434,44.37819],[26.12749,44.37929],[26.12764,44.37931],[26.1314,44.3795],[26.13405,44.37975],[26.13448,44.37978],[26.13477,44.37986],[26.13493,44.37996],[26.13559,44.38044],[26.13592,44.38074],[26.13629,44.38121],[26.13909,44.38501],[26.13965,44.38573],[26.13979,44.38623],[26.14022,44.38679],[26.14168,44.38879],[26.14213,44.38938],[26.14237,44.38981],[26.14246,44.39004],[26.14258,44.39051],[26.14305,44.39559],[26.14305,44.39619],[26.14269,44.40077],[26.14262,44.40126],[26.14249,44.40313],[26.14256,44.40332],[26.14249,44.40438],[26.142,44.40676],[26.14166,44.4072],[26.14045,44.40841],[26.14051,44.40849],[26.14063,44.40853],[26.14117,44.40835],[26.14271,44.40778],[26.14566,44.40676],[26.14753,44.40616],[26.14764,44.40614],[26.14769,44.40616],[26.14773,44.40621],[26.14774,44.40626],[26.1485,44.40781],[26.14866,44.40818],[26.14873,44.4085],[26.14873,44.40891],[26.14869,44.40914],[26.1485,44.4097],[26.14834,44.41005],[26.14821,44.41053],[26.1482,44.41073],[26.14823,44.41104],[26.14828,44.41123],[26.14845,44.41158],[26.14867,44.41189],[26.14902,44.41224],[26.15101,44.41346],[26.15189,44.41396],[26.15328,44.41465],[26.15336,44.41468],[26.1535,44.41467],[26.1548,44.41414],[26.15583,44.41381],[26.15673,44.4136],[26.15738,44.4135],[26.15823,44.4134],[26.1624,44.4131],[26.16378,44.41298],[26.16392,44.41302],[26.16406,44.41332],[26.16481,44.41506],[26.16502,44.41568],[26.16513,44.41618],[26.16524,44.41714],[26.16523,44.41771],[26.16507,44.41879],[26.1642,44.42215],[26.16354,44.42483],[26.16294,44.42704],[26.16263,44.42836],[26.16211,44.42972],[26.1603,44.43479],[26.16038,44.43492],[26.16459,44.43605],[26.16583,44.43633],[26.16711,44.43657],[26.16744,44.43666],[26.16834,44.43682],[26.16836,44.43696],[26.16823,44.43761],[26.16825,44.43775],[26.16827,44.43778],[26.16835,44.43778],[26.17047,44.43731],[26.17058,44.43729],[26.17081,44.4373],[26.17111,44.43737],[26.17119,44.43736],[26.17333,44.43779],[26.17405,44.43796],[26.18156,44.43946],[26.18376,44.43987],[26.18451,44.43996],[26.18488,44.44008],[26.18531,44.44014],[26.18547,44.4401],[26.18577,44.43994],[26.18587,44.43965],[26.1858,44.43958],[26.18579,44.43951],[26.18588,44.43944],[26.18604,44.43945],[26.18613,44.4395],[26.18717,44.43925],[26.18769,44.43936],[26.18785,44.43935],[26.18799,44.43928],[26.18811,44.43914],[26.18819,44.4391],[26.18869,44.43926],[26.18883,44.43929]],[[26.18884,44.43929],[26.19075,44.43972],[26.19105,44.43973],[26.19149,44.43955],[26.19159,44.43953],[26.19168,44.43959],[26.19239,44.44034],[26.1924,44.44041],[26.1923,44.44052],[26.19107,44.4411],[26.19061,44.44109],[26.18556,44.44033],[26.18502,44.44033],[26.18451,44.4404],[26.18274,44.44071],[26.18253,44.4404],[26.18258,44.44019],[26.18248,44.43984],[26.18224,44.4397],[26.18161,44.43956],[26.17832,44.43891],[26.17541,44.43831],[26.17376,44.43801],[26.17337,44.43789],[26.17084,44.43736],[26.1706,44.43734],[26.17033,44.43738],[26.16815,44.43785],[26.16802,44.43779],[26.16803,44.43768],[26.16808,44.43751],[26.16806,44.4374],[26.16795,44.43714],[26.1678,44.43696],[26.16766,44.43689],[26.16707,44.43673],[26.16471,44.43622],[26.15996,44.43494],[26.16015,44.43429],[26.16222,44.42859],[26.1627,44.42689],[26.16329,44.42446],[26.16432,44.42053],[26.16478,44.41868],[26.16488,44.41813],[26.16493,44.41717],[26.16481,44.41623],[26.16473,44.41583],[26.16446,44.41496],[26.16429,44.41456],[26.16373,44.41341],[26.16353,44.41328],[26.1622,44.41342],[26.15763,44.41376],[26.15679,44.41389],[26.15641,44.41397],[26.15576,44.41414],[26.15506,44.41438],[26.15368,44.41494],[26.1535,44.41494],[26.15335,44.41491],[26.15322,44.41484],[26.15286,44.41455],[26.15177,44.41404],[26.15034,44.41321],[26.14896,44.41236],[26.1485,44.41191],[26.14837,44.41174],[26.1481,44.41118],[26.14805,44.4107],[26.1481,44.41031],[26.14816,44.41011],[26.14822,44.40998],[26.14839,44.40976],[26.14862,44.40912],[26.14867,44.40885],[26.14866,44.40851],[26.14856,44.40811],[26.14769,44.40626],[26.14761,44.40622],[26.14752,44.40621],[26.14483,44.40713],[26.14093,44.40851],[26.14033,44.40869],[26.1402,44.40867],[26.14014,44.40859],[26.14015,44.4085],[26.14166,44.40703],[26.14178,44.40687],[26.14188,44.40667],[26.14227,44.4046],[26.14233,44.4039],[26.14245,44.40165],[26.14293,44.39585],[26.14243,44.39042],[26.14234,44.39007],[26.14225,44.38986],[26.14211,44.38962],[26.14174,44.38909],[26.14081,44.38787],[26.14013,44.38703],[26.13988,44.38676],[26.1396,44.38651],[26.13928,44.38627],[26.13912,44.38608],[26.13895,44.38541],[26.1389,44.3851],[26.1388,44.3849],[26.13865,44.38468],[26.13599,44.38107],[26.13584,44.38091],[26.13544,44.38059],[26.13493,44.38031],[26.1342,44.37986],[26.1314,44.37958],[26.12747,44.37935],[26.12688,44.37916],[26.12383,44.37811],[26.11906,44.37654],[26.1174,44.37591],[26.117,44.37582],[26.1165,44.37576],[26.11592,44.37575],[26.1149,44.37579],[26.10984,44.37645],[26.10935,44.37651],[26.10907,44.37653],[26.10657,44.3769],[26.10592,44.37702],[26.09508,44.37851],[26.09464,44.37858],[26.09422,44.37863],[26.093,44.37871],[26.09196,44.37885],[26.09183,44.37883],[26.09167,44.37876],[26.09159,44.37868],[26.09112,44.37691],[26.09092,44.37624],[26.09059,44.37486],[26.08915,44.36948],[26.08911,44.36937],[26.08902,44.36931],[26.08878,44.36909],[26.08876,44.36903],[26.08877,44.36896],[26.08885,44.3689],[26.08897,44.36887],[26.08906,44.36888],[26.08915,44.36891],[26.08923,44.369],[26.08944,44.36969]]]},"properties":{"route_id":"1008-150","line":"102","name":"102","ref":"102","long_name":"Complex Pantelimon - C.F.R. Progresul","type":"bus","color":"#1D71B8"}},{"type":"Feature","geometry":{"type":"MultiLineString","coordinates":[[[26.01451,44.4214],[26.01477,44.42141],[26.01517,44.42118],[26.01652,44.4213],[26.01686,44.42131],[26.01727,44.42129],[26.019,44.42104],[26.02014,44.42084],[26.02027,44.42079],[26.02046,44.42069],[26.02089,44.42127],[26.02098,44.42131],[26.02118,44.42153],[26.02142,44.42175],[26.02171,44.42199],[26.02199,44.42218],[26.02244,44.42242],[26.02293,44.42264],[26.02348,44.4228],[26.02407,44.42292],[26.02451,44.42298],[26.02483,44.423],[26.02545,44.42299],[26.02606,44.42293],[26.03021,44.42232],[26.03093,44.42223],[26.03238,44.42214],[26.03479,44.42209],[26.03578,44.42214],[26.03786,44.42232],[26.03974,44.42259],[26.04179,44.42302],[26.04268,44.42324],[26.04766,44.42428],[26.05049,44.42493],[26.05172,44.42517],[26.05347,44.42543],[26.05733,44.42596],[26.05796,44.42607],[26.05818,44.42613],[26.05838,44.42622],[26.05856,44.42634],[26.05878,44.4265],[26.06005,44.42756],[26.06047,44.42785],[26.06072,44.42821],[26.06094,44.42858],[26.06113,44.4288],[26.06132,44.42891],[26.06145,44.42893],[26.06166,44.42906],[26.06176,44.42921],[26.06195,44.42942],[26.0624,44.42975],[26.06257,44.4298],[26.06274,44.42979],[26.06428,44.42882],[26.06532,44.42811],[26.06555,44.42807],[26.06562,44.42808],[26.06582,44.42826],[26.06661,44.42885],[26.06704,44.4293],[26.06752,44.4299],[26.06814,44.4306],[26.06824,44.43074],[26.06838,44.43112],[26.06846,44.43119],[26.0695,44.43193],[26.06989,44.43216],[26.07034,44.43253],[26.07071,44.43292],[26.07237,44.43407],[26.07379,44.43503],[26.07411,44.43534],[26.07463,44.43572],[26.07507,44.43551],[26.07747,44.43458],[26.07879,44.43409],[26.07895,44.43425],[26.07919,44.4344],[26.07973,44.43437],[26.08738,44.4345],[26.08746,44.43447],[26.08771,44.43433],[26.08796,44.43432],[26.08826,44.43441],[26.08834,44.43445],[26.08844,44.43456],[26.09441,44.43462],[26.09807,44.43473],[26.09975,44.43496],[26.10102,44.43516],[26.10216,44.43537],[26.10236,44.43537],[26.10243,44.43522],[26.10265,44.43491],[26.10278,44.43468],[26.10307,44.43388],[26.10317,44.43374],[26.10323,44.43357],[26.1036,44.43189],[26.10364,44.43147],[26.10373,44.42973],[26.10373,44.42933],[26.10371,44.42925],[26.10366,44.42916],[26.1036,44.4291],[26.10295,44.42874],[26.10218,44.42837],[26.10107,44.42791],[26.10094,44.42739],[26.10094,44.42628],[26.10095,44.42611],[26.10126,44.426],[26.10178,44.4259],[26.10282,44.42583]],[[26.10282,44.42583],[26.10351,44.42581],[26.10381,44.42582],[26.10392,44.42588],[26.104,44.42595],[26.10403,44.42616],[26.10405,44.42684],[26.10399,44.42807],[26.10393,44.42853],[26.10399,44.42884],[26.10398,44.42902],[26.10386,44.42926],[26.10378,44.42948],[26.10367,44.43183],[26.10308,44.43445],[26.10296,44.43479],[26.1028,44.43542],[26.1028,44.43553],[26.10275,44.43563],[26.10263,44.43568],[26.10244,44.43568],[26.10234,44.43565],[26.10224,44.43557],[26.10206,44.4355],[26.10164,44.43541],[26.10065,44.43525],[26.09959,44.43503],[26.09835,44.43481],[26.0884,44.4346],[26.0881,44.43461],[26.08796,44.43464],[26.08778,44.43464],[26.0874,44.43458],[26.08456,44.43453],[26.0841,44.43454],[26.0795,44.43444],[26.0793,44.43447],[26.07648,44.43546],[26.07542,44.43587],[26.07531,44.43593],[26.07517,44.43598],[26.07506,44.43598],[26.07494,44.43596],[26.07478,44.43588],[26.07411,44.43539],[26.07037,44.43283],[26.06937,44.4322],[26.06837,44.43153],[26.06803,44.43144],[26.06745,44.43138],[26.06598,44.43082],[26.06546,44.43058],[26.06516,44.43042],[26.06489,44.43024],[26.06384,44.42938],[26.06379,44.42936],[26.06373,44.42936],[26.06361,44.4294],[26.06298,44.42977],[26.06116,44.43096],[26.06046,44.43138],[26.06003,44.43155],[26.05994,44.43156],[26.05978,44.43153],[26.05972,44.43148],[26.05969,44.43141],[26.06,44.4308],[26.0605,44.43008],[26.0609,44.42958],[26.06102,44.42937],[26.06098,44.42922],[26.06096,44.42904],[26.06088,44.42887],[26.06064,44.4285],[26.06013,44.42783],[26.05873,44.42665],[26.05853,44.4265],[26.05829,44.42635],[26.05802,44.42623],[26.05775,44.42617],[26.05705,44.42611],[26.05681,44.42606],[26.05405,44.42569],[26.05244,44.42552],[26.05122,44.42532],[26.04991,44.42506],[26.04729,44.42449],[26.04646,44.42433],[26.04614,44.42425],[26.04129,44.4232],[26.03942,44.42282],[26.03746,44.42254],[26.03586,44.42243],[26.03481,44.42234],[26.03426,44.42231],[26.03367,44.42231],[26.03119,44.42243],[26.03014,44.42253],[26.02591,44.42313],[26.02531,44.42318],[26.02483,44.4232],[26.02432,44.42316],[26.02365,44.42304],[26.02302,44.42288],[26.02247,44.42265],[26.02176,44.4223],[26.02115,44.42183],[26.02069,44.42138],[26.02036,44.42095],[26.0203,44.42093],[26.02019,44.42093],[26.01985,44.421],[26.01947,44.42104],[26.01846,44.42121],[26.01742,44.42136],[26.01699,44.42139],[26.01653,44.42139],[26.0135,44.42112],[26.01347,44.42123],[26.01349,44.42131],[26.01358,44.42135],[26.01389,44.42133],[26.01451,44.4214]]]},"properties":{"route_id":"1008-152","line":"N116","name":"N116","ref":"N116","long_name":"Piata Unirii 2 - Valea Ialomitei","type":"bus","color":"#2D2E83"}},{"type":"Feature","geometry":{"type":"MultiLineString","coordinates":[[[26.10282,44.42583],[26.1039,44.42583],[26.10399,44.42594],[26.10403,44.42605],[26.104,44.42781],[26.10389,44.42821],[26.1037,44.4286],[26.10354,44.42882],[26.10334,44.42895],[26.1024,44.42913],[26.10181,44.4292],[26.10146,44.42922],[26.10007,44.42958],[26.09974,44.42964],[26.09959,44.42966],[26.09742,44.42979],[26.09729,44.42981],[26.09721,44.42984],[26.09695,44.42999],[26.0966,44.43011],[26.09642,44.4302],[26.09567,44.43088],[26.09422,44.43225],[26.09376,44.43266],[26.09354,44.43282],[26.0933,44.43295],[26.09262,44.43321],[26.09221,44.43333],[26.09186,44.4334],[26.09155,44.43343],[26.0903,44.4335],[26.08859,44.43362],[26.08674,44.43371],[26.08351,44.43395],[26.08096,44.4341],[26.08071,44.43414],[26.08029,44.43417],[26.08005,44.43422],[26.07989,44.43428],[26.07966,44.4344],[26.0793,44.43447],[26.07704,44.43528],[26.07441,44.43642],[26.07033,44.43844],[26.07015,44.43851],[26.07004,44.43849],[26.06992,44.43844],[26.06907,44.43782],[26.06674,44.43697],[26.06619,44.43674],[26.0645,44.43593],[26.06426,44.43579],[26.0639,44.43565],[26.06315,44.43543],[26.06233,44.43535],[26.06186,44.43528],[26.06,44.43469],[26.05685,44.43466],[26.05403,44.43462],[26.05295,44.43458],[26.04835,44.43453],[26.0444,44.43444],[26.04268,44.43443],[26.04176,44.43441],[26.04058,44.43435],[26.03553,44.43432],[26.03491,44.43436],[26.03383,44.43438],[26.02979,44.43429],[26.02861,44.4343],[26.02531,44.43426],[26.02406,44.43422],[26.02342,44.43423],[26.02014,44.43415],[26.01545,44.43408],[26.01298,44.43402],[26.01234,44.43404],[26.01182,44.43403],[26.01144,44.43398],[26.00882,44.43393],[26.00676,44.43391],[26.00479,44.43396],[26.00089,44.43388],[25.99698,44.43386],[25.99215,44.43426],[25.99193,44.43429],[25.98735,44.43469],[25.98646,44.43474],[25.98224,44.43512],[25.97873,44.4354],[25.97534,44.43566],[25.97524,44.43563],[25.9752,44.43556],[25.97529,44.43548],[25.97552,44.43545],[25.97564,44.43544],[25.97607,44.43549],[25.97622,44.43547]],[[25.97622,44.43547],[25.98344,44.43484],[25.99699,44.43371],[25.99828,44.43369],[26.00472,44.43377],[26.00589,44.43375],[26.00647,44.43372],[26.00706,44.43372],[26.0083,44.43376],[26.01176,44.43383],[26.01246,44.43383],[26.01559,44.43388],[26.01666,44.43388],[26.02354,44.43404],[26.02532,44.43404],[26.02733,44.43409],[26.0295,44.43411],[26.03357,44.43419],[26.03432,44.43414],[26.03617,44.43415],[26.0369,44.43418],[26.04293,44.43425],[26.04599,44.43431],[26.04983,44.43434],[26.05401,44.4344],[26.05548,44.43444],[26.05969,44.43448],[26.05992,44.43454],[26.06174,44.43515],[26.06213,44.43524],[26.06297,44.43532],[26.06333,44.43537],[26.06373,44.43547],[26.06413,44.4356],[26.0664,44.4367],[26.06795,44.4373],[26.06893,44.43763],[26.06942,44.43781],[26.0698,44.43798],[26.06999,44.43804],[26.07015,44.43803],[26.07051,44.43783],[26.0713,44.43746],[26.07251,44.43685],[26.07455,44.43575],[26.07472,44.43564],[26.07525,44.43542],[26.07917,44.4339],[26.08027,44.43368],[26.08087,44.43362],[26.08135,44.43361],[26.083,44.43351],[26.08486,44.43336],[26.09148,44.43295],[26.092,44.43288],[26.09235,44.4328],[26.09275,44.43266],[26.09294,44.43257],[26.09332,44.43232],[26.09351,44.43217],[26.09539,44.43042],[26.09617,44.42967],[26.09627,44.42958],[26.0964,44.4295],[26.09672,44.42941],[26.09696,44.42937],[26.09968,44.42917],[26.09997,44.42911],[26.10027,44.429],[26.10045,44.42892],[26.10065,44.4288],[26.10105,44.42851],[26.10112,44.42841],[26.10103,44.42744],[26.10094,44.42739],[26.10095,44.42611],[26.10126,44.426],[26.10178,44.4259],[26.10282,44.42583]]]},"properties":{"route_id":"1008-154","line":"N115","name":"N115","ref":"N115","long_name":"Piata Unirii 2 - Colegiul Tehnic Iuliu Maniu","type":"bus","color":"#2D2E83"}},{"type":"Feature","geometry":{"type":"MultiLineString","coordinates":[[[26.10282,44.42583],[26.1039,44.42583],[26.10399,44.42594],[26.10403,44.42605],[26.104,44.42781],[26.10392,44.42828],[26.1038,44.4285],[26.10358,44.42862],[26.10315,44.42865],[26.10263,44.42855],[26.10215,44.42839],[26.10145,44.42805],[26.10106,44.42782],[26.10105,44.42769],[26.10095,44.42739],[26.10098,44.42636],[26.10088,44.42614],[26.10019,44.42633],[26.10006,44.42639],[26.09993,44.42641],[26.0998,44.4264],[26.09833,44.42562],[26.09613,44.42451],[26.09121,44.42194],[26.09009,44.42138],[26.08768,44.42011],[26.08499,44.41874],[26.08468,44.41856],[26.08438,44.41842],[26.08378,44.41825],[26.08233,44.41788],[26.08182,44.41769],[26.08067,44.41691],[26.08023,44.41664],[26.07852,44.41576],[26.07799,44.41551],[26.07704,44.41499],[26.07362,44.41317],[26.07264,44.41256],[26.06791,44.4091],[26.06527,44.40725],[26.06365,44.40615],[26.06271,44.40548],[26.06207,44.40518],[26.05711,44.40321],[26.05629,44.40285],[26.05578,44.40267],[26.05476,44.40225],[26.05195,44.40116],[26.0511,44.40081],[26.05097,44.40079],[26.05004,44.40041],[26.04956,44.40034],[26.04941,44.4003],[26.04927,44.40023],[26.04917,44.40021],[26.04893,44.4001],[26.04887,44.40005],[26.04869,44.39995],[26.04835,44.39969],[26.04821,44.39961],[26.04606,44.39879],[26.04549,44.39856],[26.04526,44.39853],[26.04509,44.39857],[26.04493,44.39856],[26.04486,44.39851],[26.04472,44.39833],[26.04463,44.39828],[26.04437,44.39818],[26.04284,44.39749],[26.04219,44.39724],[26.04204,44.39723],[26.04197,44.39727],[26.04152,44.39787],[26.04077,44.39898]],[[26.04077,44.39898],[26.04065,44.39907],[26.0406,44.39903],[26.04074,44.39879],[26.04204,44.39713],[26.04331,44.39763],[26.04365,44.39778],[26.04611,44.39874],[26.04837,44.3996],[26.04876,44.39972],[26.04951,44.3999],[26.05003,44.40015],[26.05023,44.40028],[26.05108,44.40064],[26.05426,44.4019],[26.0549,44.40217],[26.06167,44.40488],[26.06235,44.40513],[26.06269,44.40528],[26.06301,44.40547],[26.06484,44.40674],[26.06527,44.40707],[26.06972,44.41019],[26.06992,44.41035],[26.07207,44.41188],[26.07327,44.41276],[26.07383,44.41312],[26.07443,44.41341],[26.07667,44.41462],[26.07925,44.41591],[26.08095,44.41691],[26.08188,44.41754],[26.08227,44.41775],[26.08271,44.41789],[26.08295,44.41793],[26.08442,44.41834],[26.08482,44.4185],[26.0877,44.42002],[26.08994,44.42118],[26.09022,44.42112],[26.09044,44.42114],[26.09074,44.4213],[26.09079,44.4214],[26.09081,44.42159],[26.09103,44.42177],[26.09291,44.42271],[26.09696,44.4248],[26.09983,44.4263],[26.10002,44.42633],[26.10054,44.42619],[26.10102,44.42604],[26.10162,44.42592],[26.10193,44.42588],[26.10282,44.42583]]]},"properties":{"route_id":"1008-155","line":"N114","name":"N114","ref":"N114","long_name":"Piata Unirii 2 - Autobaza Alexandria","type":"bus","color":"#2D2E83"}},{"type":"Feature","geometry":{"type":"MultiLineString","coordinates":[[[25.98266,44.42222],[25.98272,44.42211],[25.98277,44.42208],[25.98295,44.42207],[25.98364,44.42217],[25.98738,44.42252],[25.99571,44.4232],[25.99994,44.4236],[26.00029,44.42366],[26.001,44.42374],[26.00931,44.42441],[26.01138,44.42452],[26.01157,44.42446],[26.01171,44.42438],[26.01224,44.42376],[26.0123,44.42365],[26.01244,44.4231],[26.01256,44.42216],[26.01296,44.42054],[26.01342,44.41881],[26.01416,44.41565],[26.01429,44.41561],[26.01462,44.41562],[26.01876,44.41596],[26.019,44.41601],[26.01921,44.41607],[26.01973,44.41633],[26.02109,44.41707],[26.02121,44.41706],[26.02156,44.41684],[26.02208,44.41655],[26.02259,44.41634],[26.02329,44.41615],[26.02367,44.4161],[26.02423,44.41608],[26.02477,44.41611],[26.02507,44.41615],[26.02578,44.41632],[26.02628,44.41653],[26.0268,44.4168],[26.02734,44.41715],[26.02836,44.41777],[26.02879,44.41801],[26.02912,44.41816],[26.0298,44.41835],[26.03014,44.41841],[26.0307,44.41846],[26.03133,44.41843],[26.03182,44.41834],[26.0324,44.4182],[26.03392,44.41792],[26.03414,44.41783],[26.03426,44.4177],[26.0343,44.41761],[26.03459,44.41576],[26.03493,44.41447],[26.03497,44.41417],[26.03588,44.41083],[26.03607,44.41021],[26.03594,44.41007],[26.03585,44.41004],[26.03566,44.41003],[26.03541,44.41006],[26.03498,44.41021],[26.03493,44.41025],[26.03492,44.41031],[26.03483,44.41037],[26.03475,44.41038],[26.03461,44.41035],[26.03374,44.41069],[26.03368,44.41071],[26.03363,44.4107],[26.03366,44.41065],[26.03459,44.41032],[26.03465,44.41022],[26.03472,44.41018],[26.03481,44.41016]],[[26.03481,44.41016],[26.0349,44.4102],[26.0354,44.41003],[26.03559,44.40999],[26.03573,44.40999],[26.03601,44.41002],[26.03608,44.40995],[26.03618,44.40992],[26.03626,44.40992],[26.03636,44.40997],[26.03642,44.4101],[26.03632,44.41028],[26.03529,44.41415],[26.03518,44.41463],[26.03504,44.415],[26.03481,44.41586],[26.03472,44.41623],[26.03455,44.41776],[26.03447,44.41793],[26.03437,44.41805],[26.03376,44.41814],[26.03238,44.4184],[26.03185,44.41853],[26.03129,44.41862],[26.03047,44.41863],[26.03004,44.41859],[26.02937,44.41846],[26.02868,44.4182],[26.02836,44.41803],[26.02742,44.41746],[26.02659,44.41691],[26.0259,44.41658],[26.02551,44.41646],[26.02499,44.41635],[26.02438,44.41628],[26.02379,44.41629],[26.02319,44.41637],[26.02289,44.41644],[26.02263,44.41653],[26.02219,44.41671],[26.02169,44.41698],[26.02148,44.41712],[26.02129,44.41719],[26.0211,44.41718],[26.02076,44.41701],[26.01929,44.41621],[26.01878,44.41605],[26.01489,44.41572],[26.01433,44.4157],[26.01425,44.41571],[26.0142,44.41575],[26.01319,44.42003],[26.01266,44.42209],[26.01254,44.42311],[26.01239,44.42362],[26.01229,44.42384],[26.01205,44.42466],[26.01188,44.42474],[26.01148,44.42469],[26.0102,44.42463],[26.00013,44.42382],[25.99942,44.42372],[25.99919,44.42361],[25.99904,44.42357],[25.98416,44.4223],[25.98336,44.42221],[25.9833,44.42221],[25.98322,44.42224],[25.98298,44.42237],[25.98285,44.42238],[25.98277,44.42236],[25.9827,44.42231],[25.98267,44.42222]]]},"properties":{"route_id":"1008-158","line":"221","name":"221","ref":"221","long_name":"Dedeman Ghencea - C.E.T. Vest Militari","type":"bus","color":"#1D71B8"}},{"type":"Feature","geometry":{"type":"MultiLineString","coordinates":[[[25.97878,44.40678],[25.98077,44.40708],[25.98095,44.40707],[25.98139,44.40689],[25.98165,44.40687],[25.98183,44.40692],[25.98192,44.40701],[25.98197,44.40717],[25.98209,44.40733],[25.98221,44.40739],[25.98239,44.40742],[25.98273,44.40743],[25.98319,44.40742],[25.98344,44.40746],[25.98597,44.4074],[25.98908,44.40735],[25.98947,44.40745],[25.99115,44.40799],[25.99547,44.40928],[25.99567,44.40932],[26.00763,44.41076],[26.02258,44.41263],[26.02532,44.41296],[26.02569,44.41302],[26.02587,44.41296],[26.02597,44.41295],[26.03123,44.41358],[26.03501,44.41415],[26.03515,44.41421],[26.03523,44.41428],[26.03525,44.41439],[26.03504,44.415],[26.03472,44.41623],[26.03455,44.41776],[26.03447,44.41793],[26.03437,44.41805],[26.03376,44.41814],[26.03354,44.41819]],[[26.03354,44.41819],[26.03238,44.4184],[26.03185,44.41853],[26.03129,44.41862],[26.03047,44.41863],[26.03004,44.41859],[26.02937,44.41846],[26.02868,44.4182],[26.02804,44.41784],[26.02613,44.41665],[26.02577,44.41652],[26.02547,44.41643],[26.02491,44.41633],[26.02421,44.4163],[26.02378,44.41631],[26.02365,44.41613],[26.02372,44.41596],[26.02384,44.41575],[26.0257,44.4132],[26.02565,44.41306],[26.01873,44.4122],[26.01845,44.41218],[26.01636,44.41189],[26.01174,44.41131],[26.00204,44.41014],[26.00174,44.41009],[25.99557,44.40934],[25.99537,44.4093],[25.99469,44.40912],[25.99415,44.40896],[25.99028,44.40778],[25.98937,44.40747],[25.98919,44.40742],[25.98899,44.40739],[25.98343,44.40751],[25.98327,44.40757],[25.98316,44.40758],[25.98247,44.40758],[25.98216,44.40756],[25.982,44.40759],[25.98185,44.40765],[25.98173,44.40775],[25.98161,44.40782],[25.98145,44.40785],[25.98133,44.40784],[25.98118,44.40777],[25.98085,44.40752],[25.98074,44.40745],[25.98056,44.40737],[25.97994,44.40728],[25.97977,44.40727],[25.97926,44.40717],[25.97842,44.40704],[25.97757,44.40693],[25.97739,44.40684],[25.97734,44.40671],[25.97741,44.4066],[25.97754,44.40652],[25.97767,44.40651],[25.97782,44.40656],[25.97797,44.40664],[25.9782,44.4067],[25.97878,44.40678]]]},"properties":{"route_id":"1008-159","line":"222","name":"222","ref":"222","long_name":"Pasaj Domnesti - Parcul Drumul Taberei","type":"bus","color":"#1D71B8"}},{"type":"Feature","geometry":{"type":"MultiLineString","coordinates":[[[26.11379,44.41645],[26.1193,44.41136],[26.12051,44.41026],[26.12103,44.40982],[26.122,44.40913],[26.12243,44.40887],[26.12289,44.40863],[26.12403,44.40812],[26.12479,44.40783],[26.12524,44.4077],[26.12831,44.40695],[26.13845,44.40433],[26.14258,44.40323],[26.16221,44.39825],[26.16855,44.39667],[26.17316,44.39545],[26.17545,44.39493],[26.17915,44.39404],[26.18008,44.39391],[26.1812,44.39382],[26.18287,44.39381],[26.20147,44.39464]],[[26.20147,44.39464],[26.21004,44.39501],[26.21268,44.3951],[26.21399,44.39519],[26.2206,44.39545],[26.22105,44.39545],[26.2213,44.39548],[26.22305,44.39556],[26.22284,44.39607],[26.22265,44.39605],[26.21855,44.39591],[26.21716,44.39581],[26.20214,44.39517],[26.18834,44.3946],[26.18192,44.39431],[26.18074,44.39436],[26.17958,44.3945],[26.17782,44.39488],[26.16962,44.39696],[26.16763,44.39743],[26.16511,44.39807],[26.16429,44.39831],[26.1615,44.39898],[26.1507,44.40172],[26.14926,44.4021],[26.14809,44.40244],[26.14468,44.40332],[26.14348,44.4036],[26.14196,44.404],[26.14037,44.40439],[26.13603,44.40562],[26.13406,44.40607],[26.13319,44.4063],[26.13276,44.40638],[26.13084,44.40685],[26.12877,44.40741],[26.12729,44.40777],[26.12602,44.40814],[26.12495,44.40848],[26.1233,44.40909],[26.12298,44.40924],[26.1225,44.40947],[26.1216,44.41006],[26.12118,44.41038],[26.12057,44.41093],[26.11738,44.41384],[26.11564,44.4154],[26.11415,44.41683],[26.11388,44.41705],[26.11383,44.41704],[26.11347,44.41685],[26.11347,44.41678],[26.11396,44.41629],[26.11397,44.41625],[26.11396,44.41621],[26.1139,44.41617],[26.11364,44.41607],[26.11358,44.41607],[26.11351,44.41614],[26.11336,44.41662],[26.11342,44.41668],[26.11352,44.41668],[26.11379,44.41645]]]},"properties":{"route_id":"1008-160","line":"223","name":"223","ref":"223","long_name":"Univ. Crestina Dimitrie Cantemir - Cartier Rez. Splaiul Unirii","type":"bus","color":"#1D71B8"}},{"type":"Feature","geometry":{"type":"MultiLineString","coordinates":[[[26.05944,44.38579],[26.05938,44.38582],[26.05935,44.38587],[26.05938,44.38594],[26.05989,44.3865],[26.06076,44.38737],[26.06162,44.38841],[26.063,44.38989],[26.06318,44.39003],[26.06332,44.3902],[26.06374,44.39206],[26.06415,44.39363],[26.06429,44.39405],[26.06436,44.39444],[26.06507,44.39725],[26.06554,44.39933],[26.06571,44.39985],[26.0661,44.40161],[26.06656,44.40325],[26.0666,44.40335],[26.06748,44.40401],[26.06747,44.40414],[26.06736,44.4042],[26.06496,44.40586],[26.06436,44.4063],[26.06398,44.40632],[26.06382,44.40627],[26.06271,44.40548],[26.06207,44.40518],[26.05711,44.40321],[26.05629,44.40285],[26.05578,44.40267],[26.05476,44.40225],[26.05195,44.40116],[26.0511,44.40081],[26.05097,44.40079],[26.05012,44.40044],[26.04999,44.4004],[26.04949,44.40036],[26.04916,44.40023],[26.04869,44.39995],[26.04821,44.39962],[26.04567,44.39863],[26.04539,44.39854],[26.04502,44.3986],[26.04489,44.39856],[26.04479,44.39847],[26.04478,44.39841],[26.04469,44.39832],[26.04415,44.3981],[26.04407,44.39812],[26.044,44.39816],[26.04392,44.39825],[26.04387,44.39833],[26.04387,44.3984],[26.04392,44.39844],[26.0445,44.39862]],[[26.0445,44.39861],[26.04458,44.39865],[26.0447,44.39864],[26.04476,44.39858],[26.04479,44.39847],[26.04478,44.39841],[26.04484,44.39834],[26.04492,44.39829],[26.04504,44.39829],[26.0452,44.39832],[26.04731,44.39919],[26.04793,44.39943],[26.04855,44.39965],[26.04864,44.39966],[26.04871,44.39964],[26.04882,44.39959],[26.04884,44.39954],[26.04827,44.395],[26.04834,44.39495],[26.04869,44.39495],[26.05465,44.39435],[26.05471,44.39439],[26.05492,44.39519],[26.05531,44.39688],[26.05605,44.39979],[26.05664,44.40227],[26.05687,44.40237],[26.05694,44.40243],[26.05692,44.40249],[26.0567,44.4028],[26.05671,44.40284],[26.05678,44.40291],[26.06167,44.40488],[26.06183,44.40485],[26.06232,44.40387],[26.06245,44.40373],[26.06272,44.40332],[26.0628,44.40314],[26.06285,44.40295],[26.06283,44.40274],[26.06276,44.40249],[26.06272,44.40223],[26.06009,44.39067],[26.05917,44.3874],[26.05903,44.38643],[26.05901,44.38618],[26.05903,44.38608],[26.05906,44.38603],[26.05911,44.386],[26.05955,44.38585],[26.05984,44.38572],[26.05988,44.38567],[26.05983,44.38562],[26.05979,44.38562],[26.05944,44.38579]]]},"properties":{"route_id":"1008-165","line":"227","name":"227","ref":"227","long_name":"Depoul Alexandria - Cartier Confort Urban","type":"bus","color":"#1D71B8"}},{"type":"Feature","geometry":{"type":"MultiLineString","coordinates":[[[26.17934,44.42732],[26.17922,44.42733],[26.17914,44.42731],[26.17906,44.42727],[26.17892,44.42719],[26.17885,44.42712],[26.17882,44.42705],[26.17884,44.42683],[26.17894,44.42646],[26.17895,44.42624],[26.17893,44.42605],[26.17887,44.42591],[26.17864,44.42563],[26.17739,44.4243],[26.17719,44.42393],[26.17658,44.42325],[26.17547,44.42195],[26.17524,44.42158],[26.17519,44.42147],[26.17515,44.4213],[26.17513,44.42074],[26.17517,44.42051],[26.17525,44.42027],[26.17553,44.41968],[26.17579,44.41925],[26.17588,44.41914],[26.176,44.41884],[26.17604,44.41834],[26.176,44.41817],[26.17588,44.41798],[26.17571,44.41782],[26.17542,44.41765],[26.17442,44.41734],[26.17409,44.41728],[26.17384,44.41726],[26.17321,44.41729],[26.17231,44.41747],[26.17202,44.41751],[26.1714,44.41746],[26.17108,44.41742],[26.17019,44.41724],[26.16938,44.41698],[26.16864,44.41666],[26.16786,44.4163],[26.16721,44.4161],[26.16667,44.41597],[26.1661,44.41589],[26.1653,44.41584],[26.1648,44.41588],[26.16458,44.41517],[26.16428,44.41446],[26.16384,44.41353],[26.16378,44.41343],[26.1637,44.41336],[26.16352,44.41328],[26.16333,44.41328],[26.16294,44.41334],[26.1622,44.41342],[26.15763,44.41376],[26.15679,44.41389],[26.15641,44.41397],[26.15587,44.41411],[26.15459,44.41457],[26.15286,44.41528],[26.14931,44.41666],[26.14667,44.41776],[26.1451,44.41825],[26.13909,44.41976],[26.13889,44.41983],[26.13735,44.4202],[26.13702,44.42035],[26.13696,44.42049],[26.13699,44.42086],[26.13708,44.42156],[26.13716,44.42189],[26.13741,44.42348],[26.13755,44.42444],[26.13754,44.42454],[26.13727,44.42464],[26.13704,44.42484],[26.13668,44.42519],[26.13608,44.42588],[26.13557,44.42634],[26.13512,44.42665],[26.13461,44.42697],[26.13267,44.42833],[26.13257,44.42838],[26.13243,44.42835],[26.1321,44.42816],[26.13095,44.42744],[26.12898,44.42627],[26.12857,44.4261],[26.12848,44.42605],[26.12827,44.42585],[26.12809,44.42576],[26.12795,44.42573],[26.12781,44.42573],[26.12735,44.42577],[26.1238,44.42592],[26.12243,44.426],[26.11214,44.42645],[26.11098,44.42652],[26.10419,44.42683],[26.10409,44.42686],[26.10406,44.42702],[26.104,44.42781]],[[26.104,44.42781],[26.10392,44.42828],[26.1038,44.4285],[26.10358,44.42862],[26.10315,44.42865],[26.10263,44.42855],[26.10215,44.42839],[26.10145,44.42805],[26.10106,44.42782],[26.10105,44.42769],[26.10094,44.42739],[26.10096,44.42718],[26.10092,44.42648],[26.10093,44.42622],[26.10097,44.42614],[26.10121,44.42601],[26.10145,44.42593],[26.10185,44.42589],[26.10327,44.42582],[26.10376,44.42581],[26.10407,44.42586],[26.10416,44.42595],[26.1042,44.42655],[26.10426,44.4266],[26.10488,44.42658],[26.11254,44.42624],[26.12444,44.42568],[26.12783,44.42554],[26.12798,44.42552],[26.12811,44.42547],[26.1283,44.42527],[26.12849,44.42511],[26.12874,44.42499],[26.12902,44.42497],[26.12927,44.42498],[26.12953,44.42506],[26.12966,44.42513],[26.12978,44.42522],[26.12989,44.42535],[26.12995,44.42552],[26.12995,44.42565],[26.1299,44.42578],[26.12982,44.42589],[26.12946,44.42622],[26.12944,44.42628],[26.12947,44.42642],[26.12997,44.4267],[26.13262,44.4283],[26.13314,44.42796],[26.13503,44.4266],[26.13556,44.42618],[26.1359,44.42587],[26.1369,44.42483],[26.13726,44.42451],[26.13725,44.42361],[26.13721,44.42333],[26.13669,44.4204],[26.13662,44.42017],[26.13789,44.41985],[26.13798,44.4198],[26.13887,44.41958],[26.14061,44.4191],[26.14568,44.41777],[26.14672,44.41742],[26.14997,44.41609],[26.15374,44.41458],[26.1548,44.41414],[26.15583,44.41381],[26.15673,44.4136],[26.15738,44.4135],[26.15823,44.4134],[26.1624,44.4131],[26.16378,44.41298],[26.16392,44.41302],[26.16406,44.41332],[26.16448,44.41427],[26.16476,44.41497],[26.16504,44.41581],[26.16556,44.4158],[26.16653,44.41589],[26.16688,44.41595],[26.16742,44.41607],[26.16775,44.41618],[26.16926,44.41685],[26.1697,44.41701],[26.17026,44.41718],[26.17112,44.41735],[26.1716,44.41741],[26.17188,44.41743],[26.17339,44.4172],[26.17387,44.41719],[26.17418,44.41722],[26.17448,44.41728],[26.17521,44.4175],[26.17534,44.41752],[26.17557,44.4175],[26.17591,44.41743],[26.17621,44.41746],[26.17626,44.41751],[26.17631,44.41781],[26.17629,44.41866],[26.17614,44.41916],[26.17599,44.41944],[26.17597,44.41955],[26.17555,44.42025],[26.17548,44.42044],[26.1754,44.42059],[26.17537,44.42126],[26.17546,44.42152],[26.17569,44.4219],[26.17587,44.42215],[26.17726,44.42365],[26.17737,44.42375],[26.17903,44.42567],[26.17944,44.42609],[26.17962,44.42625],[26.18001,44.42653],[26.18016,44.42669],[26.18021,44.4268],[26.1802,44.4269],[26.18001,44.42703],[26.17934,44.42732]]]},"properties":{"route_id":"1008-167","line":"N122","name":"N122","ref":"N122","long_name":"Piata Unirii 4 - Faur","type":"bus","color":"#2D2E83"}},{"type":"Feature","geometry":{"type":"MultiLineString","coordinates":[[[26.01568,44.41571],[26.01876,44.41596],[26.019,44.41601],[26.01921,44.41607],[26.01973,44.41633],[26.02097,44.41701],[26.02112,44.41711],[26.02121,44.41724],[26.02122,44.41734],[26.02117,44.41744],[26.02091,44.41774],[26.02077,44.41793],[26.02058,44.41823],[26.02041,44.41857],[26.02029,44.41906],[26.02023,44.41956],[26.02023,44.41981],[26.02035,44.42032],[26.02073,44.42104],[26.02132,44.42169],[26.02181,44.42207],[26.02199,44.42219],[26.02269,44.42254],[26.0229,44.42263],[26.02339,44.4228],[26.0242,44.42297],[26.02432,44.42302],[26.02507,44.42308],[26.02514,44.42313],[26.02518,44.42319],[26.02519,44.42333],[26.02469,44.42654],[26.02499,44.4266],[26.02938,44.42695],[26.03041,44.42702],[26.03344,44.42727],[26.03443,44.42738],[26.03853,44.42776],[26.04081,44.42788],[26.04612,44.4281],[26.04733,44.42813],[26.04845,44.42818],[26.04934,44.42825],[26.05327,44.42844],[26.05556,44.42864],[26.06108,44.429],[26.06121,44.42895],[26.06139,44.42893],[26.06149,44.42895],[26.06159,44.42899],[26.06166,44.42906],[26.06187,44.42935],[26.06211,44.42956],[26.06234,44.42972],[26.0625,44.42978],[26.06269,44.42979],[26.06289,44.4297],[26.06384,44.42912],[26.06437,44.42878],[26.06466,44.42855],[26.06516,44.42824],[26.06547,44.42809],[26.06555,44.42808],[26.06563,44.42809],[26.06578,44.42822],[26.06661,44.42885],[26.06704,44.4293],[26.06752,44.4299],[26.06814,44.4306],[26.06824,44.43074],[26.06838,44.43112],[26.06846,44.43119],[26.0695,44.43193],[26.06989,44.43216],[26.07034,44.43253],[26.07071,44.43292],[26.07154,44.4335],[26.07379,44.43503],[26.07473,44.43572],[26.08024,44.43943],[26.08101,44.43998],[26.08114,44.44002],[26.08127,44.44002],[26.08155,44.43999],[26.08193,44.44003],[26.08312,44.44005],[26.0842,44.44012],[26.08466,44.44013],[26.08529,44.44008],[26.08629,44.44002],[26.08693,44.44],[26.08799,44.43993],[26.08871,44.43982],[26.08915,44.4398],[26.08998,44.43982],[26.09102,44.43995],[26.09205,44.44004],[26.09251,44.44005],[26.09324,44.44009],[26.09346,44.44003],[26.09414,44.44021],[26.09557,44.44063],[26.0957,44.44064],[26.09585,44.44061],[26.09627,44.44032],[26.0966,44.43998],[26.09668,44.43993],[26.09683,44.43989],[26.09801,44.44029],[26.09862,44.44048],[26.09874,44.44049],[26.09943,44.44061],[26.09964,44.44063],[26.09979,44.44058],[26.10034,44.43948],[26.10217,44.43567],[26.10224,44.43557],[26.10223,44.43551],[26.10228,44.4354],[26.10235,44.43533],[26.10275,44.43462],[26.10286,44.43431],[26.1031,44.4338],[26.10322,44.43317],[26.10347,44.43214],[26.10356,44.43158],[26.10365,44.42941],[26.10362,44.42913],[26.10354,44.42896],[26.10331,44.42879],[26.10273,44.4287],[26.10186,44.42827],[26.10102,44.42779],[26.10094,44.42739],[26.10095,44.42611],[26.10126,44.426],[26.10178,44.4259],[26.10282,44.42583]],[[26.10282,44.42583],[26.10351,44.42581],[26.10381,44.42582],[26.10392,44.42588],[26.104,44.42595],[26.10403,44.42616],[26.10405,44.42684],[26.10396,44.42841],[26.10399,44.42876],[26.10395,44.42902],[26.1039,44.42913],[26.10381,44.42947],[26.10367,44.43181],[26.10329,44.43353],[26.10331,44.43364],[26.10314,44.43437],[26.10304,44.43458],[26.10283,44.43526],[26.10281,44.43546],[26.10282,44.43558],[26.10274,44.43568],[26.10247,44.43584],[26.10235,44.43596],[26.10217,44.43623],[26.10068,44.43915],[26.10035,44.4391],[26.10027,44.4391],[26.09954,44.43921],[26.09822,44.43936],[26.09812,44.43933],[26.09796,44.43931],[26.0974,44.4393],[26.09703,44.43927],[26.09697,44.43922],[26.09715,44.43852],[26.09717,44.43831],[26.09723,44.43812],[26.09744,44.43773],[26.09758,44.43732],[26.09754,44.43726],[26.09674,44.43712],[26.09641,44.43713],[26.09574,44.43746],[26.0947,44.43804],[26.09455,44.43814],[26.09427,44.43841],[26.09393,44.43888],[26.09337,44.44001],[26.09311,44.44035],[26.09281,44.44068],[26.09244,44.44156],[26.09238,44.44175],[26.09233,44.44203],[26.09222,44.44222],[26.09215,44.44229],[26.09204,44.44235],[26.0914,44.44245],[26.09092,44.44291],[26.09026,44.44344],[26.08997,44.44364],[26.08947,44.44382],[26.0893,44.4439],[26.08889,44.44423],[26.08866,44.44437],[26.08834,44.44443],[26.08794,44.44447],[26.08776,44.44436],[26.08648,44.44379],[26.08626,44.44372],[26.08331,44.44328],[26.0822,44.4431],[26.08169,44.44299],[26.08154,44.443],[26.08125,44.44318],[26.08107,44.4432],[26.08092,44.44316],[26.08079,44.44307],[26.08076,44.44294],[26.0808,44.44282],[26.08087,44.44269],[26.08076,44.44229],[26.08074,44.44215],[26.08077,44.442],[26.08102,44.44127],[26.08116,44.44065],[26.08113,44.44031],[26.08102,44.44018],[26.07593,44.43671],[26.07502,44.43607],[26.07387,44.43521],[26.07337,44.43489],[26.07037,44.43283],[26.06937,44.4322],[26.06837,44.43153],[26.06803,44.43144],[26.06745,44.43138],[26.06598,44.43082],[26.06546,44.43058],[26.06516,44.43042],[26.06489,44.43024],[26.06414,44.42963],[26.06377,44.42935],[26.06167,44.43058],[26.06012,44.43155],[26.06001,44.43157],[26.05991,44.43156],[26.0598,44.43152],[26.05969,44.43143],[26.05968,44.43136],[26.06017,44.43047],[26.06095,44.42948],[26.061,44.42937],[26.06098,44.42928],[26.06091,44.4292],[26.06073,44.42915],[26.05624,44.42886],[26.05491,44.42879],[26.05379,44.42875],[26.05333,44.42869],[26.05251,44.42868],[26.0498,44.42848],[26.04281,44.42817],[26.04007,44.42808],[26.03663,44.42781],[26.0311,44.42728],[26.02843,44.42706],[26.02821,44.42706],[26.02461,44.42678],[26.02464,44.4266],[26.02466,44.42614],[26.02503,44.42404],[26.02513,44.42328],[26.02508,44.42324],[26.02499,44.4232],[26.0246,44.42318],[26.02395,44.42309],[26.02336,44.42296],[26.02282,44.42279],[26.02217,44.42251],[26.02164,44.42223],[26.02144,44.42209],[26.02109,44.42181],[26.02067,44.42137],[26.02033,44.42091],[26.02016,44.42049],[26.02002,44.41998],[26.01999,44.41975],[26.02003,44.41901],[26.0202,44.41841],[26.02032,44.41813],[26.02074,44.41753],[26.02098,44.41728],[26.021,44.4172],[26.02096,44.41712],[26.01929,44.41621],[26.01897,44.4161],[26.01877,44.41606],[26.0167,44.41587],[26.01649,44.41594],[26.01642,44.41601],[26.01632,44.41607],[26.01625,44.41609],[26.01619,44.41608],[26.01606,44.41601],[26.01589,44.41596],[26.0152,44.4159],[26.01487,44.41594],[26.01473,44.41584],[26.01458,44.41563],[26.01568,44.41571]]]},"properties":{"route_id":"1008-169","line":"N121","name":"N121","ref":"N121","long_name":"Piata Unirii 2 - Valea Argesului","type":"bus","color":"#2D2E83"}},{"type":"Feature","geometry":{"type":"MultiLineString","coordinates":[[[26.14816,44.4651],[26.14793,44.46511],[26.14778,44.46508],[26.14503,44.46369],[26.14398,44.46311],[26.14292,44.4626],[26.14268,44.46247],[26.14229,44.4623],[26.1422,44.46233],[26.13969,44.46478],[26.13849,44.466],[26.13822,44.46637],[26.13814,44.46642],[26.13798,44.46647],[26.13773,44.4664],[26.13605,44.46549],[26.13563,44.46523],[26.13537,44.46505],[26.13478,44.46458],[26.13454,44.46437],[26.13412,44.46395],[26.13328,44.46276],[26.13296,44.46236],[26.13277,44.46203],[26.13275,44.46195],[26.13284,44.46185],[26.13342,44.46164],[26.13354,44.46158],[26.13371,44.46152],[26.13442,44.46089],[26.13504,44.46038],[26.13588,44.45973],[26.13905,44.45707],[26.13931,44.45689],[26.14026,44.45644],[26.14043,44.45638],[26.14323,44.45571],[26.14333,44.45562],[26.14336,44.45557],[26.14334,44.45548],[26.1431,44.45518],[26.14298,44.45496],[26.1428,44.45475],[26.1421,44.45384],[26.14206,44.45378],[26.1421,44.45367],[26.14499,44.45217],[26.14541,44.45192],[26.14656,44.45111],[26.14683,44.45087],[26.14722,44.45062],[26.14848,44.44956],[26.14883,44.44924],[26.14883,44.44919],[26.14877,44.44914],[26.14796,44.44879],[26.14762,44.44871],[26.14716,44.44873],[26.14681,44.44865],[26.14622,44.44847],[26.14599,44.44838],[26.14565,44.44814],[26.14513,44.4477],[26.14475,44.44734],[26.14417,44.44685],[26.1437,44.44654],[26.14354,44.44646],[26.14282,44.44599],[26.14166,44.44527],[26.14161,44.44518],[26.14146,44.44457],[26.14141,44.44455],[26.13991,44.44469],[26.13733,44.44496],[26.13705,44.44502],[26.13679,44.44509],[26.13653,44.44518],[26.13597,44.4454],[26.1358,44.44549],[26.13561,44.44562],[26.13482,44.44623],[26.13467,44.44625],[26.13436,44.4461],[26.13394,44.44594],[26.13064,44.4445],[26.1306,44.44442],[26.12925,44.4438],[26.12913,44.44368],[26.12916,44.44358],[26.12986,44.4432],[26.13114,44.44245],[26.13276,44.44146],[26.13283,44.4414],[26.13284,44.44132],[26.13274,44.4412],[26.13266,44.44116],[26.11729,44.43832],[26.11718,44.43831],[26.11661,44.43841],[26.11633,44.4384],[26.11602,44.43825],[26.11576,44.43805],[26.115,44.43794],[26.11411,44.43777],[26.11361,44.43764],[26.11058,44.43707],[26.10744,44.4365],[26.10712,44.43646],[26.10692,44.43649],[26.10651,44.43646],[26.10626,44.43641],[26.10579,44.43621],[26.10306,44.43574],[26.10244,44.43568],[26.10234,44.43565],[26.10224,44.43557],[26.10223,44.43551],[26.10228,44.4354],[26.10235,44.43533],[26.10275,44.43462],[26.10286,44.43431],[26.10314,44.43371],[26.10324,44.43313],[26.1035,44.43214],[26.10355,44.43171],[26.10368,44.42947],[26.10367,44.42921],[26.10357,44.42908],[26.10342,44.42898],[26.10322,44.42891],[26.10242,44.42853],[26.10107,44.42793],[26.10094,44.42739],[26.10094,44.42628],[26.10095,44.42611],[26.10126,44.426],[26.10178,44.4259],[26.10282,44.42583]],[[26.10282,44.42583],[26.10351,44.42581],[26.10381,44.42582],[26.10392,44.42588],[26.104,44.42595],[26.10403,44.42616],[26.10405,44.42684],[26.10396,44.42841],[26.10399,44.42876],[26.10395,44.42902],[26.1039,44.42913],[26.10381,44.42947],[26.10367,44.43181],[26.10329,44.43353],[26.10331,44.43364],[26.10314,44.43437],[26.10296,44.43479],[26.1028,44.43542],[26.103,44.43553],[26.10325,44.43563],[26.10491,44.43592],[26.10526,44.436],[26.10539,44.43605],[26.10552,44.43608],[26.10578,44.43612],[26.10609,44.43611],[26.10633,44.43612],[26.10668,44.43617],[26.10736,44.4364],[26.10791,44.43653],[26.1086,44.43665],[26.10954,44.43679],[26.11042,44.43697],[26.11363,44.43755],[26.11483,44.43778],[26.11532,44.43785],[26.11574,44.43794],[26.11585,44.43794],[26.116,44.43789],[26.11632,44.43783],[26.11661,44.43786],[26.11688,44.43798],[26.11702,44.43809],[26.11707,44.43817],[26.11715,44.43821],[26.12842,44.4403],[26.13249,44.44108],[26.13313,44.44117],[26.13329,44.44127],[26.13324,44.44144],[26.13307,44.44158],[26.13279,44.44174],[26.13215,44.44215],[26.1306,44.44306],[26.12973,44.44362],[26.12969,44.44369],[26.12971,44.44386],[26.12987,44.44396],[26.13026,44.44413],[26.13115,44.44458],[26.13161,44.44479],[26.13401,44.44585],[26.13461,44.44609],[26.13475,44.4461],[26.13482,44.44607],[26.13508,44.44588],[26.13615,44.44506],[26.13629,44.44499],[26.13641,44.44495],[26.14123,44.44441],[26.1414,44.44441],[26.14151,44.44448],[26.14156,44.44455],[26.14169,44.44519],[26.14172,44.44524],[26.1418,44.44531],[26.14387,44.44659],[26.14421,44.44683],[26.14514,44.4476],[26.14572,44.44812],[26.14604,44.44835],[26.14614,44.44839],[26.14697,44.44863],[26.14722,44.44865],[26.1476,44.44862],[26.14782,44.44866],[26.14888,44.44913],[26.14892,44.44918],[26.1489,44.44926],[26.14831,44.44982],[26.14786,44.45021],[26.14747,44.45049],[26.14657,44.45118],[26.1451,44.45217],[26.14473,44.45238],[26.14346,44.45303],[26.14224,44.45368],[26.14216,44.45375],[26.14215,44.45381],[26.14232,44.45398],[26.14352,44.45558],[26.14356,44.45571],[26.14345,44.45581],[26.14062,44.45645],[26.1401,44.45666],[26.1393,44.45708],[26.13818,44.45795],[26.13642,44.45944],[26.13525,44.4605],[26.13371,44.46181],[26.13356,44.46203],[26.1335,44.46221],[26.13352,44.46247],[26.13381,44.46306],[26.13401,44.46338],[26.13464,44.46415],[26.13543,44.46481],[26.13692,44.46572],[26.13762,44.46609],[26.13807,44.46618],[26.13837,44.46609],[26.13953,44.46492],[26.14245,44.46204],[26.14273,44.46174],[26.14285,44.46168],[26.14314,44.46166],[26.14336,44.46174],[26.14685,44.46355],[26.14746,44.46384],[26.14788,44.46407],[26.14819,44.4643],[26.14845,44.46463],[26.1486,44.46492],[26.14857,44.46501],[26.14851,44.46504],[26.14816,44.4651]]]},"properties":{"route_id":"1008-174","line":"N120","name":"N120","ref":"N120","long_name":"Piata Unirii 2 - Soseaua Fundeni","type":"bus","color":"#2D2E83"}},{"type":"Feature","geometry":{"type":"MultiLineString","coordinates":[[[26.04597,44.4148],[26.04613,44.41474],[26.04621,44.41473],[26.04684,44.41478],[26.04699,44.4148],[26.04708,44.41483],[26.04713,44.41494],[26.04716,44.41522],[26.04715,44.41536],[26.04706,44.41542],[26.04694,44.41544],[26.04551,44.41531],[26.04364,44.41527],[26.0431,44.41523],[26.0343,44.4141],[26.03373,44.41405],[26.03111,44.41371],[26.0309,44.41367],[26.03048,44.41322],[26.02817,44.41087],[26.02652,44.4092],[26.02597,44.40867],[26.02574,44.40839],[26.02421,44.40684],[26.02332,44.40591],[26.02297,44.4056],[26.02268,44.40531],[26.02263,44.40528],[26.02257,44.40528],[26.02245,44.40531],[26.01768,44.40756],[26.01759,44.40756],[26.01657,44.40658],[26.01557,44.40554],[26.01555,44.4055],[26.0156,44.40545],[26.01669,44.40495],[26.01745,44.40463],[26.01938,44.40374],[26.0206,44.40315],[26.02074,44.40315],[26.02093,44.40328],[26.02154,44.40395]],[[26.02154,44.40395],[26.02194,44.4044],[26.02199,44.40451],[26.0222,44.40477],[26.02368,44.40623],[26.02719,44.40982],[26.03084,44.41352],[26.03123,44.41358],[26.03662,44.41425],[26.04343,44.41506],[26.04503,44.4151],[26.04538,44.41506],[26.04559,44.41501],[26.04597,44.41481]]]},"properties":{"route_id":"1008-175","line":"185","name":"185","ref":"185","long_name":"Ghencea - Cimitirul Ghencea 3","type":"bus","color":"#1D71B8"}},{"type":"Feature","geometry":{"type":"MultiLineString","coordinates":[[[26.08944,44.36969],[26.08977,44.37083],[26.09095,44.3754],[26.091,44.37552],[26.09182,44.37871],[26.09185,44.37875],[26.092,44.37878],[26.09298,44.37865],[26.09408,44.37858],[26.09482,44.37851],[26.0951,44.37847],[26.09533,44.37841],[26.10227,44.37742],[26.10474,44.37709],[26.10599,44.37691],[26.10706,44.37673],[26.11022,44.37627],[26.11044,44.37641],[26.11048,44.37656],[26.11026,44.37751],[26.11026,44.37783],[26.11019,44.37792],[26.11012,44.38048],[26.11017,44.38143],[26.11005,44.38456],[26.11007,44.3851],[26.10995,44.38949],[26.10991,44.39023],[26.10993,44.39237],[26.10989,44.39253],[26.10985,44.39723],[26.10989,44.3981],[26.10981,44.39823],[26.10966,44.39832],[26.10849,44.39876],[26.10818,44.3989],[26.10762,44.39905],[26.10638,44.39953],[26.10584,44.39972],[26.10519,44.3999],[26.10176,44.40078],[26.10057,44.4011],[26.09956,44.40142],[26.09941,44.40148],[26.09922,44.40158],[26.09904,44.40169],[26.09879,44.40192],[26.09799,44.40283],[26.0979,44.40296],[26.09784,44.40309],[26.09674,44.40488],[26.09605,44.40609],[26.09576,44.40655],[26.09572,44.40666],[26.09576,44.40717],[26.09581,44.40728],[26.09694,44.40868],[26.09722,44.40892],[26.09765,44.40923],[26.09994,44.41096],[26.10074,44.41149],[26.10329,44.41311],[26.1041,44.4136],[26.10473,44.41411],[26.10478,44.41422],[26.10462,44.41457],[26.10459,44.41512],[26.10452,44.41575],[26.10427,44.4189],[26.10419,44.42062],[26.10424,44.42337],[26.10429,44.42492],[26.10429,44.42555],[26.10417,44.42641],[26.10418,44.42655],[26.10424,44.42661],[26.1044,44.42662],[26.10488,44.42658],[26.11176,44.42635],[26.11202,44.4265],[26.11215,44.42779],[26.1115,44.42959],[26.1114,44.43007],[26.11155,44.43107],[26.11157,44.43196],[26.11147,44.43217],[26.11139,44.43226],[26.11129,44.4323],[26.11116,44.43227],[26.10851,44.43087],[26.10638,44.42992]],[[26.10639,44.42993],[26.10413,44.42898],[26.1039,44.4289],[26.10358,44.42885],[26.10336,44.42877],[26.10283,44.42868],[26.10247,44.42854],[26.10195,44.42827],[26.10151,44.42802],[26.10104,44.42779],[26.10095,44.42739],[26.10093,44.42625],[26.10099,44.42613],[26.1011,44.42607],[26.10147,44.42596],[26.10164,44.42589],[26.10178,44.42587],[26.10365,44.4258],[26.10376,44.42578],[26.10386,44.42573],[26.10392,44.42565],[26.10393,44.42541],[26.10391,44.42479],[26.10396,44.42293],[26.10394,44.42137],[26.10391,44.42092],[26.1039,44.42025],[26.10436,44.4153],[26.10434,44.41487],[26.10442,44.4142],[26.10438,44.41403],[26.10145,44.41214],[26.1004,44.4115],[26.09987,44.41114],[26.09959,44.41091],[26.09861,44.41019],[26.09834,44.41003],[26.09744,44.40936],[26.09688,44.40889],[26.09666,44.40867],[26.09583,44.40756],[26.09553,44.4072],[26.09543,44.40693],[26.09542,44.40679],[26.09599,44.40583],[26.09608,44.40565],[26.0962,44.40508],[26.09629,44.40485],[26.09693,44.40384],[26.09705,44.40368],[26.09763,44.40309],[26.09787,44.4029],[26.09805,44.40271],[26.0989,44.40175],[26.09907,44.40162],[26.09939,44.40144],[26.10084,44.401],[26.10524,44.39986],[26.10586,44.39968],[26.10654,44.39937],[26.1091,44.39838],[26.1092,44.39831],[26.10957,44.3976],[26.10973,44.39733],[26.10975,44.39725],[26.10975,44.39689],[26.10979,44.39652],[26.10978,44.39167],[26.1098,44.38961],[26.10983,44.38904],[26.10979,44.38782],[26.1098,44.38687],[26.10978,44.38591],[26.10983,44.38445],[26.10981,44.38422],[26.10988,44.38404],[26.10994,44.38161],[26.10992,44.38101],[26.10988,44.3807],[26.10992,44.38058],[26.11,44.37906],[26.10999,44.37839],[26.11004,44.37722],[26.11009,44.37717],[26.11023,44.37672],[26.11025,44.37658],[26.11022,44.37647],[26.11009,44.37637],[26.11001,44.37637],[26.10656,44.37687],[26.10592,44.37702],[26.09508,44.37851],[26.09464,44.37858],[26.09422,44.37863],[26.093,44.37871],[26.09196,44.37885],[26.09183,44.37883],[26.09167,44.37876],[26.09159,44.37868],[26.09112,44.37691],[26.09092,44.37624],[26.09059,44.37486],[26.08915,44.36948],[26.08911,44.36937],[26.08902,44.36931],[26.08878,44.36909],[26.08876,44.36903],[26.08877,44.36896],[26.08885,44.3689],[26.08897,44.36887],[26.08906,44.36888],[26.08915,44.36891],[26.08923,44.369],[26.08944,44.36969]]]},"properties":{"route_id":"1008-180","line":"116","name":"116","ref":"116","long_name":"C.F.R. Progresul - Piata Sf. Vineri","type":"bus","color":"#1D71B8"}},{"type":"Feature","geometry":{"type":"MultiLineString","coordinates":[[[26.10639,44.42993],[26.10413,44.42898],[26.1039,44.4289],[26.10358,44.42885],[26.10336,44.42877],[26.10283,44.42868],[26.10247,44.42854],[26.10195,44.42827],[26.10151,44.42802],[26.10104,44.42779],[26.10095,44.42739],[26.10098,44.42636],[26.10088,44.42614],[26.10019,44.42633],[26.10006,44.42639],[26.09993,44.42641],[26.0998,44.4264],[26.09833,44.42562],[26.09613,44.42451],[26.09029,44.42146],[26.08774,44.42016],[26.08683,44.41972],[26.08548,44.41896],[26.08425,44.41837],[26.08231,44.41788],[26.08214,44.41782],[26.08213,44.41777],[26.08219,44.41765],[26.08235,44.4175],[26.08273,44.41731],[26.08364,44.41668],[26.08366,44.41661],[26.08362,44.41657],[26.08313,44.41627],[26.08173,44.41534],[26.08134,44.41499],[26.08097,44.41462],[26.08033,44.4138],[26.07965,44.41276],[26.07847,44.41137],[26.0775,44.41018],[26.07672,44.40971],[26.07676,44.40953],[26.07709,44.40914],[26.07745,44.40876],[26.07778,44.40833],[26.0777,44.40824],[26.07619,44.40775],[26.07582,44.4074],[26.07443,44.40571],[26.07402,44.40508],[26.07378,44.40466],[26.07307,44.40357],[26.07281,44.4032],[26.07266,44.40291],[26.07166,44.4013],[26.07094,44.40038],[26.07065,44.39994],[26.06982,44.39822],[26.06956,44.3978],[26.06839,44.3963],[26.06803,44.39577],[26.06637,44.39364],[26.06591,44.39309],[26.06362,44.39055],[26.06336,44.39024],[26.0629,44.38982],[26.06249,44.38941],[26.06058,44.38732],[26.06048,44.38718],[26.0596,44.38626],[26.05938,44.38601],[26.05937,44.38597],[26.05942,44.38592],[26.05984,44.38572],[26.05988,44.38567],[26.05986,44.38564],[26.05983,44.38562],[26.05979,44.38562],[26.05944,44.38579]],[[26.05944,44.38579],[26.05938,44.38582],[26.05935,44.38587],[26.05938,44.38594],[26.05989,44.3865],[26.06076,44.38737],[26.06159,44.38837],[26.06283,44.38968],[26.06322,44.39003],[26.06358,44.39044],[26.06582,44.39286],[26.06629,44.39346],[26.06635,44.39351],[26.06639,44.39351],[26.06956,44.39269],[26.06974,44.39266],[26.06986,44.39268],[26.06997,44.39276],[26.07001,44.39284],[26.07007,44.39306],[26.07007,44.39336],[26.06994,44.39497],[26.07001,44.39832],[26.07087,44.40006],[26.07151,44.40101],[26.07321,44.40367],[26.07395,44.40492],[26.07427,44.40542],[26.07451,44.40575],[26.07574,44.40727],[26.07595,44.4075],[26.07611,44.40762],[26.07629,44.40772],[26.07703,44.40796],[26.07776,44.40816],[26.07805,44.40826],[26.07807,44.40838],[26.07801,44.40849],[26.0779,44.40859],[26.07771,44.4087],[26.07696,44.40967],[26.07695,44.40974],[26.07749,44.41007],[26.07768,44.41027],[26.07858,44.41137],[26.07957,44.41251],[26.08004,44.41319],[26.08133,44.4149],[26.08175,44.41529],[26.08217,44.41557],[26.08376,44.41655],[26.08381,44.41665],[26.0837,44.41677],[26.08342,44.41698],[26.08288,44.41729],[26.08233,44.41764],[26.08227,44.41775],[26.08268,44.41792],[26.08295,44.41793],[26.08373,44.41817],[26.08431,44.41832],[26.08449,44.41839],[26.08799,44.42019],[26.09149,44.42202],[26.09443,44.4235],[26.099,44.42591],[26.09958,44.42618],[26.10044,44.42661],[26.10064,44.42675],[26.10146,44.42676],[26.10182,44.42673],[26.10195,44.4267],[26.10206,44.42664],[26.10216,44.42656],[26.1023,44.42649],[26.10247,44.42648],[26.10265,44.42649],[26.10289,44.42665],[26.103,44.42668],[26.10488,44.42658],[26.11176,44.42635],[26.11202,44.4265],[26.11215,44.42779],[26.1115,44.42959],[26.1114,44.43007],[26.11155,44.43107],[26.11157,44.43196],[26.11147,44.43217],[26.11139,44.43226],[26.11129,44.4323],[26.11116,44.43227],[26.10851,44.43087],[26.10638,44.42992]]]},"properties":{"route_id":"1008-181","line":"117","name":"117","ref":"117","long_name":"Cartier Confort Urban - Piata Sf. Vineri","type":"bus","color":"#1D71B8"}},{"type":"Feature","geometry":{"type":"MultiLineString","coordinates":[[[26.11568,44.48673],[26.11571,44.4868],[26.11566,44.48685],[26.11549,44.4869],[26.11496,44.48698],[26.11485,44.48698],[26.11468,44.48688],[26.11456,44.48683],[26.11446,44.48681],[26.11425,44.48685],[26.11393,44.48694],[26.11381,44.48691],[26.11313,44.48619],[26.11258,44.48586],[26.11167,44.48522],[26.10947,44.48394],[26.10899,44.48368],[26.10691,44.48247],[26.10443,44.48108],[26.10354,44.48067],[26.10215,44.48018],[26.10137,44.47995],[26.101,44.47986],[26.09969,44.47961],[26.09951,44.47959],[26.0993,44.47952],[26.09745,44.47939],[26.09704,44.47932],[26.09273,44.47912],[26.09266,44.47915],[26.09252,44.4804],[26.09238,44.48218],[26.09223,44.48458],[26.09212,44.48565],[26.09205,44.48688],[26.092,44.48725],[26.09216,44.48745],[26.09222,44.48757],[26.09196,44.48775],[26.09184,44.48793],[26.09176,44.48811],[26.09121,44.48965],[26.091,44.49004],[26.09087,44.49023],[26.09067,44.49045],[26.0901,44.49089],[26.08879,44.49181],[26.08747,44.49279],[26.08681,44.49317],[26.08622,44.49346],[26.08588,44.49361],[26.08556,44.49372],[26.08535,44.49375],[26.08116,44.49429],[26.07998,44.49443],[26.0795,44.49452],[26.07913,44.49463],[26.07855,44.49492],[26.07765,44.49545],[26.07421,44.49738],[26.07287,44.49816],[26.07006,44.49975],[26.06992,44.49982],[26.06936,44.49997],[26.06901,44.5],[26.06828,44.50001],[26.06735,44.49985],[26.06603,44.49956],[26.06461,44.49927],[26.06296,44.49896],[26.06221,44.49875],[26.06217,44.49869],[26.06215,44.49861],[26.06311,44.49553],[26.0637,44.49344],[26.06379,44.49306],[26.06379,44.49291],[26.06384,44.49269],[26.06398,44.49225],[26.06413,44.49189],[26.06452,44.49057],[26.06477,44.48989],[26.06516,44.48908],[26.06555,44.48836],[26.06667,44.48615],[26.06684,44.48594],[26.06776,44.48495],[26.06805,44.48468],[26.06811,44.48455],[26.06805,44.4845],[26.06319,44.48325],[26.06313,44.48323],[26.0626,44.48294],[26.06206,44.48275],[26.06197,44.48273],[26.06189,44.48272],[26.06169,44.48273],[26.06144,44.48285],[26.05986,44.48371],[26.05975,44.48375],[26.05931,44.48381],[26.05917,44.48385],[26.05796,44.48511],[26.05781,44.48524],[26.0576,44.48529],[26.05584,44.48514],[26.04412,44.48387],[26.04137,44.48362],[26.04123,44.48364],[26.04118,44.4837],[26.04101,44.48378],[26.04094,44.48377],[26.0408,44.48369],[26.0405,44.48358],[26.04041,44.48362],[26.03842,44.48618],[26.03661,44.48855],[26.03444,44.49128],[26.03433,44.49146],[26.03116,44.49553],[26.03102,44.49556],[26.03089,44.49553],[26.03046,44.49503],[26.02485,44.48771],[26.02365,44.48617],[26.02354,44.48608],[26.02338,44.48599],[26.02293,44.48583],[26.02273,44.4857],[26.02254,44.48551],[26.02232,44.48548],[26.02197,44.4856],[26.01149,44.48977],[26.01084,44.49005],[26.01055,44.49021],[26.0101,44.49042],[26.01002,44.49048],[26.00999,44.49058],[26.01007,44.4907],[26.01024,44.49083],[26.01033,44.49086],[26.0106,44.49089],[26.0108,44.49094],[26.01144,44.49117],[26.01159,44.49121],[26.01188,44.49123],[26.01202,44.49121],[26.01238,44.49109],[26.01255,44.49108],[26.0127,44.49113],[26.01279,44.4912],[26.01296,44.49139],[26.01304,44.49144],[26.0132,44.49149],[26.0134,44.49149],[26.01425,44.49139],[26.0146,44.49128],[26.01468,44.49122],[26.01471,44.49116],[26.01476,44.49111],[26.01482,44.49109],[26.0149,44.49108],[26.01497,44.4911],[26.01502,44.49112],[26.01507,44.49117],[26.01509,44.49122],[26.01508,44.49127],[26.01497,44.49137],[26.01485,44.49138],[26.01477,44.49136],[26.0145,44.49142],[26.01418,44.49146],[26.01348,44.49158]],[[26.01348,44.49158],[26.01322,44.49157],[26.01294,44.49159],[26.01281,44.49158],[26.01256,44.49162],[26.01242,44.49161],[26.01219,44.49152],[26.0121,44.49146],[26.012,44.49142],[26.01156,44.4913],[26.01082,44.49103],[26.01038,44.49096],[26.01023,44.49092],[26.01013,44.49086],[26.0099,44.49063],[26.00976,44.49046],[26.00978,44.49041],[26.00986,44.49034],[26.0113,44.48975],[26.01219,44.48941],[26.01736,44.48733],[26.02238,44.48535],[26.02246,44.48533],[26.02252,44.48534],[26.02291,44.48575],[26.02302,44.48581],[26.02354,44.48603],[26.02369,44.48614],[26.02512,44.48798],[26.0282,44.49201],[26.03077,44.49534],[26.03083,44.49538],[26.03095,44.49539],[26.03152,44.49472],[26.03695,44.48773],[26.03883,44.48534],[26.04007,44.48372],[26.04042,44.48332],[26.04058,44.48333],[26.04085,44.48346],[26.04106,44.4835],[26.04337,44.48369],[26.04857,44.48426],[26.05673,44.48512],[26.05709,44.48517],[26.05747,44.48516],[26.0576,44.48512],[26.05858,44.4841],[26.05928,44.48341],[26.05926,44.48301],[26.05938,44.48278],[26.05974,44.48248],[26.05996,44.48232],[26.06029,44.48223],[26.06043,44.48224],[26.06153,44.4825],[26.06258,44.48288],[26.06319,44.48321],[26.06335,44.48326],[26.06408,44.48343],[26.06807,44.48446],[26.06816,44.48452],[26.06816,44.4846],[26.06809,44.48471],[26.06703,44.48579],[26.06681,44.48604],[26.0666,44.48638],[26.06532,44.4889],[26.06479,44.49],[26.06465,44.49047],[26.06464,44.49061],[26.06459,44.49082],[26.06443,44.49136],[26.06436,44.49159],[26.06425,44.49181],[26.06315,44.49554],[26.06225,44.4985],[26.06247,44.49871],[26.06256,44.49877],[26.0627,44.49883],[26.06297,44.49891],[26.0633,44.49898],[26.06477,44.49924],[26.06664,44.4996],[26.06808,44.4999],[26.06851,44.49993],[26.06917,44.4999],[26.06966,44.49981],[26.06988,44.49973],[26.07067,44.4993],[26.0714,44.49887],[26.07285,44.49805],[26.07369,44.49754],[26.07768,44.4953],[26.07842,44.4949],[26.07858,44.49479],[26.07876,44.4946],[26.07885,44.49453],[26.07895,44.49448],[26.08014,44.49431],[26.08544,44.49366],[26.08564,44.49362],[26.08593,44.49351],[26.08663,44.49316],[26.08735,44.49275],[26.09035,44.49053],[26.0905,44.4904],[26.09063,44.49026],[26.09089,44.48985],[26.09105,44.48953],[26.09173,44.48765],[26.09182,44.48731],[26.09191,44.48664],[26.09246,44.47922],[26.09255,44.47908],[26.09271,44.47904],[26.09696,44.47923],[26.09757,44.47921],[26.09851,44.47925],[26.09913,44.4793],[26.10059,44.47952],[26.10125,44.4797],[26.10314,44.48027],[26.10378,44.48052],[26.10423,44.48072],[26.10503,44.48113],[26.10664,44.48206],[26.1078,44.48277],[26.11056,44.48437],[26.11321,44.48589],[26.11345,44.48601],[26.11365,44.48615],[26.11453,44.48668],[26.11484,44.48691],[26.11494,44.48692],[26.11528,44.48686],[26.11548,44.48672],[26.11555,44.4867],[26.11561,44.4867],[26.11568,44.48672]]]},"properties":{"route_id":"1008-183","line":"112","name":"112","ref":"112","long_name":"Pasajul Pipera - Complex Colosseum","type":"bus","color":"#1D71B8"}},{"type":"Feature","geometry":{"type":"MultiLineString","coordinates":[[[26.05187,44.47064],[26.05208,44.4709],[26.05217,44.47093],[26.05425,44.47044],[26.0556,44.47006],[26.05642,44.46977],[26.06402,44.46667],[26.06562,44.46601],[26.06654,44.46561],[26.06712,44.4654],[26.06958,44.46436],[26.06983,44.46423],[26.07023,44.46396],[26.07065,44.46365],[26.07208,44.46246],[26.07371,44.46122],[26.07487,44.4603],[26.07535,44.4599],[26.07657,44.45898],[26.07866,44.45729],[26.0827,44.45365],[26.08307,44.45335],[26.08384,44.45265],[26.08413,44.45236],[26.08437,44.45215],[26.08454,44.4519],[26.08595,44.45185],[26.0867,44.45184],[26.08683,44.45182],[26.08692,44.45179],[26.08743,44.45151],[26.08759,44.45146],[26.09103,44.44966],[26.09569,44.44738],[26.09595,44.44719],[26.09636,44.44703],[26.09651,44.44695],[26.0966,44.44687],[26.09675,44.44667],[26.09685,44.44649],[26.09834,44.44335],[26.10006,44.43989],[26.1018,44.43646],[26.10228,44.4354],[26.10235,44.43533],[26.10258,44.43497],[26.10275,44.43462],[26.10286,44.43431],[26.10303,44.43367],[26.10333,44.43224],[26.10343,44.4319],[26.10347,44.43156],[26.10358,44.42966],[26.10365,44.42934],[26.10366,44.42915],[26.10381,44.42818],[26.10406,44.42553],[26.10407,44.4248],[26.10399,44.42196],[26.10393,44.42065],[26.1039,44.42046],[26.1039,44.4202],[26.10394,44.42015],[26.10405,44.41902],[26.10414,44.41777],[26.1044,44.41486],[26.10451,44.41434],[26.10456,44.41424],[26.10505,44.41366],[26.1055,44.41299],[26.10578,44.41266],[26.10593,44.41251],[26.10627,44.41227],[26.10655,44.4121],[26.11103,44.41025],[26.11132,44.41011],[26.1126,44.40932],[26.11362,44.40888],[26.11427,44.40868],[26.11485,44.40855],[26.11574,44.40842],[26.11824,44.40836],[26.11859,44.40833],[26.11926,44.40819],[26.11987,44.40801],[26.12004,44.40794],[26.12017,44.40786],[26.12031,44.40776],[26.12045,44.40762],[26.12074,44.40725],[26.12086,44.40714],[26.12096,44.40702],[26.12101,44.40692],[26.12104,44.4068],[26.12099,44.40541],[26.12103,44.40518],[26.12095,44.40426],[26.12098,44.40373],[26.12093,44.4021],[26.12079,44.39935],[26.12065,44.39591],[26.1206,44.39558],[26.12052,44.39432],[26.12053,44.39426],[26.12051,44.3942],[26.1204,44.39407],[26.12037,44.39399],[26.12037,44.39392],[26.12053,44.39369],[26.1206,44.39325],[26.12059,44.39294],[26.12057,44.39279],[26.12047,44.3925],[26.11991,44.39154],[26.11963,44.39112],[26.11932,44.39071],[26.11896,44.39029],[26.11862,44.38995],[26.11793,44.38942],[26.11689,44.38881],[26.11666,44.38871],[26.11572,44.38837],[26.11536,44.38827],[26.11466,44.38811],[26.11441,44.38807],[26.11218,44.38782],[26.11021,44.38762],[26.10964,44.38758],[26.10851,44.38778],[26.10475,44.38854],[26.10463,44.38855],[26.10456,44.38853],[26.10449,44.38847],[26.10363,44.38711],[26.10342,44.38682],[26.10077,44.38378],[26.09998,44.38285],[26.09969,44.38242],[26.09963,44.38224],[26.09903,44.37946],[26.099,44.37924],[26.09903,44.37919],[26.09917,44.37916],[26.09933,44.37926],[26.09945,44.37959],[26.09924,44.37972],[26.09922,44.37981]],[[26.09922,44.37981],[26.0992,44.37997],[26.09963,44.38206],[26.09972,44.38238],[26.09987,44.38265],[26.10048,44.38339],[26.10119,44.38418],[26.10233,44.38551],[26.10349,44.38683],[26.10401,44.38761],[26.1045,44.38839],[26.10459,44.38849],[26.10464,44.38851],[26.10471,44.38851],[26.10926,44.38757],[26.1097,44.3875],[26.10993,44.3875],[26.11209,44.38773],[26.11317,44.38783],[26.11417,44.38795],[26.11492,44.38807],[26.11577,44.38829],[26.11666,44.38862],[26.11725,44.38888],[26.11744,44.38894],[26.11812,44.38895],[26.11828,44.38897],[26.1184,44.38903],[26.11848,44.38911],[26.11866,44.38945],[26.11876,44.38972],[26.11891,44.38998],[26.11963,44.39085],[26.12009,44.39153],[26.12049,44.39202],[26.12068,44.39229],[26.1208,44.39256],[26.12087,44.39263],[26.1209,44.39275],[26.12094,44.39311],[26.12092,44.39369],[26.12094,44.39376],[26.12102,44.39385],[26.12107,44.39396],[26.12104,44.39406],[26.12093,44.39428],[26.12099,44.39496],[26.12093,44.39633],[26.1211,44.39978],[26.12113,44.39998],[26.12119,44.40201],[26.12133,44.4051],[26.12138,44.40543],[26.12142,44.4065],[26.12147,44.40681],[26.12163,44.40717],[26.12162,44.40729],[26.12152,44.4074],[26.12136,44.40746],[26.12118,44.40748],[26.12097,44.40747],[26.12089,44.40751],[26.1207,44.40764],[26.12047,44.40786],[26.12024,44.408],[26.11955,44.40834],[26.11936,44.40845],[26.11918,44.40858],[26.11906,44.40863],[26.11896,44.40862],[26.11839,44.40848],[26.11816,44.40846],[26.11603,44.40851],[26.11554,44.40854],[26.11503,44.4086],[26.11454,44.4087],[26.11412,44.40881],[26.11367,44.40896],[26.11337,44.40908],[26.1127,44.40941],[26.11159,44.41007],[26.11116,44.41028],[26.11006,44.41076],[26.10925,44.41107],[26.107,44.412],[26.10667,44.41214],[26.10642,44.41228],[26.10619,44.41243],[26.10606,44.41254],[26.10579,44.41282],[26.10549,44.41321],[26.10479,44.41423],[26.10463,44.41457],[26.10427,44.4189],[26.10418,44.42062],[26.10419,44.42553],[26.10397,44.4278],[26.10373,44.43202],[26.1037,44.4324],[26.10364,44.4327],[26.10356,44.43286],[26.10339,44.43354],[26.10314,44.43437],[26.10282,44.4353],[26.10277,44.4355],[26.10264,44.43568],[26.10231,44.43606],[26.10199,44.43665],[26.10084,44.43893],[26.09993,44.44068],[26.09766,44.44535],[26.09703,44.44659],[26.09704,44.44674],[26.09709,44.44679],[26.09715,44.44699],[26.09714,44.44713],[26.09707,44.44722],[26.09691,44.44729],[26.09675,44.44732],[26.0965,44.44727],[26.09636,44.44726],[26.09626,44.4473],[26.09382,44.44855],[26.09272,44.44913],[26.09052,44.4502],[26.08781,44.45155],[26.08646,44.45227],[26.08591,44.45247],[26.08501,44.45239],[26.08458,44.45237],[26.08438,44.4524],[26.08428,44.45246],[26.08386,44.45285],[26.08359,44.45307],[26.08087,44.4555],[26.07824,44.45792],[26.0757,44.45986],[26.07284,44.46213],[26.07254,44.46234],[26.07028,44.46414],[26.06972,44.46445],[26.068,44.46517],[26.06752,44.46539],[26.06315,44.46715],[26.05657,44.46987],[26.05561,44.47021],[26.05452,44.4705],[26.0519,44.47113],[26.05141,44.47128],[26.05123,44.47132],[26.05013,44.47082],[26.05033,44.4706],[26.05083,44.46998],[26.05098,44.4699],[26.05111,44.4699],[26.0515,44.47024],[26.05187,44.47064]]]},"properties":{"route_id":"1008-184","line":"381","name":"381","ref":"381","long_name":"Piata Resita - Clabucet","type":"bus","color":"#1D71B8"}},{"type":"Feature","geometry":{"type":"MultiLineString","coordinates":[[[26.11901,44.3883],[26.12237,44.38467],[26.12751,44.3793],[26.1314,44.3795],[26.13405,44.37975],[26.13448,44.37978],[26.13477,44.37986],[26.13493,44.37996],[26.13559,44.38044],[26.13592,44.38074],[26.13629,44.38121],[26.13909,44.38501],[26.13965,44.38573],[26.13979,44.38623],[26.14119,44.38809],[26.1415,44.38847],[26.14159,44.38855],[26.14176,44.3886],[26.14247,44.3886],[26.14311,44.38862],[26.14385,44.38857],[26.14445,44.38856],[26.14465,44.38857],[26.14503,44.38855],[26.14577,44.38869],[26.14631,44.38881],[26.14716,44.38906],[26.14811,44.38939],[26.15478,44.39222],[26.15566,44.39264],[26.15733,44.39448],[26.15755,44.39479],[26.1578,44.39519],[26.1583,44.39606],[26.15847,44.39657],[26.16016,44.39871],[26.16049,44.39919],[26.16091,44.39993],[26.16113,44.40036],[26.16131,44.40096],[26.16153,44.402],[26.16178,44.40264],[26.16209,44.40323],[26.16337,44.40592],[26.16365,44.40659],[26.16398,44.40723],[26.1641,44.40751],[26.16424,44.408],[26.16425,44.40823],[26.16422,44.40858],[26.16416,44.40882],[26.16381,44.40971],[26.16373,44.41006],[26.16374,44.41022],[26.16349,44.41095],[26.16344,44.41115],[26.16341,44.41133],[26.1634,44.41169],[26.16342,44.41194],[26.16355,44.4123],[26.16378,44.41275],[26.16393,44.41317],[26.16448,44.41427],[26.16481,44.41506],[26.16502,44.41568],[26.16513,44.41618],[26.16524,44.41714],[26.16523,44.41771],[26.16507,44.41879],[26.1642,44.42215],[26.16354,44.42483],[26.16294,44.42704],[26.16263,44.42836],[26.16211,44.42972],[26.16024,44.43489],[26.15857,44.4384],[26.15817,44.43934],[26.15786,44.44018],[26.15749,44.4414],[26.15743,44.44175],[26.15743,44.44195],[26.15749,44.44234],[26.15751,44.44241],[26.15759,44.44255],[26.15782,44.44275],[26.1579,44.44291],[26.15789,44.44301],[26.15783,44.44311],[26.15769,44.44323],[26.15768,44.44329],[26.15782,44.44427],[26.15782,44.4444],[26.15778,44.44446],[26.15767,44.4445],[26.1573,44.44457],[26.15712,44.44463],[26.1571,44.4447],[26.15714,44.44517],[26.15713,44.44545],[26.15711,44.44555],[26.15707,44.44562],[26.15702,44.44569],[26.15498,44.44719],[26.1547,44.44738],[26.15448,44.44758],[26.1542,44.44798],[26.15267,44.45071],[26.15193,44.45208],[26.15186,44.45223],[26.15187,44.45234],[26.15183,44.45241],[26.15175,44.45247],[26.15146,44.45282],[26.1513,44.45297],[26.15095,44.45323],[26.14884,44.45446],[26.14879,44.45454],[26.14867,44.45463],[26.14851,44.45467],[26.14771,44.45512],[26.14733,44.45528],[26.1469,44.4554],[26.14654,44.45547],[26.14518,44.45565],[26.14408,44.45577],[26.14345,44.45581],[26.14062,44.45645],[26.1401,44.45666],[26.1393,44.45708],[26.13818,44.45795],[26.13642,44.45944],[26.13625,44.45963],[26.13479,44.46091],[26.13389,44.46163],[26.13361,44.46197],[26.13344,44.46211],[26.13291,44.46238],[26.13233,44.46258],[26.1318,44.46292],[26.12976,44.46412],[26.12862,44.46486],[26.12843,44.46504],[26.12795,44.4656],[26.12782,44.46571],[26.12772,44.46575],[26.12757,44.46575],[26.12746,44.46566],[26.12749,44.46555],[26.12759,44.4654],[26.12785,44.4652],[26.12824,44.46497],[26.12842,44.46483]],[[26.12842,44.46483],[26.12949,44.4642],[26.13062,44.46347],[26.13174,44.46269],[26.13242,44.46229],[26.13277,44.46197],[26.13299,44.46182],[26.13336,44.46165],[26.13371,44.46152],[26.13442,44.46089],[26.13504,44.46038],[26.13588,44.45973],[26.13905,44.45707],[26.13931,44.45689],[26.14026,44.45644],[26.14043,44.45638],[26.14321,44.45573],[26.14336,44.45566],[26.14353,44.45564],[26.14386,44.45564],[26.1457,44.45544],[26.14671,44.4553],[26.147,44.45524],[26.14746,44.45505],[26.14862,44.4544],[26.1492,44.45404],[26.14931,44.45395],[26.1494,44.45392],[26.15087,44.45307],[26.15117,44.45283],[26.15139,44.45261],[26.15168,44.45213],[26.15171,44.452],[26.15182,44.45179],[26.15194,44.45164],[26.15281,44.45005],[26.15301,44.44974],[26.15344,44.44892],[26.15391,44.44811],[26.15432,44.44747],[26.15556,44.44655],[26.15659,44.44583],[26.15679,44.44566],[26.15687,44.44556],[26.15693,44.44545],[26.15694,44.44535],[26.15689,44.44482],[26.15689,44.44466],[26.15691,44.4446],[26.15702,44.4445],[26.15739,44.44443],[26.15746,44.44439],[26.15753,44.44431],[26.15739,44.44332],[26.15734,44.44325],[26.15709,44.44305],[26.15704,44.44297],[26.15705,44.44288],[26.1571,44.44279],[26.15717,44.44271],[26.15725,44.44254],[26.15726,44.44232],[26.15722,44.44203],[26.15726,44.44136],[26.1574,44.44084],[26.15804,44.43909],[26.15844,44.43817],[26.15855,44.43797],[26.1597,44.43548],[26.15985,44.43512],[26.15998,44.43471],[26.16015,44.43429],[26.16222,44.42859],[26.1627,44.42689],[26.16329,44.42446],[26.16432,44.42053],[26.16478,44.41868],[26.16488,44.41813],[26.16492,44.41759],[26.16493,44.41698],[26.16488,44.41643],[26.16476,44.41574],[26.16451,44.41498],[26.16422,44.41433],[26.16378,44.41343],[26.16353,44.41279],[26.16337,44.41246],[26.1632,44.41197],[26.16316,44.41173],[26.16316,44.41131],[26.16324,44.4109],[26.16353,44.41003],[26.16362,44.40987],[26.16387,44.40926],[26.16406,44.40874],[26.16412,44.40852],[26.16414,44.40835],[26.16411,44.40802],[26.16405,44.40772],[26.16386,44.40727],[26.16307,44.40562],[26.1628,44.40511],[26.16226,44.40391],[26.16135,44.40211],[26.16108,44.40164],[26.16076,44.4007],[26.16053,44.40027],[26.16035,44.40003],[26.16016,44.39972],[26.15975,44.39921],[26.15948,44.39873],[26.15926,44.39839],[26.15903,44.39811],[26.1587,44.3975],[26.15829,44.39687],[26.15804,44.39635],[26.15783,44.3956],[26.15765,44.39519],[26.15744,44.39485],[26.15714,44.39443],[26.15613,44.39331],[26.15558,44.39283],[26.15094,44.39083],[26.14726,44.38931],[26.14524,44.38878],[26.14485,44.38871],[26.14174,44.38878],[26.14147,44.38877],[26.14081,44.38787],[26.14013,44.38703],[26.13988,44.38676],[26.1396,44.38651],[26.13928,44.38627],[26.13912,44.38608],[26.13895,44.38541],[26.1389,44.3851],[26.1388,44.3849],[26.13599,44.38107],[26.13584,44.38091],[26.13544,44.38059],[26.13493,44.38031],[26.1342,44.37986],[26.13146,44.37959],[26.12753,44.37936],[26.12699,44.37999],[26.12565,44.38136],[26.1251,44.38199],[26.12387,44.38325],[26.1228,44.38438],[26.12224,44.38501],[26.11875,44.38868],[26.11879,44.38873],[26.11915,44.38888],[26.11935,44.38899],[26.11991,44.38994],[26.1202,44.39033],[26.12036,44.39036],[26.12044,44.39027],[26.12054,44.39025],[26.12064,44.39031],[26.12062,44.3904],[26.12047,44.39045],[26.12015,44.39041],[26.1196,44.38958],[26.1193,44.38904],[26.11924,44.38896],[26.11881,44.38878],[26.11875,44.38877],[26.1187,44.38878],[26.11853,44.38934],[26.11843,44.38943],[26.11835,44.38947],[26.11825,44.38949],[26.11809,44.38948],[26.11795,44.38941],[26.11785,44.38931],[26.11784,44.38919],[26.11788,44.38906],[26.11798,44.38896],[26.11861,44.3887],[26.11901,44.3883]]]},"properties":{"route_id":"1008-186","line":"243","name":"243","ref":"243","long_name":"Emil Racovita - Bd. Lacul Tei","type":"bus","color":"#1D71B8"}},{"type":"Feature","geometry":{"type":"MultiLineString","coordinates":[[[26.19534,44.40708],[26.19956,44.40642],[26.20011,44.40631],[26.20092,44.40619],[26.20839,44.40513],[26.20887,44.40509],[26.20932,44.40508],[26.20968,44.40508],[26.21041,44.40511],[26.21079,44.40514],[26.21155,44.40524],[26.21257,44.40548],[26.21459,44.40612],[26.21511,44.40626],[26.21593,44.4064],[26.21623,44.40643],[26.21659,44.40642],[26.21705,44.40645],[26.21774,44.40657],[26.21792,44.40664],[26.21798,44.40674],[26.21797,44.40702],[26.21793,44.40723],[26.21835,44.40805],[26.21849,44.40843],[26.21849,44.40901],[26.21789,44.41541],[26.21778,44.4161],[26.21775,44.41644],[26.21777,44.41706],[26.21874,44.42011],[26.21887,44.42042],[26.21963,44.42283],[26.21988,44.42354],[26.22038,44.42462],[26.22077,44.4254],[26.22082,44.42568],[26.22096,44.42608],[26.22096,44.42626],[26.22091,44.42631],[26.21689,44.42837],[26.21532,44.42913],[26.21178,44.43089],[26.20885,44.4323],[26.20815,44.4327],[26.204,44.43476],[26.20384,44.43487],[26.20227,44.4356],[26.19203,44.44065],[26.19105,44.44111],[26.18988,44.44099],[26.18556,44.44035],[26.18487,44.44036],[26.18422,44.44045],[26.18287,44.44067],[26.1827,44.44053],[26.18269,44.44044],[26.18308,44.44033],[26.18352,44.44026]],[[26.18352,44.44026],[26.18426,44.44015],[26.18484,44.4401],[26.18629,44.44035],[26.19104,44.441],[26.19275,44.44018],[26.19781,44.43768],[26.20406,44.43463],[26.20726,44.43305],[26.2081,44.43263],[26.2086,44.43233],[26.21221,44.43055],[26.21299,44.43018],[26.22077,44.42632],[26.22083,44.42615],[26.22083,44.426],[26.2208,44.42585],[26.22057,44.42527],[26.21964,44.42312],[26.2177,44.41706],[26.21768,44.41659],[26.21781,44.41506],[26.21794,44.41405],[26.21844,44.40876],[26.21839,44.40833],[26.21832,44.4081],[26.21812,44.40769],[26.21776,44.40714],[26.21765,44.40704],[26.2172,44.40695],[26.21644,44.40676],[26.2161,44.40666],[26.21555,44.40654],[26.21131,44.40589],[26.2106,44.40577],[26.20898,44.40556],[26.20861,44.40554],[26.20826,44.40554],[26.20748,44.40567],[26.20618,44.40583],[26.20522,44.40603],[26.19772,44.40721],[26.1973,44.40721],[26.19674,44.40727],[26.19527,44.40745],[26.1941,44.40762],[26.19371,44.40769],[26.19365,44.40768],[26.1936,44.40765],[26.19354,44.40742],[26.19355,44.40738],[26.19534,44.40707]]]},"properties":{"route_id":"1008-189","line":"246","name":"246","ref":"246","long_name":"M Nicolae Teclu - Pantelimon","type":"bus","color":"#1D71B8"}},{"type":"Feature","geometry":{"type":"MultiLineString","coordinates":[[[26.13903,44.35955],[26.13892,44.35966],[26.13884,44.35968],[26.13868,44.35965],[26.13858,44.35967],[26.1385,44.35971],[26.13751,44.36099],[26.13536,44.36384],[26.13473,44.36463],[26.13403,44.36556],[26.13392,44.36581],[26.13379,44.36601],[26.13322,44.36677],[26.13309,44.36692],[26.13293,44.36716],[26.13286,44.36718],[26.13276,44.36718],[26.12923,44.3658],[26.12686,44.36484],[26.12665,44.36479],[26.12653,44.36479],[26.12629,44.36482],[26.12614,44.36493],[26.12601,44.36513],[26.12583,44.36549],[26.12571,44.3658],[26.12524,44.36672],[26.12226,44.37295],[26.12045,44.37665],[26.12043,44.37673],[26.12047,44.37676],[26.12073,44.37676],[26.12101,44.37683],[26.12108,44.37687],[26.12113,44.37694],[26.12115,44.37704],[26.12121,44.3771],[26.12135,44.37718],[26.12434,44.37819],[26.12749,44.37929],[26.12764,44.37931],[26.13164,44.3795],[26.13405,44.37975],[26.13448,44.37977],[26.1346,44.3798],[26.13478,44.37966],[26.13498,44.37938],[26.13654,44.3774],[26.14032,44.37249],[26.14195,44.3703],[26.14361,44.36811],[26.14801,44.36235],[26.14808,44.36218],[26.14823,44.36207],[26.15109,44.35839],[26.15636,44.35155],[26.15851,44.34869],[26.15893,44.34803],[26.16001,44.34661],[26.16017,44.34625],[26.16007,44.34607],[26.16008,44.34594],[26.16022,44.34587],[26.16036,44.34584],[26.16061,44.34558],[26.16153,44.34456],[26.16235,44.34346],[26.16335,44.34201],[26.16339,44.34186],[26.1633,44.3417],[26.16328,44.34159],[26.15873,44.34025],[26.15614,44.33944],[26.15589,44.33935],[26.15194,44.33825],[26.14886,44.33772],[26.14713,44.33747],[26.14586,44.33725],[26.14443,44.33699],[26.14438,44.3369],[26.14451,44.33672],[26.14474,44.33669],[26.14504,44.3369],[26.14524,44.33699],[26.14573,44.33711],[26.14604,44.33715]],[[26.14604,44.33715],[26.14746,44.33742],[26.15181,44.33809],[26.15433,44.33877],[26.15568,44.33916],[26.15723,44.33967],[26.15803,44.33991],[26.15979,44.34033],[26.16342,44.34138],[26.16358,44.34131],[26.16378,44.34127],[26.16397,44.34131],[26.1641,44.34138],[26.1642,44.34147],[26.16424,44.34158],[26.16422,44.34171],[26.16416,44.34179],[26.16406,44.34188],[26.16387,44.34195],[26.16366,44.34196],[26.16311,44.34256],[26.16231,44.34367],[26.16163,44.34457],[26.16072,44.34584],[26.1606,44.34597],[26.16026,44.34662],[26.15993,44.34707],[26.15785,44.34964],[26.15788,44.34968],[26.15781,44.34974],[26.15629,44.35174],[26.15496,44.35343],[26.1513,44.35822],[26.15117,44.35848],[26.15103,44.35857],[26.14891,44.36133],[26.14835,44.36212],[26.14828,44.36229],[26.14812,44.36238],[26.14789,44.36265],[26.14703,44.36376],[26.14414,44.36762],[26.14352,44.36839],[26.14206,44.37029],[26.14118,44.37148],[26.13978,44.37322],[26.13803,44.37556],[26.13608,44.37803],[26.13565,44.37871],[26.1349,44.37962],[26.13466,44.37986],[26.13449,44.37996],[26.13437,44.37996],[26.13417,44.37984],[26.13304,44.37975],[26.1314,44.37958],[26.12747,44.37935],[26.12688,44.37916],[26.12383,44.37811],[26.12027,44.37687],[26.12021,44.37681],[26.1204,44.3765],[26.12052,44.37623],[26.12105,44.3752],[26.12207,44.37301],[26.12549,44.36594],[26.12563,44.36559],[26.12605,44.36485],[26.12603,44.36463],[26.12608,44.36452],[26.12619,44.36447],[26.1263,44.36446],[26.12642,44.36453],[26.12651,44.36461],[26.12773,44.36518],[26.12915,44.36574],[26.1299,44.366],[26.13198,44.36684],[26.13266,44.3671],[26.13275,44.36713],[26.13284,44.36713],[26.1329,44.36711],[26.13315,44.3668],[26.13383,44.36589],[26.13391,44.36576],[26.134,44.36553],[26.13515,44.36405],[26.13719,44.36134],[26.13891,44.35914],[26.13906,44.35922],[26.13912,44.35929],[26.13913,44.35938],[26.13903,44.35955]]]},"properties":{"route_id":"1008-191","line":"125","name":"125","ref":"125","long_name":"Vulcan Berceni - Peco Silflor Move","type":"bus","color":"#1D71B8"}},{"type":"Feature","geometry":{"type":"MultiLineString","coordinates":[[[26.104,44.42781],[26.10392,44.42828],[26.1038,44.4285],[26.10358,44.42862],[26.10315,44.42865],[26.10263,44.42855],[26.10215,44.42839],[26.10145,44.42805],[26.10106,44.42782],[26.10105,44.42769],[26.10094,44.42739],[26.10096,44.42718],[26.10092,44.42648],[26.10093,44.42622],[26.10097,44.42614],[26.10121,44.42601],[26.10145,44.42593],[26.10185,44.42589],[26.10302,44.42584],[26.10378,44.42578],[26.10394,44.42567],[26.10395,44.42139],[26.1039,44.4202],[26.10394,44.42015],[26.10405,44.41902],[26.10414,44.41777],[26.1044,44.41486],[26.10451,44.41434],[26.10456,44.41424],[26.10505,44.41366],[26.1055,44.41299],[26.10578,44.41266],[26.10593,44.41251],[26.10627,44.41227],[26.10655,44.4121],[26.11103,44.41025],[26.11132,44.41011],[26.1126,44.40932],[26.11362,44.40888],[26.11427,44.40868],[26.11485,44.40855],[26.11544,44.40846],[26.11574,44.40842],[26.11824,44.40836],[26.11859,44.40833],[26.11926,44.40819],[26.11973,44.40806],[26.12004,44.40794],[26.12031,44.40776],[26.12045,44.40762],[26.12074,44.40725],[26.12086,44.40714],[26.12096,44.40702],[26.12101,44.40692],[26.12104,44.4068],[26.12099,44.40541],[26.12103,44.40518],[26.12095,44.40426],[26.12098,44.40373],[26.12093,44.4021],[26.12079,44.39935],[26.12065,44.39591],[26.1206,44.39558],[26.12052,44.39432],[26.12053,44.39426],[26.12051,44.3942],[26.1204,44.39407],[26.12037,44.39399],[26.12037,44.39392],[26.12053,44.39369],[26.12058,44.39342],[26.1206,44.3931],[26.12056,44.39281],[26.12051,44.39265],[26.12039,44.39238],[26.11955,44.39098],[26.11936,44.39072],[26.11914,44.39047],[26.11878,44.39012],[26.11853,44.38989],[26.11794,44.38942],[26.11788,44.38935],[26.11784,44.38927],[26.11781,44.38864],[26.11776,44.38843],[26.11764,44.38821],[26.11749,44.388],[26.11744,44.38786],[26.1167,44.38666],[26.11582,44.38534],[26.11568,44.38503],[26.11532,44.38443],[26.11514,44.38407],[26.11504,44.38381],[26.11495,44.38315],[26.11502,44.38278],[26.11521,44.38224],[26.11539,44.38192],[26.11577,44.38147],[26.11696,44.38023],[26.11836,44.37868],[26.11925,44.37778],[26.11943,44.37756],[26.11951,44.37729],[26.11966,44.37697],[26.1198,44.37683],[26.12018,44.37667],[26.12041,44.37651],[26.12052,44.37623],[26.12105,44.3752],[26.12207,44.37301],[26.12549,44.36594],[26.12563,44.36559],[26.12605,44.36485],[26.12603,44.36463],[26.12608,44.36452],[26.12619,44.36447],[26.1263,44.36446],[26.12642,44.36453],[26.12651,44.36461],[26.12773,44.36518],[26.12915,44.36574],[26.1299,44.366],[26.13198,44.36684],[26.13266,44.3671],[26.13275,44.36713],[26.13284,44.36713],[26.1329,44.36711],[26.13315,44.3668],[26.13383,44.36589],[26.13391,44.36576],[26.134,44.36553],[26.13515,44.36405],[26.13719,44.36134],[26.13891,44.35914],[26.13906,44.35922],[26.13912,44.35929],[26.13913,44.35938],[26.13903,44.35955]],[[26.13903,44.35955],[26.13892,44.35966],[26.13884,44.35968],[26.13868,44.35965],[26.13858,44.35967],[26.1385,44.35971],[26.13751,44.36099],[26.13536,44.36384],[26.13473,44.36463],[26.13403,44.36556],[26.13392,44.36581],[26.13379,44.36601],[26.13322,44.36677],[26.13309,44.36692],[26.13293,44.36716],[26.13286,44.36718],[26.13276,44.36718],[26.12923,44.3658],[26.12686,44.36484],[26.12665,44.36479],[26.12653,44.36479],[26.12629,44.36482],[26.12614,44.36493],[26.12601,44.36513],[26.12583,44.36549],[26.12571,44.3658],[26.12524,44.36672],[26.12226,44.37295],[26.1204,44.37669],[26.12031,44.37691],[26.11987,44.37745],[26.11966,44.37764],[26.11878,44.37854],[26.11819,44.37921],[26.11787,44.3795],[26.11609,44.3814],[26.11587,44.38169],[26.11574,44.3819],[26.11558,44.38202],[26.11534,44.38238],[26.1152,44.3828],[26.11513,44.38308],[26.1152,44.38365],[26.11542,44.38425],[26.11631,44.38565],[26.11702,44.38685],[26.11778,44.38805],[26.11807,44.38843],[26.1186,44.38921],[26.1186,44.38934],[26.11872,44.3897],[26.11906,44.39021],[26.11926,44.39039],[26.11961,44.39082],[26.12056,44.3921],[26.12088,44.39273],[26.12095,44.39317],[26.12091,44.3936],[26.12092,44.39373],[26.12104,44.394],[26.12094,44.39426],[26.12094,44.39449],[26.12099,44.39498],[26.12096,44.3954],[26.12095,44.39634],[26.12113,44.39998],[26.12119,44.40201],[26.12133,44.4051],[26.12138,44.40543],[26.12142,44.4065],[26.12147,44.40681],[26.12163,44.40717],[26.12162,44.40729],[26.12152,44.4074],[26.12136,44.40746],[26.12118,44.40748],[26.12097,44.40747],[26.12089,44.40751],[26.1207,44.40764],[26.12047,44.40786],[26.12024,44.408],[26.11955,44.40834],[26.11936,44.40845],[26.11918,44.40858],[26.11906,44.40863],[26.11896,44.40862],[26.11839,44.40848],[26.11816,44.40846],[26.11603,44.40851],[26.11554,44.40854],[26.11503,44.4086],[26.11454,44.4087],[26.11412,44.40881],[26.11367,44.40896],[26.11337,44.40908],[26.1127,44.40941],[26.11159,44.41007],[26.11116,44.41028],[26.11006,44.41076],[26.10925,44.41107],[26.10667,44.41214],[26.10619,44.41243],[26.10606,44.41254],[26.10579,44.41282],[26.10549,44.41321],[26.10479,44.41423],[26.10463,44.41457],[26.10427,44.4189],[26.10419,44.42062],[26.10424,44.42337],[26.10429,44.42492],[26.10422,44.42572],[26.10408,44.42591],[26.10406,44.42674],[26.104,44.42781]]]},"properties":{"route_id":"1008-192","line":"N105","name":"N105","ref":"N105","long_name":"Piata Unirii 4 - Vulcan Berceni","type":"bus","color":"#2D2E83"}},{"type":"Feature","geometry":{"type":"MultiLineString","coordinates":[[[26.11987,44.37745],[26.11975,44.3775],[26.11963,44.37747],[26.11954,44.37743],[26.11951,44.37735],[26.11966,44.37703],[26.11977,44.3769],[26.11991,44.37681],[26.12012,44.37675],[26.12045,44.37674],[26.12087,44.37679],[26.12101,44.37683],[26.12108,44.37687],[26.12113,44.37694],[26.12115,44.37704],[26.12121,44.3771],[26.12135,44.37718],[26.12434,44.37819],[26.12749,44.37929],[26.12764,44.37931],[26.1314,44.3795],[26.13405,44.37975],[26.13448,44.37978],[26.13477,44.37986],[26.13493,44.37996],[26.13559,44.38044],[26.13591,44.38073],[26.13629,44.38119],[26.13951,44.38551],[26.13965,44.38573],[26.1397,44.38592],[26.13963,44.38604],[26.13934,44.38623],[26.13839,44.38661],[26.13791,44.38672],[26.12694,44.39139],[26.12211,44.39352],[26.1216,44.39379],[26.12113,44.39416],[26.12106,44.39426],[26.12101,44.39436],[26.12097,44.39456],[26.12099,44.39496],[26.12093,44.39633],[26.1211,44.39978],[26.12113,44.39998],[26.12119,44.40201],[26.12133,44.4051],[26.12138,44.40543],[26.12142,44.4065],[26.12147,44.40681],[26.12163,44.40717],[26.12162,44.40729],[26.12152,44.4074],[26.12136,44.40746],[26.12118,44.40748],[26.12097,44.40747],[26.12089,44.40751],[26.1207,44.40764],[26.12047,44.40786],[26.11988,44.4082],[26.11902,44.40875],[26.11847,44.40907],[26.11659,44.40989],[26.11611,44.41022],[26.11588,44.41035],[26.11558,44.41059],[26.11538,44.41079],[26.11494,44.41149],[26.11418,44.41342],[26.1141,44.41371],[26.11364,44.41577],[26.11339,44.41641],[26.11335,44.41658],[26.11335,44.4167],[26.11343,44.41681],[26.11378,44.41701],[26.11401,44.41718],[26.11429,44.41798],[26.11406,44.41806],[26.11374,44.41814],[26.11361,44.41814],[26.11351,44.41811],[26.11344,44.41812],[26.11336,44.41823],[26.11303,44.41914],[26.11273,44.42004],[26.11224,44.4212],[26.11186,44.4222],[26.11174,44.42254],[26.1117,44.42274],[26.1117,44.42296],[26.11188,44.42469],[26.11214,44.42782],[26.11211,44.42795],[26.11202,44.42815],[26.11184,44.42817],[26.1097,44.42826],[26.10932,44.42829],[26.10916,44.42833],[26.10866,44.42858],[26.10853,44.42867],[26.10815,44.42906],[26.10784,44.42941],[26.10736,44.43001],[26.10723,44.43009],[26.10698,44.43015],[26.10669,44.43006],[26.10413,44.42898],[26.1039,44.4289],[26.10358,44.42885],[26.10336,44.42877],[26.10283,44.42868],[26.10247,44.42854],[26.10195,44.42827],[26.10151,44.42802],[26.10104,44.42779],[26.10094,44.42739],[26.10095,44.42611],[26.10126,44.426],[26.10178,44.4259],[26.10282,44.42583]],[[26.10282,44.42583],[26.10351,44.42581],[26.10381,44.42582],[26.10392,44.42588],[26.104,44.42595],[26.10403,44.42616],[26.10405,44.42684],[26.10399,44.42807],[26.10395,44.4284],[26.10397,44.42857],[26.10405,44.42869],[26.10422,44.4288],[26.10541,44.42933],[26.10649,44.42978],[26.10673,44.4299],[26.10687,44.42989],[26.10701,44.42985],[26.10752,44.4293],[26.10764,44.42924],[26.10787,44.42923],[26.10793,44.42919],[26.10822,44.42884],[26.10846,44.42864],[26.10867,44.4285],[26.10911,44.42828],[26.10938,44.42823],[26.11184,44.4281],[26.11192,44.42808],[26.11203,44.42793],[26.11197,44.42685],[26.11186,44.42586],[26.11171,44.42384],[26.11165,44.42335],[26.11161,44.42271],[26.11162,44.42257],[26.1117,44.4223],[26.11334,44.41807],[26.11345,44.41803],[26.11359,44.41806],[26.11376,44.41805],[26.11396,44.418],[26.11409,44.41794],[26.11382,44.41724],[26.11367,44.41712],[26.11313,44.4168],[26.11302,44.41662],[26.1133,44.41603],[26.11349,44.41569],[26.11397,44.41364],[26.11408,44.41325],[26.1145,44.41213],[26.11457,44.41203],[26.11491,44.41123],[26.11542,44.41059],[26.11568,44.41037],[26.11615,44.41003],[26.11634,44.40992],[26.11814,44.40912],[26.11846,44.40895],[26.1189,44.40836],[26.11902,44.40826],[26.11926,44.40818],[26.11973,44.40806],[26.12004,44.40794],[26.12017,44.40786],[26.12031,44.40776],[26.12045,44.40762],[26.12074,44.40725],[26.12086,44.40714],[26.12096,44.40702],[26.12101,44.40692],[26.12104,44.4068],[26.12099,44.40541],[26.12103,44.40518],[26.12095,44.40426],[26.12098,44.40373],[26.12093,44.4021],[26.12078,44.39934],[26.12078,44.39828],[26.12071,44.39641],[26.12068,44.39574],[26.1206,44.3954],[26.12055,44.39436],[26.12044,44.39409],[26.12047,44.39388],[26.12064,44.39379],[26.12121,44.39368],[26.1216,44.39354],[26.12229,44.39327],[26.12374,44.39264],[26.12419,44.39252],[26.12996,44.39006],[26.1323,44.38908],[26.13283,44.38885],[26.13402,44.38828],[26.13719,44.38693],[26.13808,44.38653],[26.13853,44.3863],[26.1387,44.38619],[26.13882,44.38608],[26.13896,44.3859],[26.139,44.38578],[26.13901,44.38566],[26.1389,44.3851],[26.1388,44.3849],[26.13599,44.38107],[26.13584,44.38091],[26.13544,44.38059],[26.13493,44.38031],[26.1342,44.37986],[26.1314,44.37958],[26.12747,44.37935],[26.12688,44.37916],[26.12383,44.37811],[26.12198,44.37749],[26.12176,44.37745],[26.12147,44.37737],[26.12051,44.37705],[26.12036,44.37704],[26.12025,44.37709],[26.12009,44.37722],[26.11987,44.37745]]]},"properties":{"route_id":"1008-194","line":"N106","name":"N106","ref":"N106","long_name":"Piata Unirii 2 - Turnu Magurele","type":"bus","color":"#2D2E83"}},{"type":"Feature","geometry":{"type":"MultiLineString","coordinates":[[[26.10282,44.42583],[26.10351,44.42581],[26.10381,44.42582],[26.10392,44.42588],[26.104,44.42595],[26.10403,44.42616],[26.10405,44.42684],[26.10399,44.42807],[26.10395,44.4284],[26.104,44.4287],[26.1042,44.42882],[26.10714,44.4301],[26.10849,44.43075],[26.10907,44.43105],[26.1093,44.43115],[26.1102,44.43163],[26.11072,44.43191],[26.11202,44.43265],[26.11203,44.43296],[26.11205,44.43298],[26.11204,44.43319],[26.11212,44.43383],[26.11048,44.43676],[26.10991,44.43749],[26.10945,44.4382],[26.10935,44.43842],[26.10912,44.43922],[26.10864,44.44012],[26.10861,44.44025],[26.10862,44.44033],[26.10908,44.44112],[26.10938,44.44159],[26.10966,44.44211],[26.111,44.44441],[26.1114,44.44503],[26.11157,44.44536],[26.11151,44.44547],[26.11141,44.44553],[26.10997,44.44579],[26.10972,44.44587],[26.10956,44.446],[26.10931,44.44626],[26.10835,44.44676],[26.10829,44.44681],[26.10791,44.44771],[26.10663,44.44973],[26.1063,44.45033],[26.10529,44.45247],[26.10502,44.45299],[26.10497,44.45311],[26.10495,44.45338],[26.10496,44.45349],[26.10595,44.45681],[26.10601,44.45688],[26.10611,44.45693],[26.10673,44.45714],[26.1072,44.45734],[26.11014,44.45847],[26.1123,44.45926],[26.11263,44.45942],[26.12189,44.46281],[26.12408,44.46359],[26.12618,44.4644],[26.12664,44.46463],[26.12785,44.46511],[26.12792,44.46511],[26.128,44.46508],[26.12949,44.4642],[26.13062,44.46347],[26.13174,44.46269],[26.13243,44.46229],[26.13284,44.46192],[26.13309,44.46181],[26.1332,44.46179],[26.13333,44.46188],[26.1335,44.46213],[26.13356,44.46264],[26.13365,44.46286],[26.13381,44.46306],[26.13401,44.46338],[26.13464,44.46415],[26.13543,44.46481],[26.13591,44.46515],[26.13644,44.46548],[26.13822,44.46643],[26.13877,44.4667],[26.13944,44.46702],[26.13985,44.46717],[26.14052,44.46752],[26.14191,44.46816],[26.14319,44.46867],[26.1433,44.4687],[26.14386,44.46844],[26.14481,44.46791],[26.14579,44.4674],[26.1472,44.46656],[26.14869,44.46572],[26.15028,44.46479],[26.15175,44.46403],[26.15254,44.46375],[26.15393,44.46332],[26.15733,44.46233],[26.15857,44.46181],[26.15969,44.46141],[26.16024,44.46118],[26.16038,44.46115],[26.16049,44.46117],[26.16055,44.46122],[26.1607,44.46141],[26.16068,44.46149],[26.16059,44.46158],[26.16019,44.46175],[26.15993,44.46183],[26.15863,44.46215],[26.15824,44.46226],[26.15745,44.46241],[26.15685,44.46256],[26.15543,44.46298]],[[26.15543,44.46298],[26.15229,44.46391],[26.15194,44.46404],[26.15084,44.46461],[26.14642,44.46711],[26.14563,44.4676],[26.14494,44.46796],[26.14471,44.46805],[26.14439,44.46824],[26.14422,44.46836],[26.14409,44.46877],[26.14403,44.46889],[26.14386,44.46911],[26.14377,44.46913],[26.14367,44.46911],[26.14321,44.46894],[26.14224,44.46852],[26.13938,44.46721],[26.13795,44.4665],[26.13666,44.46583],[26.13605,44.46549],[26.13563,44.46523],[26.13537,44.46505],[26.13478,44.46458],[26.13454,44.46437],[26.13424,44.46403],[26.13338,44.46291],[26.13315,44.4627],[26.13298,44.4626],[26.13279,44.46257],[26.13252,44.46256],[26.13229,44.46261],[26.1318,44.46292],[26.12959,44.46424],[26.12892,44.46468],[26.12862,44.46486],[26.12843,44.4651],[26.12812,44.46543],[26.12794,44.46566],[26.12775,44.46575],[26.1276,44.46575],[26.12731,44.46554],[26.12684,44.46504],[26.12641,44.46466],[26.12557,44.46421],[26.12342,44.46348],[26.1209,44.46253],[26.11831,44.4616],[26.11764,44.46133],[26.11566,44.46059],[26.11366,44.45987],[26.11145,44.45905],[26.10641,44.45712],[26.10594,44.45703],[26.10582,44.45697],[26.10577,44.45687],[26.10555,44.45622],[26.10506,44.45465],[26.10482,44.45371],[26.10478,44.45337],[26.10479,44.45319],[26.10502,44.45276],[26.10639,44.44996],[26.10713,44.44883],[26.10739,44.44839],[26.10777,44.44781],[26.10795,44.44749],[26.10823,44.44678],[26.10927,44.44623],[26.10941,44.44611],[26.10953,44.44594],[26.10962,44.44587],[26.10973,44.44582],[26.10986,44.44578],[26.11133,44.44549],[26.11142,44.44546],[26.11145,44.4454],[26.11146,44.44528],[26.11112,44.44476],[26.11082,44.44419],[26.10998,44.44279],[26.10982,44.44247],[26.10858,44.44037],[26.10856,44.44029],[26.10856,44.44019],[26.10907,44.4392],[26.1093,44.4383],[26.10937,44.43816],[26.11056,44.43642],[26.11062,44.4363],[26.1106,44.43622],[26.11052,44.43614],[26.10999,44.43598],[26.10939,44.4359],[26.10917,44.4358],[26.10861,44.43531],[26.10806,44.43488],[26.10795,44.43477],[26.1078,44.43443],[26.10759,44.43403],[26.10734,44.43364],[26.10623,44.4324],[26.10601,44.43226],[26.10584,44.43218],[26.10565,44.43205],[26.10554,44.43193],[26.10541,44.43167],[26.10538,44.43142],[26.1054,44.43135],[26.10551,44.43124],[26.1058,44.43104],[26.10612,44.43085],[26.10638,44.43064],[26.1066,44.43039],[26.10674,44.43026],[26.10677,44.43011],[26.10672,44.43007],[26.10647,44.42999],[26.10639,44.42993],[26.106,44.42976],[26.10413,44.42898],[26.1039,44.4289],[26.10358,44.42885],[26.10336,44.42877],[26.10283,44.42868],[26.10247,44.42854],[26.10195,44.42827],[26.10151,44.42802],[26.10104,44.42779],[26.10094,44.42739],[26.10095,44.42611],[26.10126,44.426],[26.10178,44.4259],[26.10282,44.42583]]]},"properties":{"route_id":"1008-196","line":"N103","name":"N103","ref":"N103","long_name":"Piata Unirii 2 - Institutul Oncologic","type":"bus","color":"#2D2E83"}},{"type":"Feature","geometry":{"type":"MultiLineString","coordinates":[[[26.104,44.42781],[26.10392,44.42828],[26.1038,44.4285],[26.10358,44.42862],[26.10315,44.42865],[26.10263,44.42855],[26.10215,44.42839],[26.10145,44.42805],[26.10106,44.42782],[26.10105,44.42769],[26.10094,44.42739],[26.10096,44.42718],[26.10092,44.42648],[26.10093,44.42622],[26.10097,44.42614],[26.10121,44.42601],[26.10145,44.42593],[26.10185,44.42589],[26.10327,44.42582],[26.10376,44.42581],[26.10407,44.42586],[26.10416,44.42595],[26.1042,44.42655],[26.10426,44.4266],[26.10488,44.42658],[26.11254,44.42624],[26.12444,44.42568],[26.12783,44.42554],[26.12798,44.42552],[26.12811,44.42547],[26.1283,44.42527],[26.12849,44.42511],[26.12874,44.42499],[26.12902,44.42497],[26.12927,44.42498],[26.12953,44.42506],[26.12966,44.42513],[26.12978,44.42522],[26.12989,44.42535],[26.12995,44.42552],[26.12995,44.42565],[26.1299,44.42578],[26.12982,44.42589],[26.12946,44.42622],[26.12944,44.42628],[26.12947,44.42642],[26.12997,44.4267],[26.13262,44.4283],[26.13314,44.42796],[26.13503,44.4266],[26.13556,44.42618],[26.1359,44.42587],[26.13702,44.42469],[26.13705,44.42462],[26.13691,44.42444],[26.13688,44.42432],[26.13689,44.42426],[26.13696,44.42415],[26.13707,44.42405],[26.13716,44.424],[26.13729,44.42397],[26.13748,44.42396],[26.13761,44.42401],[26.13771,44.42408],[26.13778,44.42416],[26.13839,44.42423],[26.14728,44.42558],[26.14848,44.42578],[26.14968,44.42594],[26.14988,44.42599],[26.15115,44.4262],[26.15146,44.42628],[26.15216,44.42653],[26.1528,44.42682],[26.15303,44.42695],[26.15355,44.42729],[26.15519,44.42841],[26.15533,44.42852],[26.15579,44.42875],[26.15702,44.42873],[26.15874,44.42882],[26.16057,44.42903],[26.16104,44.4291],[26.16203,44.42928],[26.16223,44.4287],[26.16222,44.42859],[26.16311,44.4252],[26.16317,44.42506],[26.16323,44.42502],[26.1634,44.42495],[26.16364,44.42491],[26.16452,44.42502],[26.16519,44.42513],[26.16628,44.42523],[26.16746,44.42526],[26.16848,44.42515],[26.17189,44.42458],[26.17336,44.42437],[26.17425,44.4242],[26.17563,44.42384],[26.17684,44.42356],[26.17705,44.4235],[26.17904,44.42307],[26.17938,44.42298],[26.17957,44.42307],[26.17973,44.42308],[26.1811,44.42286],[26.18242,44.4225],[26.1854,44.42176],[26.18714,44.42137],[26.18905,44.42087],[26.19025,44.42059],[26.19062,44.42044],[26.19071,44.42034],[26.19072,44.42028],[26.19078,44.42024],[26.19085,44.42022],[26.19104,44.42023],[26.19182,44.42005],[26.19193,44.42],[26.19208,44.41998],[26.19233,44.42005],[26.19247,44.4202],[26.19265,44.42054],[26.19278,44.42085],[26.19288,44.42117],[26.19363,44.42266],[26.19368,44.42274],[26.19375,44.4228],[26.19396,44.42317]],[[26.19396,44.42317],[26.19386,44.42326],[26.19384,44.42344],[26.19378,44.42347],[26.19367,44.42347],[26.1936,44.42342],[26.19358,44.42336],[26.19365,44.42296],[26.19363,44.42283],[26.19348,44.42247],[26.19269,44.42088],[26.19256,44.42067],[26.19224,44.42022],[26.19208,44.42011],[26.19201,44.42011],[26.19128,44.42027],[26.19102,44.42034],[26.19089,44.42039],[26.19076,44.4205],[26.19058,44.4206],[26.19035,44.42068],[26.18593,44.42175],[26.18559,44.42178],[26.18494,44.42189],[26.18399,44.42217],[26.18312,44.42239],[26.18258,44.42251],[26.18119,44.42288],[26.17944,44.42316],[26.17935,44.42316],[26.17923,44.4231],[26.17905,44.42311],[26.17768,44.42339],[26.17721,44.4235],[26.177,44.42359],[26.17682,44.42375],[26.17653,44.42386],[26.17608,44.42393],[26.17587,44.42398],[26.17548,44.42403],[26.17426,44.42435],[26.17364,44.42447],[26.17118,44.42486],[26.16934,44.42518],[26.16764,44.42538],[26.16636,44.42538],[26.16463,44.42521],[26.1637,44.42508],[26.16359,44.4251],[26.16349,44.42515],[26.1633,44.42571],[26.16262,44.42835],[26.1623,44.42923],[26.16216,44.42931],[26.162,44.42933],[26.16164,44.42929],[26.16092,44.42913],[26.1599,44.42898],[26.15861,44.42885],[26.15727,44.42877],[26.15656,44.42878],[26.15589,44.42883],[26.15553,44.42877],[26.15479,44.42837],[26.15277,44.42698],[26.15209,44.42667],[26.15163,44.4265],[26.15103,44.42633],[26.14722,44.42576],[26.14371,44.4252],[26.13799,44.42434],[26.13774,44.42435],[26.13765,44.42446],[26.13702,44.42485],[26.13665,44.42523],[26.13608,44.42588],[26.13557,44.42634],[26.13512,44.42665],[26.13461,44.42697],[26.13267,44.42833],[26.13257,44.42838],[26.13243,44.42835],[26.1321,44.42816],[26.13095,44.42744],[26.12898,44.42627],[26.12857,44.4261],[26.12848,44.42605],[26.12827,44.42585],[26.12809,44.42576],[26.12795,44.42573],[26.12781,44.42573],[26.12735,44.42577],[26.1238,44.42592],[26.12243,44.426],[26.11214,44.42645],[26.1104,44.42656],[26.10885,44.42661],[26.10744,44.42669],[26.10402,44.42683],[26.104,44.42781]]]},"properties":{"route_id":"1008-197","line":"N104","name":"N104","ref":"N104","long_name":"Piata Unirii 4 - Parcul Teilor","type":"bus","color":"#2D2E83"}},{"type":"Feature","geometry":{"type":"MultiLineString","coordinates":[[[26.18526,44.43406],[26.18319,44.43448],[26.17846,44.4352],[26.1781,44.43528],[26.17776,44.43533],[26.17227,44.43653],[26.16979,44.43709],[26.16948,44.43714],[26.16911,44.43714],[26.16849,44.43705],[26.16766,44.43688],[26.16707,44.43673],[26.16471,44.43622],[26.16219,44.43555],[26.15463,44.43359],[26.1543,44.43353],[26.15266,44.43341],[26.13997,44.43235],[26.13902,44.43224],[26.13811,44.43203],[26.13596,44.43174],[26.13433,44.43154],[26.13385,44.43151],[26.1326,44.43149],[26.13086,44.4317],[26.12586,44.43246],[26.12404,44.43269],[26.12352,44.4327],[26.12051,44.43313],[26.11983,44.43318],[26.11907,44.4332],[26.11638,44.43332],[26.11622,44.43331],[26.11541,44.4332],[26.11251,44.43287],[26.11221,44.43279],[26.11197,44.4327],[26.11168,44.43256],[26.11089,44.43209],[26.10919,44.43119],[26.10837,44.43079],[26.10699,44.43018],[26.10413,44.42898],[26.1039,44.4289],[26.10358,44.42885],[26.10336,44.42877],[26.10283,44.42868],[26.10247,44.42854],[26.10195,44.42827],[26.10151,44.42802],[26.10104,44.42779],[26.10094,44.42739],[26.10095,44.42611],[26.10126,44.426],[26.10178,44.4259],[26.10282,44.42583]],[[26.10282,44.42583],[26.10351,44.42581],[26.10381,44.42582],[26.10392,44.42588],[26.104,44.42595],[26.10403,44.42616],[26.10405,44.42684],[26.10395,44.42857],[26.10406,44.42879],[26.10433,44.42889],[26.1058,44.42951],[26.10878,44.43081],[26.11022,44.43154],[26.11219,44.43265],[26.11242,44.43276],[26.11259,44.43281],[26.11361,44.43291],[26.11478,44.43307],[26.11636,44.43326],[26.1201,44.43311],[26.12023,44.43308],[26.127,44.43216],[26.13246,44.43134],[26.13408,44.43139],[26.13807,44.43186],[26.13818,44.43185],[26.13831,44.43178],[26.13844,44.43174],[26.13898,44.43177],[26.13928,44.43186],[26.14012,44.43219],[26.14046,44.43225],[26.14091,44.4323],[26.14876,44.43289],[26.14942,44.43301],[26.15197,44.43321],[26.15347,44.43329],[26.15419,44.43337],[26.15608,44.43383],[26.15972,44.43477],[26.16459,44.43605],[26.16583,44.43633],[26.16711,44.43657],[26.16916,44.43699],[26.16951,44.43699],[26.16985,44.43694],[26.17333,44.43616],[26.17386,44.43603],[26.17429,44.43595],[26.17765,44.4352],[26.17833,44.43506],[26.1799,44.43485],[26.1827,44.43441],[26.18464,44.43402],[26.18557,44.4338],[26.18574,44.43362],[26.1859,44.43337],[26.1861,44.43323],[26.18626,44.43322],[26.1864,44.43324],[26.18648,44.43329],[26.18657,44.43339],[26.1866,44.43348],[26.18656,44.43362],[26.18638,44.43372],[26.18614,44.43382],[26.18527,44.43406]]]},"properties":{"route_id":"1008-199","line":"N109","name":"N109","ref":"N109","long_name":"Piata Unirii 2 - M Republica","type":"bus","color":"#2D2E83"}},{"type":"Feature","geometry":{"type":"MultiLineString","coordinates":[[[26.14271,44.53473],[26.14269,44.53512],[26.14264,44.5352],[26.14256,44.53522],[26.14247,44.53521],[26.14241,44.53517],[26.14241,44.53491],[26.14275,44.53208],[26.14287,44.5306],[26.14315,44.52544],[26.14323,44.52362],[26.14329,44.52315],[26.14327,44.52269],[26.14312,44.52105],[26.14299,44.52037],[26.14281,44.51974],[26.14259,44.51913],[26.14205,44.51777],[26.14147,44.51643],[26.14108,44.5156],[26.14035,44.51385],[26.14031,44.51372],[26.14018,44.51345],[26.14006,44.51338],[26.12277,44.51444],[26.11853,44.51472],[26.10847,44.51531],[26.106,44.51546],[26.10492,44.51554],[26.10471,44.51554],[26.10449,44.51552],[26.103,44.51535],[26.10289,44.51538],[26.10277,44.51538],[26.1026,44.51531],[26.10244,44.51531],[26.09198,44.51641],[26.08433,44.51719],[26.08426,44.51718],[26.08418,44.5171],[26.08376,44.51506],[26.08352,44.51493],[26.08347,44.51486],[26.08347,44.51478],[26.08351,44.51468],[26.08366,44.51458],[26.08332,44.51283],[26.08311,44.51275],[26.08214,44.51257],[26.08201,44.5126],[26.0819,44.51266],[26.08179,44.51267],[26.08167,44.51264],[26.08158,44.51259],[26.08157,44.51243],[26.0816,44.51234],[26.0815,44.51218],[26.082,44.51088],[26.08215,44.51061],[26.08216,44.51053],[26.0821,44.51047],[26.08208,44.51039],[26.08209,44.51034],[26.08212,44.51029],[26.08227,44.51021],[26.08231,44.51009],[26.08233,44.50984],[26.08241,44.50959],[26.08258,44.50925],[26.08252,44.50896],[26.08253,44.50891],[26.08261,44.50883],[26.08278,44.50879],[26.08286,44.5088],[26.08301,44.50886],[26.08312,44.50886],[26.08322,44.50883],[26.08433,44.50768],[26.08452,44.50746],[26.08452,44.5074],[26.08443,44.50722],[26.08436,44.50717],[26.08269,44.50634],[26.08256,44.5062],[26.08238,44.50594],[26.08223,44.50584],[26.082,44.50578],[26.08192,44.50578],[26.08184,44.50581],[26.08172,44.50583],[26.08161,44.50583],[26.08152,44.50581],[26.08144,44.50576],[26.08141,44.50571],[26.08138,44.50561],[26.08135,44.50524],[26.08125,44.50482],[26.08076,44.50327],[26.08045,44.50216],[26.08045,44.50179],[26.07981,44.49921],[26.07952,44.49812],[26.07931,44.49759],[26.07904,44.49653],[26.07893,44.49602],[26.07891,44.49582],[26.07894,44.49488],[26.0791,44.49464],[26.07925,44.49452],[26.07944,44.4944],[26.08544,44.49366],[26.08564,44.49362],[26.08593,44.49351],[26.08663,44.49316],[26.08735,44.49275],[26.09035,44.49053],[26.0905,44.4904],[26.09063,44.49026],[26.09089,44.48985],[26.09105,44.48953],[26.09173,44.48765],[26.09182,44.48731],[26.09187,44.48702],[26.0921,44.48413],[26.09214,44.4834],[26.09225,44.48222],[26.09232,44.48108],[26.0924,44.48038],[26.09254,44.47688],[26.09262,44.47632],[26.09261,44.47619],[26.09252,44.47598],[26.09159,44.47519],[26.09074,44.47426],[26.09041,44.47409],[26.08948,44.4737],[26.08838,44.47327],[26.08805,44.47308],[26.08787,44.47293],[26.08777,44.47279],[26.08776,44.4727],[26.08786,44.47254],[26.08786,44.47245],[26.08759,44.47114],[26.08662,44.46712],[26.08648,44.46667],[26.08624,44.46641],[26.08606,44.46631],[26.08601,44.46616],[26.08606,44.46596],[26.08641,44.4658],[26.08696,44.46567],[26.08753,44.46532],[26.08774,44.46524],[26.08834,44.46496],[26.08953,44.46437],[26.0908,44.46371],[26.09116,44.4635],[26.09159,44.46321],[26.09192,44.46294],[26.09259,44.46228],[26.09301,44.46177],[26.09352,44.46111],[26.09387,44.46058],[26.094,44.46043],[26.09448,44.45975],[26.09622,44.45717],[26.09697,44.45609],[26.09732,44.45554],[26.09774,44.45476],[26.09814,44.45391],[26.09825,44.45362],[26.09867,44.45277],[26.0993,44.44894],[26.09936,44.4476],[26.09936,44.44713],[26.0994,44.44686],[26.09961,44.44605],[26.09972,44.44543],[26.09966,44.44531],[26.09951,44.44512],[26.09865,44.44434],[26.09858,44.4443],[26.09846,44.44419],[26.09826,44.44417],[26.09816,44.44427],[26.09723,44.44619]],[[26.09724,44.44619],[26.09704,44.44655],[26.09705,44.44668],[26.0972,44.44681],[26.0973,44.44685],[26.09917,44.44687],[26.09936,44.4469],[26.09948,44.44703],[26.09949,44.44721],[26.09944,44.44879],[26.09936,44.44933],[26.0989,44.45191],[26.09878,44.4528],[26.0986,44.4533],[26.09843,44.45367],[26.0977,44.45514],[26.0975,44.45552],[26.09569,44.45826],[26.09431,44.46039],[26.09386,44.46103],[26.09295,44.46225],[26.09237,44.46287],[26.09211,44.46311],[26.09186,44.4633],[26.09149,44.46355],[26.08993,44.46436],[26.08785,44.46539],[26.08718,44.46574],[26.08706,44.46587],[26.08692,44.46629],[26.08679,44.46646],[26.08671,44.46662],[26.08671,44.46675],[26.08751,44.47018],[26.08801,44.47242],[26.08829,44.47266],[26.08844,44.47292],[26.08859,44.47312],[26.08871,44.47324],[26.08925,44.47349],[26.09,44.47379],[26.09075,44.47416],[26.09093,44.47431],[26.09157,44.47503],[26.09248,44.47585],[26.09263,44.47604],[26.09269,44.47617],[26.0927,44.47635],[26.09251,44.47884],[26.09253,44.47896],[26.09259,44.47908],[26.09261,44.47924],[26.09261,44.47959],[26.09252,44.4804],[26.09238,44.48218],[26.09223,44.48458],[26.09212,44.48565],[26.09205,44.48688],[26.092,44.48725],[26.09216,44.48745],[26.09222,44.48757],[26.09196,44.48775],[26.09184,44.48793],[26.09176,44.48811],[26.09121,44.48965],[26.091,44.49004],[26.09087,44.49023],[26.09067,44.49045],[26.0901,44.49089],[26.08879,44.49181],[26.08747,44.49279],[26.08681,44.49317],[26.08622,44.49346],[26.08588,44.49361],[26.08556,44.49372],[26.08034,44.49439],[26.07989,44.49448],[26.07962,44.49458],[26.07951,44.49466],[26.07929,44.49486],[26.07926,44.49564],[26.07927,44.49592],[26.07931,44.4962],[26.0796,44.49743],[26.07967,44.49809],[26.08061,44.50177],[26.08078,44.50211],[26.08095,44.50255],[26.08178,44.50519],[26.08182,44.50527],[26.08193,44.50541],[26.08203,44.50548],[26.08232,44.50561],[26.08243,44.5057],[26.08255,44.50587],[26.08268,44.50612],[26.08284,44.50628],[26.08437,44.50704],[26.08459,44.50711],[26.08466,44.50709],[26.08476,44.5071],[26.08488,44.50715],[26.08493,44.50724],[26.08491,44.50732],[26.08484,44.50739],[26.08474,44.50742],[26.08453,44.50756],[26.08336,44.50881],[26.08327,44.50888],[26.08304,44.509],[26.08301,44.50906],[26.08295,44.50912],[26.08275,44.50917],[26.08261,44.50925],[26.08245,44.5096],[26.08239,44.50984],[26.08233,44.51022],[26.0825,44.51027],[26.08256,44.51037],[26.08256,44.51044],[26.08252,44.5105],[26.08244,44.51055],[26.08219,44.51066],[26.08206,44.51092],[26.08183,44.51149],[26.08179,44.51163],[26.08154,44.51218],[26.08158,44.51228],[26.08164,44.51232],[26.08183,44.51231],[26.08193,44.51234],[26.082,44.51238],[26.08214,44.51254],[26.0832,44.51274],[26.08331,44.51277],[26.08336,44.5128],[26.08373,44.51458],[26.08387,44.51462],[26.08394,44.51466],[26.08402,44.51474],[26.08402,44.51487],[26.08398,44.51493],[26.08384,44.51503],[26.08381,44.51509],[26.08421,44.51705],[26.08425,44.51711],[26.08434,44.51713],[26.09146,44.51638],[26.09184,44.51635],[26.09237,44.51628],[26.09748,44.51577],[26.10216,44.51527],[26.10243,44.51525],[26.10269,44.51525],[26.10285,44.51522],[26.10305,44.5153],[26.10437,44.51543],[26.10462,44.51548],[26.10491,44.51547],[26.10577,44.5154],[26.11,44.51514],[26.11487,44.51486],[26.11931,44.51456],[26.12347,44.51432],[26.13127,44.51384],[26.13753,44.51348],[26.14015,44.51331],[26.14028,44.51338],[26.14164,44.51652],[26.14184,44.51687],[26.14275,44.51923],[26.14295,44.51982],[26.14313,44.52055],[26.14328,44.52118],[26.14335,44.52173],[26.1434,44.5227],[26.14327,44.52564],[26.14308,44.52944],[26.14292,44.5322],[26.14279,44.53361],[26.14271,44.53473]]]},"properties":{"route_id":"1008-201","line":"301","name":"301","ref":"301","long_name":"Pasaj CFR Tunari - Piata Romana","type":"bus","color":"#1D71B8"}},{"type":"Feature","geometry":{"type":"MultiLineString","coordinates":[[[26.14829,44.40599],[26.14785,44.4061],[26.14483,44.40713],[26.14093,44.40851],[26.14033,44.40869],[26.1399,44.40889],[26.13941,44.40897],[26.13803,44.40911],[26.13784,44.40922],[26.13758,44.40947],[26.13596,44.41131],[26.13456,44.41259],[26.13364,44.4134],[26.13291,44.41476],[26.13269,44.41501],[26.1321,44.41542],[26.13131,44.41593],[26.13106,44.41607],[26.13018,44.41669],[26.12835,44.4181],[26.12677,44.41923],[26.12624,44.41963],[26.12581,44.42011],[26.1243,44.42207],[26.12395,44.42262],[26.12359,44.42328],[26.12352,44.42349],[26.12352,44.42423],[26.1234,44.42455],[26.12321,44.42474],[26.1231,44.42496],[26.12314,44.42585],[26.12305,44.42594],[26.12288,44.42598],[26.11214,44.42645],[26.11139,44.4265],[26.1043,44.42682],[26.10416,44.42684],[26.10408,44.42689],[26.10398,44.42719],[26.1038,44.42835],[26.10375,44.4285],[26.10359,44.4288],[26.10343,44.42893],[26.10315,44.429],[26.1024,44.42913],[26.10181,44.4292],[26.10146,44.42922],[26.10007,44.42958],[26.09974,44.42964],[26.09959,44.42966],[26.09742,44.42979],[26.09729,44.42981],[26.09721,44.42984],[26.09695,44.42999],[26.0966,44.43011],[26.09642,44.4302],[26.09567,44.43088],[26.09422,44.43225],[26.09376,44.43266],[26.09354,44.43282],[26.0933,44.43295],[26.09262,44.43321],[26.09221,44.43333],[26.09186,44.4334],[26.09155,44.43343],[26.0903,44.4335],[26.08859,44.43362],[26.08674,44.43371],[26.08351,44.43395],[26.08096,44.4341],[26.08071,44.43414],[26.08029,44.43417],[26.08005,44.43422],[26.07989,44.43428],[26.07966,44.4344],[26.0793,44.43447],[26.07704,44.43528],[26.07441,44.43642],[26.07041,44.4385],[26.07043,44.43857],[26.07078,44.43882],[26.0715,44.43942],[26.07265,44.44024],[26.07278,44.44037],[26.07277,44.4405],[26.07218,44.44142],[26.0714,44.44258],[26.07106,44.44298],[26.06773,44.44541],[26.06737,44.44571],[26.06498,44.44733],[26.06467,44.44758],[26.06465,44.44768],[26.06469,44.44783],[26.06809,44.44942],[26.06829,44.44944],[26.06844,44.4494],[26.0692,44.44886],[26.07429,44.4455]],[[26.07429,44.4455],[26.07456,44.44527],[26.07423,44.44501],[26.07251,44.44352],[26.07184,44.44288],[26.07156,44.44265],[26.07136,44.44254],[26.07142,44.44234],[26.07254,44.4406],[26.07255,44.4404],[26.07229,44.44012],[26.06998,44.43844],[26.0698,44.43825],[26.06991,44.43815],[26.07051,44.43783],[26.0713,44.43746],[26.07251,44.43685],[26.07455,44.43575],[26.07472,44.43564],[26.07525,44.43542],[26.07917,44.4339],[26.08027,44.43368],[26.08087,44.43362],[26.08135,44.43361],[26.083,44.43351],[26.08486,44.43336],[26.09148,44.43295],[26.092,44.43288],[26.09235,44.4328],[26.09275,44.43266],[26.09294,44.43257],[26.09332,44.43232],[26.09351,44.43217],[26.09539,44.43042],[26.09617,44.42967],[26.09627,44.42958],[26.0964,44.4295],[26.09672,44.42941],[26.09696,44.42937],[26.09968,44.42917],[26.09997,44.42911],[26.10045,44.42892],[26.10065,44.4288],[26.10095,44.42859],[26.10105,44.42851],[26.10112,44.42841],[26.10103,44.42744],[26.10094,44.42739],[26.10093,44.42632],[26.10099,44.42617],[26.10112,44.42609],[26.10136,44.426],[26.10189,44.42593],[26.10379,44.42585],[26.10403,44.42592],[26.10418,44.42612],[26.10417,44.42638],[26.1042,44.42659],[26.1043,44.42662],[26.10488,44.42658],[26.11254,44.42624],[26.12298,44.42575],[26.12304,44.42572],[26.12306,44.42566],[26.12306,44.42555],[26.12304,44.42531],[26.12297,44.4251],[26.12294,44.42436],[26.12295,44.42342],[26.12298,44.42332],[26.12306,44.42323],[26.12331,44.42312],[26.12345,44.42302],[26.12353,44.42293],[26.12406,44.42213],[26.12492,44.42099],[26.12566,44.41996],[26.12583,44.41976],[26.12595,44.41963],[26.12895,44.41738],[26.12927,44.41719],[26.13138,44.41565],[26.13237,44.41503],[26.1327,44.41477],[26.1329,44.41456],[26.133,44.41432],[26.13361,44.41331],[26.13503,44.41207],[26.13575,44.41139],[26.13616,44.41097],[26.13767,44.40925],[26.13787,44.40911],[26.13802,44.40906],[26.13983,44.4088],[26.14117,44.40835],[26.14566,44.40676],[26.14805,44.40596],[26.14809,44.40588],[26.148,44.40553],[26.14809,44.40546],[26.14915,44.40516],[26.15039,44.40486],[26.15064,44.4054],[26.14829,44.40599]]]},"properties":{"route_id":"1008-202","line":"123","name":"123","ref":"123","long_name":"C.E.T. Sud Vitan - Gara de Nord","type":"bus","color":"#1D71B8"}},{"type":"Feature","geometry":{"type":"MultiLineString","coordinates":[[[26.02371,44.50359],[26.02407,44.504],[26.02447,44.50384],[26.02469,44.50381],[26.02538,44.50379],[26.02552,44.50377],[26.0257,44.50368],[26.02581,44.5035],[26.02602,44.50298],[26.02603,44.5029],[26.02599,44.50279],[26.02585,44.50269],[26.02568,44.50268],[26.02549,44.50278],[26.02537,44.50296],[26.02524,44.50328],[26.02521,44.50364],[26.02522,44.50389],[26.02557,44.5055],[26.02561,44.50579],[26.02556,44.50626],[26.02534,44.50682],[26.02467,44.50749],[26.02142,44.51032],[26.01824,44.51306],[26.01769,44.51351],[26.0153,44.51558],[26.01525,44.51568],[26.01525,44.51577],[26.01535,44.51585],[26.01616,44.51616],[26.01812,44.51698],[26.0196,44.51762],[26.02508,44.51987],[26.0287,44.5214],[26.02946,44.52169],[26.04733,44.52905],[26.04792,44.52927],[26.05101,44.53004],[26.05548,44.5312],[26.0604,44.53243],[26.06719,44.53419],[26.06745,44.53424],[26.06759,44.53424],[26.0678,44.53413],[26.06791,44.53395],[26.068,44.53353],[26.06817,44.53305],[26.06867,44.53188],[26.06869,44.53177],[26.06859,44.53145],[26.06863,44.53137],[26.0689,44.53129],[26.06899,44.53124],[26.06917,44.53099],[26.0696,44.52995],[26.06979,44.52935],[26.0711,44.52604],[26.07169,44.52515],[26.07212,44.5246],[26.07235,44.5244],[26.07769,44.51853],[26.07852,44.51758],[26.07873,44.51731],[26.07892,44.51711],[26.079,44.51695],[26.07917,44.51631],[26.07963,44.51503],[26.07995,44.51423],[26.08001,44.51387],[26.08006,44.51375],[26.08011,44.5137],[26.08023,44.51348],[26.08035,44.51319],[26.08118,44.511],[26.08157,44.51022],[26.0819,44.50919],[26.08199,44.50897],[26.08198,44.5082],[26.08166,44.50656],[26.08146,44.50575],[26.0814,44.50562],[26.08131,44.50515],[26.08054,44.50259],[26.08027,44.50129],[26.07945,44.49801],[26.07927,44.49756],[26.07904,44.49655],[26.07887,44.49606],[26.07891,44.49477],[26.07904,44.49333],[26.07906,44.49271],[26.07894,44.4902],[26.07875,44.48929],[26.07863,44.48894],[26.07797,44.48745],[26.07739,44.4863],[26.07712,44.48594],[26.07637,44.48466],[26.07588,44.48417],[26.07575,44.48401],[26.07573,44.48389],[26.07578,44.48373],[26.07576,44.48364],[26.07468,44.48181],[26.07427,44.48102],[26.0739,44.48041],[26.07355,44.47989],[26.07287,44.47878]],[[26.07287,44.47878],[26.07286,44.47872],[26.07279,44.47862],[26.07253,44.47843],[26.07244,44.47841],[26.07231,44.47834],[26.07222,44.47822],[26.0722,44.47804],[26.07224,44.47795],[26.0723,44.47788],[26.0724,44.47782],[26.07252,44.47778],[26.07266,44.47777],[26.07279,44.47779],[26.07292,44.47784],[26.07305,44.47797],[26.07309,44.47806],[26.07309,44.47816],[26.07301,44.47832],[26.073,44.47843],[26.07305,44.47865],[26.07316,44.4789],[26.07593,44.48356],[26.07608,44.48371],[26.07628,44.48382],[26.07651,44.48407],[26.07652,44.48452],[26.07687,44.48516],[26.07777,44.48671],[26.07885,44.48906],[26.07909,44.49016],[26.07922,44.49151],[26.07941,44.49256],[26.07941,44.49366],[26.07934,44.49396],[26.07926,44.49564],[26.07926,44.49582],[26.07931,44.4962],[26.0796,44.49743],[26.07967,44.49809],[26.07996,44.49917],[26.08061,44.50177],[26.08078,44.50211],[26.08094,44.50255],[26.08178,44.50519],[26.0819,44.50543],[26.08198,44.50551],[26.08201,44.50557],[26.08201,44.50563],[26.08197,44.50574],[26.082,44.50602],[26.08215,44.50681],[26.08223,44.50693],[26.08223,44.50708],[26.08241,44.508],[26.08243,44.50852],[26.08235,44.50897],[26.08207,44.50985],[26.08185,44.51043],[26.08175,44.5106],[26.08122,44.51214],[26.08062,44.51367],[26.08062,44.51383],[26.08056,44.51398],[26.08049,44.51407],[26.07982,44.51556],[26.07948,44.51656],[26.07917,44.51706],[26.07851,44.51792],[26.07789,44.51859],[26.07759,44.51898],[26.0774,44.51912],[26.07521,44.52156],[26.0739,44.52294],[26.0735,44.5234],[26.07198,44.52504],[26.07164,44.5255],[26.07135,44.52596],[26.07113,44.52643],[26.0702,44.52888],[26.06999,44.52949],[26.06992,44.52981],[26.06966,44.53035],[26.06945,44.53088],[26.06945,44.5312],[26.0696,44.53147],[26.06962,44.5316],[26.06955,44.53167],[26.06939,44.53176],[26.06925,44.53187],[26.06917,44.53201],[26.06893,44.5327],[26.06889,44.53294],[26.06888,44.53318],[26.0689,44.53329],[26.06893,44.5334],[26.06914,44.53385],[26.06918,44.53406],[26.06924,44.53421],[26.06936,44.53442],[26.06941,44.53446],[26.06944,44.53453],[26.06949,44.53458],[26.06956,44.53464],[26.06978,44.53475],[26.07025,44.53491],[26.07047,44.53501],[26.07107,44.53521],[26.07759,44.53681],[26.07794,44.53688],[26.07836,44.53694],[26.07984,44.53711],[26.08029,44.53718],[26.08083,44.53729],[26.08201,44.53758],[26.0833,44.53779],[26.08383,44.53783],[26.08392,44.53785],[26.08396,44.53791],[26.08396,44.53799],[26.0839,44.53804],[26.0838,44.53806],[26.0837,44.53803],[26.08364,44.53797],[26.08341,44.5379],[26.08238,44.53773],[26.08198,44.53765],[26.0808,44.53735],[26.08026,44.53724],[26.07833,44.53701],[26.07756,44.53688],[26.0694,44.53488],[26.06859,44.53467],[26.06794,44.53452],[26.06681,44.53419],[26.06119,44.53276],[26.06109,44.53275],[26.0499,44.52989],[26.04832,44.5295],[26.04787,44.52937],[26.04728,44.52915],[26.04207,44.52701],[26.02849,44.5214],[26.0153,44.51598],[26.01513,44.51594],[26.01504,44.51597],[26.01487,44.51594],[26.01475,44.51586],[26.01473,44.51578],[26.01478,44.51569],[26.01512,44.51556],[26.01537,44.51537],[26.01826,44.51292],[26.01896,44.51229],[26.0245,44.5075],[26.02513,44.50688],[26.02534,44.50651],[26.02549,44.50607],[26.02552,44.50578],[26.02549,44.50544],[26.02513,44.50407],[26.02509,44.50363],[26.0251,44.5034],[26.02502,44.50333],[26.02452,44.50313],[26.02446,44.50306],[26.02442,44.50297],[26.02433,44.50269],[26.02422,44.50257],[26.02412,44.50258],[26.0232,44.50302],[26.02371,44.50359]]]},"properties":{"route_id":"1008-203","line":"304","name":"304","ref":"304","long_name":"M Straulesti - Piata Presei","type":"bus","color":"#1D71B8"}},{"type":"Feature","geometry":{"type":"MultiLineString","coordinates":[[[26.104,44.42781],[26.10392,44.42828],[26.1038,44.4285],[26.10358,44.42862],[26.10315,44.42865],[26.10263,44.42855],[26.10215,44.42839],[26.10145,44.42805],[26.10106,44.42782],[26.10105,44.42769],[26.10094,44.42739],[26.10096,44.42718],[26.10092,44.42648],[26.10093,44.42622],[26.10097,44.42614],[26.10121,44.42601],[26.10145,44.42593],[26.10185,44.42589],[26.10371,44.4258],[26.10389,44.42575],[26.10394,44.42568],[26.10392,44.42539],[26.10395,44.42195],[26.10388,44.42152],[26.10371,44.42127],[26.10356,44.42114],[26.10302,44.42098],[26.09758,44.41921],[26.09598,44.41863],[26.09571,44.41863],[26.0955,44.41872],[26.0949,44.41902],[26.09466,44.41903],[26.09398,44.41876],[26.09367,44.41858],[26.09332,44.41821],[26.09326,44.41807],[26.09325,44.41765],[26.09328,44.41725],[26.09328,44.41673],[26.09317,44.41641],[26.09311,44.41629],[26.09255,44.41559],[26.09214,44.41512],[26.09175,44.41488],[26.09083,44.41436],[26.09056,44.41411],[26.0887,44.41156],[26.08869,44.4114],[26.08907,44.41094],[26.08939,44.41046],[26.09037,44.40886],[26.0907,44.40849],[26.09108,44.40821],[26.09237,44.40739],[26.09536,44.40561],[26.09577,44.40539],[26.096,44.40516],[26.09619,44.40491],[26.09632,44.40459],[26.09693,44.40371],[26.09715,44.40322],[26.09719,44.40305],[26.09724,44.40205],[26.09722,44.40153],[26.09714,44.40079],[26.09704,44.40032],[26.09694,44.39996],[26.09682,44.39965],[26.09652,44.39898],[26.09604,44.39803],[26.09268,44.39063],[26.09224,44.3898],[26.09205,44.38925],[26.09199,44.38887],[26.092,44.3867],[26.0921,44.38588],[26.09219,44.38225],[26.09223,44.38144],[26.09212,44.38073],[26.09179,44.37941],[26.09112,44.37691],[26.09092,44.37624],[26.09059,44.37486],[26.08915,44.36948],[26.08911,44.36937],[26.08902,44.36931],[26.08878,44.36909],[26.08876,44.36903],[26.08877,44.36896],[26.08885,44.3689],[26.08897,44.36887],[26.08906,44.36888],[26.08915,44.36891],[26.08923,44.369],[26.08944,44.36969]],[[26.08944,44.36969],[26.08977,44.37083],[26.09095,44.3754],[26.091,44.37552],[26.09182,44.37864],[26.09241,44.38098],[26.09244,44.3812],[26.09242,44.38269],[26.09233,44.38497],[26.09225,44.38608],[26.09221,44.38793],[26.09215,44.38895],[26.09219,44.38917],[26.09234,44.38957],[26.09293,44.39066],[26.09311,44.39113],[26.09386,44.39271],[26.09409,44.39326],[26.09432,44.39371],[26.09438,44.39392],[26.09482,44.39483],[26.0951,44.39549],[26.096,44.39729],[26.09631,44.398],[26.09648,44.39844],[26.09684,44.39923],[26.09711,44.39988],[26.09728,44.40041],[26.09747,44.40177],[26.0974,44.40282],[26.09741,44.40295],[26.09767,44.40313],[26.09768,44.40327],[26.09756,44.40352],[26.09662,44.40503],[26.09617,44.40533],[26.09529,44.40587],[26.09293,44.40724],[26.09183,44.40792],[26.09107,44.40844],[26.09082,44.40864],[26.09057,44.4089],[26.08936,44.41087],[26.08893,44.41148],[26.08897,44.4116],[26.09059,44.41386],[26.0909,44.41419],[26.09125,44.41443],[26.09186,44.41478],[26.09238,44.41498],[26.09256,44.4151],[26.09268,44.41526],[26.09276,44.41543],[26.09321,44.41607],[26.09338,44.41648],[26.09337,44.41797],[26.09339,44.41809],[26.09353,44.41833],[26.09394,44.41863],[26.09435,44.41881],[26.09476,44.41881],[26.09498,44.41877],[26.09511,44.41869],[26.09542,44.41858],[26.09564,44.41852],[26.09582,44.41852],[26.10377,44.42104],[26.10396,44.42113],[26.1041,44.42129],[26.10421,44.4217],[26.10429,44.42492],[26.10429,44.42555],[26.10404,44.42699],[26.104,44.42781]]]},"properties":{"route_id":"1008-204","line":"N107","name":"N107","ref":"N107","long_name":"Piata Unirii 4 - C.F.R. Progresul","type":"bus","color":"#2D2E83"}},{"type":"Feature","geometry":{"type":"MultiLineString","coordinates":[[[26.10282,44.42583],[26.10351,44.42581],[26.10381,44.42582],[26.10392,44.42588],[26.104,44.42595],[26.10403,44.42616],[26.10405,44.42684],[26.10396,44.42841],[26.10399,44.42876],[26.10395,44.42902],[26.1039,44.42913],[26.10381,44.42947],[26.10367,44.43181],[26.10329,44.43353],[26.10331,44.43364],[26.10314,44.43437],[26.10296,44.43479],[26.1028,44.43542],[26.103,44.43553],[26.10325,44.43563],[26.10491,44.43592],[26.10526,44.436],[26.10539,44.43605],[26.10552,44.43608],[26.10578,44.43612],[26.10609,44.43611],[26.10633,44.43612],[26.10668,44.43617],[26.10736,44.4364],[26.10791,44.43653],[26.1086,44.43665],[26.10954,44.43679],[26.10985,44.43688],[26.11063,44.43704],[26.11209,44.4373],[26.11453,44.43776],[26.11475,44.43807],[26.115,44.43849],[26.11529,44.43889],[26.1155,44.43913],[26.11692,44.44063],[26.11743,44.4412],[26.11833,44.44225],[26.11995,44.44406],[26.12013,44.44433],[26.12137,44.44562],[26.12225,44.44649],[26.12316,44.44744],[26.12394,44.44841],[26.12431,44.44877],[26.12442,44.44883],[26.12453,44.44892],[26.12492,44.44913],[26.12503,44.44923],[26.12509,44.44933],[26.12537,44.45015],[26.12543,44.45027],[26.12768,44.45349],[26.12795,44.45379],[26.12824,44.45421],[26.129,44.45521],[26.1301,44.45675],[26.13028,44.45704],[26.13107,44.45819],[26.13202,44.45969],[26.13247,44.46037],[26.13295,44.46132],[26.13341,44.46195],[26.13348,44.46209],[26.1335,44.46218],[26.13358,44.46272],[26.13401,44.46338],[26.13464,44.46415],[26.13543,44.46481],[26.13591,44.46515],[26.13644,44.46548],[26.13822,44.46643],[26.13877,44.4667],[26.13944,44.46702],[26.13985,44.46717],[26.14203,44.4682],[26.14338,44.4688],[26.14409,44.46905],[26.1493,44.47075],[26.14975,44.47092],[26.15012,44.47109],[26.15104,44.47158],[26.15142,44.47174],[26.15481,44.4735],[26.15631,44.47431],[26.15762,44.47496],[26.1586,44.47541],[26.16037,44.47635],[26.16264,44.47752],[26.16322,44.47779],[26.16396,44.47817]],[[26.16396,44.47817],[26.1648,44.47861],[26.16568,44.47904],[26.16613,44.47922],[26.16744,44.4798],[26.16859,44.48036],[26.16872,44.48048],[26.16871,44.48059],[26.16847,44.48072],[26.16835,44.4807],[26.16762,44.4803],[26.16571,44.47932],[26.16517,44.47899],[26.16381,44.47828],[26.15813,44.4754],[26.15689,44.47475],[26.15385,44.4732],[26.15173,44.47208],[26.14977,44.47108],[26.14897,44.47076],[26.14532,44.4696],[26.14311,44.46888],[26.14224,44.46852],[26.13938,44.46721],[26.13795,44.4665],[26.13666,44.46583],[26.13605,44.46549],[26.13563,44.46523],[26.13537,44.46505],[26.13478,44.46458],[26.13454,44.46437],[26.13407,44.46384],[26.13333,44.46283],[26.13277,44.46216],[26.13272,44.46196],[26.13269,44.46153],[26.13265,44.46131],[26.13258,44.46111],[26.13232,44.46066],[26.13054,44.45791],[26.12933,44.45615],[26.12807,44.45436],[26.12768,44.45384],[26.12754,44.45362],[26.12663,44.45237],[26.1255,44.45087],[26.12534,44.45063],[26.12512,44.45037],[26.12464,44.44994],[26.12456,44.44988],[26.1243,44.44974],[26.12415,44.4496],[26.12412,44.44953],[26.12407,44.44922],[26.12403,44.44909],[26.12385,44.44866],[26.12351,44.44818],[26.12279,44.44728],[26.12243,44.44695],[26.12055,44.44503],[26.12011,44.44454],[26.11941,44.44382],[26.11911,44.4434],[26.11682,44.44075],[26.11543,44.43927],[26.11489,44.43876],[26.11434,44.43795],[26.11424,44.43784],[26.11411,44.43776],[26.11361,44.43764],[26.11058,44.43707],[26.10744,44.4365],[26.10712,44.43646],[26.10692,44.43649],[26.10651,44.43646],[26.10626,44.43641],[26.10579,44.43621],[26.10306,44.43574],[26.10244,44.43568],[26.10234,44.43565],[26.10224,44.43557],[26.10223,44.43551],[26.10228,44.4354],[26.10235,44.43533],[26.10275,44.43462],[26.10286,44.43431],[26.10314,44.43371],[26.10324,44.43313],[26.1035,44.43214],[26.10355,44.43171],[26.10368,44.42947],[26.10367,44.42921],[26.10357,44.42908],[26.10342,44.42898],[26.10322,44.42891],[26.10242,44.42853],[26.10107,44.42793],[26.10094,44.42739],[26.10095,44.42611],[26.10126,44.426],[26.10178,44.4259],[26.10282,44.42583]]]},"properties":{"route_id":"1008-207","line":"N108","name":"N108","ref":"N108","long_name":"Piata Unirii 2 - Pasaj Colentina","type":"bus","color":"#2D2E83"}},{"type":"Feature","geometry":{"type":"MultiLineString","coordinates":[[[26.10282,44.42583],[26.1039,44.42583],[26.10399,44.42594],[26.10403,44.42605],[26.104,44.42781],[26.10392,44.42828],[26.1038,44.4285],[26.10358,44.42862],[26.10315,44.42865],[26.10263,44.42855],[26.10215,44.42839],[26.10145,44.42805],[26.10106,44.42782],[26.10105,44.42769],[26.10094,44.42739],[26.10101,44.42719],[26.10098,44.42693],[26.0924,44.42733],[26.09237,44.4275],[26.09221,44.42781],[26.09208,44.42796],[26.09189,44.42811],[26.09169,44.42822],[26.0915,44.4283],[26.09128,44.42835],[26.09096,44.42838],[26.09077,44.42624],[26.09059,44.42457],[26.09025,44.42458],[26.08991,44.42465],[26.08416,44.42498],[26.0789,44.4253],[26.07811,44.42545],[26.07785,44.42552],[26.07766,44.42554],[26.07747,44.42546],[26.07719,44.42524],[26.07652,44.42482],[26.07601,44.4246],[26.07545,44.42439],[26.07437,44.42395],[26.07369,44.42374],[26.07193,44.42305],[26.07034,44.42247],[26.06958,44.42217],[26.06608,44.42085],[26.06495,44.42051],[26.06343,44.41996],[26.06152,44.41932],[26.05961,44.4187],[26.05873,44.41838],[26.05756,44.41803],[26.05327,44.4167],[26.05297,44.41663],[26.05192,44.41629],[26.05023,44.41578],[26.04829,44.41556],[26.04551,44.41531],[26.04364,44.41527],[26.04253,44.41515],[26.03371,44.41402],[26.03058,44.41364],[26.02996,44.41359],[26.0265,44.41316],[26.02612,44.41312],[26.02581,44.41312],[26.02562,44.41305],[26.02547,44.41303],[26.02447,44.41292],[26.01873,44.4122],[26.01845,44.41218],[26.01834,44.41214],[26.01623,44.41187],[26.01601,44.41188],[26.01577,44.41194],[26.01549,44.41206],[26.01523,44.41224],[26.01507,44.41241],[26.015,44.41242],[26.01426,44.41236],[26.01415,44.41266],[26.01489,44.41276],[26.01503,44.41239],[26.01521,44.41217],[26.01543,44.4118],[26.01553,44.41175],[26.01713,44.41195]],[[26.01713,44.41195],[26.02532,44.41296],[26.02569,44.41302],[26.02587,44.41296],[26.02597,44.41295],[26.02615,44.41297],[26.04318,44.41504],[26.04474,44.41512],[26.04696,44.41531],[26.04869,44.41544],[26.05026,44.41563],[26.05359,44.41663],[26.0583,44.4181],[26.05924,44.41836],[26.05994,44.41859],[26.06027,44.41873],[26.06254,44.4195],[26.06523,44.42037],[26.06654,44.42085],[26.06788,44.42138],[26.0706,44.42233],[26.07106,44.42256],[26.07274,44.42317],[26.0734,44.42343],[26.07427,44.42372],[26.0759,44.42435],[26.07667,44.42461],[26.07778,44.4249],[26.07856,44.42506],[26.07921,44.42508],[26.08353,44.42485],[26.08581,44.42466],[26.09046,44.42442],[26.09065,44.42446],[26.09074,44.42455],[26.09084,44.42502],[26.09091,44.42624],[26.09111,44.42625],[26.09136,44.4263],[26.09163,44.42638],[26.09183,44.42647],[26.09201,44.42659],[26.09214,44.42671],[26.09226,44.42685],[26.09233,44.42698],[26.09239,44.42717],[26.10082,44.42677],[26.10088,44.42676],[26.10093,44.42672],[26.10094,44.42653],[26.10092,44.42629],[26.10098,44.42613],[26.10103,44.42609],[26.10168,44.42587],[26.10282,44.42583]]]},"properties":{"route_id":"1008-208","line":"N101","name":"N101","ref":"N101","long_name":"Piata Unirii 2 - Valea Oltului","type":"bus","color":"#2D2E83"}},{"type":"Feature","geometry":{"type":"MultiLineString","coordinates":[[[26.18352,44.44026],[26.18391,44.44012],[26.18412,44.4401],[26.1843,44.44012],[26.18439,44.44028],[26.18438,44.44039],[26.1843,44.44045],[26.18293,44.44068],[26.1753,44.44189],[26.17396,44.44205],[26.17163,44.44224],[26.17017,44.44234],[26.16977,44.44234],[26.16635,44.44259],[26.16484,44.44266],[26.16442,44.44265],[26.16368,44.44267],[26.16359,44.44269],[26.1633,44.4427],[26.16099,44.44276],[26.15884,44.44287],[26.15827,44.44296],[26.15803,44.44307],[26.15766,44.44315],[26.15748,44.44316],[26.15612,44.44313],[26.152,44.44347],[26.15098,44.44357],[26.15068,44.44358],[26.15019,44.44355],[26.15001,44.44348],[26.14948,44.44317],[26.14925,44.44307],[26.1489,44.44302],[26.14726,44.44287],[26.14398,44.4425],[26.14315,44.44242],[26.14052,44.44209],[26.13446,44.44141],[26.13402,44.44133],[26.1335,44.44128],[26.1324,44.44107],[26.13236,44.44111],[26.11729,44.43832],[26.11718,44.43831],[26.11661,44.43841],[26.11633,44.4384],[26.11602,44.43825],[26.11576,44.43805],[26.115,44.43794],[26.11411,44.43777],[26.11361,44.43764],[26.11058,44.43707],[26.10744,44.4365],[26.10712,44.43646],[26.10692,44.43649],[26.10651,44.43646],[26.10626,44.43641],[26.10579,44.43621],[26.10306,44.43574],[26.10244,44.43568],[26.10234,44.43565],[26.10224,44.43557],[26.10223,44.43551],[26.10228,44.4354],[26.10235,44.43533],[26.10275,44.43462],[26.10286,44.43431],[26.10314,44.43371],[26.10324,44.43313],[26.1035,44.43214],[26.10355,44.43171],[26.10368,44.42947],[26.10367,44.42921],[26.10357,44.42908],[26.10342,44.42898],[26.10322,44.42891],[26.10242,44.42853],[26.10107,44.42793],[26.10094,44.42739],[26.10095,44.42611],[26.10126,44.426],[26.10178,44.4259],[26.10282,44.42583]],[[26.10282,44.42583],[26.10351,44.42581],[26.10381,44.42582],[26.10392,44.42588],[26.104,44.42595],[26.10403,44.42616],[26.10405,44.42684],[26.10396,44.42841],[26.10399,44.42876],[26.10395,44.42902],[26.1039,44.42913],[26.10381,44.42947],[26.10367,44.43181],[26.10329,44.43353],[26.10331,44.43364],[26.10314,44.43437],[26.10296,44.43479],[26.1028,44.43542],[26.103,44.43553],[26.10325,44.43563],[26.10491,44.43592],[26.10526,44.436],[26.10539,44.43605],[26.10552,44.43608],[26.10578,44.43612],[26.10609,44.43611],[26.10633,44.43612],[26.10668,44.43617],[26.10736,44.4364],[26.10791,44.43653],[26.1086,44.43665],[26.10954,44.43679],[26.11042,44.43697],[26.11363,44.43755],[26.11483,44.43778],[26.11532,44.43785],[26.11574,44.43794],[26.11585,44.43794],[26.116,44.43789],[26.11632,44.43783],[26.11661,44.43786],[26.11688,44.43798],[26.11702,44.43809],[26.11707,44.43817],[26.11715,44.43821],[26.12842,44.4403],[26.13249,44.44108],[26.13411,44.44127],[26.13451,44.44129],[26.13563,44.44139],[26.14417,44.44237],[26.15214,44.44321],[26.1526,44.4432],[26.15633,44.4429],[26.15659,44.44285],[26.15707,44.44271],[26.15738,44.44265],[26.15752,44.44265],[26.15767,44.44269],[26.15989,44.44263],[26.16097,44.44258],[26.16133,44.44259],[26.16213,44.44255],[26.16438,44.44248],[26.16962,44.44219],[26.1701,44.44214],[26.17411,44.44187],[26.17453,44.44183],[26.17493,44.44175],[26.17799,44.44131],[26.18108,44.44082],[26.18157,44.44072],[26.18175,44.44067],[26.18238,44.4404],[26.18252,44.44022],[26.1826,44.44004],[26.18279,44.43992],[26.18308,44.43981],[26.18324,44.43979],[26.18404,44.43992],[26.18429,44.44007],[26.18436,44.44028],[26.18433,44.44042],[26.18285,44.44067],[26.18273,44.44054],[26.18271,44.44042],[26.18308,44.44033],[26.18352,44.44026]]]},"properties":{"route_id":"1008-209","line":"N102","name":"N102","ref":"N102","long_name":"Piata Unirii 2 - Pantelimon","type":"bus","color":"#2D2E83"}},{"type":"Feature","geometry":{"type":"MultiLineString","coordinates":[[[26.01451,44.4214],[26.01477,44.42141],[26.01517,44.42118],[26.01609,44.42127],[26.01682,44.42131],[26.01741,44.42127],[26.01871,44.42107],[26.0195,44.42097],[26.02,44.42088],[26.02014,44.4208],[26.02022,44.42067],[26.02005,44.42012],[26.01997,44.41964],[26.02001,44.41907],[26.02019,44.41846],[26.02046,44.41793],[26.02063,44.41769],[26.0208,44.41752],[26.02095,44.41733],[26.02119,44.41711],[26.02156,44.41684],[26.02208,44.41655],[26.02259,44.41634],[26.02329,44.41615],[26.02367,44.4161],[26.02423,44.41608],[26.02477,44.41611],[26.02507,44.41615],[26.02578,44.41632],[26.02628,44.41653],[26.0268,44.4168],[26.02734,44.41715],[26.02836,44.41777],[26.02879,44.41801],[26.02912,44.41816],[26.0298,44.41835],[26.03014,44.41841],[26.0307,44.41846],[26.03133,44.41843],[26.03182,44.41834],[26.0324,44.4182],[26.03392,44.41792],[26.03414,44.41783],[26.03426,44.4177],[26.0343,44.41761],[26.03459,44.41576],[26.03494,44.41443],[26.03506,44.41426],[26.03524,44.41415],[26.03553,44.4141],[26.03662,44.41425],[26.04318,44.41504],[26.04474,44.41512],[26.04696,44.41531],[26.04869,44.41544],[26.05026,44.41563],[26.05359,44.41663],[26.0583,44.4181],[26.05924,44.41836],[26.05994,44.41859],[26.06061,44.41884],[26.06449,44.42017],[26.06533,44.42039],[26.06558,44.4204],[26.06596,44.42032],[26.06609,44.4202],[26.06647,44.41977],[26.06701,44.41922],[26.06776,44.41837],[26.07073,44.41527],[26.07109,44.41496],[26.07165,44.41438],[26.0731,44.41297],[26.07327,44.41289],[26.07352,44.41292],[26.07667,44.41462],[26.07925,44.41591],[26.07987,44.4163],[26.08034,44.41654],[26.0812,44.41705],[26.08206,44.41762],[26.08216,44.41761],[26.08247,44.41743],[26.08364,44.41668],[26.08481,44.41536],[26.08555,44.41444],[26.08607,44.41385],[26.08845,44.41167],[26.08907,44.41094],[26.08939,44.41046],[26.09037,44.40886],[26.0907,44.40849],[26.09108,44.40821],[26.09237,44.40739],[26.09536,44.40561],[26.09577,44.40539],[26.096,44.40516],[26.09619,44.40491],[26.09632,44.40459],[26.09651,44.40437],[26.09678,44.40399],[26.09711,44.4036],[26.09799,44.40277],[26.0989,44.40175],[26.09907,44.40162],[26.09939,44.40144],[26.10084,44.401],[26.10584,44.3997],[26.11489,44.39624],[26.11619,44.3957],[26.11927,44.39452],[26.1202,44.39407],[26.12047,44.39388],[26.12064,44.39379],[26.1209,44.39374],[26.12137,44.39362],[26.12164,44.39348],[26.12178,44.39338],[26.12249,44.39262],[26.12264,44.39242],[26.12336,44.39169],[26.12614,44.38868],[26.12775,44.38698],[26.12868,44.38597],[26.13297,44.38148],[26.13431,44.38005],[26.1346,44.3798],[26.13498,44.37938],[26.13654,44.3774],[26.1379,44.37562],[26.1406,44.37204],[26.14156,44.37082],[26.14158,44.37078],[26.14158,44.37071],[26.14152,44.37065],[26.12675,44.36481],[26.12646,44.36476],[26.12635,44.36479],[26.12625,44.3648],[26.12616,44.36479],[26.1261,44.36476],[26.12604,44.3647],[26.12602,44.36462],[26.12604,44.36456],[26.12609,44.36451],[26.12615,44.36435],[26.12612,44.36425],[26.12607,44.36421],[26.12599,44.36418],[26.12588,44.36418],[26.12568,44.36424],[26.12558,44.36424],[26.12548,44.3642],[26.12411,44.36338],[26.12401,44.36334],[26.1234,44.36298],[26.12329,44.36291],[26.12319,44.36282],[26.12306,44.36261],[26.12298,44.36254],[26.12291,44.36238],[26.12254,44.36218],[26.12259,44.36213],[26.12281,44.36223],[26.12282,44.36228],[26.12301,44.36241],[26.12312,44.36243],[26.12319,44.36242],[26.12331,44.36243],[26.12345,44.36249],[26.12352,44.3626],[26.12345,44.36269]],[[26.12344,44.36269],[26.12334,44.36275],[26.12331,44.36279],[26.12331,44.36285],[26.12334,44.3629],[26.12343,44.36296],[26.12404,44.36332],[26.12415,44.36336],[26.1243,44.36344],[26.12553,44.36418],[26.12595,44.3641],[26.12603,44.3641],[26.12611,44.36412],[26.12619,44.36416],[26.12624,44.36421],[26.12632,44.3644],[26.12636,44.36444],[26.12651,44.36453],[26.12653,44.3646],[26.12659,44.36466],[26.12668,44.36472],[26.12695,44.36485],[26.12945,44.36584],[26.1299,44.366],[26.13329,44.36735],[26.14157,44.37061],[26.14166,44.37067],[26.14169,44.37076],[26.14167,44.37085],[26.13978,44.37322],[26.13803,44.37556],[26.13608,44.37803],[26.13564,44.37871],[26.13522,44.37922],[26.13503,44.37952],[26.13435,44.38025],[26.13408,44.3806],[26.13199,44.38276],[26.12829,44.38663],[26.12588,44.38919],[26.12355,44.39171],[26.12333,44.39192],[26.12336,44.392],[26.12388,44.39237],[26.12408,44.39253],[26.1241,44.39259],[26.12039,44.39416],[26.10591,44.39971],[26.10176,44.40078],[26.10057,44.4011],[26.09982,44.40133],[26.09934,44.40151],[26.09896,44.40178],[26.09886,44.40187],[26.0978,44.40311],[26.09764,44.40332],[26.09708,44.40424],[26.09687,44.40462],[26.09673,44.40475],[26.09656,44.40504],[26.09641,44.40519],[26.09564,44.40565],[26.09543,44.40579],[26.09293,44.40724],[26.09183,44.40792],[26.09107,44.40844],[26.09082,44.40864],[26.09057,44.4089],[26.08936,44.41087],[26.08908,44.41126],[26.08806,44.4122],[26.08797,44.4123],[26.08774,44.41248],[26.0866,44.4135],[26.08613,44.41394],[26.08396,44.41652],[26.0837,44.41673],[26.08302,44.41719],[26.08224,44.41768],[26.08201,44.41775],[26.08183,44.41771],[26.08067,44.41691],[26.08023,44.41664],[26.07852,44.41576],[26.07799,44.41551],[26.07586,44.41433],[26.07375,44.41328],[26.07337,44.41306],[26.07329,44.41305],[26.0732,44.41309],[26.07294,44.41329],[26.0711,44.41504],[26.07021,44.41601],[26.06816,44.41808],[26.0664,44.42005],[26.06614,44.42039],[26.06582,44.42071],[26.06562,44.42071],[26.06495,44.42051],[26.06343,44.41996],[26.06152,44.41932],[26.05961,44.4187],[26.05873,44.41838],[26.05756,44.41803],[26.05327,44.4167],[26.05297,44.41663],[26.05192,44.41629],[26.05023,44.41578],[26.04829,44.41556],[26.04551,44.41531],[26.04364,44.41527],[26.04253,44.41515],[26.03566,44.41429],[26.03541,44.41429],[26.03533,44.41432],[26.03524,44.41439],[26.03518,44.41463],[26.03504,44.415],[26.03472,44.41623],[26.03455,44.41776],[26.03447,44.41793],[26.03437,44.41805],[26.03376,44.41814],[26.03238,44.4184],[26.03185,44.41853],[26.03129,44.41862],[26.03047,44.41863],[26.03004,44.41859],[26.02937,44.41846],[26.02868,44.4182],[26.02836,44.41803],[26.02742,44.41746],[26.02659,44.41691],[26.0259,44.41658],[26.02551,44.41646],[26.02499,44.41635],[26.02438,44.41628],[26.02379,44.41629],[26.02319,44.41637],[26.02279,44.41647],[26.02232,44.41666],[26.02197,44.41683],[26.02163,44.41704],[26.02117,44.41745],[26.02091,44.41774],[26.02072,44.418],[26.02043,44.41845],[26.02035,44.41867],[26.0202,44.41937],[26.02018,44.41967],[26.02032,44.42031],[26.02048,44.42074],[26.02049,44.42084],[26.0202,44.42094],[26.01985,44.421],[26.01947,44.42104],[26.01846,44.42121],[26.01742,44.42136],[26.01699,44.42139],[26.01653,44.42139],[26.0135,44.42112],[26.01347,44.42123],[26.01349,44.42131],[26.01358,44.42135],[26.01389,44.42133],[26.01451,44.4214]]]},"properties":{"route_id":"1008-210","line":"232","name":"232","ref":"232","long_name":"Arcade Berceni - Valea Ialomitei","type":"bus","color":"#1D71B8"}},{"type":"Feature","geometry":{"type":"MultiLineString","coordinates":[[[26.14829,44.40599],[26.14785,44.4061],[26.14483,44.40713],[26.14093,44.40851],[26.14033,44.40869],[26.1399,44.40889],[26.13941,44.40897],[26.13803,44.40911],[26.13784,44.40922],[26.13758,44.40947],[26.13596,44.41131],[26.13423,44.41289],[26.13365,44.41339],[26.13329,44.41401],[26.13283,44.41488],[26.13283,44.41493],[26.13288,44.41504],[26.13337,44.41538],[26.13377,44.41571],[26.13395,44.41589],[26.13411,44.41606],[26.13481,44.41698],[26.13528,44.41765],[26.13676,44.4202],[26.13679,44.42028],[26.13709,44.42195],[26.13739,44.42371],[26.13748,44.42488],[26.13762,44.42566],[26.1377,44.42597],[26.13781,44.42627],[26.13898,44.42899],[26.13911,44.42922],[26.13922,44.42955],[26.13932,44.43012],[26.13932,44.43051],[26.13929,44.43077],[26.13922,44.43109],[26.1385,44.43275],[26.13794,44.43389],[26.13768,44.43446],[26.13747,44.43483],[26.13633,44.43774],[26.13617,44.438],[26.13559,44.4388],[26.13442,44.44035],[26.1343,44.44047],[26.13342,44.44122],[26.13333,44.44126],[26.13324,44.44127],[26.13314,44.44126],[26.12376,44.43952],[26.12293,44.43933],[26.12147,44.43908],[26.12102,44.44002],[26.12106,44.44022],[26.12089,44.44046],[26.1209,44.44053],[26.12076,44.44072],[26.12072,44.44084],[26.12021,44.44303],[26.12014,44.44324],[26.12004,44.44336],[26.11875,44.44391],[26.11822,44.44401],[26.11791,44.4441],[26.11583,44.44452],[26.11441,44.44502],[26.11418,44.44508],[26.11248,44.44534],[26.11073,44.44565],[26.1084,44.44609],[26.10768,44.4462],[26.10345,44.44655],[26.10339,44.44657],[26.10337,44.44661],[26.10306,44.4482],[26.10295,44.44882],[26.1029,44.44924],[26.10265,44.44985],[26.1023,44.4503],[26.1018,44.45083],[26.10164,44.45104],[26.10137,44.45157],[26.10101,44.45259],[26.10096,44.45265],[26.10082,44.45307],[26.10075,44.45496],[26.10058,44.45803],[26.10103,44.46036],[26.10157,44.46297],[26.10224,44.4666],[26.10232,44.46691],[26.10238,44.46707],[26.10269,44.46759],[26.10397,44.46952],[26.10444,44.47031],[26.10535,44.47194],[26.10546,44.47221],[26.1055,44.47253],[26.10546,44.47272],[26.105,44.47388],[26.10467,44.47438],[26.10378,44.47559],[26.10321,44.47653],[26.10248,44.47787],[26.10206,44.4786],[26.10149,44.47966],[26.10146,44.47976],[26.10314,44.48027],[26.10378,44.48052],[26.10423,44.48072],[26.10503,44.48113],[26.10664,44.48206],[26.1078,44.48277],[26.11056,44.48437],[26.11321,44.48589],[26.11345,44.48601],[26.11365,44.48615],[26.11453,44.48668],[26.11484,44.48691],[26.11494,44.48692],[26.11528,44.48686],[26.11548,44.48672],[26.11555,44.4867],[26.11561,44.4867],[26.11568,44.48672]],[[26.11568,44.48673],[26.11571,44.4868],[26.11566,44.48685],[26.11549,44.4869],[26.11496,44.48698],[26.11485,44.48698],[26.11468,44.48688],[26.11456,44.48683],[26.11446,44.48681],[26.11425,44.48685],[26.11393,44.48694],[26.11381,44.48691],[26.11313,44.48619],[26.11258,44.48586],[26.11167,44.48522],[26.10691,44.48247],[26.10443,44.48108],[26.10354,44.48067],[26.10215,44.48018],[26.10137,44.47995],[26.10126,44.47986],[26.10129,44.47973],[26.10135,44.47963],[26.10142,44.47956],[26.10362,44.47559],[26.1046,44.47429],[26.10487,44.47389],[26.10535,44.47272],[26.10537,44.47255],[26.10536,44.47233],[26.10531,44.47212],[26.10514,44.47177],[26.1042,44.47006],[26.10333,44.4687],[26.10242,44.46734],[26.10231,44.46713],[26.10218,44.46681],[26.10206,44.46608],[26.10192,44.46552],[26.10125,44.46176],[26.10077,44.4596],[26.10052,44.45819],[26.10052,44.45746],[26.10076,44.45327],[26.10081,44.45306],[26.10087,44.45296],[26.10119,44.4529],[26.10325,44.45291],[26.10413,44.45285],[26.10486,44.45285],[26.10495,44.45283],[26.10503,44.45278],[26.10666,44.44956],[26.10792,44.44755],[26.10826,44.44675],[26.10832,44.44668],[26.10928,44.44622],[26.10959,44.44586],[26.10967,44.4458],[26.10978,44.44575],[26.11193,44.44534],[26.11408,44.445],[26.11448,44.4449],[26.11579,44.44445],[26.11796,44.444],[26.11978,44.44322],[26.11999,44.44311],[26.12007,44.44297],[26.12019,44.44267],[26.12032,44.44215],[26.12038,44.44198],[26.12055,44.44108],[26.12063,44.44081],[26.12062,44.44076],[26.12056,44.44071],[26.12033,44.4406],[26.12032,44.44055],[26.12047,44.44042],[26.12078,44.44007],[26.12093,44.43997],[26.12104,44.43987],[26.12133,44.43923],[26.12141,44.43909],[26.12154,44.43904],[26.12191,44.43908],[26.12267,44.43922],[26.12372,44.43943],[26.12842,44.4403],[26.13249,44.44108],[26.13314,44.44117],[26.13325,44.44118],[26.13336,44.44117],[26.13347,44.44113],[26.13359,44.44104],[26.13437,44.44035],[26.13444,44.44028],[26.13498,44.43957],[26.13609,44.43805],[26.13629,44.43772],[26.13724,44.43531],[26.1375,44.43452],[26.1381,44.43292],[26.13892,44.43089],[26.13898,44.4307],[26.13904,44.43032],[26.13905,44.42993],[26.13898,44.42934],[26.13875,44.42854],[26.13777,44.42627],[26.13767,44.42601],[26.13758,44.4257],[26.13745,44.42491],[26.13735,44.42377],[26.13728,44.42324],[26.13672,44.4202],[26.13511,44.41746],[26.13484,44.41709],[26.13407,44.41607],[26.13392,44.4159],[26.13376,44.41573],[26.13359,44.41558],[26.13279,44.41499],[26.13273,44.41491],[26.13273,44.41482],[26.133,44.41432],[26.13361,44.41331],[26.13503,44.41207],[26.13575,44.41139],[26.13616,44.41097],[26.13767,44.40925],[26.13787,44.40911],[26.13802,44.40906],[26.13983,44.4088],[26.14117,44.40835],[26.14566,44.40676],[26.14805,44.40596],[26.14809,44.40588],[26.148,44.40553],[26.14809,44.40546],[26.14915,44.40516],[26.15039,44.40486],[26.15064,44.4054],[26.14829,44.40599]]]},"properties":{"route_id":"1008-214","line":"135","name":"135","ref":"135","long_name":"Pasajul Pipera - C.E.T. Sud Vitan","type":"bus","color":"#1D71B8"}},{"type":"Feature","geometry":{"type":"MultiLineString","coordinates":[[[26.03481,44.41016],[26.0349,44.4102],[26.0354,44.41003],[26.03559,44.40999],[26.03573,44.40999],[26.03601,44.41002],[26.03608,44.40995],[26.03618,44.40992],[26.03626,44.40992],[26.03636,44.40997],[26.03642,44.4101],[26.03632,44.41028],[26.03529,44.41415],[26.03518,44.41463],[26.03504,44.415],[26.03481,44.41586],[26.03472,44.41623],[26.03455,44.41776],[26.03447,44.41793],[26.03437,44.41805],[26.03376,44.41814],[26.03238,44.4184],[26.03185,44.41853],[26.03129,44.41862],[26.03047,44.41863],[26.03004,44.41859],[26.02937,44.41846],[26.02868,44.4182],[26.02836,44.41803],[26.02742,44.41746],[26.02659,44.41691],[26.0259,44.41658],[26.02551,44.41646],[26.02499,44.41635],[26.02438,44.41628],[26.02379,44.41629],[26.0235,44.41632],[26.02301,44.41641],[26.02279,44.41647],[26.02256,44.41656],[26.02197,44.41683],[26.02163,44.41704],[26.02117,44.41745],[26.02091,44.41774],[26.02058,44.41823],[26.02041,44.41857],[26.02029,44.41906],[26.02023,44.41956],[26.02023,44.41981],[26.02028,44.42005],[26.02035,44.42032],[26.02073,44.42104],[26.02132,44.42169],[26.02181,44.42207],[26.02199,44.42219],[26.02269,44.42254],[26.0229,44.42263],[26.02339,44.4228],[26.0242,44.42297],[26.02432,44.42302],[26.02507,44.42308],[26.02514,44.42313],[26.02518,44.42319],[26.02519,44.42333],[26.02513,44.42378],[26.02509,44.42392],[26.02502,44.42442],[26.02471,44.42613],[26.02465,44.4266],[26.02456,44.42667],[26.02438,44.42674],[26.0242,44.42674],[26.02387,44.42672],[26.02231,44.42657],[26.02094,44.42647],[26.01958,44.42635],[26.01786,44.42624],[26.01704,44.42617],[26.01682,44.42613],[26.01666,44.42607],[26.01521,44.42564],[26.01513,44.42565],[26.01508,44.4257],[26.01495,44.42674],[26.01496,44.42692],[26.015,44.42707],[26.0151,44.42724],[26.01804,44.43069],[26.01897,44.43172],[26.01944,44.4323],[26.02064,44.43364],[26.02072,44.43384],[26.02071,44.43407],[26.02062,44.43414],[26.02048,44.43416],[26.01954,44.43415],[26.01737,44.43409],[26.01601,44.43407],[26.01545,44.43408],[26.01298,44.43402],[26.01234,44.43404],[26.01182,44.43403],[26.01144,44.43398],[26.00882,44.43393],[26.00676,44.43391],[26.00479,44.43396],[26.00089,44.43388],[25.99698,44.43386],[25.99215,44.43426],[25.99194,44.4343],[25.99039,44.43441],[25.98802,44.43461],[25.98756,44.43467],[25.98748,44.43469],[25.98743,44.43472],[25.98738,44.43477],[25.98737,44.43485],[25.98743,44.43533],[25.98743,44.43583],[25.98741,44.43605],[25.98737,44.43766],[25.98736,44.43904],[25.98735,44.43934],[25.98733,44.43942],[25.98727,44.43947],[25.98553,44.43938],[25.98544,44.43943],[25.98521,44.43947],[25.9841,44.43944],[25.98394,44.43942],[25.98383,44.43944],[25.98374,44.43943],[25.9836,44.43937],[25.98356,44.43927],[25.98362,44.43916],[25.98369,44.43913],[25.98379,44.43912],[25.98389,44.43914],[25.98397,44.43918],[25.98402,44.43936],[25.98406,44.43939],[25.98426,44.43941],[25.98493,44.43943]],[[25.98493,44.43943],[25.98538,44.43944],[25.98525,44.4411],[25.98513,44.44119],[25.98442,44.44115],[25.98428,44.4413],[25.98415,44.44157],[25.98427,44.44167],[25.98726,44.4418],[25.98721,44.44157],[25.98733,44.43741],[25.98735,44.4353],[25.9873,44.43512],[25.98721,44.43491],[25.98718,44.43477],[25.98718,44.43465],[25.98723,44.43455],[25.98741,44.4345],[25.99699,44.43371],[25.99828,44.43369],[26.00472,44.43377],[26.00589,44.43375],[26.00647,44.43372],[26.00706,44.43372],[26.0083,44.43376],[26.01176,44.43383],[26.01246,44.43383],[26.01559,44.43388],[26.01666,44.43388],[26.01984,44.43395],[26.02053,44.43394],[26.02057,44.43385],[26.02058,44.43373],[26.02038,44.43344],[26.01988,44.43289],[26.01875,44.43159],[26.01861,44.43145],[26.01846,44.43126],[26.01704,44.42969],[26.01501,44.42732],[26.01491,44.42715],[26.01485,44.42698],[26.01483,44.42679],[26.01497,44.42561],[26.01501,44.42553],[26.01515,44.42548],[26.01531,44.42547],[26.01634,44.42579],[26.01686,44.42592],[26.02047,44.42625],[26.02446,44.42657],[26.02455,44.42653],[26.02462,44.42645],[26.02464,44.42636],[26.02464,44.42624],[26.02503,44.42404],[26.02513,44.42328],[26.02508,44.42324],[26.02499,44.4232],[26.0246,44.42318],[26.02395,44.42309],[26.02366,44.42303],[26.02336,44.42296],[26.02282,44.42279],[26.02217,44.42251],[26.02164,44.42223],[26.02144,44.42209],[26.02109,44.42181],[26.02067,44.42137],[26.02038,44.42099],[26.02024,44.42069],[26.02016,44.42049],[26.02005,44.42012],[26.01997,44.41964],[26.02001,44.41907],[26.02011,44.41871],[26.02019,44.41846],[26.02046,44.41793],[26.02063,44.41769],[26.0208,44.41752],[26.02095,44.41733],[26.02119,44.41711],[26.02156,44.41684],[26.02208,44.41655],[26.02259,44.41634],[26.02329,44.41615],[26.02367,44.4161],[26.02423,44.41608],[26.02477,44.41611],[26.02507,44.41615],[26.02578,44.41632],[26.02628,44.41653],[26.0268,44.4168],[26.02734,44.41715],[26.02836,44.41777],[26.02879,44.41801],[26.02912,44.41816],[26.0298,44.41835],[26.03014,44.41841],[26.0307,44.41846],[26.03133,44.41843],[26.03182,44.41834],[26.0324,44.4182],[26.03392,44.41792],[26.03414,44.41783],[26.03426,44.4177],[26.0343,44.41761],[26.03459,44.41576],[26.03493,44.41447],[26.03497,44.41417],[26.03588,44.41083],[26.03607,44.41021],[26.03594,44.41007],[26.03585,44.41004],[26.03566,44.41003],[26.03541,44.41006],[26.03498,44.41021],[26.03493,44.41025],[26.03492,44.41031],[26.03483,44.41037],[26.03475,44.41038],[26.03461,44.41035],[26.03374,44.41069],[26.03368,44.41071],[26.03363,44.4107],[26.03366,44.41065],[26.03459,44.41032],[26.03465,44.41022],[26.03472,44.41018],[26.03481,44.41016]]]},"properties":{"route_id":"1008-217","line":"138","name":"138","ref":"138","long_name":"Complex Militari - Dedeman Ghencea","type":"bus","color":"#1D71B8"}},{"type":"Feature","geometry":{"type":"MultiLineString","coordinates":[[[26.07837,44.38721],[26.07871,44.38781],[26.07899,44.38818],[26.07922,44.38841],[26.07997,44.38907],[26.08035,44.38946],[26.0821,44.39204],[26.08242,44.39244],[26.08314,44.39356],[26.0838,44.39447],[26.0846,44.39533],[26.08468,44.39553],[26.08377,44.39661],[26.08357,44.39689],[26.08347,44.39721],[26.08345,44.39766],[26.08332,44.39804],[26.08324,44.39818],[26.08278,44.39861],[26.08251,44.39875],[26.08212,44.39889],[26.07949,44.39942],[26.07933,44.3995],[26.07809,44.40042],[26.07793,44.40044],[26.07777,44.40042],[26.07725,44.40033],[26.07684,44.40023],[26.07341,44.39967],[26.07287,44.39962],[26.07264,44.39965],[26.07248,44.3997],[26.07226,44.39981],[26.07208,44.39993],[26.07092,44.40088],[26.06875,44.40232],[26.06847,44.40245],[26.06659,44.40321],[26.06656,44.40325],[26.0666,44.40335],[26.06748,44.40401],[26.06747,44.40414],[26.06722,44.40429],[26.06648,44.40478],[26.06438,44.40628],[26.06402,44.40643],[26.06366,44.40665],[26.06343,44.40666],[26.06275,44.40679],[26.06005,44.4074],[26.05904,44.4076],[26.05891,44.40775],[26.0589,44.40787],[26.05894,44.408],[26.05907,44.40823],[26.06071,44.41214],[26.06181,44.41468],[26.0618,44.41476],[26.06177,44.41478],[26.06066,44.41537],[26.0596,44.41635],[26.0591,44.41694],[26.05895,44.4173],[26.05892,44.41748],[26.05891,44.41778],[26.05896,44.41819],[26.05941,44.42129],[26.05964,44.42257],[26.06014,44.42627],[26.0601,44.42632],[26.06,44.42636],[26.05886,44.42623],[26.0587,44.42623],[26.05828,44.42632],[26.0582,44.42631],[26.05797,44.42623],[26.05764,44.42615],[26.05705,44.4261],[26.05537,44.42587],[26.05529,44.42588],[26.05526,44.42591],[26.05481,44.42782],[26.05475,44.428],[26.05465,44.42848],[26.05466,44.42866],[26.05458,44.42906],[26.05455,44.42942],[26.0545,44.43047],[26.05445,44.43252],[26.05449,44.43433],[26.05462,44.43442],[26.05881,44.43448],[26.05897,44.43442],[26.05907,44.43432],[26.05912,44.43404]],[[26.05912,44.43404],[26.05914,44.43397],[26.05914,44.4322],[26.05916,44.43198],[26.0592,44.43187],[26.05937,44.43149],[26.05952,44.43123],[26.06093,44.42952],[26.06099,44.42942],[26.06101,44.4293],[26.06097,44.42901],[26.06093,44.42892],[26.06083,44.42877],[26.06054,44.4282],[26.06026,44.42781],[26.06016,44.42757],[26.06012,44.42722],[26.06012,44.42687],[26.05891,44.41844],[26.05878,44.41778],[26.05878,44.41754],[26.0589,44.41707],[26.05904,44.41687],[26.05957,44.41629],[26.06058,44.41538],[26.06077,44.41525],[26.06146,44.41491],[26.06169,44.41475],[26.06174,44.41467],[26.06146,44.41406],[26.05876,44.40769],[26.05895,44.40759],[26.06105,44.4071],[26.06345,44.4066],[26.06396,44.4062],[26.06412,44.40582],[26.06581,44.40363],[26.06617,44.40335],[26.0666,44.40315],[26.06718,44.40293],[26.0687,44.4023],[26.07131,44.40054],[26.07203,44.39989],[26.07221,44.39976],[26.07255,44.39961],[26.07288,44.39955],[26.07323,44.39958],[26.07428,44.39977],[26.07799,44.40035],[26.07815,44.40031],[26.0793,44.39945],[26.07946,44.39938],[26.08203,44.39885],[26.08247,44.39871],[26.08263,44.39863],[26.08288,44.39843],[26.08316,44.39813],[26.08328,44.39791],[26.08335,44.39769],[26.08342,44.39705],[26.08348,44.39689],[26.08446,44.39564],[26.08448,44.39554],[26.08443,44.39539],[26.08342,44.39407],[26.08226,44.39236],[26.08141,44.39121],[26.08115,44.39082],[26.08076,44.39029],[26.08041,44.38975],[26.08032,44.38957],[26.08014,44.38936],[26.07895,44.38829],[26.07881,44.38812],[26.07764,44.38629],[26.07747,44.38591],[26.07749,44.38582],[26.07766,44.38577],[26.07779,44.38575],[26.07791,44.3858],[26.07798,44.38587],[26.07802,44.38596],[26.07795,44.38638],[26.07795,44.38657],[26.07837,44.38721]]]},"properties":{"route_id":"1008-218","line":"139","name":"139","ref":"139","long_name":"Zetarilor - Piata Leul","type":"bus","color":"#1D71B8"}},{"type":"Feature","geometry":{"type":"MultiLineString","coordinates":[[[26.15094,44.43971],[26.15071,44.4398],[26.1505,44.4407],[26.15021,44.4418],[26.14995,44.44292],[26.14999,44.443],[26.15013,44.44308],[26.15049,44.44312],[26.15067,44.44319],[26.15077,44.4433],[26.15076,44.44346],[26.15066,44.44354],[26.15049,44.44358],[26.15002,44.44362],[26.14853,44.44381],[26.14798,44.44384],[26.14413,44.44424],[26.1425,44.44444],[26.14165,44.44446],[26.14157,44.44448],[26.14155,44.44453],[26.14166,44.44513],[26.14171,44.44521],[26.14387,44.44659],[26.14421,44.44683],[26.14514,44.4476],[26.14572,44.44812],[26.14604,44.44835],[26.14614,44.44839],[26.14697,44.44863],[26.14722,44.44865],[26.1476,44.44862],[26.14782,44.44866],[26.14888,44.44913],[26.14892,44.44918],[26.1489,44.44926],[26.14831,44.44982],[26.14786,44.45021],[26.14747,44.45049],[26.14657,44.45118],[26.1451,44.45217],[26.14473,44.45238],[26.14346,44.45303],[26.14224,44.45368],[26.14216,44.45375],[26.14215,44.45381],[26.14232,44.45398],[26.14352,44.45558],[26.14356,44.45571],[26.14345,44.45581],[26.14062,44.45645],[26.1401,44.45666],[26.1393,44.45708],[26.13818,44.45795],[26.13642,44.45944],[26.13475,44.46093],[26.13407,44.46157],[26.13388,44.46172],[26.13369,44.46192],[26.13355,44.46203],[26.13315,44.46226],[26.13305,44.4623],[26.13297,44.46228],[26.13284,44.46215],[26.13275,44.46198],[26.13271,44.4616],[26.13254,44.46097],[26.13232,44.46066],[26.13222,44.46043],[26.13166,44.4594],[26.13034,44.45742],[26.1291,44.45564],[26.12796,44.45407],[26.12747,44.4535],[26.12549,44.45087],[26.12501,44.45027],[26.12476,44.45003],[26.12454,44.44986],[26.12425,44.44967],[26.12418,44.44959],[26.12415,44.44944],[26.12418,44.44937],[26.12429,44.44925],[26.12444,44.44914],[26.12457,44.4491],[26.12467,44.4491],[26.12484,44.44916],[26.12497,44.44926],[26.12502,44.44938],[26.12502,44.44946],[26.12495,44.44973],[26.12497,44.44982],[26.12504,44.44999],[26.12545,44.45054]],[[26.12545,44.45054],[26.12744,44.45325],[26.13002,44.45687],[26.1303,44.45717],[26.13126,44.45849],[26.13264,44.46069],[26.1329,44.46123],[26.13326,44.46165],[26.13338,44.46166],[26.13371,44.46152],[26.13442,44.46089],[26.13504,44.46038],[26.13588,44.45973],[26.13905,44.45707],[26.13931,44.45689],[26.14026,44.45644],[26.14043,44.45638],[26.14323,44.45571],[26.14333,44.45562],[26.14336,44.45557],[26.14334,44.45548],[26.1431,44.45518],[26.14298,44.45496],[26.1428,44.45475],[26.1421,44.45384],[26.14206,44.45378],[26.1421,44.45367],[26.14499,44.45217],[26.14541,44.45192],[26.14656,44.45111],[26.14683,44.45087],[26.14722,44.45062],[26.14848,44.44956],[26.14883,44.44924],[26.14883,44.44919],[26.14877,44.44914],[26.14796,44.44879],[26.14762,44.44871],[26.14716,44.44873],[26.14681,44.44865],[26.14622,44.44847],[26.14599,44.44838],[26.14565,44.44814],[26.14513,44.4477],[26.14475,44.44734],[26.14417,44.44685],[26.1437,44.44654],[26.14353,44.44646],[26.14257,44.44582],[26.14196,44.44548],[26.14164,44.44526],[26.1416,44.44513],[26.14148,44.4445],[26.1415,44.44443],[26.14159,44.4444],[26.14302,44.44425],[26.14356,44.44416],[26.14931,44.44355],[26.14951,44.44348],[26.14964,44.4434],[26.14974,44.44331],[26.14986,44.44301],[26.14993,44.44274],[26.14992,44.4426],[26.15029,44.44112],[26.15059,44.43982],[26.15044,44.43967],[26.15045,44.43953],[26.15056,44.4394],[26.1507,44.43936],[26.15083,44.43938],[26.15096,44.43945],[26.15101,44.43954],[26.151,44.43963],[26.15095,44.43971]]]},"properties":{"route_id":"1008-228","line":"143","name":"143","ref":"143","long_name":"Arena Nationala - Bucur Obor","type":"bus","color":"#1D71B8"}},{"type":"Feature","geometry":{"type":"MultiLineString","coordinates":[[[26.15623,44.4668],[26.15329,44.46885],[26.15044,44.47087],[26.15013,44.47126],[26.14986,44.47112],[26.14936,44.47091],[26.14722,44.47017],[26.1434,44.46894],[26.14335,44.46888],[26.14335,44.46876],[26.14386,44.46844],[26.14481,44.46791],[26.14579,44.4674],[26.1472,44.46656],[26.14869,44.46572],[26.15028,44.46479],[26.15175,44.46403],[26.15254,44.46375],[26.15393,44.46332],[26.15618,44.46266],[26.16001,44.46148],[26.1604,44.46132],[26.16094,44.46101],[26.16184,44.46028],[26.16228,44.4598],[26.16247,44.4594],[26.16272,44.45743],[26.16288,44.45659],[26.16353,44.45567],[26.16365,44.45544],[26.1637,44.45522],[26.16357,44.45393],[26.16355,44.45337],[26.1636,44.45297],[26.16364,44.4528],[26.16375,44.45261],[26.16397,44.45233],[26.16466,44.45171],[26.1649,44.45145],[26.16526,44.45088],[26.16542,44.45033],[26.16559,44.44989],[26.16625,44.44778],[26.16632,44.44749],[26.16631,44.44727],[26.16615,44.44618],[26.16563,44.443],[26.16559,44.44249],[26.1657,44.44227],[26.16628,44.4415],[26.16666,44.44083],[26.16725,44.43972],[26.16773,44.43875],[26.16786,44.43832],[26.16818,44.43707],[26.16836,44.43667],[26.16846,44.43653],[26.16886,44.43621],[26.16905,44.43596],[26.16916,44.43571],[26.16918,44.4355],[26.16907,44.43518],[26.16813,44.43286],[26.16739,44.43095],[26.16718,44.43055],[26.16696,44.43029],[26.16665,44.43017],[26.16616,44.43009],[26.16549,44.42995],[26.16217,44.42933],[26.16209,44.4293],[26.162,44.42917],[26.16222,44.42859],[26.16311,44.4252],[26.16317,44.42506],[26.16323,44.42502],[26.1634,44.42495],[26.16364,44.42491],[26.16452,44.42502],[26.16519,44.42513],[26.16628,44.42523],[26.16746,44.42526],[26.16848,44.42515],[26.17189,44.42458],[26.17336,44.42437],[26.17425,44.4242],[26.17563,44.42384],[26.17684,44.42356],[26.17705,44.4235],[26.17904,44.42307],[26.17938,44.42298],[26.17957,44.42307],[26.17973,44.42308],[26.1811,44.42286],[26.18242,44.4225],[26.1854,44.42176],[26.18714,44.42137],[26.18905,44.42087],[26.19025,44.42059],[26.19062,44.42044],[26.19071,44.42034],[26.19072,44.42028],[26.19078,44.42024],[26.19085,44.42022],[26.19104,44.42023],[26.19182,44.42005],[26.19193,44.42],[26.19208,44.41998],[26.19233,44.42005],[26.19247,44.4202],[26.19265,44.42054],[26.19278,44.42085],[26.19288,44.42117],[26.19363,44.42266],[26.19368,44.42274],[26.19375,44.4228],[26.19396,44.42317]],[[26.19396,44.42317],[26.19386,44.42326],[26.19384,44.42344],[26.19378,44.42347],[26.19367,44.42347],[26.1936,44.42342],[26.19358,44.42336],[26.19365,44.42296],[26.19363,44.42283],[26.19348,44.42247],[26.19269,44.42088],[26.19256,44.42067],[26.19224,44.42022],[26.19208,44.42011],[26.19201,44.42011],[26.19128,44.42027],[26.19102,44.42034],[26.19089,44.42039],[26.19076,44.4205],[26.19058,44.4206],[26.19035,44.42068],[26.18593,44.42175],[26.18559,44.42178],[26.18494,44.42189],[26.18399,44.42217],[26.18312,44.42239],[26.18258,44.42251],[26.18119,44.42288],[26.17944,44.42316],[26.17935,44.42316],[26.17923,44.4231],[26.17905,44.42311],[26.17768,44.42339],[26.17721,44.4235],[26.177,44.42359],[26.17682,44.42375],[26.17653,44.42386],[26.17608,44.42393],[26.17587,44.42398],[26.17548,44.42403],[26.17426,44.42435],[26.17364,44.42447],[26.17118,44.42486],[26.16934,44.42518],[26.16764,44.42538],[26.16636,44.42538],[26.16463,44.42521],[26.1637,44.42508],[26.16359,44.4251],[26.16349,44.42515],[26.1633,44.42571],[26.16262,44.42835],[26.1623,44.42923],[26.16234,44.4293],[26.16683,44.43013],[26.16705,44.43019],[26.16715,44.43027],[26.16728,44.43049],[26.16758,44.43112],[26.16885,44.43448],[26.16909,44.43505],[26.16927,44.43554],[26.16924,44.43574],[26.16908,44.43609],[26.16883,44.43639],[26.16852,44.4366],[26.16842,44.43677],[26.16789,44.43861],[26.16768,44.43907],[26.16657,44.44125],[26.16638,44.44159],[26.16601,44.44209],[26.16586,44.44268],[26.16609,44.44521],[26.16625,44.4461],[26.16639,44.44645],[26.16643,44.44678],[26.16639,44.44709],[26.16643,44.44735],[26.16636,44.44772],[26.16545,44.4508],[26.16527,44.45103],[26.16501,44.45144],[26.16473,44.45178],[26.1642,44.45225],[26.16388,44.45259],[26.16368,44.45298],[26.16369,44.45337],[26.16387,44.45482],[26.16382,44.45542],[26.16361,44.45576],[26.16307,44.45656],[26.16276,44.45773],[26.16259,44.45931],[26.16237,44.4598],[26.16191,44.46034],[26.16162,44.46061],[26.16109,44.46101],[26.16077,44.46121],[26.16037,44.46141],[26.1599,44.46161],[26.15543,44.46298],[26.15229,44.46391],[26.15194,44.46404],[26.15084,44.46461],[26.14642,44.46711],[26.14563,44.4676],[26.14504,44.46788],[26.14433,44.4683],[26.14421,44.46843],[26.14417,44.46856],[26.14414,44.46884],[26.14417,44.46903],[26.14685,44.46997],[26.14941,44.47077],[26.14973,44.4709],[26.14982,44.47096],[26.15007,44.47104],[26.15011,44.47104],[26.15029,44.47094],[26.15363,44.46858],[26.15608,44.4668],[26.15618,44.46668],[26.1562,44.46659],[26.15617,44.46646],[26.1564,44.46638],[26.15652,44.46638],[26.15659,44.46643],[26.15662,44.46651],[26.15656,44.46658],[26.15623,44.4668]]]},"properties":{"route_id":"1008-232","line":"253","name":"253","ref":"253","long_name":"Spitalul Fundeni - Parcul Teilor","type":"bus","color":"#1D71B8"}},{"type":"Feature","geometry":{"type":"MultiLineString","coordinates":[[[26.13903,44.35955],[26.13892,44.35966],[26.13884,44.35968],[26.13868,44.35965],[26.13858,44.35967],[26.1385,44.35971],[26.13751,44.36099],[26.13536,44.36384],[26.13473,44.36463],[26.13403,44.36556],[26.13392,44.36581],[26.13379,44.36601],[26.13322,44.36677],[26.13309,44.36692],[26.13293,44.36716],[26.13286,44.36718],[26.13276,44.36718],[26.12923,44.3658],[26.12686,44.36484],[26.12665,44.36479],[26.12653,44.36479],[26.12629,44.36482],[26.12614,44.36493],[26.12601,44.36513],[26.12583,44.36549],[26.12571,44.3658],[26.12524,44.36672],[26.12226,44.37295],[26.12045,44.37662],[26.12028,44.37672],[26.11998,44.3768],[26.11985,44.37679],[26.11957,44.37672],[26.11906,44.37654],[26.1174,44.37591],[26.117,44.37582],[26.1165,44.37576],[26.11592,44.37575],[26.1149,44.37579],[26.11251,44.37609],[26.11165,44.37617],[26.11102,44.37634],[26.11069,44.37649],[26.11044,44.37671],[26.11033,44.37704],[26.11025,44.37743],[26.11026,44.37783],[26.11019,44.37792],[26.11012,44.38048],[26.11017,44.38143],[26.11005,44.38456],[26.11007,44.3851],[26.10995,44.38949],[26.10991,44.39023],[26.10993,44.39237],[26.10989,44.39253],[26.10985,44.39723],[26.10989,44.3981],[26.10981,44.39823],[26.10966,44.39832],[26.10849,44.39876],[26.10818,44.3989],[26.10762,44.39905],[26.10638,44.39953],[26.10584,44.39972],[26.10519,44.3999],[26.10176,44.40078],[26.10057,44.4011],[26.10012,44.40124],[26.09946,44.40147],[26.09907,44.40168],[26.09878,44.40195],[26.09772,44.40327],[26.09677,44.40481],[26.09666,44.40495],[26.09651,44.40498],[26.0963,44.40491],[26.0962,44.40478],[26.09632,44.40459],[26.09646,44.4043],[26.09636,44.40421],[26.09513,44.40379],[26.09473,44.40356],[26.0923,44.40232],[26.09167,44.40196],[26.09106,44.40164],[26.08999,44.4013],[26.08825,44.40067],[26.08804,44.40058],[26.08788,44.40047],[26.08731,44.39983],[26.08565,44.39811],[26.08542,44.3979],[26.08531,44.39785],[26.08514,44.39783],[26.08494,44.39778],[26.08488,44.39773],[26.08484,44.39758],[26.08509,44.39634],[26.08506,44.39615],[26.08469,44.39567],[26.08443,44.39539],[26.08313,44.39367],[26.08226,44.39236],[26.08141,44.39121],[26.08115,44.39082],[26.08076,44.39029],[26.08041,44.38975],[26.08032,44.38957],[26.08014,44.38936],[26.07895,44.38829],[26.07881,44.38812],[26.07764,44.38629],[26.07747,44.38591],[26.07749,44.38582],[26.07766,44.38577],[26.07779,44.38575],[26.07791,44.3858],[26.07798,44.38587],[26.07802,44.38596],[26.07795,44.38638],[26.07795,44.38657],[26.07837,44.38721]],[[26.07837,44.38721],[26.07871,44.38781],[26.07899,44.38818],[26.07922,44.38841],[26.07997,44.38907],[26.08035,44.38946],[26.0821,44.39204],[26.08242,44.39244],[26.08265,44.39285],[26.08361,44.39413],[26.0851,44.39599],[26.08519,44.39615],[26.08521,44.39636],[26.08506,44.39732],[26.08513,44.39746],[26.08598,44.39825],[26.088,44.40049],[26.08834,44.40065],[26.09027,44.40133],[26.09129,44.40171],[26.09171,44.40193],[26.09254,44.40241],[26.09385,44.40311],[26.09542,44.40385],[26.09604,44.40403],[26.09642,44.40418],[26.09652,44.40419],[26.09671,44.40413],[26.09693,44.40385],[26.09707,44.40364],[26.09792,44.40283],[26.0989,44.40175],[26.09907,44.40162],[26.09939,44.40144],[26.10084,44.401],[26.10524,44.39986],[26.10586,44.39968],[26.10654,44.39937],[26.1091,44.39838],[26.1092,44.39831],[26.10957,44.3976],[26.10973,44.39733],[26.10975,44.39725],[26.10975,44.39689],[26.10979,44.39652],[26.10978,44.39167],[26.1098,44.38961],[26.10983,44.38904],[26.10979,44.38782],[26.1098,44.38687],[26.10978,44.38591],[26.10983,44.38445],[26.10981,44.38422],[26.10988,44.38404],[26.10994,44.38161],[26.10992,44.38101],[26.10988,44.3807],[26.10992,44.38058],[26.11,44.37906],[26.10999,44.37839],[26.11003,44.37722],[26.11012,44.37709],[26.11028,44.37664],[26.11031,44.37637],[26.11034,44.37628],[26.11046,44.37624],[26.11452,44.37575],[26.11571,44.37566],[26.11637,44.37565],[26.11678,44.37567],[26.11803,44.37593],[26.11851,44.37607],[26.11995,44.37657],[26.12018,44.3766],[26.12026,44.3766],[26.12032,44.37657],[26.12042,44.37649],[26.12052,44.37623],[26.12105,44.3752],[26.12207,44.37301],[26.12549,44.36594],[26.12563,44.36559],[26.12605,44.36485],[26.12603,44.36463],[26.12608,44.36452],[26.12619,44.36447],[26.1263,44.36446],[26.12642,44.36453],[26.12651,44.36461],[26.12773,44.36518],[26.12915,44.36574],[26.1299,44.366],[26.13198,44.36684],[26.13266,44.3671],[26.13275,44.36713],[26.13284,44.36713],[26.1329,44.36711],[26.13315,44.3668],[26.13383,44.36589],[26.13391,44.36576],[26.134,44.36553],[26.13515,44.36405],[26.13719,44.36134],[26.13891,44.35914],[26.13906,44.35922],[26.13912,44.35929],[26.13913,44.35938],[26.13903,44.35955]]]},"properties":{"route_id":"1008-233","line":"141","name":"141","ref":"141","long_name":"Zetarilor - Vulcan Berceni","type":"bus","color":"#1D71B8"}},{"type":"Feature","geometry":{"type":"MultiLineString","coordinates":[[[26.05146,44.48823],[26.05176,44.48825],[26.0518,44.48824],[26.05182,44.48821],[26.05255,44.48484],[26.05263,44.48473],[26.05274,44.4847],[26.05673,44.48512],[26.05709,44.48517],[26.05747,44.48516],[26.0576,44.48512],[26.05858,44.4841],[26.05937,44.48331],[26.05963,44.4831],[26.05999,44.48286],[26.06032,44.48267],[26.06069,44.48251],[26.06729,44.48],[26.06938,44.47924],[26.07213,44.47819],[26.07234,44.47785],[26.07243,44.4778],[26.07266,44.47759],[26.07281,44.47742],[26.07303,44.47698],[26.07447,44.47436],[26.07547,44.47234],[26.07567,44.47205],[26.07783,44.46779],[26.07783,44.46754],[26.0778,44.46738],[26.07782,44.4672],[26.0779,44.46701],[26.07819,44.46693],[26.07852,44.467],[26.07897,44.46702],[26.08032,44.46685],[26.08099,44.46679],[26.08493,44.46629],[26.08557,44.46614],[26.08599,44.46589],[26.08643,44.46576],[26.08681,44.4657],[26.08715,44.46556],[26.08753,44.46532],[26.08774,44.46524],[26.08834,44.46496],[26.08953,44.46437],[26.0908,44.46371],[26.09116,44.4635],[26.09159,44.46321],[26.09192,44.46294],[26.09259,44.46228],[26.09301,44.46177],[26.09352,44.46111],[26.09387,44.46058],[26.094,44.46043],[26.09448,44.45975],[26.09622,44.45717],[26.09697,44.45609],[26.09732,44.45554],[26.09774,44.45476],[26.09814,44.45391],[26.09825,44.45362],[26.09867,44.45277],[26.0993,44.44894],[26.09936,44.4476],[26.09936,44.44713],[26.0994,44.44686],[26.09961,44.44605],[26.09972,44.44543],[26.09966,44.44531],[26.09951,44.44512],[26.09865,44.44434],[26.09858,44.4443],[26.09846,44.44419],[26.09826,44.44417],[26.09816,44.44427],[26.09723,44.44619]],[[26.09724,44.44619],[26.09704,44.44655],[26.09705,44.44668],[26.0972,44.44681],[26.0973,44.44685],[26.09917,44.44687],[26.09936,44.4469],[26.09948,44.44703],[26.09949,44.44729],[26.09944,44.44879],[26.09936,44.44933],[26.0989,44.45191],[26.09878,44.4528],[26.0986,44.4533],[26.09843,44.45367],[26.0975,44.45552],[26.09569,44.45826],[26.09431,44.46039],[26.09386,44.46103],[26.09295,44.46225],[26.09237,44.46287],[26.09211,44.46311],[26.09186,44.4633],[26.09149,44.46355],[26.08993,44.46436],[26.08786,44.4654],[26.08724,44.46573],[26.08701,44.46595],[26.08695,44.46618],[26.08683,44.46635],[26.0866,44.46647],[26.08636,44.46648],[26.08589,44.46635],[26.08557,44.46632],[26.07894,44.46713],[26.07883,44.4672],[26.07871,44.46736],[26.07855,44.46753],[26.07846,44.46759],[26.07831,44.46765],[26.07814,44.46768],[26.07801,44.46779],[26.07557,44.47275],[26.07428,44.47531],[26.07312,44.47755],[26.0731,44.47775],[26.07311,44.47801],[26.07306,44.47824],[26.07282,44.47838],[26.07252,44.47844],[26.07207,44.47845],[26.0716,44.47864],[26.06775,44.48007],[26.06594,44.48077],[26.06565,44.48086],[26.06222,44.48214],[26.06063,44.48275],[26.0601,44.48305],[26.05951,44.48349],[26.05796,44.48511],[26.05781,44.48524],[26.0576,44.48529],[26.05584,44.48514],[26.04412,44.48387],[26.04158,44.48363],[26.04137,44.48362],[26.04123,44.48364],[26.04118,44.4837],[26.04116,44.48381],[26.04124,44.48387],[26.04412,44.48563],[26.04762,44.4878],[26.04786,44.48784],[26.05146,44.48823]]]},"properties":{"route_id":"1008-234","line":"331","name":"331","ref":"331","long_name":"Cartier Damaroaia - Piata Romana","type":"bus","color":"#1D71B8"}},{"type":"Feature","geometry":{"type":"MultiLineString","coordinates":[[[26.09724,44.44619],[26.09704,44.44655],[26.09705,44.44668],[26.0972,44.44681],[26.0973,44.44685],[26.09917,44.44687],[26.09936,44.4469],[26.09948,44.44703],[26.09949,44.44729],[26.09944,44.44879],[26.09936,44.44933],[26.0989,44.45191],[26.09878,44.4528],[26.09872,44.453],[26.09843,44.45367],[26.0975,44.45552],[26.09569,44.45826],[26.09478,44.45968],[26.09431,44.46039],[26.09386,44.46103],[26.09295,44.46225],[26.09237,44.46287],[26.09211,44.46311],[26.09186,44.4633],[26.09149,44.46355],[26.08993,44.46436],[26.08786,44.4654],[26.08724,44.46573],[26.08701,44.46595],[26.08695,44.46618],[26.08683,44.46635],[26.0866,44.46647],[26.08636,44.46648],[26.08589,44.46635],[26.08557,44.46632],[26.07894,44.46713],[26.07883,44.4672],[26.07871,44.46736],[26.07855,44.46753],[26.07846,44.46759],[26.07831,44.46765],[26.07814,44.46768],[26.07801,44.46779],[26.07557,44.47275],[26.07428,44.47531],[26.07312,44.47755],[26.0731,44.47775],[26.07311,44.47801],[26.07306,44.47824],[26.07282,44.47838],[26.07252,44.47844],[26.07207,44.47845],[26.0716,44.47864],[26.06775,44.48007],[26.06594,44.48077],[26.06565,44.48086],[26.06222,44.48214],[26.06063,44.48275],[26.0601,44.48305],[26.05951,44.48349],[26.05796,44.48511],[26.05781,44.48524],[26.0576,44.48529],[26.05584,44.48514],[26.05273,44.4848],[26.05264,44.48483],[26.05216,44.48697],[26.05193,44.4882],[26.0523,44.48828],[26.05235,44.48834],[26.05237,44.48863],[26.05298,44.48882],[26.05325,44.48895],[26.0566,44.49084],[26.06316,44.49376],[26.06336,44.49374],[26.06354,44.49367],[26.06365,44.4936],[26.06398,44.49224],[26.06414,44.49185],[26.06426,44.49144],[26.06422,44.49135],[26.0639,44.49122],[26.06227,44.49075]],[[26.06222,44.49073],[26.06194,44.49063],[26.06167,44.49059],[26.06157,44.4906],[26.06147,44.49072],[26.06139,44.49076],[26.0613,44.49075],[26.06053,44.49052],[26.06045,44.49051],[26.05925,44.49197],[26.05916,44.49199],[26.05895,44.49192],[26.05676,44.49097],[26.0559,44.49052],[26.0537,44.48925],[26.05309,44.48892],[26.0527,44.48878],[26.05237,44.48868],[26.05184,44.48855],[26.05181,44.48834],[26.05189,44.48802],[26.05187,44.48793],[26.05196,44.48747],[26.05261,44.48476],[26.05276,44.48472],[26.05673,44.48512],[26.05709,44.48517],[26.05747,44.48516],[26.0576,44.48512],[26.05858,44.4841],[26.05937,44.48331],[26.05963,44.4831],[26.05999,44.48286],[26.06032,44.48267],[26.06069,44.48251],[26.06729,44.48],[26.06938,44.47924],[26.07213,44.47819],[26.07234,44.47785],[26.07243,44.4778],[26.07266,44.47759],[26.07281,44.47742],[26.07303,44.47698],[26.07447,44.47436],[26.07547,44.47234],[26.07567,44.47205],[26.07783,44.46779],[26.07783,44.46754],[26.0778,44.46738],[26.07782,44.4672],[26.0779,44.46701],[26.07819,44.46693],[26.07852,44.467],[26.07897,44.46702],[26.08032,44.46685],[26.08099,44.46679],[26.08493,44.46629],[26.08557,44.46614],[26.08599,44.46589],[26.08643,44.46576],[26.08681,44.4657],[26.08715,44.46556],[26.08753,44.46532],[26.08774,44.46524],[26.08834,44.46496],[26.08953,44.46437],[26.0908,44.46371],[26.09116,44.4635],[26.09159,44.46321],[26.09192,44.46294],[26.09259,44.46228],[26.09301,44.46177],[26.09352,44.46111],[26.09387,44.46058],[26.094,44.46043],[26.09448,44.45975],[26.09622,44.45717],[26.09697,44.45609],[26.09732,44.45554],[26.09774,44.45476],[26.09814,44.45391],[26.09825,44.45362],[26.09867,44.45277],[26.0993,44.44894],[26.09936,44.4476],[26.09936,44.44713],[26.0994,44.44686],[26.09961,44.44605],[26.09972,44.44543],[26.09966,44.44531],[26.09951,44.44512],[26.09865,44.44434],[26.09858,44.4443],[26.09846,44.44419],[26.09826,44.44417],[26.09816,44.44427],[26.09723,44.44619]]]},"properties":{"route_id":"1008-235","line":"331b","name":"331b","ref":"331b","long_name":"Petrom City - Piata Romana","type":"bus","color":"#1D71B8"}},{"type":"Feature","geometry":{"type":"MultiLineString","coordinates":[[[25.95859,44.43784],[25.95873,44.43796],[25.95885,44.438],[25.95895,44.438],[25.95902,44.43796],[25.95913,44.43796],[25.95924,44.43801],[25.95929,44.43805],[25.95965,44.43809],[25.9665,44.4384],[25.96659,44.43839],[25.96663,44.43834],[25.96665,44.43827],[25.9667,44.4378],[25.96672,44.43732],[25.96671,44.43621],[25.96665,44.43615],[25.96657,44.43611],[25.96635,44.4361],[25.96172,44.43659],[25.96117,44.43662],[25.96024,44.43659],[25.95923,44.4365],[25.959,44.43651],[25.95887,44.43659],[25.95877,44.43661],[25.95865,44.43659],[25.95858,44.43653],[25.95853,44.43646],[25.95859,44.43635],[25.95866,44.43629],[25.95826,44.43567],[25.95798,44.4353],[25.95786,44.43525],[25.95777,44.43518],[25.95776,44.43512],[25.95779,44.43507],[25.95787,44.43501],[25.95794,44.435],[25.95802,44.435],[25.95811,44.43505],[25.95815,44.43511],[25.95814,44.43518],[25.95809,44.43528],[25.95845,44.43583],[25.95867,44.43622],[25.95889,44.43635],[25.95894,44.43648],[25.95888,44.43657],[25.95884,44.43671],[25.95887,44.43681],[25.95902,44.43686],[25.95929,44.43689],[25.9612,44.43675],[25.9751,44.43555],[25.97534,44.4355],[25.97622,44.43547],[25.98344,44.43484],[25.99699,44.43371],[25.99828,44.43369],[26.00472,44.43377],[26.00589,44.43375],[26.00647,44.43372],[26.00706,44.43372],[26.0083,44.43376],[26.01176,44.43383],[26.01246,44.43383],[26.01559,44.43388],[26.01666,44.43388],[26.01984,44.43395],[26.02053,44.43394],[26.02057,44.43385],[26.02058,44.43373],[26.02038,44.43344],[26.01988,44.43289],[26.01875,44.43159],[26.01861,44.43145],[26.01846,44.43126],[26.01704,44.42969],[26.01501,44.42732],[26.01491,44.42715],[26.01485,44.42698],[26.01483,44.42679],[26.01497,44.42561],[26.01501,44.42553],[26.01515,44.42548],[26.01531,44.42547],[26.01634,44.42579],[26.01686,44.42592],[26.0201,44.42622],[26.02051,44.42627],[26.02294,44.42645],[26.02318,44.42645],[26.03344,44.42727],[26.03443,44.42738],[26.03853,44.42776],[26.04081,44.42788],[26.04612,44.4281],[26.04733,44.42813],[26.04845,44.42818],[26.04934,44.42825],[26.05327,44.42844],[26.05556,44.42864],[26.06108,44.429],[26.06121,44.42895],[26.06139,44.42893],[26.06149,44.42895],[26.06159,44.42899],[26.06166,44.42906],[26.06187,44.42935],[26.06211,44.42956],[26.06234,44.42972],[26.0625,44.42978],[26.06269,44.42979],[26.06289,44.4297],[26.06384,44.42912],[26.06437,44.42878],[26.06466,44.42855],[26.06516,44.42824],[26.06547,44.42809],[26.06555,44.42808],[26.06563,44.42809],[26.06578,44.42822],[26.06661,44.42885],[26.06704,44.4293],[26.06752,44.4299],[26.06814,44.4306],[26.06824,44.43074],[26.06838,44.43112],[26.06846,44.43119],[26.0695,44.43193],[26.06989,44.43216],[26.07034,44.43253],[26.07071,44.43292],[26.07154,44.4335],[26.07379,44.43503],[26.07473,44.43572],[26.08024,44.43943],[26.08101,44.43998],[26.08114,44.44002],[26.08127,44.44002],[26.08155,44.43999],[26.08193,44.44003],[26.08312,44.44005],[26.0842,44.44012],[26.08466,44.44013],[26.08529,44.44008],[26.08629,44.44002],[26.08693,44.44],[26.08799,44.43993],[26.08871,44.43982],[26.08915,44.4398],[26.08998,44.43982],[26.09102,44.43995],[26.09205,44.44004],[26.09251,44.44005],[26.09324,44.44009],[26.09346,44.44003],[26.09414,44.44021],[26.09557,44.44063],[26.0957,44.44064],[26.09585,44.44061],[26.09627,44.44032],[26.0966,44.43998],[26.09668,44.43993],[26.09683,44.43989],[26.09801,44.44029],[26.09862,44.44048],[26.09874,44.44049],[26.09943,44.44061],[26.09964,44.44063],[26.09979,44.44058],[26.10034,44.43948],[26.1018,44.43646]],[[26.1018,44.43646],[26.10223,44.43555],[26.10205,44.43549],[26.10145,44.43537],[26.10065,44.43525],[26.09959,44.43503],[26.09835,44.43481],[26.0884,44.4346],[26.0881,44.43461],[26.08796,44.43464],[26.08778,44.43464],[26.0874,44.43458],[26.08456,44.43453],[26.0841,44.43454],[26.08072,44.43446],[26.0795,44.43444],[26.0793,44.43447],[26.07648,44.43546],[26.07542,44.43587],[26.07531,44.43593],[26.07517,44.43598],[26.07506,44.43598],[26.07494,44.43596],[26.07478,44.43588],[26.07411,44.43539],[26.07037,44.43283],[26.06937,44.4322],[26.06837,44.43153],[26.06803,44.43144],[26.06745,44.43138],[26.06598,44.43082],[26.06546,44.43058],[26.06516,44.43042],[26.06489,44.43024],[26.06414,44.42963],[26.06377,44.42935],[26.06167,44.43058],[26.06012,44.43155],[26.06001,44.43157],[26.05991,44.43156],[26.0598,44.43152],[26.05969,44.43143],[26.05968,44.43136],[26.06017,44.43047],[26.06095,44.42948],[26.061,44.42937],[26.06098,44.42928],[26.06091,44.4292],[26.06073,44.42915],[26.05624,44.42886],[26.05491,44.42879],[26.05379,44.42875],[26.05333,44.42869],[26.05251,44.42868],[26.0498,44.42848],[26.04281,44.42817],[26.04007,44.42808],[26.03663,44.42781],[26.0311,44.42728],[26.02843,44.42706],[26.02387,44.42672],[26.02231,44.42657],[26.02094,44.42647],[26.01958,44.42635],[26.01786,44.42624],[26.01704,44.42617],[26.01682,44.42613],[26.01666,44.42607],[26.01521,44.42564],[26.01513,44.42565],[26.01508,44.4257],[26.01495,44.42674],[26.01496,44.42692],[26.015,44.42707],[26.0151,44.42724],[26.01804,44.43069],[26.01897,44.43172],[26.01944,44.4323],[26.02064,44.43364],[26.02072,44.43384],[26.02071,44.43407],[26.02062,44.43414],[26.02048,44.43416],[26.01954,44.43415],[26.01737,44.43409],[26.01601,44.43407],[26.01545,44.43408],[26.01298,44.43402],[26.01234,44.43404],[26.01182,44.43403],[26.01144,44.43398],[26.00882,44.43393],[26.00676,44.43391],[26.00479,44.43396],[26.00089,44.43388],[25.99698,44.43386],[25.99215,44.43426],[25.99193,44.43429],[25.98735,44.43469],[25.98646,44.43474],[25.98224,44.43512],[25.97658,44.43558],[25.97562,44.43568],[25.97198,44.43596],[25.96583,44.43651],[25.96306,44.43679],[25.96229,44.43696],[25.96217,44.437],[25.96208,44.43708],[25.96203,44.43715],[25.96203,44.43731],[25.96208,44.43739],[25.96215,44.43745],[25.96225,44.43749],[25.96237,44.43751],[25.96249,44.4375],[25.96263,44.43745],[25.96271,44.43737],[25.96276,44.43725],[25.96275,44.43717],[25.9627,44.43707],[25.96244,44.43696],[25.96131,44.43703],[25.95988,44.43716],[25.9597,44.43719],[25.95954,44.43727],[25.95947,44.43733],[25.95916,44.43793],[25.95916,44.43796],[25.95921,44.43799],[25.95926,44.43807],[25.95925,44.43812],[25.95917,44.4382],[25.95904,44.43821],[25.95898,44.43819],[25.95889,44.43812],[25.95886,44.43806],[25.95794,44.43804],[25.95791,44.43807],[25.95777,44.43809],[25.95771,44.43804],[25.9577,44.43801],[25.95772,44.43797],[25.95781,44.43792],[25.95784,44.43775],[25.95787,44.43769],[25.95795,44.43763],[25.95831,44.43764],[25.95844,44.43768],[25.95859,44.43784]]]},"properties":{"route_id":"1008-245","line":"137","name":"137","ref":"137","long_name":"Carrefour Militari - Piata 21 Decembrie 1989","type":"bus","color":"#1D71B8"}},{"type":"Feature","geometry":{"type":"MultiLineString","coordinates":[[[26.05035,44.47048],[26.05126,44.46945],[26.05401,44.46589],[26.05426,44.4656],[26.05573,44.46363],[26.05777,44.46106],[26.06052,44.45753],[26.06193,44.45576],[26.06236,44.45517],[26.06294,44.4546],[26.06359,44.45406],[26.06569,44.45266],[26.06912,44.45047],[26.06952,44.45026],[26.06986,44.45012],[26.07427,44.44807],[26.07826,44.44659],[26.08199,44.44564],[26.08305,44.44558],[26.0834,44.44553],[26.08354,44.44547],[26.08473,44.44512],[26.08573,44.44492],[26.08636,44.44476],[26.08765,44.44448],[26.08803,44.44444],[26.08882,44.4447],[26.09012,44.44516],[26.0917,44.44566],[26.09368,44.44636],[26.09431,44.44654],[26.09621,44.44684],[26.09629,44.44684],[26.09639,44.44681],[26.09646,44.44677],[26.09669,44.44673],[26.09687,44.44675],[26.09715,44.44682],[26.0976,44.44687],[26.09909,44.44688],[26.09929,44.44687],[26.09957,44.44683],[26.10089,44.4467],[26.1078,44.4461],[26.10861,44.44598],[26.11193,44.44534],[26.11408,44.445],[26.11448,44.4449],[26.11579,44.44445],[26.11796,44.444],[26.11978,44.44322],[26.11999,44.44311],[26.12007,44.44297],[26.12019,44.44267],[26.12032,44.44215],[26.12038,44.44198],[26.12061,44.4408],[26.12058,44.44073],[26.12029,44.44057],[26.12034,44.44041],[26.12058,44.44012],[26.12077,44.43999],[26.12099,44.43989],[26.12136,44.43911],[26.12158,44.43902],[26.12197,44.4391],[26.12275,44.43892],[26.12303,44.43853],[26.12385,44.43716],[26.12507,44.43561],[26.12515,44.43559],[26.12523,44.43541],[26.12562,44.4332],[26.12577,44.43246],[26.12562,44.43249],[26.12404,44.43269],[26.12352,44.4327],[26.121,44.43307],[26.12081,44.43297],[26.12071,44.43238],[26.12067,44.43201],[26.12068,44.43188],[26.12064,44.43103],[26.12056,44.43075],[26.12051,44.43062],[26.12044,44.43056],[26.12039,44.43055],[26.12032,44.43048],[26.12032,44.43043],[26.12038,44.43033],[26.12037,44.43028],[26.12019,44.42979],[26.12007,44.42959],[26.11983,44.42923],[26.1193,44.42872],[26.11922,44.42856],[26.11901,44.4277],[26.11912,44.42743],[26.11897,44.42565],[26.1189,44.4244],[26.1185,44.42362],[26.11827,44.42339],[26.11685,44.42159],[26.11647,44.42107],[26.11619,44.42077],[26.11598,44.42051],[26.11564,44.42015],[26.11539,44.4198],[26.11507,44.41941],[26.11479,44.41901],[26.11422,44.41833],[26.11375,44.41721],[26.11369,44.41712],[26.11298,44.41671],[26.11295,44.41666],[26.11312,44.41638],[26.11349,44.41569],[26.11397,44.41364],[26.11408,44.41325],[26.1145,44.41213],[26.11457,44.41203],[26.11491,44.41123],[26.11542,44.41059],[26.11568,44.41037],[26.11615,44.41003],[26.11634,44.40992],[26.11814,44.40912],[26.11846,44.40895],[26.1189,44.40836],[26.11902,44.40826],[26.11926,44.40818],[26.11973,44.40806],[26.12004,44.40794],[26.12037,44.40771],[26.12052,44.40753],[26.12078,44.40729],[26.12104,44.40702],[26.12125,44.40696],[26.12149,44.40695],[26.12161,44.40697],[26.12171,44.40703],[26.12176,44.4071]],[[26.12176,44.4071],[26.12175,44.40709],[26.12175,44.40716],[26.1216,44.40735],[26.12148,44.40744],[26.12128,44.40748],[26.12091,44.40748],[26.12073,44.40759],[26.12038,44.40791],[26.11988,44.4082],[26.11902,44.40875],[26.11847,44.40907],[26.11659,44.40989],[26.11611,44.41022],[26.11588,44.41035],[26.11558,44.41059],[26.11538,44.41079],[26.11494,44.41149],[26.11418,44.41342],[26.1141,44.41371],[26.11364,44.41577],[26.11348,44.41616],[26.11335,44.41654],[26.11338,44.41677],[26.11346,44.41684],[26.11394,44.41711],[26.11405,44.41729],[26.11453,44.41843],[26.11534,44.41946],[26.11695,44.4214],[26.11828,44.42311],[26.11879,44.42373],[26.11901,44.42406],[26.11904,44.4248],[26.1192,44.42617],[26.11929,44.42672],[26.1193,44.42746],[26.11924,44.42751],[26.11914,44.42754],[26.11909,44.42762],[26.11909,44.42769],[26.11929,44.42858],[26.11952,44.42887],[26.12003,44.42938],[26.12025,44.42984],[26.12074,44.43113],[26.12074,44.43128],[26.1207,44.43132],[26.12072,44.432],[26.12076,44.4324],[26.12088,44.43284],[26.12095,44.43293],[26.12102,44.43296],[26.12121,44.43296],[26.12153,44.43291],[26.12184,44.43288],[26.12365,44.4326],[26.12393,44.4326],[26.1258,44.43231],[26.12556,44.43372],[26.12535,44.43475],[26.12528,44.43518],[26.12526,44.43553],[26.1252,44.43564],[26.12402,44.43705],[26.12294,44.43877],[26.1228,44.43896],[26.12272,44.43901],[26.12265,44.43918],[26.12252,44.43927],[26.12153,44.4391],[26.12142,44.43916],[26.121,44.44006],[26.12104,44.44032],[26.12076,44.44072],[26.12072,44.44084],[26.12021,44.44303],[26.12014,44.44324],[26.12004,44.44336],[26.11875,44.44391],[26.11822,44.44401],[26.11791,44.4441],[26.11583,44.44452],[26.11441,44.44502],[26.11418,44.44508],[26.11145,44.44552],[26.10867,44.44605],[26.10773,44.44616],[26.10604,44.44633],[26.1043,44.44646],[26.0999,44.44685],[26.09978,44.44688],[26.09931,44.44695],[26.09916,44.44696],[26.09855,44.44695],[26.09757,44.44692],[26.09738,44.44694],[26.09723,44.44699],[26.09718,44.44703],[26.09715,44.44713],[26.09707,44.44722],[26.09682,44.44728],[26.0965,44.44722],[26.09641,44.44716],[26.0963,44.44705],[26.09621,44.44693],[26.09412,44.44659],[26.09324,44.44632],[26.09118,44.44562],[26.08819,44.44458],[26.08794,44.44447],[26.08775,44.44435],[26.08648,44.44379],[26.08626,44.44372],[26.08331,44.44328],[26.082,44.44306],[26.08145,44.44299],[26.08137,44.44304],[26.08131,44.4431],[26.08114,44.44316],[26.08094,44.44314],[26.08086,44.4431],[26.08079,44.44304],[26.08072,44.44304],[26.08062,44.4431],[26.08035,44.44331],[26.07822,44.44474],[26.07569,44.44641],[26.07546,44.44665],[26.07549,44.44686],[26.07554,44.44695],[26.07593,44.44733],[26.07599,44.44748],[26.07585,44.44761],[26.07569,44.4477],[26.07473,44.44803],[26.07433,44.44819],[26.07419,44.44829],[26.06993,44.45021],[26.06918,44.45062],[26.06441,44.45366],[26.06368,44.45416],[26.0631,44.45466],[26.0625,44.45532],[26.0618,44.45629],[26.06124,44.45689],[26.05528,44.4646],[26.05388,44.46636],[26.05198,44.46881],[26.05168,44.46917],[26.05056,44.47061],[26.05039,44.47077],[26.05027,44.47077],[26.05022,44.47069],[26.05036,44.47048]]]},"properties":{"route_id":"1008-247","line":"97","name":"97","ref":"97","long_name":"Clabucet - Pasaj Mihai Bravu","type":"trolleybus","color":"#008D36"}},{"type":"Feature","geometry":{"type":"MultiLineString","coordinates":[[[26.0537,44.28428],[26.05352,44.28432],[26.05348,44.28441],[26.05348,44.28458],[26.05358,44.28462],[26.05374,44.28465],[26.05869,44.28497],[26.05937,44.285],[26.05973,44.28501],[26.05995,44.28487],[26.06003,44.28485],[26.06012,44.28485],[26.06019,44.28491],[26.06021,44.28498],[26.0602,44.28504],[26.06015,44.28509],[26.06015,44.28516],[26.06021,44.28551],[26.06057,44.28878],[26.06073,44.29051],[26.06118,44.29448],[26.06122,44.2946],[26.06129,44.29466],[26.06132,44.29473],[26.06123,44.29495],[26.06139,44.29575],[26.06299,44.31069],[26.06312,44.31108],[26.06353,44.31182],[26.06418,44.31289],[26.06429,44.31301],[26.0644,44.31309],[26.06445,44.31317],[26.06447,44.31333],[26.06453,44.31346],[26.06583,44.31569],[26.06647,44.31672],[26.06686,44.31731],[26.06723,44.31766],[26.06794,44.31821],[26.06823,44.31849],[26.0689,44.31926],[26.06926,44.31973],[26.06997,44.32072],[26.07272,44.32432],[26.07449,44.32648],[26.07498,44.327],[26.07549,44.32751],[26.07697,44.32895],[26.07718,44.32917],[26.07756,44.32969],[26.07767,44.32974],[26.07773,44.3298],[26.07776,44.32986],[26.07774,44.32993],[26.07766,44.33003],[26.07788,44.33083],[26.07891,44.33372],[26.08035,44.33794],[26.08115,44.34039],[26.08259,44.34448],[26.08325,44.34656],[26.08381,44.34862],[26.08474,44.35218],[26.08485,44.35226],[26.0849,44.35232],[26.08489,44.35239],[26.08484,44.35246],[26.08484,44.35252],[26.08514,44.35358],[26.08651,44.35893],[26.08707,44.36099],[26.08712,44.36111],[26.08724,44.36123],[26.08725,44.36132],[26.08719,44.36141],[26.08732,44.36185],[26.08743,44.36243],[26.08876,44.36745],[26.08907,44.36847],[26.08924,44.36896],[26.0895,44.37005],[26.08946,44.3701],[26.08938,44.37011],[26.08926,44.3701],[26.08916,44.37003],[26.08911,44.36993],[26.08899,44.36951],[26.08889,44.36941],[26.08881,44.36926]],[[26.08881,44.36926],[26.08873,44.36916],[26.08873,44.36906],[26.08881,44.36896],[26.08891,44.36891],[26.089,44.3689],[26.08903,44.36885],[26.08901,44.36875],[26.08852,44.36709],[26.08797,44.36488],[26.08677,44.36046],[26.08625,44.35829],[26.08572,44.35655],[26.08473,44.3526],[26.08468,44.3525],[26.08455,44.35238],[26.08455,44.35232],[26.0846,44.35221],[26.08459,44.35215],[26.0835,44.34806],[26.08244,44.34448],[26.0812,44.34091],[26.07768,44.33061],[26.07753,44.33005],[26.0774,44.32988],[26.07741,44.32971],[26.07734,44.32956],[26.0771,44.32922],[26.0746,44.32675],[26.07425,44.32637],[26.07365,44.32565],[26.07199,44.32359],[26.06928,44.31997],[26.0686,44.31909],[26.06823,44.31864],[26.06805,44.31844],[26.06786,44.31827],[26.06749,44.31797],[26.06726,44.31783],[26.06691,44.31756],[26.06644,44.31692],[26.06444,44.31357],[26.0641,44.31318],[26.0641,44.31301],[26.06388,44.31258],[26.06322,44.31147],[26.06301,44.31106],[26.0629,44.31067],[26.06126,44.29618],[26.06116,44.29541],[26.06111,44.2952],[26.06111,44.29495],[26.06108,44.29489],[26.06102,44.29483],[26.06099,44.29474],[26.061,44.29465],[26.06105,44.29455],[26.06105,44.29448],[26.06084,44.2926],[26.06063,44.29118],[26.06043,44.28919],[26.05998,44.28513],[26.05993,44.28509],[26.05986,44.28507],[26.05553,44.28483],[26.0535,44.28467],[26.05341,44.28465],[26.05337,44.28459],[26.05337,44.28452],[26.05344,44.28424],[26.0535,44.28411],[26.05368,44.28406],[26.05383,44.28407],[26.0539,44.28409],[26.05397,44.28415],[26.05396,44.28424],[26.05393,44.28427],[26.05386,44.28429],[26.0537,44.28428]]]},"properties":{"route_id":"1008-304","line":"465","name":"465","ref":"465","long_name":"1 Decembrie - C.F.R. Progresul","type":"bus","color":"#662483"}},{"type":"Feature","geometry":{"type":"MultiLineString","coordinates":[[[26.23114,44.64515],[26.22931,44.64437],[26.22896,44.64424],[26.22869,44.64416],[26.22655,44.64356],[26.21622,44.6408],[26.21541,44.64064],[26.21496,44.64058],[26.20548,44.64063],[26.20413,44.6407],[26.20251,44.64112],[26.20232,44.64115],[26.20172,44.64105],[26.19864,44.63991],[26.19819,44.63966],[26.1977,44.63922],[26.19654,44.63791],[26.19603,44.63754],[26.19508,44.63694],[26.19434,44.63662],[26.19169,44.63582],[26.19115,44.63564],[26.19082,44.63559],[26.19059,44.63562],[26.19048,44.63559],[26.19038,44.63553],[26.19034,44.63546],[26.19026,44.63541],[26.18987,44.63529],[26.1838,44.63354],[26.17812,44.63188],[26.17777,44.63169],[26.1776,44.63152],[26.17753,44.63138],[26.17724,44.63018],[26.1768,44.62821],[26.17677,44.62809],[26.17671,44.62801],[26.17659,44.62795],[26.17641,44.62795],[26.17511,44.62805],[26.17287,44.62831],[26.17272,44.62829],[26.17259,44.62825],[26.17248,44.62818],[26.17242,44.62805],[26.17213,44.62717],[26.17203,44.62704],[26.17186,44.62697],[26.17166,44.62697],[26.16278,44.62791],[26.16091,44.62812],[26.1606,44.62813],[26.16038,44.62812],[26.16013,44.62808],[26.15915,44.62783],[26.15894,44.62781],[26.15849,44.6278],[26.15816,44.62782],[26.15772,44.62782],[26.15727,44.62779],[26.157,44.62775],[26.15333,44.62698],[26.14477,44.62499],[26.14113,44.62417],[26.13944,44.62377],[26.13404,44.62269],[26.1273,44.62137],[26.12469,44.62087],[26.1241,44.62079],[26.12105,44.62019],[26.12064,44.62013],[26.12046,44.62013],[26.12018,44.62016],[26.11988,44.62024],[26.11681,44.62147],[26.11596,44.62195],[26.11577,44.62203],[26.11548,44.62214],[26.11444,44.62244],[26.11262,44.62309],[26.11183,44.62331],[26.11148,44.62337],[26.11111,44.62338],[26.11082,44.62337],[26.10363,44.62185],[26.10167,44.62142],[26.09885,44.62087],[26.09086,44.61917],[26.08943,44.61893],[26.08872,44.61884],[26.08838,44.61875],[26.08777,44.61853],[26.08712,44.61815],[26.08564,44.61722],[26.07299,44.60964],[26.07284,44.60959],[26.07228,44.60924],[26.07222,44.60916],[26.07216,44.60881],[26.07206,44.60779],[26.07208,44.60748],[26.07195,44.6057],[26.07166,44.60242],[26.0714,44.60036],[26.07099,44.59281],[26.07043,44.58443],[26.07008,44.57668],[26.06997,44.57562],[26.06991,44.57327],[26.06991,44.57299],[26.06993,44.57284],[26.06985,44.57245],[26.06974,44.57023],[26.06977,44.56939],[26.0697,44.56856],[26.0696,44.56671],[26.06951,44.5644],[26.06927,44.55967],[26.06885,44.54964],[26.06856,44.54116],[26.06834,44.53391],[26.06837,44.53352],[26.06848,44.53291],[26.06867,44.53232],[26.06979,44.52935],[26.07107,44.52613],[26.07153,44.52536],[26.07214,44.52463],[26.07832,44.51784],[26.07873,44.51731],[26.07892,44.51711],[26.079,44.51695],[26.07917,44.51631],[26.07963,44.51503],[26.07995,44.51423],[26.08001,44.51387],[26.08006,44.51375],[26.08011,44.5137],[26.08023,44.51348],[26.08035,44.51319],[26.08118,44.511],[26.08157,44.51022],[26.0819,44.50919],[26.08199,44.50897],[26.08198,44.5082],[26.08166,44.50656],[26.08146,44.50575],[26.0814,44.50562],[26.08131,44.50515],[26.08054,44.50259],[26.08027,44.50129],[26.07945,44.49801],[26.07927,44.49756],[26.07904,44.49655],[26.07887,44.49606],[26.07891,44.49477],[26.07904,44.49333],[26.07906,44.49271],[26.07894,44.4902],[26.07875,44.48929],[26.07863,44.48894],[26.07797,44.48745],[26.07739,44.4863],[26.07712,44.48594],[26.07637,44.48466],[26.07588,44.48417],[26.07575,44.48401],[26.07573,44.48389],[26.07578,44.48373],[26.07576,44.48364],[26.07468,44.48181],[26.07427,44.48102],[26.0739,44.48041],[26.07355,44.47989],[26.07278,44.47864],[26.07271,44.47862],[26.07265,44.47864],[26.07256,44.47876],[26.07233,44.47927],[26.07185,44.47914],[26.07207,44.47869]],[[26.07207,44.47869],[26.07225,44.47839],[26.07219,44.47823],[26.0722,44.47804],[26.07224,44.47795],[26.0723,44.47788],[26.0724,44.47782],[26.07252,44.47778],[26.07266,44.47777],[26.07279,44.47779],[26.07292,44.47784],[26.07305,44.47797],[26.07309,44.47806],[26.07309,44.47816],[26.07301,44.47832],[26.073,44.47843],[26.07305,44.47865],[26.07316,44.4789],[26.07593,44.48356],[26.07615,44.48377],[26.07633,44.48387],[26.07651,44.48407],[26.07652,44.48452],[26.07687,44.48516],[26.07777,44.48671],[26.07885,44.48906],[26.07909,44.49016],[26.07922,44.49151],[26.07941,44.49256],[26.07941,44.49366],[26.07934,44.49396],[26.07926,44.49564],[26.07926,44.49582],[26.07931,44.4962],[26.0796,44.49743],[26.07967,44.49809],[26.07996,44.49917],[26.08061,44.50177],[26.08078,44.50211],[26.08094,44.50255],[26.08178,44.50519],[26.0819,44.50543],[26.08198,44.50551],[26.08201,44.50557],[26.08201,44.50563],[26.08197,44.50574],[26.082,44.50602],[26.08215,44.50681],[26.08223,44.50693],[26.08223,44.50708],[26.08241,44.508],[26.08243,44.50825],[26.08243,44.50852],[26.08235,44.50897],[26.08207,44.50985],[26.08185,44.51043],[26.08175,44.5106],[26.08122,44.51214],[26.08062,44.51367],[26.08062,44.51383],[26.08056,44.51398],[26.08049,44.51407],[26.07982,44.51556],[26.07948,44.51656],[26.07917,44.51706],[26.07851,44.51792],[26.07789,44.51859],[26.07759,44.51898],[26.0774,44.51912],[26.07521,44.52156],[26.0739,44.52294],[26.0735,44.5234],[26.07198,44.52504],[26.07164,44.5255],[26.07135,44.52596],[26.07113,44.52643],[26.0702,44.52888],[26.06999,44.52949],[26.06991,44.5298],[26.06909,44.53171],[26.06875,44.53267],[26.0686,44.5333],[26.06855,44.53391],[26.06906,44.55002],[26.06949,44.55998],[26.06985,44.56749],[26.06999,44.56946],[26.07008,44.56984],[26.07018,44.57146],[26.07018,44.57209],[26.0702,44.57239],[26.07023,44.57247],[26.07037,44.57261],[26.07037,44.57268],[26.07033,44.57275],[26.07027,44.57279],[26.07024,44.57284],[26.07023,44.57291],[26.0703,44.57357],[26.07034,44.5756],[26.07022,44.57614],[26.07023,44.57679],[26.07034,44.5787],[26.07033,44.57902],[26.07077,44.58708],[26.07115,44.59351],[26.0717,44.60147],[26.07178,44.60192],[26.07182,44.60276],[26.07224,44.60776],[26.07238,44.60916],[26.07246,44.60924],[26.07657,44.61172],[26.07917,44.61324],[26.07998,44.61376],[26.08574,44.61723],[26.08587,44.61729],[26.08732,44.61818],[26.08788,44.61847],[26.08818,44.6186],[26.08863,44.61873],[26.09044,44.61901],[26.09171,44.61928],[26.0925,44.61947],[26.09976,44.62095],[26.10217,44.62147],[26.11043,44.62321],[26.11087,44.62329],[26.11119,44.62332],[26.11144,44.62331],[26.11169,44.62327],[26.1124,44.62308],[26.11439,44.62238],[26.1155,44.62208],[26.11577,44.62198],[26.11591,44.62191],[26.11616,44.62178],[26.11646,44.62159],[26.11696,44.62134],[26.11971,44.62025],[26.12004,44.62015],[26.12031,44.6201],[26.12064,44.62009],[26.12094,44.62013],[26.1258,44.62105],[26.1277,44.62143],[26.13157,44.62217],[26.13878,44.6236],[26.13985,44.62383],[26.14645,44.62536],[26.15367,44.627],[26.15667,44.62764],[26.15727,44.62775],[26.15771,44.62779],[26.15866,44.62776],[26.15912,44.62779],[26.15934,44.62783],[26.1599,44.62798],[26.16014,44.62803],[26.16049,44.62808],[26.16072,44.62809],[26.16103,44.62807],[26.16191,44.62796],[26.16351,44.62781],[26.17084,44.62702],[26.17167,44.62692],[26.1719,44.62693],[26.17203,44.62699],[26.17222,44.62718],[26.17246,44.62801],[26.17253,44.62815],[26.17265,44.62824],[26.17284,44.62827],[26.17646,44.62789],[26.17666,44.62791],[26.17675,44.62796],[26.17681,44.62803],[26.17689,44.62822],[26.17731,44.63014],[26.17759,44.63123],[26.17774,44.63156],[26.17793,44.63172],[26.17823,44.63186],[26.1788,44.63203],[26.18919,44.63504],[26.19022,44.63535],[26.19036,44.63538],[26.19046,44.63533],[26.1906,44.63533],[26.19073,44.63536],[26.1908,44.63548],[26.19093,44.63555],[26.19411,44.63649],[26.19448,44.63662],[26.19519,44.63692],[26.19584,44.63728],[26.1964,44.63769],[26.19687,44.63811],[26.19737,44.63861],[26.19778,44.6391],[26.19806,44.6394],[26.19843,44.63971],[26.19864,44.63983],[26.19911,44.64001],[26.20109,44.64074],[26.20175,44.64097],[26.20208,44.64104],[26.20231,44.64106],[26.20253,44.64105],[26.20383,44.64065],[26.20423,44.64058],[26.20658,44.64055],[26.21068,44.64054],[26.21463,44.64051],[26.21527,44.64055],[26.21638,44.64077],[26.21867,44.6414],[26.22665,44.64352],[26.22853,44.64404],[26.22899,44.64419],[26.23011,44.64465],[26.23099,44.64504],[26.23104,44.64504],[26.23109,44.64502],[26.23113,44.64498],[26.23119,44.64498],[26.23125,44.64501],[26.23128,44.64505],[26.23126,44.64515],[26.23122,44.64518],[26.23114,44.64515]]]},"properties":{"route_id":"1008-365","line":"448","name":"448","ref":"448","long_name":"Moara Vlasiei - Piata Presei","type":"bus","color":"#662483"}},{"type":"Feature","geometry":{"type":"MultiLineString","coordinates":[[[26.0445,44.39861],[26.04458,44.39865],[26.0447,44.39864],[26.04476,44.39858],[26.04479,44.39847],[26.04478,44.39841],[26.04484,44.39834],[26.04492,44.39829],[26.04504,44.39829],[26.0452,44.39832],[26.04731,44.39919],[26.0484,44.3996],[26.04855,44.39965],[26.04864,44.39966],[26.04882,44.39959],[26.04884,44.39954],[26.04872,44.3986],[26.04803,44.39333],[26.04798,44.39313],[26.04748,44.38922],[26.04676,44.38411],[26.04677,44.38396],[26.04639,44.38151],[26.04639,44.38107],[26.04643,44.38077],[26.04695,44.37841],[26.0469,44.37835],[26.04697,44.37836],[26.04716,44.37749],[26.04713,44.37719],[26.047,44.37689],[26.04534,44.37411],[26.04509,44.37376],[26.04458,44.37281],[26.0426,44.36948],[26.04239,44.36916],[26.04009,44.36527],[26.03984,44.36482],[26.03885,44.36316],[26.03817,44.36195],[26.03804,44.36146],[26.03703,44.35861],[26.03686,44.35818],[26.03672,44.35793],[26.03639,44.3574],[26.03613,44.3571],[26.03531,44.35642],[26.03455,44.35584],[26.03443,44.35572],[26.0342,44.35538],[26.03364,44.35445],[26.0336,44.35441],[26.03352,44.35424],[26.03329,44.35389],[26.0325,44.35248],[26.03177,44.35127],[26.03176,44.35124],[26.03179,44.3512],[26.03366,44.3506],[26.03366,44.35054],[26.03327,44.34989],[26.03308,44.34953],[26.03285,44.34921],[26.03276,44.34911],[26.03267,44.34909],[26.03224,44.34927],[26.03205,44.34931],[26.03112,44.34957],[26.0301,44.34978],[26.03001,44.34979],[26.02994,44.34978],[26.02984,44.34974],[26.02971,44.34953],[26.02906,44.34826],[26.02886,44.34819],[26.02856,44.34822],[26.02821,44.34833],[26.02654,44.34901],[26.02558,44.34943],[26.02504,44.34962],[26.02343,44.35014],[26.01878,44.35196],[26.01825,44.35207],[26.01565,44.35244],[26.01486,44.35266],[26.01454,44.35278],[26.01296,44.35358],[26.01258,44.35373],[26.01245,44.35376],[26.01234,44.35377],[26.01222,44.35375],[26.01205,44.3537],[26.01184,44.3536],[26.0102,44.35271],[26.00908,44.35205],[26.00888,44.35196],[26.00875,44.35193],[26.00861,44.35193],[26.00846,44.35197],[26.00635,44.35312],[26.00559,44.3536],[26.00474,44.35404],[26.00362,44.35456],[26.00296,44.35485],[26.00246,44.35503],[26.00198,44.35516],[26.00179,44.35516],[26.00169,44.35509],[26.00138,44.35453],[26.00105,44.35373],[26.00078,44.35296],[26.00067,44.35284],[26.0006,44.35283],[26.00007,44.35293],[25.99646,44.35376],[25.99596,44.35389],[25.99403,44.35432],[25.99332,44.35444],[25.99296,44.35441],[25.99244,44.35431],[25.99218,44.35435],[25.99204,44.3544],[25.99009,44.35529],[25.98989,44.3554],[25.98988,44.35548],[25.9904,44.35605],[25.9912,44.35717],[25.99223,44.35854],[25.99244,44.35877],[25.99256,44.35886],[25.99281,44.35904],[25.99333,44.35935],[25.99331,44.35944],[25.98905,44.36351],[25.98899,44.36353],[25.98892,44.36351],[25.98646,44.36222],[25.98584,44.36213]],[[25.98583,44.36212],[25.9854,44.36204],[25.98512,44.36195],[25.9843,44.36153],[25.98428,44.36144],[25.98434,44.36135],[25.98496,44.36095],[25.9856,44.36041],[25.98582,44.36026],[25.98928,44.35811],[25.98933,44.35805],[25.98932,44.35801],[25.98845,44.35739],[25.98744,44.35649],[25.98749,44.35644],[25.98906,44.35572],[25.98939,44.35553],[25.9897,44.35538],[25.99207,44.35436],[25.99226,44.35429],[25.9925,44.35428],[25.99272,44.35431],[25.99312,44.35441],[25.99333,44.3544],[25.99378,44.35434],[25.99991,44.35294],[26.00045,44.3528],[26.00062,44.35279],[26.00075,44.35283],[26.00084,44.35294],[26.00114,44.35384],[26.00156,44.35479],[26.00169,44.35502],[26.00177,44.35508],[26.00186,44.35511],[26.00199,44.35512],[26.00207,44.35511],[26.00274,44.35491],[26.00392,44.35438],[26.00548,44.35363],[26.00661,44.35293],[26.00745,44.35249],[26.00776,44.35231],[26.00813,44.35213],[26.00859,44.35187],[26.00885,44.35189],[26.00909,44.35201],[26.01045,44.35281],[26.01212,44.35369],[26.01239,44.35374],[26.01264,44.35369],[26.01442,44.35279],[26.01514,44.35253],[26.01605,44.35233],[26.01814,44.35205],[26.01862,44.35195],[26.01921,44.35176],[26.02004,44.35143],[26.02037,44.35127],[26.02046,44.35125],[26.02305,44.35023],[26.0239,44.34993],[26.02519,44.34955],[26.02654,44.34897],[26.02829,44.34826],[26.02868,44.34814],[26.02889,44.3481],[26.02916,44.34823],[26.02987,44.34965],[26.02993,44.3497],[26.03003,44.34972],[26.03018,44.34968],[26.03113,44.34951],[26.03185,44.34931],[26.03226,44.34918],[26.03236,44.34911],[26.03248,44.34889],[26.03256,44.34885],[26.03264,44.34885],[26.03272,44.34888],[26.03276,44.34894],[26.03276,44.349],[26.03315,44.34954],[26.03348,44.35007],[26.03375,44.35054],[26.03374,44.35062],[26.03366,44.35067],[26.03184,44.35124],[26.03245,44.35226],[26.03256,44.35248],[26.03344,44.35399],[26.0336,44.35424],[26.03367,44.35429],[26.03381,44.35434],[26.03382,44.35438],[26.03376,44.35448],[26.03428,44.35543],[26.03445,44.35568],[26.03541,44.3564],[26.03605,44.35694],[26.03645,44.35737],[26.03671,44.35779],[26.03695,44.35826],[26.0382,44.36173],[26.03831,44.36199],[26.03841,44.36213],[26.03845,44.36237],[26.03967,44.36448],[26.04024,44.36539],[26.04039,44.36556],[26.04061,44.36605],[26.04285,44.36987],[26.04391,44.3716],[26.04502,44.37349],[26.04534,44.37394],[26.04549,44.37424],[26.0465,44.37594],[26.0465,44.37597],[26.04667,44.37629],[26.04692,44.37666],[26.04714,44.37712],[26.04719,44.37727],[26.0472,44.37746],[26.04713,44.37792],[26.04644,44.38086],[26.04643,44.38117],[26.04651,44.38177],[26.04655,44.38186],[26.04689,44.38453],[26.04698,44.38498],[26.0474,44.38823],[26.04816,44.39373],[26.04833,44.3953],[26.04875,44.39821],[26.04889,44.39964],[26.04892,44.39967],[26.04911,44.39972],[26.04951,44.3999],[26.0496,44.39999],[26.04949,44.40016],[26.04938,44.40022],[26.04916,44.40023],[26.04869,44.39995],[26.04821,44.39962],[26.04567,44.39863],[26.04539,44.39854],[26.04502,44.3986],[26.04489,44.39856],[26.04479,44.39847],[26.04478,44.39841],[26.04469,44.39832],[26.04415,44.3981],[26.04407,44.39812],[26.044,44.39816],[26.04392,44.39825],[26.04387,44.39833],[26.04387,44.3984],[26.04392,44.39844],[26.0445,44.39862]]]},"properties":{"route_id":"1008-393","line":"464","name":"464","ref":"464","long_name":"Varteju - Depoul Alexandria","type":"bus","color":"#662483"}},{"type":"Feature","geometry":{"type":"MultiLineString","coordinates":[[[26.07207,44.47869],[26.07225,44.47839],[26.07219,44.47823],[26.0722,44.47804],[26.07224,44.47795],[26.0723,44.47788],[26.0724,44.47782],[26.07252,44.47778],[26.07266,44.47777],[26.07279,44.47779],[26.07292,44.47784],[26.07305,44.47797],[26.07309,44.47806],[26.07309,44.47816],[26.07301,44.47832],[26.073,44.47843],[26.07305,44.47865],[26.07316,44.4789],[26.07593,44.48356],[26.07615,44.48377],[26.07633,44.48387],[26.07651,44.48407],[26.07652,44.48452],[26.07687,44.48516],[26.07777,44.48671],[26.07885,44.48906],[26.07909,44.49016],[26.07922,44.49151],[26.07941,44.49256],[26.07941,44.49366],[26.07934,44.49396],[26.07926,44.49564],[26.07926,44.49582],[26.07931,44.4962],[26.0796,44.49743],[26.07967,44.49809],[26.07996,44.49917],[26.08061,44.50177],[26.08078,44.50211],[26.08094,44.50255],[26.08178,44.50519],[26.0819,44.50543],[26.08198,44.50551],[26.08201,44.50557],[26.08201,44.50563],[26.08197,44.50574],[26.082,44.50602],[26.08215,44.50681],[26.08223,44.50693],[26.08223,44.50708],[26.08241,44.508],[26.08243,44.50825],[26.08243,44.50852],[26.08235,44.50897],[26.08207,44.50985],[26.08185,44.51043],[26.08175,44.5106],[26.08122,44.51214],[26.08062,44.51367],[26.08062,44.51383],[26.08056,44.51398],[26.08049,44.51407],[26.07982,44.51556],[26.07948,44.51656],[26.07917,44.51706],[26.07851,44.51792],[26.07789,44.51859],[26.07759,44.51898],[26.0774,44.51912],[26.07521,44.52156],[26.0739,44.52294],[26.0735,44.5234],[26.07198,44.52504],[26.07164,44.5255],[26.07135,44.52596],[26.07113,44.52643],[26.0702,44.52888],[26.06999,44.52949],[26.06991,44.5298],[26.06909,44.53171],[26.06875,44.53267],[26.0686,44.5333],[26.06855,44.53391],[26.06906,44.55002],[26.06949,44.55998],[26.06985,44.56749],[26.06999,44.56946],[26.07008,44.56984],[26.07018,44.57146],[26.07018,44.57209],[26.0702,44.57239],[26.07023,44.57247],[26.07037,44.57261],[26.07037,44.57268],[26.07033,44.57275],[26.07027,44.57279],[26.07024,44.57284],[26.07023,44.57291],[26.0703,44.57357],[26.07034,44.5756],[26.07022,44.57614],[26.07023,44.57679],[26.07034,44.5787],[26.07033,44.57902],[26.07077,44.58708],[26.07115,44.59351],[26.0717,44.60147],[26.07178,44.60192],[26.07182,44.60276],[26.07224,44.60776],[26.07238,44.60916],[26.07246,44.60924],[26.07657,44.61172],[26.07917,44.61324],[26.07998,44.61376],[26.08574,44.61723],[26.08587,44.61729],[26.08732,44.61818],[26.08788,44.61847],[26.08818,44.6186],[26.08863,44.61873],[26.09044,44.61901],[26.09171,44.61928],[26.0925,44.61947],[26.09976,44.62095],[26.10217,44.62147],[26.11043,44.62321],[26.11087,44.62329],[26.11119,44.62332],[26.11144,44.62331],[26.11169,44.62327],[26.1124,44.62308],[26.11439,44.62238],[26.1155,44.62208],[26.11577,44.62198],[26.11591,44.62191],[26.11616,44.62178],[26.11646,44.62159],[26.11696,44.62134],[26.11971,44.62025],[26.12004,44.62015],[26.12031,44.6201],[26.12064,44.62009],[26.12094,44.62013],[26.12384,44.62068],[26.14111,44.62412],[26.14645,44.62536],[26.15367,44.627],[26.15667,44.62764],[26.15727,44.62775],[26.15771,44.62779],[26.15866,44.62776],[26.15912,44.62779],[26.15934,44.62783],[26.1599,44.62798],[26.16014,44.62803],[26.16049,44.62808],[26.16072,44.62809],[26.16103,44.62807],[26.16191,44.62796],[26.16351,44.62781],[26.17084,44.62702],[26.17167,44.62692],[26.17178,44.62692],[26.1719,44.62693],[26.17203,44.62699],[26.17222,44.62718],[26.17246,44.62801],[26.17253,44.62815],[26.17265,44.62824],[26.17284,44.62827],[26.17646,44.62789],[26.17666,44.62791],[26.17675,44.62796],[26.17681,44.62803],[26.17689,44.62822],[26.17731,44.63014],[26.17759,44.63123],[26.17774,44.63156],[26.17793,44.63172],[26.17823,44.63186],[26.1788,44.63203],[26.18919,44.63504],[26.19022,44.63535],[26.19036,44.63538],[26.19046,44.63533],[26.1906,44.63533],[26.19073,44.63536],[26.1908,44.63548],[26.19093,44.63555],[26.19411,44.63649],[26.19448,44.63662],[26.19519,44.63692],[26.19584,44.63728],[26.1964,44.63769],[26.19687,44.63811],[26.19737,44.63861],[26.19778,44.6391],[26.19806,44.6394],[26.19843,44.63971],[26.19864,44.63983],[26.19911,44.64001],[26.20109,44.64074],[26.20175,44.64097],[26.20208,44.64104],[26.20231,44.64106],[26.20253,44.64105],[26.20383,44.64065],[26.20423,44.64058],[26.20658,44.64055],[26.21068,44.64054],[26.21463,44.64051],[26.21527,44.64055],[26.21638,44.64077],[26.21867,44.6414],[26.22665,44.64352],[26.22853,44.64404],[26.22899,44.64419],[26.23011,44.64465],[26.23099,44.64504],[26.23104,44.64504],[26.23109,44.64502],[26.23113,44.64498],[26.23119,44.64498],[26.23125,44.64501],[26.23128,44.64505],[26.23127,44.6451],[26.2315,44.64523],[26.23181,44.64537],[26.23315,44.64587],[26.23735,44.6477],[26.23757,44.64784],[26.23797,44.64813],[26.23871,44.64874],[26.24577,44.65436],[26.24602,44.65452],[26.2466,44.65481],[26.24736,44.65512],[26.25139,44.65692],[26.25685,44.65926],[26.26961,44.6644],[26.27065,44.6648],[26.2709,44.66488],[26.27118,44.66488],[26.27142,44.66484],[26.27168,44.66469],[26.27502,44.66089],[26.27525,44.66061],[26.27548,44.66047],[26.27561,44.66043],[26.27609,44.66042],[26.27655,44.66045],[26.28048,44.66062],[26.28112,44.6607],[26.28184,44.66084],[26.28247,44.66099],[26.28621,44.66214],[26.28656,44.66226],[26.28679,44.66232],[26.28702,44.66235],[26.28744,44.66234],[26.28766,44.66231],[26.28939,44.66189],[26.28988,44.66182],[26.29025,44.66184],[26.29202,44.66201],[26.29235,44.66208],[26.29321,44.66233],[26.29357,44.66234],[26.29487,44.66217],[26.29526,44.6621],[26.29553,44.66208],[26.29666,44.66185],[26.29725,44.66176],[26.29785,44.66172],[26.29883,44.66177],[26.30873,44.6625],[26.31039,44.6626],[26.31111,44.66267],[26.31145,44.66275],[26.31698,44.66492],[26.31725,44.665],[26.31748,44.66503],[26.31765,44.66503],[26.31788,44.66502],[26.31854,44.66495],[26.3189,44.66495],[26.32068,44.6652],[26.32637,44.66647],[26.32724,44.66667],[26.32778,44.66682],[26.33059,44.6678],[26.33231,44.66838],[26.33261,44.6685],[26.3328,44.66855],[26.33305,44.66856],[26.33479,44.66853],[26.33606,44.66849],[26.33729,44.66847],[26.34412,44.66881],[26.34415,44.66889],[26.34395,44.66922]],[[26.34395,44.66922],[26.34388,44.66924],[26.3438,44.66921],[26.34397,44.669],[26.34404,44.66886],[26.34398,44.66883],[26.33693,44.66851],[26.33333,44.6686],[26.33285,44.6686],[26.33255,44.66852],[26.32984,44.6676],[26.32751,44.66678],[26.32534,44.66627],[26.32132,44.66537],[26.32053,44.66522],[26.31878,44.66499],[26.31852,44.66499],[26.31756,44.66506],[26.31731,44.66504],[26.31707,44.66499],[26.31222,44.6631],[26.31154,44.66282],[26.31124,44.66273],[26.31095,44.66268],[26.30895,44.66256],[26.30582,44.66232],[26.30269,44.66212],[26.29844,44.66178],[26.29783,44.66176],[26.29755,44.66177],[26.29726,44.6618],[26.29592,44.66206],[26.29547,44.66216],[26.29437,44.66229],[26.29375,44.6624],[26.29329,44.66241],[26.29249,44.66218],[26.29223,44.66213],[26.29066,44.66192],[26.28996,44.66187],[26.28974,44.66189],[26.28937,44.66195],[26.28768,44.66236],[26.28719,44.66241],[26.28697,44.6624],[26.28653,44.6623],[26.28542,44.66196],[26.28358,44.66137],[26.28238,44.66102],[26.28164,44.66084],[26.28124,44.66077],[26.28088,44.66073],[26.2797,44.66064],[26.27605,44.66046],[26.27566,44.66046],[26.27551,44.66052],[26.2753,44.66068],[26.27176,44.66469],[26.27152,44.66486],[26.27139,44.6649],[26.27106,44.66494],[26.2709,44.66492],[26.27067,44.66486],[26.26932,44.66433],[26.2582,44.65987],[26.25198,44.65723],[26.24849,44.65567],[26.2466,44.65486],[26.24596,44.65455],[26.24573,44.65441],[26.24401,44.65301],[26.23748,44.64784],[26.23718,44.64768],[26.23662,44.64742],[26.23114,44.64515],[26.22931,44.64437],[26.22896,44.64424],[26.22869,44.64416],[26.22655,44.64356],[26.21622,44.6408],[26.21541,44.64064],[26.21496,44.64058],[26.20548,44.64063],[26.20413,44.6407],[26.20251,44.64112],[26.20232,44.64115],[26.20172,44.64105],[26.19864,44.63991],[26.19819,44.63966],[26.1977,44.63922],[26.19654,44.63791],[26.19603,44.63754],[26.19508,44.63694],[26.19434,44.63662],[26.19169,44.63582],[26.19115,44.63564],[26.19082,44.63559],[26.19059,44.63562],[26.19048,44.63559],[26.19038,44.63553],[26.19034,44.63546],[26.19026,44.63541],[26.18987,44.63529],[26.1838,44.63354],[26.17812,44.63188],[26.17777,44.63169],[26.1776,44.63152],[26.17753,44.63138],[26.17745,44.63109],[26.17677,44.62809],[26.17671,44.62801],[26.17659,44.62795],[26.17641,44.62795],[26.17511,44.62805],[26.17287,44.62831],[26.17272,44.62829],[26.17259,44.62825],[26.17248,44.62818],[26.17242,44.62805],[26.17213,44.62717],[26.17203,44.62704],[26.17186,44.62697],[26.17166,44.62697],[26.16278,44.62791],[26.16091,44.62812],[26.1606,44.62813],[26.16038,44.62812],[26.16013,44.62808],[26.15915,44.62783],[26.15894,44.62781],[26.15849,44.6278],[26.15816,44.62782],[26.15772,44.62782],[26.15727,44.62779],[26.157,44.62775],[26.15333,44.62698],[26.14477,44.62499],[26.14053,44.62403],[26.12353,44.62067],[26.12105,44.62019],[26.12064,44.62013],[26.12046,44.62013],[26.12018,44.62016],[26.11988,44.62024],[26.11681,44.62147],[26.11596,44.62195],[26.11577,44.62203],[26.11548,44.62214],[26.11444,44.62244],[26.11262,44.62309],[26.11183,44.62331],[26.11148,44.62337],[26.11111,44.62338],[26.11082,44.62337],[26.11054,44.62332],[26.10363,44.62185],[26.10167,44.62142],[26.09885,44.62087],[26.09086,44.61917],[26.08943,44.61893],[26.08872,44.61884],[26.08838,44.61875],[26.08777,44.61853],[26.08712,44.61815],[26.08564,44.61722],[26.07299,44.60964],[26.07284,44.60959],[26.07231,44.60928],[26.07223,44.60919],[26.0722,44.60912],[26.07166,44.60236],[26.0714,44.60036],[26.07099,44.59281],[26.07043,44.58443],[26.07008,44.57668],[26.06997,44.57562],[26.06991,44.57327],[26.06991,44.57299],[26.06993,44.57284],[26.06985,44.57245],[26.06974,44.57023],[26.06977,44.56939],[26.0697,44.56856],[26.0696,44.56671],[26.06951,44.5644],[26.06927,44.55967],[26.06885,44.54964],[26.06856,44.54116],[26.06834,44.53391],[26.06837,44.53352],[26.06848,44.53291],[26.06867,44.53232],[26.06979,44.52935],[26.07107,44.52613],[26.07153,44.52536],[26.07214,44.52463],[26.07832,44.51784],[26.07873,44.51731],[26.07892,44.51711],[26.079,44.51695],[26.07917,44.51631],[26.07963,44.51503],[26.07995,44.51423],[26.08001,44.51387],[26.08006,44.51375],[26.08011,44.5137],[26.08023,44.51348],[26.08035,44.51319],[26.08118,44.511],[26.08157,44.51022],[26.0819,44.50919],[26.08199,44.50897],[26.08198,44.5082],[26.08166,44.50656],[26.08146,44.50575],[26.0814,44.50562],[26.08131,44.50515],[26.08054,44.50259],[26.08027,44.50129],[26.07945,44.49801],[26.07927,44.49756],[26.07904,44.49655],[26.07887,44.49606],[26.07891,44.49477],[26.07904,44.49333],[26.07906,44.49271],[26.07894,44.4902],[26.07875,44.48929],[26.07863,44.48894],[26.07797,44.48745],[26.07739,44.4863],[26.07712,44.48594],[26.07637,44.48466],[26.07588,44.48417],[26.07575,44.48401],[26.07573,44.48389],[26.07578,44.48373],[26.07576,44.48364],[26.07468,44.48181],[26.07427,44.48102],[26.0739,44.48041],[26.07355,44.47989],[26.07278,44.47864],[26.07271,44.47862],[26.07265,44.47864],[26.07256,44.47876],[26.07233,44.47927],[26.07185,44.47914],[26.07207,44.47869]]]},"properties":{"route_id":"1008-395","line":"477","name":"477","ref":"477","long_name":"Sitaru - Piata Presei","type":"bus","color":"#662483"}},{"type":"Feature","geometry":{"type":"MultiLineString","coordinates":[[[26.01713,44.41195],[26.02532,44.41296],[26.02569,44.41302],[26.02587,44.41296],[26.02597,44.41295],[26.02615,44.41297],[26.04318,44.41504],[26.04474,44.41512],[26.04696,44.41531],[26.04869,44.41544],[26.05026,44.41563],[26.05359,44.41663],[26.0583,44.4181],[26.05924,44.41836],[26.05994,44.41859],[26.06027,44.41873],[26.06254,44.4195],[26.06523,44.42037],[26.06654,44.42085],[26.06788,44.42138],[26.0706,44.42233],[26.07106,44.42256],[26.07274,44.42317],[26.0734,44.42343],[26.07428,44.42372],[26.0746,44.42387],[26.07606,44.42445],[26.07667,44.42465],[26.07721,44.42477],[26.07797,44.42501],[26.07809,44.42509],[26.07812,44.42534],[26.07838,44.42586],[26.07873,44.4264],[26.07902,44.42692],[26.07941,44.42755],[26.07946,44.42769],[26.0795,44.4282],[26.07953,44.42834],[26.07963,44.42849],[26.07975,44.42859],[26.08015,44.42891],[26.08028,44.42899],[26.08083,44.42922],[26.08177,44.42953],[26.08382,44.4301],[26.08444,44.43038],[26.08465,44.43046],[26.08526,44.43053],[26.09079,44.43015],[26.09094,44.43006],[26.09105,44.42993],[26.09105,44.4298],[26.09097,44.42931],[26.09096,44.42838],[26.09077,44.42624],[26.09111,44.42625],[26.09136,44.4263],[26.09163,44.42638],[26.09183,44.42647],[26.09201,44.42659],[26.09214,44.42671],[26.09226,44.42685],[26.09233,44.42698],[26.09239,44.42717],[26.09967,44.42684],[26.10067,44.42678],[26.10087,44.42679],[26.10094,44.42672],[26.10096,44.42618],[26.10105,44.42608],[26.10126,44.42602],[26.10178,44.42591],[26.1039,44.42584],[26.10406,44.42602],[26.10406,44.42674],[26.10397,44.42832],[26.10398,44.42851],[26.10404,44.42865],[26.10411,44.42874],[26.10421,44.42881],[26.10679,44.42991],[26.10691,44.42993],[26.10709,44.42985],[26.10736,44.42948]],[[26.10736,44.42948],[26.1076,44.42926],[26.10795,44.42921],[26.10808,44.42905],[26.10838,44.42874],[26.1086,44.42855],[26.10909,44.42831],[26.10934,44.42825],[26.10985,44.4282],[26.11184,44.42814],[26.11204,44.42816],[26.11198,44.42838],[26.11155,44.42948],[26.11139,44.42981],[26.11136,44.43],[26.11142,44.43048],[26.11155,44.43107],[26.11157,44.43196],[26.11147,44.43217],[26.11139,44.43226],[26.11129,44.4323],[26.11116,44.43227],[26.10851,44.43087],[26.10446,44.42908],[26.10396,44.42893],[26.10381,44.42891],[26.10362,44.42891],[26.1024,44.42913],[26.10181,44.4292],[26.10146,44.42922],[26.10007,44.42958],[26.09974,44.42964],[26.09959,44.42966],[26.09742,44.42979],[26.09729,44.42981],[26.09721,44.42984],[26.09695,44.42999],[26.0966,44.43011],[26.09642,44.4302],[26.09567,44.43088],[26.09422,44.43225],[26.09376,44.43266],[26.09354,44.43282],[26.0933,44.43295],[26.09262,44.43321],[26.09221,44.43333],[26.09186,44.4334],[26.09155,44.43343],[26.09051,44.43349],[26.08978,44.43352],[26.08967,44.43351],[26.08958,44.43346],[26.08957,44.43323],[26.08959,44.43313],[26.0897,44.43308],[26.08983,44.43306],[26.09129,44.43295],[26.09133,44.43287],[26.09135,44.43268],[26.09134,44.43252],[26.09129,44.43217],[26.09117,44.43092],[26.09108,44.4304],[26.09095,44.4303],[26.09078,44.43022],[26.08613,44.43057],[26.08563,44.43059],[26.08539,44.43062],[26.08499,44.4306],[26.08482,44.43058],[26.08461,44.43053],[26.08435,44.43044],[26.08393,44.43026],[26.08351,44.43011],[26.08213,44.4297],[26.08078,44.42927],[26.08033,44.42909],[26.08003,44.42892],[26.07955,44.42854],[26.07946,44.42844],[26.07939,44.42823],[26.07936,44.42777],[26.07933,44.42761],[26.07927,44.42747],[26.07903,44.42708],[26.07865,44.42658],[26.07815,44.42607],[26.07759,44.42555],[26.07703,44.42513],[26.07652,44.42482],[26.07601,44.4246],[26.07545,44.42439],[26.07437,44.42395],[26.07369,44.42374],[26.07193,44.42305],[26.07034,44.42247],[26.06958,44.42217],[26.06608,44.42085],[26.06495,44.42051],[26.06343,44.41996],[26.06152,44.41932],[26.05961,44.4187],[26.05873,44.41838],[26.05756,44.41803],[26.05327,44.4167],[26.05297,44.41663],[26.05192,44.41629],[26.05037,44.41582],[26.05011,44.41576],[26.04829,44.41556],[26.04551,44.41531],[26.04364,44.41527],[26.04253,44.41515],[26.03371,44.41402],[26.03058,44.41364],[26.02996,44.41359],[26.0265,44.41316],[26.02612,44.41312],[26.02581,44.41312],[26.02562,44.41305],[26.02547,44.41303],[26.02447,44.41292],[26.01873,44.4122],[26.01845,44.41218],[26.01834,44.41214],[26.01623,44.41187],[26.01601,44.41188],[26.01577,44.41194],[26.01549,44.41206],[26.01523,44.41224],[26.01507,44.41241],[26.015,44.41242],[26.01426,44.41236],[26.01415,44.41266],[26.01489,44.41276],[26.01503,44.41239],[26.01521,44.41217],[26.01543,44.4118],[26.01553,44.41175],[26.01713,44.41195]]]},"properties":{"route_id":"1008-404","line":"385","name":"385","ref":"385","long_name":"Valea Oltului - Piata Sf. Vineri","type":"bus","color":"#1D71B8"}},{"type":"Feature","geometry":{"type":"MultiLineString","coordinates":[[[26.17622,44.47047],[26.17585,44.47054],[26.17571,44.4706],[26.17461,44.47123],[26.17282,44.47233],[26.17277,44.47233],[26.17269,44.4723],[26.17195,44.47162],[26.16753,44.46787],[26.16498,44.46564],[26.16434,44.46505],[26.16368,44.46437],[26.16359,44.46434],[26.16331,44.46443],[26.16319,44.46444],[26.16308,44.46442],[26.16299,44.46435],[26.16295,44.46411],[26.1629,44.46399],[26.16279,44.46385],[26.16153,44.46233],[26.1608,44.46153],[26.16069,44.46153],[26.16062,44.46157],[26.16018,44.46174],[26.15982,44.46186],[26.15902,44.46205],[26.15812,44.46229],[26.15718,44.46248],[26.15543,44.46298],[26.15229,44.46391],[26.15194,44.46404],[26.15084,44.46461],[26.14642,44.46711],[26.14563,44.4676],[26.14424,44.46835],[26.14416,44.46845],[26.14409,44.4687],[26.14381,44.46912],[26.14377,44.46914],[26.14372,44.46914],[26.14318,44.46895],[26.1431,44.46895],[26.14299,44.46898],[26.14284,44.46908],[26.1426,44.46927],[26.14189,44.46994],[26.14184,44.46999],[26.14182,44.47005],[26.14181,44.47058],[26.14179,44.47075],[26.1414,44.47303],[26.14115,44.47433],[26.14011,44.47598],[26.14003,44.47609],[26.1392,44.47702],[26.13909,44.47719],[26.13858,44.47836],[26.13844,44.47848],[26.13835,44.47859],[26.13828,44.47882],[26.13818,44.47891],[26.13803,44.47897],[26.13781,44.47894],[26.13768,44.47889],[26.1375,44.47877],[26.1369,44.47861],[26.13636,44.47852],[26.13589,44.47849],[26.13246,44.47861],[26.12591,44.4788],[26.12557,44.47879],[26.1252,44.47874],[26.1228,44.47849],[26.12167,44.47841],[26.12028,44.47828],[26.11642,44.47784],[26.11452,44.47759],[26.11421,44.47753],[26.11404,44.47747],[26.11316,44.47725],[26.11226,44.477],[26.11162,44.47677],[26.11015,44.47619],[26.10977,44.47602],[26.10941,44.47589],[26.10896,44.47577],[26.10847,44.47568],[26.10811,44.47565],[26.10793,44.47568],[26.10778,44.47576],[26.10764,44.47579],[26.10745,44.47576],[26.10728,44.47569],[26.10674,44.47561],[26.10632,44.47565],[26.10384,44.47581],[26.1037,44.47583],[26.10358,44.4759],[26.10173,44.47922],[26.10149,44.47966],[26.10146,44.47976],[26.10314,44.48027],[26.10378,44.48052],[26.10423,44.48072],[26.10503,44.48113],[26.10664,44.48206],[26.1078,44.48277],[26.11056,44.48437],[26.11259,44.48562],[26.11352,44.48624],[26.11472,44.48735],[26.11521,44.48774],[26.11562,44.48796],[26.11615,44.48821],[26.11675,44.48844],[26.11803,44.48902],[26.11829,44.48907],[26.11843,44.48907],[26.11852,44.48912],[26.11857,44.4892],[26.11854,44.48927],[26.11844,44.48932],[26.11834,44.48932],[26.11821,44.48926],[26.11814,44.48913],[26.11712,44.48871],[26.11704,44.48877],[26.117,44.48884],[26.11596,44.49008],[26.1158,44.49017],[26.11557,44.49019],[26.11534,44.49012],[26.11429,44.48966],[26.11408,44.48961],[26.11385,44.48958],[26.11366,44.48962],[26.11348,44.48969],[26.11333,44.48978],[26.1127,44.49055],[26.11232,44.49105],[26.11217,44.49131],[26.11199,44.4917],[26.1119,44.49198],[26.1118,44.49221],[26.1116,44.49258],[26.10987,44.49541],[26.10892,44.49691],[26.10879,44.49695],[26.10861,44.49709],[26.10853,44.49712],[26.10844,44.49712],[26.10794,44.49689],[26.10746,44.49669],[26.10679,44.49652],[26.10636,44.49644],[26.10591,44.49639],[26.10537,44.49635],[26.10303,44.49621],[26.10227,44.49619],[26.1023,44.49672],[26.10241,44.49736],[26.10258,44.49806],[26.10104,44.498],[26.09988,44.49788],[26.09735,44.49759],[26.09693,44.49753],[26.097,44.49723],[26.09757,44.49729],[26.09751,44.49758],[26.09835,44.49767]],[[26.09835,44.49767],[26.09882,44.49773],[26.09885,44.49732],[26.09884,44.4971],[26.09873,44.4964],[26.10031,44.49622],[26.10091,44.49618],[26.10186,44.49615],[26.10234,44.49615],[26.10495,44.4963],[26.10596,44.49637],[26.10634,44.49641],[26.10713,44.49657],[26.10751,44.49668],[26.10842,44.49707],[26.1085,44.49708],[26.10857,44.49706],[26.10877,44.49691],[26.10886,44.49688],[26.10892,44.49684],[26.11003,44.49507],[26.11165,44.4924],[26.11184,44.49201],[26.11198,44.49162],[26.11214,44.49128],[26.1123,44.491],[26.11293,44.49018],[26.11331,44.48975],[26.11349,44.48965],[26.1137,44.48958],[26.11388,44.48956],[26.11407,44.48958],[26.11423,44.48962],[26.11546,44.49013],[26.11558,44.49016],[26.11571,44.49015],[26.11586,44.49011],[26.11597,44.49002],[26.11699,44.48878],[26.117,44.48871],[26.11694,44.48862],[26.11635,44.48845],[26.11557,44.48812],[26.11491,44.4877],[26.11431,44.48718],[26.1136,44.48648],[26.1131,44.48608],[26.10947,44.48394],[26.10899,44.48368],[26.10691,44.48247],[26.10443,44.48108],[26.10354,44.48067],[26.10215,44.48018],[26.10137,44.47995],[26.10126,44.47986],[26.10129,44.47973],[26.10135,44.47963],[26.10142,44.47956],[26.10176,44.47893],[26.10352,44.47584],[26.10359,44.47577],[26.10366,44.47573],[26.10378,44.4757],[26.10679,44.4755],[26.10815,44.47556],[26.10875,44.47564],[26.10921,44.47575],[26.10955,44.47585],[26.11165,44.47667],[26.11207,44.47685],[26.11228,44.47692],[26.11264,44.47703],[26.11418,44.47743],[26.11462,44.47751],[26.11519,44.47759],[26.11587,44.47764],[26.1161,44.47768],[26.12024,44.4782],[26.12322,44.47844],[26.12557,44.47869],[26.12662,44.47869],[26.13534,44.47837],[26.13626,44.47837],[26.13749,44.47848],[26.13763,44.47847],[26.13776,44.47841],[26.1379,44.47838],[26.13824,44.47842],[26.13841,44.47837],[26.13852,44.4783],[26.13898,44.47715],[26.13924,44.47675],[26.13987,44.47607],[26.14095,44.47445],[26.14105,44.47427],[26.14151,44.47173],[26.14173,44.47066],[26.14176,44.46997],[26.14215,44.46961],[26.1428,44.46906],[26.14386,44.46844],[26.14481,44.46791],[26.14579,44.4674],[26.1472,44.46656],[26.14869,44.46572],[26.15028,44.46479],[26.15175,44.46403],[26.15254,44.46375],[26.15393,44.46332],[26.15618,44.46267],[26.1577,44.46225],[26.15786,44.46209],[26.16031,44.46115],[26.16046,44.46116],[26.16057,44.46122],[26.16066,44.46135],[26.16074,44.46143],[26.16087,44.46151],[26.16282,44.46383],[26.163,44.46409],[26.16303,44.46431],[26.16308,44.46438],[26.16316,44.46441],[26.16326,44.4644],[26.16354,44.4643],[26.16362,44.46429],[26.16369,44.46431],[26.16393,44.46453],[26.16439,44.46503],[26.16457,44.46519],[26.16802,44.46818],[26.17148,44.47115],[26.17242,44.47202],[26.17273,44.47228],[26.17277,44.4723],[26.17282,44.47228],[26.17431,44.47135],[26.1762,44.47027],[26.17627,44.47025],[26.17634,44.47025],[26.1764,44.47029],[26.17639,44.47035],[26.17634,44.4704],[26.17622,44.47047]]]},"properties":{"route_id":"1008-464","line":"343","name":"343","ref":"343","long_name":"Fundeni - Cartier Henri Coanda","type":"bus","color":"#1D71B8"}},{"type":"Feature","geometry":{"type":"MultiLineString","coordinates":[[[26.07799,44.3862],[26.07791,44.38633],[26.0779,44.38646],[26.07883,44.38803],[26.07903,44.38827],[26.07997,44.38911],[26.08025,44.38941],[26.08068,44.38997],[26.08331,44.3938],[26.08487,44.39576],[26.0851,44.39607],[26.08516,44.39624],[26.08513,44.39652],[26.085,44.39725],[26.08498,44.39788],[26.08489,44.39838],[26.08438,44.40032],[26.08429,44.40051],[26.08409,44.40073],[26.08222,44.40255],[26.08176,44.40304],[26.08157,44.40329],[26.08066,44.4048],[26.07954,44.40653],[26.07877,44.40745],[26.07683,44.40962],[26.0761,44.41037],[26.07358,44.41281],[26.07355,44.41293],[26.0736,44.41305],[26.07383,44.4132],[26.07446,44.41351],[26.07814,44.41546],[26.07833,44.41571],[26.07835,44.41578],[26.07833,44.41588],[26.07346,44.41978],[26.07085,44.42169],[26.06931,44.42285],[26.06617,44.42532],[26.06165,44.429],[26.06158,44.42904],[26.06142,44.42911],[26.06124,44.42912],[26.06104,44.42911],[26.0549,44.42869],[26.05475,44.42872],[26.05462,44.42879],[26.05452,44.42897],[26.05448,44.42947],[26.05438,44.43204],[26.05443,44.43505],[26.05447,44.43587],[26.05454,44.4362],[26.05469,44.43665],[26.05498,44.43722],[26.05531,44.43768],[26.05572,44.43809],[26.05877,44.44045],[26.06009,44.44149],[26.06022,44.44162],[26.06035,44.44184],[26.06052,44.44262],[26.06083,44.44381],[26.06113,44.44483],[26.06139,44.44547],[26.06154,44.44574],[26.06191,44.44625],[26.06314,44.44723],[26.06346,44.44745],[26.0635,44.44758],[26.06345,44.44774],[26.06339,44.44785],[26.0633,44.44795],[26.06293,44.44814],[26.0628,44.44825],[26.06247,44.44895],[26.06228,44.44924],[26.062,44.44946],[26.05882,44.45169],[26.05833,44.45219],[26.05787,44.4531],[26.05759,44.4536],[26.0572,44.45423],[26.05636,44.45539],[26.05499,44.45702],[26.05482,44.45711],[26.05088,44.45857],[26.04295,44.46261],[26.03893,44.46477],[26.03702,44.46582],[26.0364,44.46604],[26.0356,44.46629],[26.03178,44.46745],[26.02872,44.46842],[26.0278,44.46869],[26.02592,44.46929],[26.02389,44.46991],[26.0237,44.46996],[26.02162,44.47024],[26.02141,44.47039],[26.02132,44.47041],[26.02121,44.47041],[26.02112,44.47037],[26.02107,44.47031],[26.02105,44.47025],[26.02108,44.47018],[26.02117,44.47012],[26.02127,44.4701],[26.02141,44.47011],[26.02162,44.47017],[26.02175,44.47017],[26.02212,44.47013]],[[26.02212,44.47013],[26.02371,44.46993],[26.02563,44.46934],[26.0276,44.4687],[26.03072,44.46776],[26.03129,44.46757],[26.03677,44.46588],[26.03698,44.46579],[26.03849,44.46495],[26.04209,44.46302],[26.04692,44.46053],[26.0483,44.45986],[26.05102,44.45849],[26.05247,44.45794],[26.05294,44.45774],[26.05325,44.45765],[26.05486,44.45706],[26.05506,44.45689],[26.05619,44.45555],[26.05693,44.45453],[26.05765,44.45343],[26.0583,44.45219],[26.05838,44.45208],[26.05889,44.45159],[26.06213,44.44932],[26.0623,44.44914],[26.06241,44.44897],[26.06276,44.44822],[26.06288,44.44812],[26.06327,44.44792],[26.06334,44.44787],[26.06342,44.4477],[26.06341,44.44759],[26.06266,44.44711],[26.0625,44.44698],[26.06175,44.44618],[26.06135,44.44559],[26.06111,44.44503],[26.06091,44.44436],[26.06072,44.44355],[26.06035,44.44237],[26.06008,44.44162],[26.05993,44.44144],[26.05969,44.44122],[26.05724,44.43931],[26.05589,44.43828],[26.05561,44.43803],[26.05524,44.43764],[26.05495,44.43724],[26.05463,44.43662],[26.0545,44.43622],[26.05439,44.43557],[26.05436,44.4351],[26.05437,44.43386],[26.05433,44.43216],[26.05441,44.42964],[26.05446,44.42907],[26.05451,44.42884],[26.05458,44.42874],[26.05469,44.42868],[26.05481,44.42866],[26.06133,44.42908],[26.06148,44.42905],[26.06166,44.42893],[26.06399,44.42701],[26.06584,44.42551],[26.07009,44.4222],[26.07215,44.42073],[26.07544,44.41818],[26.07824,44.41589],[26.07828,44.41576],[26.0782,44.41559],[26.0781,44.41547],[26.07441,44.41354],[26.07384,44.41326],[26.07362,44.41313],[26.07353,44.41302],[26.07351,44.41287],[26.0736,44.41273],[26.07653,44.40988],[26.07758,44.40874],[26.0778,44.40846],[26.07892,44.40723],[26.07938,44.40667],[26.07961,44.40636],[26.08,44.40577],[26.08163,44.40314],[26.08189,44.40283],[26.08417,44.4006],[26.08435,44.40029],[26.08478,44.39861],[26.08493,44.39787],[26.08499,44.39703],[26.08513,44.3963],[26.08508,44.39611],[26.08371,44.39437],[26.08268,44.393],[26.08132,44.39099],[26.08068,44.39009],[26.08037,44.38962],[26.08009,44.38929],[26.07904,44.38833],[26.07879,44.38804],[26.07795,44.38666],[26.07752,44.38602],[26.0775,44.38592],[26.07752,44.38585],[26.07762,44.38578],[26.07767,44.38576],[26.07785,44.38577],[26.07798,44.38588],[26.07804,44.38598],[26.07799,44.3862]]]},"properties":{"route_id":"1008-54","line":"11","name":"11","ref":"11","long_name":"Zetarilor - Cartier Giulesti","type":"tram","color":"#BE1622"}},{"type":"Feature","geometry":{"type":"MultiLineString","coordinates":[[[26.10386,44.43254],[26.10395,44.43223],[26.10403,44.43215],[26.10415,44.43211],[26.10504,44.43222],[26.10591,44.4323],[26.10607,44.4323],[26.10619,44.43234],[26.10629,44.43241],[26.10639,44.43252],[26.10716,44.4334],[26.1076,44.43394],[26.10796,44.43473],[26.1081,44.43488],[26.10923,44.4358],[26.1093,44.43583],[26.1103,44.43602],[26.11198,44.43666],[26.1125,44.43688],[26.11291,44.43708],[26.11391,44.43768],[26.11424,44.43772],[26.11442,44.4378],[26.11449,44.43788],[26.11493,44.43853],[26.11522,44.43891],[26.11579,44.43951],[26.11622,44.43993],[26.12009,44.4444],[26.12283,44.44719],[26.12345,44.44793],[26.12382,44.44842],[26.1241,44.44873],[26.12431,44.44891],[26.12477,44.4492],[26.12489,44.44934],[26.12498,44.44987],[26.12505,44.45002],[26.12545,44.45054],[26.12744,44.45325],[26.12984,44.45661],[26.13188,44.45966],[26.13219,44.4601],[26.13243,44.46048],[26.13351,44.46285],[26.13368,44.46311],[26.13428,44.4639],[26.13477,44.4644],[26.13516,44.46473],[26.13547,44.46496],[26.13614,44.46539],[26.13822,44.46651],[26.13911,44.46695],[26.14338,44.46889],[26.14946,44.47086],[26.14981,44.471],[26.15862,44.47551],[26.16265,44.47759],[26.16285,44.47762],[26.16352,44.47741],[26.16362,44.4774],[26.16377,44.47745],[26.16383,44.4775],[26.16386,44.47755],[26.16384,44.47765],[26.16373,44.47774],[26.16353,44.47775],[26.16325,44.47767]],[[26.16325,44.47767],[26.16292,44.47765],[26.16284,44.47767],[26.16268,44.47764],[26.15523,44.4738],[26.15463,44.47352],[26.15035,44.47131],[26.14964,44.47096],[26.14917,44.47078],[26.14374,44.46904],[26.14336,44.4689],[26.14237,44.46849],[26.13926,44.46706],[26.13801,44.46644],[26.1358,44.46524],[26.13513,44.46476],[26.13458,44.46428],[26.13415,44.46381],[26.13383,44.4634],[26.13348,44.46289],[26.13323,44.46238],[26.13277,44.46133],[26.13228,44.46033],[26.13034,44.45742],[26.1291,44.45564],[26.12498,44.44998],[26.12438,44.44966],[26.12425,44.44955],[26.12418,44.44936],[26.12417,44.44921],[26.12411,44.44901],[26.12387,44.44853],[26.12284,44.44725],[26.12093,44.44533],[26.12003,44.44439],[26.11951,44.44381],[26.11671,44.44053],[26.11507,44.43879],[26.11439,44.43784],[26.11428,44.43777],[26.1139,44.43771],[26.11287,44.43708],[26.11226,44.4368],[26.11023,44.43603],[26.1093,44.43587],[26.10922,44.43583],[26.10858,44.43532],[26.10813,44.43494],[26.10796,44.43477],[26.10773,44.43429],[26.10741,44.43373],[26.10625,44.43242],[26.1062,44.43239],[26.10612,44.43236],[26.10587,44.43233],[26.10576,44.43235],[26.10565,44.43241],[26.10562,44.43247],[26.10565,44.43284],[26.10561,44.433],[26.10553,44.43309],[26.10539,44.43313],[26.10427,44.43301],[26.10387,44.43295],[26.10378,44.43288],[26.10386,44.43254]]]},"properties":{"route_id":"1008-55","line":"21","name":"21","ref":"21","long_name":"Piata Sf. Gheorghe - Pasaj Colentina","type":"tram","color":"#BE1622"}},{"type":"Feature","geometry":{"type":"MultiLineString","coordinates":[[[26.07173,44.47586],[26.07154,44.47581],[26.07148,44.47577],[26.07142,44.47571],[26.07134,44.47541],[26.07125,44.47528],[26.07111,44.47519],[26.07092,44.4751],[26.0708,44.47498],[26.07078,44.47488],[26.07081,44.47476],[26.07553,44.46529],[26.07558,44.46507],[26.07553,44.46485],[26.07541,44.46468],[26.07405,44.46331],[26.07227,44.46192],[26.07214,44.4618],[26.07198,44.46161],[26.06912,44.45868],[26.06864,44.4583],[26.06788,44.45782],[26.06706,44.45741],[26.06665,44.45723],[26.066,44.45697],[26.05941,44.45452],[26.05866,44.45434],[26.05816,44.45424],[26.05763,44.45418],[26.0521,44.45369],[26.04903,44.45333],[26.04861,44.4532],[26.04839,44.45309],[26.04549,44.45115],[26.04361,44.44993],[26.04296,44.44959],[26.0399,44.44817],[26.03969,44.44806],[26.03947,44.44789],[26.03936,44.44776],[26.03919,44.44748],[26.03882,44.44673],[26.0385,44.44616],[26.03819,44.44572],[26.03805,44.44553],[26.03593,44.44308],[26.03563,44.44256],[26.03551,44.44222],[26.03545,44.44193],[26.03514,44.43667],[26.03477,44.43415],[26.0342,44.43173],[26.03395,44.43052],[26.03318,44.4276],[26.03313,44.42734],[26.03317,44.42709],[26.03347,44.42625],[26.03424,44.42389],[26.03436,44.42341],[26.03441,44.42313],[26.03453,44.42089],[26.03439,44.41784],[26.03456,44.41634],[26.03471,44.41568],[26.03501,44.41455],[26.0351,44.41431],[26.03516,44.41425],[26.03525,44.4142],[26.03537,44.41416],[26.03557,44.41414],[26.04332,44.4151],[26.04514,44.41515],[26.04521,44.41514],[26.04531,44.41507],[26.04534,44.415],[26.04539,44.41469],[26.04544,44.41463],[26.0456,44.41458],[26.04711,44.41473],[26.04723,44.41484],[26.04723,44.41499],[26.04717,44.41515],[26.047,44.4152],[26.04574,44.41511]],[[26.04574,44.41511],[26.04542,44.41511],[26.04514,44.41519],[26.04368,44.41516],[26.04301,44.41511],[26.03555,44.41418],[26.0354,44.41419],[26.03524,44.41426],[26.03513,44.41435],[26.03498,44.41481],[26.0347,44.4159],[26.03463,44.41631],[26.03444,44.41776],[26.03445,44.41841],[26.03457,44.42078],[26.03457,44.4211],[26.03448,44.42284],[26.03444,44.42324],[26.03425,44.42405],[26.03337,44.42671],[26.03325,44.427],[26.0332,44.42716],[26.03318,44.42731],[26.03322,44.42758],[26.03359,44.42892],[26.03409,44.43086],[26.03445,44.43263],[26.03475,44.43372],[26.03513,44.43599],[26.0352,44.43692],[26.03538,44.44015],[26.03551,44.44199],[26.03563,44.44244],[26.03573,44.44268],[26.0361,44.44324],[26.03823,44.4457],[26.03859,44.44622],[26.03877,44.44653],[26.0393,44.4476],[26.03937,44.44771],[26.03953,44.44789],[26.03976,44.44807],[26.04281,44.44947],[26.04347,44.44981],[26.04386,44.45003],[26.04846,44.45309],[26.04882,44.45324],[26.04914,44.45331],[26.0527,44.45373],[26.058,44.45419],[26.05891,44.45436],[26.05957,44.45454],[26.06668,44.4572],[26.06749,44.45758],[26.06828,44.45802],[26.06875,44.45833],[26.06913,44.45864],[26.06995,44.45946],[26.07242,44.462],[26.07312,44.46255],[26.07361,44.46291],[26.07434,44.46353],[26.07552,44.46474],[26.07561,44.46492],[26.07563,44.46505],[26.07562,44.46517],[26.07556,44.46533],[26.07399,44.46847],[26.07369,44.46911],[26.07322,44.47001],[26.07086,44.47474],[26.07083,44.47483],[26.07083,44.4749],[26.07095,44.47506],[26.07112,44.47516],[26.07269,44.47542],[26.07297,44.47552],[26.07301,44.47564],[26.07302,44.47574],[26.07288,44.47597],[26.07267,44.47599],[26.07173,44.47586]]]},"properties":{"route_id":"1008-57","line":"41","name":"41","ref":"41","long_name":"Piata Presei - Ghencea","type":"tram","color":"#BE1622"}},{"type":"Feature","geometry":{"type":"MultiLineString","coordinates":[[[26.08386,44.43651],[26.08399,44.43646],[26.08413,44.43643],[26.08459,44.43646],[26.08744,44.43605],[26.08759,44.43604],[26.08776,44.43612],[26.08827,44.4369],[26.08828,44.43702],[26.08821,44.43713],[26.0881,44.4372],[26.0868,44.43767],[26.08543,44.43812],[26.08475,44.43836],[26.08233,44.43924],[26.08218,44.43931],[26.08209,44.43937],[26.08193,44.43958],[26.08167,44.43998],[26.08156,44.44019],[26.08131,44.44088],[26.08119,44.44101],[26.0747,44.44534],[26.07424,44.44562],[26.07337,44.44622],[26.06841,44.44953],[26.06815,44.44966],[26.06804,44.44965],[26.06749,44.44934],[26.06442,44.44797],[26.06404,44.44782],[26.06374,44.44778],[26.06356,44.44784],[26.06304,44.44807],[26.06286,44.44819],[26.0628,44.44825],[26.06247,44.44895],[26.06228,44.44924],[26.062,44.44946],[26.05882,44.45169],[26.05833,44.45219],[26.05787,44.4531],[26.05759,44.4536],[26.0572,44.45423],[26.05636,44.45539],[26.05499,44.45702],[26.05482,44.45711],[26.05088,44.45857],[26.04295,44.46261],[26.03893,44.46477],[26.03702,44.46582],[26.0364,44.46604],[26.0356,44.46629],[26.03178,44.46745],[26.02872,44.46842],[26.0278,44.46869],[26.02592,44.46929],[26.02389,44.46991],[26.0237,44.46996],[26.02162,44.47024],[26.02141,44.47039],[26.02132,44.47041],[26.02121,44.47041],[26.02112,44.47037],[26.02107,44.47031],[26.02105,44.47025],[26.02108,44.47018],[26.02117,44.47012],[26.02127,44.4701],[26.02141,44.47011],[26.02162,44.47017],[26.02175,44.47017],[26.02212,44.47013]],[[26.02212,44.47013],[26.02371,44.46993],[26.02563,44.46934],[26.0276,44.4687],[26.03072,44.46776],[26.03129,44.46757],[26.03677,44.46588],[26.03698,44.46579],[26.03849,44.46495],[26.04209,44.46302],[26.04692,44.46053],[26.0483,44.45986],[26.05102,44.45849],[26.05247,44.45794],[26.05294,44.45774],[26.05325,44.45765],[26.05486,44.45706],[26.05506,44.45689],[26.05619,44.45555],[26.05693,44.45453],[26.05765,44.45343],[26.0583,44.45219],[26.05838,44.45208],[26.05889,44.45159],[26.06213,44.44932],[26.0623,44.44914],[26.06241,44.44897],[26.06276,44.44822],[26.06288,44.44812],[26.06372,44.44775],[26.06383,44.44774],[26.06408,44.4478],[26.06719,44.44916],[26.06807,44.44962],[26.06814,44.44963],[26.06837,44.44952],[26.08114,44.44101],[26.08123,44.44092],[26.08147,44.44028],[26.08165,44.43993],[26.08178,44.43975],[26.08217,44.43903],[26.08325,44.43681],[26.08333,44.43674],[26.08386,44.43651]]]},"properties":{"route_id":"1008-60","line":"44","name":"44","ref":"44","long_name":"Cartier Giulesti - Vasile Parvan","type":"tram","color":"#BE1622"}},{"type":"Feature","geometry":{"type":"MultiLineString","coordinates":[[[26.04679,44.41474],[26.04701,44.41476],[26.04708,44.41478],[26.04717,44.41488],[26.0472,44.41512],[26.04719,44.41522],[26.04725,44.41532],[26.04734,44.41538],[26.04753,44.41541],[26.04923,44.41557],[26.05019,44.41569],[26.05298,44.41652],[26.05934,44.41848],[26.06613,44.42076],[26.06987,44.42217],[26.07009,44.42216],[26.07018,44.42214],[26.07215,44.42073],[26.07544,44.41818],[26.07824,44.41589],[26.0834,44.41156],[26.08647,44.40914],[26.08657,44.40909],[26.08666,44.40907],[26.08676,44.40907],[26.08686,44.40909],[26.08695,44.40915],[26.0871,44.40929],[26.08736,44.40958],[26.08849,44.41106],[26.09043,44.41378],[26.09084,44.41425],[26.09219,44.41504],[26.09251,44.41532],[26.09274,44.4156],[26.09324,44.41633],[26.09331,44.41649],[26.09336,44.41671],[26.09333,44.41793],[26.09335,44.41804],[26.09344,44.41824],[26.09369,44.4185],[26.09404,44.41872],[26.09484,44.41913],[26.09496,44.41925],[26.09577,44.42138],[26.09594,44.42192],[26.09602,44.42274],[26.09595,44.42291],[26.09552,44.42366],[26.09544,44.42383],[26.09543,44.42396],[26.09555,44.42412],[26.09994,44.4264],[26.10013,44.42644],[26.10054,44.42634],[26.1006,44.42634],[26.10077,44.42641],[26.10083,44.42651],[26.10079,44.42663],[26.10067,44.42671],[26.10057,44.42672],[26.10049,44.42671],[26.10023,44.42658]],[[26.10023,44.42658],[26.09547,44.42411],[26.09537,44.42397],[26.09537,44.42386],[26.09596,44.4228],[26.09587,44.42184],[26.09496,44.41932],[26.09493,44.41927],[26.09478,44.41913],[26.09391,44.41869],[26.09354,44.41841],[26.09336,44.41817],[26.0933,44.41803],[26.09331,44.41665],[26.09323,44.41638],[26.0931,44.41616],[26.09254,44.4154],[26.09225,44.41514],[26.09198,44.41495],[26.09136,44.4146],[26.09083,44.41424],[26.09055,44.41398],[26.08918,44.41209],[26.08893,44.41179],[26.08778,44.41019],[26.08728,44.40954],[26.08689,44.40915],[26.08681,44.40912],[26.08664,44.40912],[26.08654,44.40915],[26.08642,44.40922],[26.08372,44.41133],[26.08307,44.41187],[26.08199,44.41282],[26.08161,44.41311],[26.07833,44.41588],[26.07346,44.41978],[26.07171,44.42108],[26.07085,44.42169],[26.07023,44.42217],[26.07009,44.4222],[26.06996,44.42221],[26.06977,44.42217],[26.06618,44.42082],[26.05926,44.41849],[26.05242,44.41638],[26.0502,44.41572],[26.04886,44.41556],[26.04736,44.41541],[26.0472,44.41536],[26.04707,44.4152],[26.04695,44.41517],[26.04575,44.41506],[26.04547,44.41499],[26.04539,44.41482],[26.04546,44.41467],[26.04569,44.41464],[26.04679,44.41474]]]},"properties":{"route_id":"1008-61","line":"47","name":"47","ref":"47","long_name":"Ghencea - Piata Unirii","type":"tram","color":"#BE1622"}},{"type":"Feature","geometry":{"type":"MultiLineString","coordinates":[[[26.13498,44.37938],[26.13654,44.3774],[26.1406,44.37204],[26.14156,44.37082],[26.14158,44.37078],[26.14158,44.37071],[26.14152,44.37065],[26.12923,44.3658],[26.12686,44.36484],[26.12665,44.36479],[26.12653,44.36479],[26.12629,44.36482],[26.12614,44.36493],[26.12601,44.36513],[26.12583,44.36549],[26.12571,44.36581],[26.12331,44.37069],[26.12319,44.37067],[26.12271,44.37019],[26.12005,44.36735],[26.11974,44.36704],[26.11964,44.36701],[26.11674,44.3709],[26.11596,44.37184],[26.11526,44.37184],[26.11514,44.37126],[26.11434,44.36809],[26.11303,44.36349]],[[26.11303,44.36349],[26.11304,44.36338],[26.11297,44.3631],[26.11236,44.36093],[26.11238,44.36087],[26.11344,44.3603],[26.11587,44.36274],[26.11717,44.36418],[26.12163,44.36896],[26.12324,44.37064],[26.1234,44.37032],[26.12356,44.36994],[26.12517,44.36668],[26.12529,44.36673],[26.12748,44.36903],[26.12776,44.36938],[26.12789,44.37026],[26.12793,44.37036],[26.12813,44.3707],[26.12865,44.3714],[26.12903,44.37196],[26.12909,44.37267],[26.12912,44.37277],[26.12919,44.37287],[26.12928,44.37294],[26.13002,44.37335],[26.13049,44.37364],[26.13063,44.37378],[26.13085,44.37408],[26.13166,44.37534],[26.13207,44.37582],[26.13229,44.37605],[26.1326,44.37644],[26.13281,44.3768],[26.13312,44.37764],[26.13363,44.37884],[26.13379,44.37912],[26.1341,44.37953],[26.13429,44.37973],[26.13438,44.37976],[26.13461,44.37977],[26.13467,44.37975],[26.13498,44.37938]]]},"properties":{"route_id":"1008-620","line":"241","name":"241","ref":"241","long_name":"Biserica Sfintii Brancoveni - Cartier Aparatorii Patriei","type":"bus","color":"#1D71B8"}},{"type":"Feature","geometry":{"type":"MultiLineString","coordinates":[[[26.13236,44.44111],[26.12109,44.43903],[26.1173,44.43831],[26.11721,44.4383],[26.11711,44.43831],[26.11677,44.43842],[26.11662,44.43844],[26.11632,44.43842],[26.1162,44.43837],[26.11609,44.4383],[26.1158,44.43804],[26.11555,44.43797],[26.11464,44.4378],[26.11396,44.43771],[26.11383,44.43766],[26.11333,44.43735],[26.11235,44.43683],[26.11038,44.43608],[26.11005,44.43599],[26.10928,44.43585],[26.10922,44.43582],[26.1087,44.43537],[26.10815,44.43495],[26.108,44.43481],[26.1079,44.43468],[26.1078,44.43443],[26.10759,44.43403],[26.10734,44.43364],[26.10623,44.4324],[26.10601,44.43226],[26.10584,44.43218],[26.10565,44.43205],[26.10554,44.43193],[26.10545,44.43176],[26.10539,44.43144],[26.10544,44.4313],[26.10562,44.43117],[26.10604,44.43092],[26.10632,44.43068],[26.10683,44.43019],[26.10694,44.43012],[26.10722,44.43],[26.10735,44.42985]],[[26.10735,44.42985],[26.10771,44.42946],[26.10832,44.42875],[26.10858,44.42853],[26.10892,44.42838],[26.10927,44.42826],[26.1118,44.42813],[26.11189,44.42813],[26.11195,44.42817],[26.11198,44.42822],[26.11198,44.42831],[26.11141,44.42977],[26.11139,44.42995],[26.11143,44.43034],[26.11155,44.43107],[26.11153,44.43204],[26.11138,44.43225],[26.11131,44.43229],[26.11121,44.43229],[26.11092,44.43216],[26.1096,44.43142],[26.10806,44.43067],[26.10727,44.43031],[26.10706,44.43024],[26.10685,44.43029],[26.10614,44.43088],[26.10556,44.43123],[26.10549,44.43129],[26.10545,44.43136],[26.10543,44.43151],[26.10556,44.4319],[26.10571,44.43206],[26.10622,44.43236],[26.10714,44.43336],[26.10759,44.43392],[26.10797,44.43474],[26.1081,44.43487],[26.10875,44.43537],[26.10926,44.43581],[26.10942,44.43586],[26.11007,44.43596],[26.11034,44.43602],[26.11222,44.43674],[26.11252,44.43687],[26.11288,44.43705],[26.11374,44.43756],[26.11389,44.43763],[26.11431,44.43771],[26.11532,44.43785],[26.11574,44.43794],[26.11585,44.43794],[26.116,44.43789],[26.11632,44.43783],[26.11661,44.43786],[26.11688,44.43798],[26.11702,44.43809],[26.11707,44.43817],[26.11715,44.43821],[26.12842,44.4403],[26.13318,44.44121],[26.13335,44.4412],[26.13346,44.44116],[26.13363,44.44101],[26.13379,44.44092],[26.13394,44.44093],[26.13409,44.44101],[26.13413,44.44105],[26.13417,44.44112],[26.13417,44.44121],[26.13411,44.44128],[26.13402,44.44134],[26.13384,44.44137],[26.13365,44.44136],[26.13347,44.44133],[26.13263,44.44116],[26.13237,44.44112]]]},"properties":{"route_id":"1008-621","line":"655","name":"655","ref":"655","long_name":"Piata Sfanta Vineri - Piata Iancului","type":"bus","color":"#1D71B8"}},{"type":"Feature","geometry":{"type":"MultiLineString","coordinates":[[[26.179,44.42662],[26.17909,44.42624],[26.17908,44.42605],[26.17901,44.42587],[26.17739,44.42407],[26.17714,44.4239],[26.17689,44.42382],[26.17657,44.42378],[26.1764,44.42379],[26.1757,44.42392],[26.17425,44.42429],[26.17361,44.42442],[26.17189,44.42471],[26.17043,44.42493],[26.16897,44.42518],[26.16817,44.4253],[26.16754,44.42535],[26.16706,44.42536],[26.16649,44.42535],[26.16567,44.42528],[26.1621,44.4248],[26.15798,44.42427],[26.1516,44.42342],[26.15123,44.42336],[26.15072,44.42322],[26.15043,44.42309],[26.1501,44.42287],[26.14981,44.4226],[26.14739,44.41931],[26.14642,44.41794],[26.14634,44.41787],[26.14627,44.41784],[26.14616,44.41783],[26.14603,44.41785],[26.14541,44.41803],[26.13695,44.4202],[26.13681,44.42018],[26.13669,44.42011],[26.13633,44.41954],[26.13511,44.41746],[26.13415,44.41617],[26.13386,44.41586],[26.13342,44.41548],[26.13299,44.41516],[26.13288,44.41511],[26.13265,44.41508],[26.13248,44.41511],[26.13083,44.41616],[26.12916,44.41738],[26.12891,44.41759],[26.12842,44.41793],[26.12629,44.41951],[26.12591,44.41983],[26.12579,44.41996],[26.12403,44.42237],[26.12373,44.42285],[26.12331,44.42364],[26.12312,44.42387],[26.12289,44.42397],[26.12266,44.42399],[26.11339,44.4239],[26.11293,44.42386],[26.11235,44.42378],[26.1117,44.42363],[26.1096,44.42299],[26.10842,44.4226],[26.09604,44.41869],[26.09585,44.41862],[26.09574,44.41861],[26.09555,44.41864],[26.09513,44.4189],[26.09499,44.41903],[26.09496,44.41919],[26.09498,44.41929],[26.09577,44.42138],[26.09594,44.42192],[26.09602,44.42274],[26.09595,44.42291],[26.09552,44.42366],[26.0954,44.42384],[26.09534,44.42388],[26.09523,44.42391],[26.09515,44.42391],[26.09501,44.42388],[26.08464,44.4185],[26.08445,44.41841],[26.08388,44.41823],[26.08248,44.41789],[26.08203,44.41773],[26.08189,44.41765],[26.0806,44.41679],[26.07441,44.41354],[26.07384,44.41326],[26.07362,44.41313],[26.07353,44.41302],[26.07351,44.41287],[26.0736,44.41273],[26.07653,44.40988],[26.07758,44.40874],[26.0778,44.40846],[26.07892,44.40723],[26.07938,44.40667],[26.07961,44.40636],[26.08,44.40577],[26.08163,44.40314],[26.08189,44.40283],[26.08417,44.4006],[26.08435,44.40029],[26.08478,44.39861],[26.08493,44.39787],[26.08499,44.39703],[26.08513,44.3963],[26.08508,44.39611],[26.08371,44.39437],[26.08268,44.393],[26.08132,44.39099],[26.08068,44.39009],[26.08037,44.38962],[26.08009,44.38929],[26.07904,44.38833],[26.07879,44.38804],[26.07795,44.38666],[26.07752,44.38602],[26.0775,44.38592],[26.07752,44.38585],[26.07762,44.38578],[26.07767,44.38576],[26.07785,44.38577],[26.07798,44.38588],[26.07804,44.38598],[26.07799,44.3862]],[[26.07799,44.3862],[26.07791,44.38633],[26.0779,44.38646],[26.07883,44.38803],[26.07903,44.38827],[26.07997,44.38911],[26.08025,44.38941],[26.08068,44.38997],[26.08331,44.3938],[26.08487,44.39576],[26.0851,44.39607],[26.08516,44.39624],[26.08513,44.39652],[26.085,44.39725],[26.08498,44.39788],[26.08489,44.39838],[26.08438,44.40032],[26.08429,44.40051],[26.08409,44.40073],[26.08222,44.40255],[26.08176,44.40304],[26.08157,44.40329],[26.08066,44.4048],[26.07954,44.40653],[26.07877,44.40745],[26.07683,44.40962],[26.0761,44.41037],[26.07358,44.41281],[26.07355,44.41293],[26.0736,44.41305],[26.07383,44.4132],[26.07446,44.41351],[26.0806,44.41675],[26.08166,44.41743],[26.08193,44.41763],[26.08219,44.41775],[26.08258,44.41789],[26.08431,44.41834],[26.08468,44.41849],[26.09503,44.42385],[26.09513,44.42388],[26.09522,44.42388],[26.09531,44.42386],[26.09543,44.42375],[26.09596,44.4228],[26.09587,44.42184],[26.09537,44.42043],[26.09493,44.41927],[26.09491,44.41921],[26.09491,44.41908],[26.09499,44.41895],[26.09549,44.41862],[26.09559,44.41859],[26.09577,44.41858],[26.09587,44.4186],[26.09664,44.41884],[26.1027,44.42076],[26.10368,44.42105],[26.104,44.42117],[26.10852,44.4226],[26.11182,44.42362],[26.11239,44.42374],[26.1131,44.42383],[26.11347,44.42386],[26.11402,44.42388],[26.11804,44.42392],[26.12269,44.42395],[26.12284,44.42394],[26.12295,44.42391],[26.1231,44.42382],[26.12325,44.42366],[26.12383,44.4226],[26.12577,44.41993],[26.12628,44.41947],[26.13052,44.41632],[26.13226,44.41518],[26.13258,44.41505],[26.13271,44.41504],[26.13284,44.41506],[26.13306,44.41516],[26.13337,44.41538],[26.13377,44.41571],[26.13411,44.41606],[26.13481,44.41698],[26.13528,44.41765],[26.13667,44.42004],[26.13673,44.4201],[26.13684,44.42015],[26.13694,44.42017],[26.14023,44.41934],[26.14295,44.41861],[26.14539,44.418],[26.14595,44.41783],[26.14617,44.41779],[26.14639,44.41785],[26.14655,44.41804],[26.1497,44.4224],[26.15006,44.42279],[26.15027,44.42295],[26.1505,44.42308],[26.1507,44.42317],[26.15102,44.42327],[26.1514,44.42336],[26.15179,44.42342],[26.16283,44.42488],[26.16608,44.4253],[26.16691,44.42533],[26.16727,44.42533],[26.1679,44.42529],[26.16852,44.42521],[26.1729,44.42451],[26.17424,44.42427],[26.17552,44.42393],[26.17611,44.42381],[26.1765,44.42375],[26.17669,44.42375],[26.17685,44.42377],[26.17708,44.42383],[26.1773,44.42395],[26.17742,44.42404],[26.17943,44.42625],[26.17995,44.42658],[26.18003,44.42666],[26.18003,44.42676],[26.17995,44.42686],[26.1796,44.42702],[26.17926,44.42716],[26.17913,44.42717],[26.17898,44.42711],[26.17892,44.42702],[26.17901,44.42663]]]},"properties":{"route_id":"1008-63","line":"23","name":"23","ref":"23","long_name":"Zetarilor - Faur","type":"tram","color":"#BE1622"}},{"type":"Feature","geometry":{"type":"MultiLineString","coordinates":[[[26.08872,44.36909],[26.08872,44.36901],[26.08877,44.36894],[26.08888,44.36889],[26.08898,44.36889],[26.08909,44.36893],[26.08915,44.36896],[26.08918,44.36902],[26.09,44.37208],[26.09022,44.37299],[26.09063,44.3745],[26.09098,44.37591],[26.09238,44.38117],[26.09239,44.38178],[26.09237,44.38246],[26.09212,44.3889],[26.09217,44.38917],[26.09225,44.38943],[26.0926,44.39015],[26.09675,44.39913],[26.09714,44.40021],[26.09723,44.40049],[26.09737,44.40141],[26.09729,44.40356],[26.09669,44.40459],[26.09636,44.40512],[26.09627,44.40521],[26.09419,44.40645],[26.09254,44.40741],[26.09173,44.40791],[26.09097,44.40841],[26.09063,44.40872],[26.09044,44.40899],[26.08974,44.41013],[26.0891,44.41113],[26.08892,44.41124],[26.08881,44.41126],[26.08869,44.41125],[26.08859,44.41122],[26.08848,44.41115],[26.08741,44.40969],[26.08705,44.40928],[26.08689,44.40915],[26.08681,44.40912],[26.08664,44.40912],[26.08654,44.40915],[26.08642,44.40922],[26.08372,44.41133],[26.08307,44.41187],[26.08199,44.41282],[26.08161,44.41311],[26.07833,44.41588],[26.07598,44.41777],[26.07346,44.41978],[26.07085,44.42169],[26.06931,44.42285],[26.06617,44.42532],[26.06165,44.429],[26.06158,44.42904],[26.06142,44.42911],[26.06124,44.42912],[26.05516,44.4287],[26.04892,44.42837],[26.03994,44.42801],[26.03805,44.42787],[26.03551,44.42764],[26.03276,44.42735],[26.01834,44.42619],[26.01737,44.4261],[26.01677,44.426],[26.01584,44.42577],[26.01257,44.4248],[26.01189,44.42468],[26.0113,44.42462],[26.00922,44.4245],[26.00025,44.42377],[25.99962,44.42369],[25.99951,44.4237],[25.9994,44.42376],[25.99936,44.4238],[25.99917,44.42529],[25.99931,44.42561],[26.0012,44.42779],[26.00147,44.42807],[26.00282,44.42966],[26.00286,44.42977],[26.00283,44.42992],[26.0023,44.43143],[26.00225,44.4315],[26.00215,44.43158],[26.00201,44.43163],[26.00193,44.43164],[26.00082,44.43154],[25.9979,44.43132],[25.97844,44.42969],[25.97831,44.42967],[25.97798,44.42958],[25.97716,44.42955],[25.97701,44.42948],[25.97695,44.42943],[25.97693,44.42937],[25.97694,44.42928],[25.97706,44.42917],[25.97715,44.42916],[25.97783,44.42922],[25.97803,44.42927],[25.97847,44.42963],[25.97857,44.42967],[25.97932,44.42973]],[[25.97932,44.42973],[25.98349,44.43007],[25.98869,44.43052],[25.98968,44.43058],[25.99433,44.43098],[26.00117,44.43154],[26.00188,44.43161],[26.00204,44.43158],[26.00215,44.43153],[26.00222,44.43147],[26.00281,44.42982],[26.00281,44.42974],[26.00278,44.42965],[25.99932,44.42569],[25.99918,44.42549],[25.99913,44.42527],[25.99914,44.42501],[25.99932,44.42376],[25.99938,44.42369],[25.99952,44.42364],[26.00067,44.42376],[26.00423,44.42407],[26.00651,44.42423],[26.00884,44.42443],[26.01179,44.42463],[26.01251,44.42475],[26.01298,44.42487],[26.01617,44.42582],[26.01667,44.42594],[26.01708,44.42602],[26.01805,44.42612],[26.02908,44.427],[26.03424,44.42744],[26.03846,44.42783],[26.04021,44.42793],[26.04069,44.42794],[26.04817,44.42825],[26.05397,44.42859],[26.06132,44.42908],[26.06148,44.42905],[26.06166,44.42893],[26.06399,44.42701],[26.06584,44.42551],[26.06775,44.42402],[26.07009,44.4222],[26.07215,44.42073],[26.07544,44.41818],[26.07824,44.41589],[26.0834,44.41156],[26.08647,44.40914],[26.08657,44.40909],[26.08666,44.40907],[26.08676,44.40907],[26.08686,44.40909],[26.08695,44.40915],[26.0871,44.40929],[26.08736,44.40958],[26.08855,44.41114],[26.08863,44.41118],[26.08881,44.4112],[26.08896,44.41116],[26.08905,44.4111],[26.08949,44.41045],[26.09034,44.40905],[26.09054,44.40876],[26.09073,44.40856],[26.0909,44.40842],[26.09206,44.40766],[26.09566,44.40554],[26.09616,44.40523],[26.09628,44.40514],[26.09635,44.40506],[26.09695,44.40408],[26.09722,44.4036],[26.09733,44.40227],[26.09731,44.40127],[26.09715,44.40038],[26.09665,44.39905],[26.09233,44.38969],[26.09214,44.38924],[26.09207,44.38881],[26.09231,44.38263],[26.09234,44.3812],[26.09229,44.38095],[26.09101,44.37621],[26.09033,44.37355],[26.08947,44.37032],[26.08944,44.37024],[26.08936,44.37015],[26.08917,44.36999],[26.08914,44.36979],[26.08903,44.3694],[26.08897,44.36933],[26.08874,44.36913],[26.08872,44.36909]]]},"properties":{"route_id":"1008-65","line":"25","name":"25","ref":"25","long_name":"C.F.R. Progresul - Depoul Militari","type":"tram","color":"#BE1622"}},{"type":"Feature","geometry":{"type":"MultiLineString","coordinates":[[[26.10023,44.42658],[26.09547,44.42411],[26.09537,44.42397],[26.09537,44.42386],[26.09596,44.4228],[26.09587,44.42184],[26.09537,44.42043],[26.09493,44.41927],[26.09491,44.41921],[26.09491,44.41908],[26.09499,44.41895],[26.09507,44.41889],[26.09549,44.41862],[26.09559,44.41859],[26.09577,44.41858],[26.09587,44.4186],[26.1027,44.42076],[26.10368,44.42105],[26.104,44.42117],[26.10852,44.4226],[26.11182,44.42362],[26.11239,44.42374],[26.1131,44.42383],[26.11347,44.42386],[26.11402,44.42388],[26.11804,44.42392],[26.12269,44.42395],[26.12284,44.42394],[26.12295,44.42391],[26.1231,44.42382],[26.12325,44.42366],[26.12383,44.4226],[26.12577,44.41993],[26.12628,44.41947],[26.13052,44.41632],[26.13226,44.41518],[26.13258,44.41505],[26.13271,44.41504],[26.13284,44.41506],[26.13306,44.41516],[26.13337,44.41538],[26.13377,44.41571],[26.13411,44.41606],[26.13481,44.41698],[26.13528,44.41765],[26.13667,44.42004],[26.13673,44.4201],[26.13684,44.42015],[26.13694,44.42017],[26.14023,44.41934],[26.14295,44.41861],[26.14539,44.418],[26.14595,44.41783],[26.14617,44.41779],[26.14639,44.41785],[26.14655,44.41804],[26.1497,44.4224],[26.15006,44.42279],[26.15027,44.42295],[26.1505,44.42308],[26.1507,44.42317],[26.15102,44.42327],[26.1514,44.42336],[26.15179,44.42342],[26.16283,44.42488],[26.16608,44.4253],[26.16691,44.42533],[26.16727,44.42533],[26.1679,44.42529],[26.16852,44.42521],[26.1729,44.42451],[26.17424,44.42427],[26.17552,44.42393],[26.17611,44.42381],[26.1765,44.42375],[26.17669,44.42375],[26.17685,44.42377],[26.17708,44.42383],[26.1773,44.42395],[26.17742,44.42404],[26.17943,44.42625],[26.17995,44.42658],[26.18003,44.42666],[26.18003,44.42676],[26.17995,44.42686],[26.1796,44.42702],[26.17926,44.42716],[26.17913,44.42717],[26.17898,44.42711],[26.17892,44.42702],[26.17901,44.42663]],[[26.179,44.42662],[26.17909,44.42624],[26.17908,44.42605],[26.17901,44.42587],[26.17739,44.42407],[26.17714,44.4239],[26.17689,44.42382],[26.17657,44.42378],[26.1764,44.42379],[26.1757,44.42392],[26.17425,44.42429],[26.17361,44.42442],[26.17189,44.42471],[26.17043,44.42493],[26.16897,44.42518],[26.16817,44.4253],[26.16754,44.42535],[26.16706,44.42536],[26.16649,44.42535],[26.16567,44.42528],[26.1621,44.4248],[26.15798,44.42427],[26.1516,44.42342],[26.15123,44.42336],[26.15072,44.42322],[26.15043,44.42309],[26.1501,44.42287],[26.14981,44.4226],[26.14739,44.41931],[26.14642,44.41794],[26.14634,44.41787],[26.14627,44.41784],[26.14616,44.41783],[26.14603,44.41785],[26.14541,44.41803],[26.13695,44.4202],[26.13681,44.42018],[26.13669,44.42011],[26.13633,44.41954],[26.13511,44.41746],[26.13415,44.41617],[26.13386,44.41586],[26.13342,44.41548],[26.13299,44.41516],[26.13288,44.41511],[26.13265,44.41508],[26.13248,44.41511],[26.13083,44.41616],[26.12916,44.41738],[26.12891,44.41759],[26.12842,44.41793],[26.12629,44.41951],[26.12591,44.41983],[26.12579,44.41996],[26.12403,44.42237],[26.12373,44.42285],[26.12331,44.42364],[26.12312,44.42387],[26.12289,44.42397],[26.12266,44.42399],[26.11339,44.4239],[26.11293,44.42386],[26.11235,44.42378],[26.1117,44.42363],[26.1096,44.42299],[26.10842,44.4226],[26.09604,44.41869],[26.09585,44.41862],[26.09574,44.41861],[26.09555,44.41864],[26.09513,44.4189],[26.09503,44.41898],[26.09499,44.41903],[26.09496,44.41914],[26.09498,44.41929],[26.09577,44.42138],[26.09594,44.42192],[26.09602,44.42274],[26.09595,44.42291],[26.09552,44.42366],[26.09544,44.42383],[26.09543,44.42396],[26.09555,44.42412],[26.09994,44.4264],[26.10013,44.42644],[26.10054,44.42634],[26.1006,44.42634],[26.10077,44.42641],[26.10083,44.42651],[26.10079,44.42663],[26.10067,44.42671],[26.10057,44.42672],[26.10049,44.42671],[26.10023,44.42658]]]},"properties":{"route_id":"1008-66","line":"27","name":"27","ref":"27","long_name":"Faur - Piata Unirii","type":"tram","color":"#BE1622"}},{"type":"Feature","geometry":{"type":"MultiLineString","coordinates":[[[26.09814,44.40126],[26.09768,44.40117],[26.09757,44.40118],[26.09744,44.40129],[26.09742,44.4014],[26.09747,44.40177],[26.09747,44.40225],[26.09742,44.40289],[26.09762,44.40303],[26.09768,44.40329],[26.09746,44.40374],[26.09576,44.40655],[26.09572,44.40666],[26.09576,44.40717],[26.09581,44.40728],[26.09694,44.40868],[26.09722,44.40892],[26.09765,44.40923],[26.09994,44.41096],[26.10074,44.41149],[26.10329,44.41311],[26.10568,44.41458],[26.10628,44.41498],[26.10695,44.41546],[26.10725,44.41557],[26.10765,44.41563],[26.11123,44.41584],[26.11168,44.4159],[26.112,44.41599],[26.11255,44.41625],[26.113,44.41652],[26.11353,44.41687],[26.11389,44.41706],[26.11401,44.41724],[26.11437,44.4182],[26.11451,44.41845],[26.11529,44.41942],[26.11534,44.41946],[26.11695,44.4214],[26.11889,44.4239],[26.12294,44.42389],[26.12295,44.42342],[26.12298,44.42332],[26.12306,44.42323],[26.12331,44.42312],[26.12345,44.42302],[26.12353,44.42293],[26.12406,44.42213],[26.12492,44.42099],[26.12566,44.41996],[26.12595,44.41963],[26.12896,44.41738],[26.13078,44.41607],[26.13241,44.41503],[26.13259,44.41497],[26.13277,44.41496],[26.13297,44.41502],[26.13328,44.41519],[26.13364,44.4155],[26.13475,44.41678],[26.13518,44.41738],[26.13607,44.41893],[26.13623,44.41913],[26.13667,44.41991],[26.13674,44.42],[26.13688,44.42005],[26.13701,44.42005],[26.13737,44.41998],[26.14061,44.4191],[26.14568,44.41777],[26.14672,44.41742],[26.14997,44.41609],[26.15374,44.41458],[26.1548,44.41414],[26.15583,44.41381],[26.15673,44.4136],[26.15738,44.4135],[26.15822,44.4134],[26.1624,44.4131],[26.16323,44.41301],[26.16438,44.41282],[26.16496,44.41269],[26.16737,44.41208],[26.16833,44.41179],[26.17074,44.41119],[26.172,44.41089],[26.17277,44.41073],[26.17301,44.41141],[26.17389,44.41441],[26.17397,44.41461],[26.17422,44.41494],[26.17558,44.41617],[26.17578,44.41641],[26.17608,44.41693],[26.17617,44.41715],[26.17625,44.41744],[26.1763,44.41771],[26.17631,44.41799],[26.17629,44.41866],[26.17614,44.41916],[26.17599,44.41944],[26.17597,44.41955],[26.17555,44.42025],[26.17548,44.42044],[26.1754,44.42059],[26.17537,44.42126],[26.17546,44.42152],[26.17569,44.4219],[26.17587,44.42215],[26.17726,44.42365],[26.17737,44.42375],[26.17903,44.42567],[26.17944,44.42609],[26.17962,44.42625],[26.18001,44.42653],[26.18016,44.42669],[26.18021,44.4268],[26.1802,44.4269],[26.18001,44.42703],[26.17934,44.42732]],[[26.17934,44.42732],[26.17922,44.42733],[26.17914,44.42731],[26.17906,44.42727],[26.17892,44.42719],[26.17885,44.42712],[26.17882,44.42705],[26.17884,44.42683],[26.17894,44.42646],[26.17895,44.42624],[26.17893,44.42605],[26.17887,44.42591],[26.17864,44.42563],[26.17739,44.4243],[26.17719,44.42393],[26.17658,44.42325],[26.17547,44.42195],[26.17524,44.42158],[26.17519,44.42147],[26.17515,44.4213],[26.17513,44.42074],[26.17517,44.42051],[26.17525,44.42027],[26.17553,44.41968],[26.17579,44.41925],[26.17588,44.41914],[26.176,44.41884],[26.17603,44.41862],[26.17605,44.41812],[26.176,44.4175],[26.17587,44.41696],[26.17568,44.41664],[26.17544,44.41635],[26.17433,44.41533],[26.17397,44.41503],[26.17377,44.41471],[26.17357,44.41426],[26.17345,44.41378],[26.17266,44.41111],[26.17257,44.41103],[26.1724,44.41104],[26.17208,44.41109],[26.17082,44.41141],[26.16559,44.41284],[26.16381,44.41324],[26.1622,44.41342],[26.15763,44.41376],[26.15679,44.41389],[26.15641,44.41397],[26.15587,44.41411],[26.15459,44.41457],[26.15286,44.41528],[26.14931,44.41666],[26.14667,44.41776],[26.1451,44.41825],[26.13909,44.41976],[26.13889,44.41983],[26.13774,44.42008],[26.13721,44.42021],[26.13696,44.42023],[26.13675,44.4202],[26.13661,44.42012],[26.13638,44.41981],[26.13514,44.41758],[26.13388,44.41594],[26.13339,44.41554],[26.13277,44.41516],[26.1326,44.41514],[26.13246,44.41521],[26.13131,44.41593],[26.13106,44.41607],[26.13018,44.41669],[26.12835,44.4181],[26.12677,44.41923],[26.12624,44.41963],[26.12581,44.42011],[26.1243,44.42207],[26.12395,44.42262],[26.12358,44.42329],[26.12355,44.42344],[26.12355,44.42407],[26.12351,44.42417],[26.12307,44.42405],[26.12045,44.42401],[26.11913,44.42401],[26.11875,44.42399],[26.11685,44.42159],[26.11647,44.42107],[26.11619,44.42077],[26.11598,44.42051],[26.11564,44.42015],[26.11433,44.41839],[26.11375,44.41714],[26.11243,44.41648],[26.11187,44.41613],[26.11164,44.41603],[26.1112,44.41595],[26.10755,44.41574],[26.10698,44.41565],[26.10671,44.4155],[26.10613,44.41511],[26.1058,44.41492],[26.10145,44.41214],[26.1004,44.4115],[26.09987,44.41114],[26.09959,44.41091],[26.09861,44.41019],[26.09834,44.41003],[26.09744,44.40936],[26.09688,44.40889],[26.09666,44.40867],[26.09583,44.40756],[26.09553,44.4072],[26.09543,44.40693],[26.09542,44.40679],[26.09601,44.40579],[26.09611,44.40555],[26.09624,44.40497],[26.09634,44.40474],[26.09691,44.40381],[26.09703,44.40365],[26.09731,44.4034],[26.09801,44.40268],[26.09872,44.40181],[26.09891,44.40164],[26.09904,44.40156],[26.09902,44.40146],[26.09895,44.40139],[26.09884,44.40135],[26.09861,44.40131],[26.09814,44.40126]]]},"properties":{"route_id":"1008-661","line":"619","name":"619","ref":"619","long_name":"Sura Mare - Faur","type":"bus","color":"#1D71B8"}},{"type":"Feature","geometry":{"type":"MultiLineString","coordinates":[[[26.14579,44.38396],[26.14539,44.38405],[26.14512,44.38397],[26.14494,44.38396],[26.14479,44.38398],[26.14188,44.38504],[26.13713,44.38705],[26.13596,44.38756],[26.12221,44.39341],[26.12039,44.39416],[26.10591,44.39971],[26.10176,44.40078],[26.10057,44.4011],[26.0996,44.40139],[26.09935,44.4015],[26.09909,44.40163],[26.09891,44.40175],[26.09798,44.40279],[26.09755,44.40332],[26.0973,44.40358],[26.09723,44.40367],[26.09706,44.40398],[26.09636,44.40512],[26.09627,44.40521],[26.09419,44.40645],[26.09254,44.40741],[26.09173,44.40791],[26.09097,44.40841],[26.09063,44.40872],[26.09044,44.40899],[26.08974,44.41013],[26.0891,44.41113],[26.08892,44.41124],[26.08881,44.41126],[26.08869,44.41125],[26.08859,44.41122],[26.08848,44.41115],[26.08741,44.40969],[26.08705,44.40928],[26.08689,44.40915],[26.08681,44.40912],[26.08664,44.40912],[26.08654,44.40915],[26.08642,44.40922],[26.08372,44.41133],[26.08307,44.41187],[26.08199,44.41282],[26.08161,44.41311],[26.07833,44.41588],[26.07598,44.41777],[26.07346,44.41978],[26.07085,44.42169],[26.06931,44.42285],[26.06617,44.42532],[26.06165,44.429],[26.06142,44.42911],[26.06124,44.42912],[26.05516,44.4287],[26.0549,44.42869],[26.05475,44.42872],[26.05462,44.42879],[26.05452,44.42897],[26.05448,44.42947],[26.05438,44.43204],[26.05443,44.43505],[26.05447,44.43587],[26.05454,44.4362],[26.05469,44.43665],[26.05498,44.43722],[26.05531,44.43768],[26.05572,44.43809],[26.05877,44.44045],[26.06009,44.44149],[26.06022,44.44162],[26.06035,44.44184],[26.06052,44.44262],[26.06083,44.44381],[26.06113,44.44483],[26.06139,44.44547],[26.06154,44.44574],[26.06191,44.44625],[26.06246,44.4468],[26.06273,44.44703],[26.06348,44.44751],[26.06408,44.4478],[26.06719,44.44916],[26.06749,44.4493],[26.06895,44.45006],[26.0696,44.45048],[26.06982,44.45066],[26.07042,44.45122],[26.07094,44.45157],[26.07321,44.45272],[26.0733,44.45275],[26.07342,44.45275],[26.07427,44.45261]],[[26.07428,44.45261],[26.07698,44.45213],[26.07724,44.45211],[26.07874,44.45212],[26.08292,44.45211],[26.08561,44.45206],[26.08705,44.45206],[26.08766,44.45211],[26.08858,44.45221],[26.09024,44.45242],[26.09083,44.45247],[26.09449,44.45275],[26.09819,44.45299],[26.10465,44.45296],[26.10959,44.45291],[26.11128,44.45288],[26.11333,44.45282],[26.11402,44.45277],[26.11721,44.45247],[26.11788,44.4524],[26.11845,44.45231],[26.11932,44.45211],[26.12078,44.45171],[26.12214,44.45128],[26.1229,44.45087],[26.12322,44.45065],[26.1237,44.45029],[26.12414,44.4499],[26.12424,44.44974],[26.12425,44.44955],[26.12431,44.4494],[26.1244,44.44929],[26.12481,44.44905],[26.12503,44.44896],[26.12519,44.44885],[26.12552,44.4485],[26.12586,44.44799],[26.12596,44.44779],[26.12637,44.44668],[26.12643,44.44655],[26.12663,44.44622],[26.12678,44.44601],[26.12746,44.44516],[26.1277,44.44488],[26.1281,44.4445],[26.1284,44.44425],[26.12902,44.4438],[26.13313,44.44142],[26.13416,44.44055],[26.13451,44.4402],[26.13457,44.4401],[26.13602,44.43816],[26.13629,44.43772],[26.13745,44.43479],[26.13749,44.43429],[26.13814,44.43255],[26.13881,44.43096],[26.13892,44.43059],[26.13895,44.43038],[26.13898,44.42998],[26.13893,44.42944],[26.13899,44.42914],[26.13898,44.42906],[26.13777,44.42627],[26.13767,44.42601],[26.13758,44.4257],[26.13745,44.42491],[26.13732,44.4235],[26.13675,44.4203],[26.13672,44.4202],[26.13666,44.42009],[26.13511,44.41746],[26.13415,44.41617],[26.13386,44.41586],[26.13342,44.41548],[26.13192,44.41442],[26.1311,44.41387],[26.13049,44.41352],[26.12337,44.40971],[26.12288,44.40941],[26.12204,44.40885],[26.1218,44.40863],[26.1216,44.40838],[26.12135,44.40792],[26.12126,44.40753],[26.12071,44.39424],[26.12072,44.39417],[26.12077,44.39406],[26.12086,44.39397],[26.12092,44.39392],[26.12106,44.39385],[26.1243,44.39249],[26.12996,44.39006],[26.1312,44.38955],[26.13818,44.38656],[26.14186,44.38502],[26.14474,44.38396],[26.14498,44.38389],[26.14535,44.3839],[26.14553,44.38386],[26.14621,44.38362],[26.1465,44.38349],[26.14675,44.3835],[26.14684,44.38356],[26.14689,44.38367],[26.14685,44.38376],[26.14669,44.38385],[26.14657,44.38384],[26.14643,44.3838],[26.1463,44.38379],[26.14611,44.38381],[26.14579,44.38396]]]},"properties":{"route_id":"1008-67","line":"10","name":"10","ref":"10","long_name":"Romprim - Bd. Banu Manta","type":"tram","color":"#BE1622"}},{"type":"Feature","geometry":{"type":"LineString","coordinates":[[26.14564,44.38399],[26.1455,44.38403],[26.1454,44.38404],[26.14531,44.38403],[26.14509,44.38395],[26.145,44.38394],[26.14486,44.38396],[26.14188,44.38504],[26.13713,44.38705],[26.13596,44.38756],[26.12221,44.39341],[26.12107,44.39388],[26.12099,44.39392],[26.12086,44.39402],[26.12077,44.39415],[26.12077,44.3947],[26.12089,44.39784],[26.1213,44.40748],[26.12134,44.40768],[26.12149,44.40808],[26.12158,44.40824],[26.12183,44.40858],[26.12223,44.40893],[26.12243,44.40909],[26.12264,44.40923],[26.12325,44.40958],[26.12559,44.41086],[26.13052,44.4135],[26.13113,44.41386],[26.13163,44.41418],[26.13337,44.41538],[26.13377,44.41571],[26.13411,44.41606],[26.13481,44.41698],[26.13528,44.41765],[26.13676,44.4202],[26.13679,44.42028],[26.13732,44.42327],[26.13739,44.42371],[26.13748,44.42488],[26.13762,44.42566],[26.1377,44.42597],[26.13781,44.42627],[26.13904,44.42912],[26.13922,44.42934],[26.13929,44.42947],[26.13941,44.42994],[26.13943,44.43033],[26.13942,44.43052],[26.13936,44.43089],[26.13922,44.43132],[26.13876,44.43239],[26.13772,44.43454],[26.13766,44.43462],[26.13757,44.43469],[26.13746,44.43484],[26.13633,44.43774],[26.13617,44.438],[26.13559,44.4388],[26.13442,44.44035],[26.1343,44.44047],[26.13316,44.44145],[26.1297,44.44343],[26.12896,44.44388],[26.1283,44.44437],[26.12782,44.44482],[26.1276,44.44505],[26.12664,44.44625],[26.1265,44.44648],[26.12596,44.44788],[26.12588,44.44804],[26.12563,44.44843],[26.12501,44.44914],[26.12498,44.44923],[26.12497,44.44939],[26.12492,44.44951],[26.12485,44.44959],[26.12474,44.44967],[26.12434,44.44982],[26.12344,44.45055],[26.12287,44.45093],[26.12213,44.45132],[26.12155,44.45152],[26.12041,44.45185],[26.11928,44.45216],[26.11867,44.4523],[26.11775,44.45245],[26.11336,44.45285],[26.11268,44.45288],[26.10599,44.45299],[26.10263,44.453],[26.10108,44.45303],[26.0981,44.45301],[26.09407,44.45276],[26.09144,44.45256],[26.08987,44.45241],[26.0875,44.45212],[26.08702,44.45211],[26.08521,44.45213],[26.08393,44.45212],[26.08275,44.45214],[26.08037,44.45215],[26.07723,44.45214],[26.07698,44.45216],[26.07625,44.45228],[26.07395,44.45271]]},"properties":{"route_id":"1008-68","line":"1","name":"1","ref":"1","long_name":"Romprim - Bd. Banu Manta","type":"tram","color":"#BE1622"}},{"type":"Feature","geometry":{"type":"MultiLineString","coordinates":[[[26.08872,44.36909],[26.08872,44.36901],[26.08877,44.36894],[26.08888,44.36889],[26.08898,44.36889],[26.08909,44.36893],[26.08915,44.36896],[26.08918,44.36902],[26.09,44.37208],[26.09022,44.37299],[26.09063,44.3745],[26.09098,44.37591],[26.09238,44.38117],[26.09239,44.38178],[26.09237,44.38246],[26.09212,44.3889],[26.09217,44.38917],[26.09225,44.38943],[26.0926,44.39015],[26.09675,44.39913],[26.09723,44.40049],[26.09737,44.40141],[26.09729,44.40356],[26.09669,44.40459],[26.09636,44.40512],[26.09627,44.40521],[26.09419,44.40645],[26.09254,44.40741],[26.09173,44.40791],[26.09097,44.40841],[26.09063,44.40872],[26.09044,44.40899],[26.08918,44.41101],[26.08891,44.41139],[26.08887,44.41146],[26.08887,44.41156],[26.08895,44.4117],[26.09066,44.41403],[26.09086,44.41422],[26.09137,44.41455],[26.09219,44.41504],[26.09251,44.41532],[26.09274,44.4156],[26.09324,44.41633],[26.09331,44.41649],[26.09336,44.41671],[26.09333,44.41793],[26.09335,44.41804],[26.09344,44.41824],[26.09369,44.4185],[26.09404,44.41872],[26.09484,44.41913],[26.09496,44.41925],[26.09577,44.42138],[26.09594,44.42192],[26.09602,44.42274],[26.09595,44.42291],[26.09552,44.42366],[26.09544,44.42383],[26.09543,44.42396],[26.09555,44.42412],[26.09994,44.4264],[26.10013,44.42644],[26.10054,44.42634],[26.1006,44.42634],[26.10077,44.42641],[26.10083,44.42651],[26.10079,44.42663],[26.10067,44.42671],[26.10057,44.42672],[26.10049,44.42671],[26.10023,44.42658]],[[26.10023,44.42658],[26.09547,44.42411],[26.09537,44.42397],[26.09537,44.42386],[26.09596,44.4228],[26.09587,44.42184],[26.09496,44.41932],[26.09493,44.41927],[26.09478,44.41913],[26.09391,44.41869],[26.09354,44.41841],[26.09336,44.41817],[26.0933,44.41803],[26.09331,44.41665],[26.09323,44.41638],[26.0931,44.41616],[26.09254,44.4154],[26.09225,44.41514],[26.09198,44.41495],[26.09136,44.4146],[26.09083,44.41424],[26.09055,44.41398],[26.08918,44.41209],[26.08893,44.41179],[26.08882,44.41156],[26.08884,44.41141],[26.08949,44.41045],[26.09054,44.40876],[26.09073,44.40856],[26.0909,44.40842],[26.09206,44.40766],[26.09566,44.40554],[26.09616,44.40523],[26.09628,44.40514],[26.09635,44.40506],[26.09695,44.40408],[26.09722,44.4036],[26.09733,44.40227],[26.09731,44.40127],[26.09715,44.40038],[26.09665,44.39905],[26.09233,44.38969],[26.09214,44.38924],[26.09207,44.38881],[26.09231,44.38263],[26.09234,44.3812],[26.09229,44.38095],[26.09101,44.37621],[26.09033,44.37355],[26.08947,44.37032],[26.08944,44.37024],[26.08936,44.37015],[26.08917,44.36999],[26.08914,44.36979],[26.08903,44.3694],[26.08897,44.36933],[26.08874,44.36913],[26.08872,44.36909]]]},"properties":{"route_id":"1008-69","line":"7","name":"7","ref":"7","long_name":"C.F.R. Progresul - Piata Unirii","type":"tram","color":"#BE1622"}},{"type":"Feature","geometry":{"type":"MultiLineString","coordinates":[[[26.10023,44.42658],[26.08464,44.4185],[26.08445,44.41841],[26.08388,44.41823],[26.08248,44.41789],[26.08203,44.41773],[26.08189,44.41765],[26.0806,44.41679],[26.07441,44.41354],[26.07384,44.41326],[26.07333,44.41296],[26.07313,44.41282],[26.06945,44.41013],[26.06317,44.4057],[26.06268,44.40538],[26.05707,44.40312],[26.04923,44.40002],[26.04803,44.39963],[26.04599,44.39886],[26.04537,44.39901],[26.04516,44.39897],[26.04507,44.39889],[26.04506,44.39873],[26.04519,44.39861],[26.04537,44.39857],[26.04556,44.39859],[26.04691,44.39917]],[[26.04691,44.39917],[26.04847,44.39974],[26.0495,44.40008],[26.06241,44.40522],[26.06292,44.40549],[26.06485,44.40684],[26.07001,44.4105],[26.07333,44.41291],[26.07383,44.4132],[26.07446,44.41351],[26.0806,44.41675],[26.08166,44.41743],[26.08193,44.41763],[26.08219,44.41775],[26.08258,44.41789],[26.08431,44.41834],[26.08468,44.41849],[26.09996,44.42641],[26.10013,44.42644],[26.10052,44.42635],[26.10065,44.42636],[26.10078,44.42641],[26.10083,44.42651],[26.10079,44.42663],[26.10067,44.42671],[26.10057,44.42673],[26.10042,44.42669],[26.10023,44.42658]]]},"properties":{"route_id":"1008-70","line":"32","name":"32","ref":"32","long_name":"Depoul Alexandria - Piata Unirii","type":"tram","color":"#BE1622"}},{"type":"Feature","geometry":{"type":"MultiLineString","coordinates":[[[26.08395,44.43624],[26.08371,44.43597],[26.08365,44.43582],[26.08422,44.43462],[26.0843,44.4345],[26.08444,44.43444],[26.0871,44.43452],[26.08736,44.43451],[26.08746,44.43447],[26.08757,44.43439],[26.08771,44.43434],[26.08796,44.43433],[26.08826,44.43441],[26.08834,44.43445],[26.08844,44.43456],[26.09441,44.43462],[26.09807,44.43473],[26.09975,44.43496],[26.10102,44.43516],[26.10163,44.43529],[26.10236,44.43537],[26.10254,44.43534],[26.10261,44.43535],[26.10271,44.43539],[26.10278,44.43545],[26.10314,44.43559],[26.10325,44.43566],[26.10439,44.43584],[26.10526,44.436],[26.10539,44.43605],[26.10578,44.43612],[26.10609,44.43611],[26.10633,44.43612],[26.10668,44.43617],[26.10736,44.4364],[26.10791,44.43653],[26.1086,44.43665],[26.10954,44.43679],[26.10985,44.43688],[26.11063,44.43704],[26.11209,44.4373],[26.11453,44.43776],[26.11475,44.43807],[26.115,44.43849],[26.11529,44.43889],[26.1155,44.43913],[26.11692,44.44063],[26.11743,44.4412],[26.11833,44.44225],[26.11995,44.44406],[26.12013,44.44433],[26.12137,44.44562],[26.12225,44.44649],[26.12316,44.44744],[26.12394,44.44841],[26.12431,44.44877],[26.12442,44.44883],[26.12453,44.44892],[26.12492,44.44913],[26.12503,44.44923],[26.12509,44.44933],[26.12537,44.45015],[26.12543,44.45027],[26.12768,44.45349],[26.12795,44.45379],[26.12824,44.45421],[26.129,44.45521],[26.1301,44.45675],[26.13028,44.45704],[26.13107,44.45819],[26.13202,44.45969],[26.13247,44.46037],[26.13295,44.46132],[26.13341,44.46195],[26.13348,44.46209],[26.1335,44.46218],[26.13358,44.46272],[26.13401,44.46338],[26.13464,44.46415],[26.13543,44.46481],[26.13591,44.46515],[26.13644,44.46548],[26.13822,44.46643],[26.13877,44.4667],[26.13944,44.46702],[26.13985,44.46717],[26.14203,44.4682],[26.14338,44.4688],[26.14409,44.46905],[26.14574,44.46959],[26.14685,44.46997],[26.14941,44.47077],[26.14973,44.4709],[26.14982,44.47096],[26.15007,44.47104],[26.15011,44.47104],[26.15029,44.47094],[26.15056,44.47075],[26.15363,44.46858],[26.15608,44.4668],[26.15618,44.46668],[26.1562,44.46659],[26.15617,44.46646],[26.1564,44.46638],[26.15652,44.46638],[26.15659,44.46643],[26.15662,44.46651],[26.15656,44.46658],[26.15623,44.4668]],[[26.15623,44.4668],[26.15329,44.46885],[26.15044,44.47087],[26.15013,44.47126],[26.14986,44.47112],[26.14897,44.47076],[26.14532,44.4696],[26.14311,44.46888],[26.14264,44.46869],[26.14224,44.46852],[26.13938,44.46721],[26.13867,44.46686],[26.13666,44.46583],[26.13605,44.46549],[26.13563,44.46523],[26.1351,44.46484],[26.13454,44.46437],[26.13407,44.46384],[26.13333,44.46283],[26.13277,44.46216],[26.13272,44.46196],[26.13269,44.46153],[26.13265,44.46131],[26.13258,44.46111],[26.13232,44.46066],[26.13054,44.45791],[26.12933,44.45615],[26.12807,44.45436],[26.12768,44.45384],[26.12754,44.45362],[26.12663,44.45237],[26.1255,44.45087],[26.12534,44.45063],[26.12512,44.45037],[26.12464,44.44994],[26.12456,44.44988],[26.1243,44.44974],[26.12415,44.4496],[26.12412,44.44953],[26.12407,44.44922],[26.12403,44.44909],[26.12385,44.44866],[26.12351,44.44818],[26.12279,44.44728],[26.12243,44.44695],[26.12055,44.44503],[26.12011,44.44454],[26.11941,44.44382],[26.11911,44.4434],[26.11682,44.44075],[26.11543,44.43927],[26.11489,44.43876],[26.11434,44.43795],[26.11424,44.43784],[26.11411,44.43776],[26.11361,44.43764],[26.11058,44.43707],[26.10744,44.4365],[26.10712,44.43646],[26.10692,44.43649],[26.10651,44.43646],[26.10626,44.43641],[26.10579,44.43621],[26.10421,44.43592],[26.10306,44.43574],[26.10244,44.43568],[26.10234,44.43565],[26.10224,44.43557],[26.10206,44.4355],[26.10162,44.43541],[26.10065,44.43525],[26.09959,44.43503],[26.09835,44.43481],[26.08844,44.43459],[26.08831,44.43463],[26.08804,44.4348],[26.0878,44.43481],[26.08769,44.43485],[26.08711,44.43521],[26.08433,44.43629],[26.08419,44.43636],[26.08404,44.43632],[26.08395,44.43624]]]},"properties":{"route_id":"1008-72","line":"66","name":"66","ref":"66","long_name":"Spitalul Fundeni - Vasile Parvan","type":"trolleybus","color":"#008D36"}},{"type":"Feature","geometry":{"type":"MultiLineString","coordinates":[[[26.07637,44.44787],[26.07788,44.44918],[26.07854,44.44984],[26.07864,44.44987],[26.07886,44.44983],[26.08004,44.44943],[26.0801,44.44919],[26.08056,44.44789],[26.08067,44.4478],[26.08086,44.44779],[26.08122,44.44788],[26.08179,44.44806],[26.08515,44.4472],[26.08676,44.44719],[26.08872,44.44819],[26.08909,44.44835],[26.08958,44.44855],[26.09147,44.44925],[26.09166,44.4493],[26.09191,44.44924],[26.09355,44.44845],[26.09569,44.44738],[26.09629,44.44705],[26.09629,44.4468],[26.09643,44.4467],[26.0966,44.44666],[26.09688,44.44671],[26.09706,44.44677],[26.09745,44.44684],[26.09901,44.44688],[26.09928,44.44683],[26.10053,44.44674],[26.1078,44.4461],[26.10861,44.44598],[26.11193,44.44534],[26.11408,44.445],[26.11448,44.4449],[26.11579,44.44445],[26.11796,44.444],[26.11978,44.44322],[26.11999,44.44311],[26.12007,44.44297],[26.12019,44.44267],[26.12032,44.44215],[26.12038,44.44198],[26.12061,44.4408],[26.12058,44.44073],[26.12029,44.44057],[26.12034,44.44041],[26.12058,44.44012],[26.12077,44.43999],[26.12099,44.43989],[26.12136,44.43911],[26.12158,44.43902],[26.12197,44.4391],[26.12275,44.43892],[26.12303,44.43853],[26.12385,44.43716],[26.12516,44.43547],[26.12527,44.43464],[26.12535,44.43435],[26.12541,44.43431],[26.1266,44.43431],[26.12676,44.43425],[26.12709,44.43398],[26.12772,44.43355],[26.12847,44.43301],[26.12948,44.43199],[26.12961,44.43178],[26.13016,44.43013],[26.13026,44.42988],[26.13086,44.42943],[26.13116,44.42912],[26.13132,44.42902],[26.13172,44.42897],[26.13191,44.42889],[26.13259,44.42834],[26.13314,44.42796],[26.13503,44.4266],[26.13556,44.42618],[26.1359,44.42587],[26.13702,44.42469],[26.13705,44.42462],[26.13691,44.42444],[26.13688,44.42432],[26.13689,44.42426],[26.13696,44.42415],[26.13707,44.42405],[26.13716,44.424],[26.13729,44.42397],[26.13748,44.42396],[26.13761,44.42401],[26.13771,44.42408],[26.13778,44.42416],[26.13839,44.42423],[26.14728,44.42558],[26.14848,44.42578],[26.14968,44.42594],[26.14988,44.42599],[26.15115,44.4262],[26.15146,44.42628],[26.15216,44.42653],[26.1528,44.42682],[26.15303,44.42695],[26.15355,44.42729],[26.15519,44.42841],[26.15533,44.42852],[26.15567,44.42868],[26.15581,44.42871],[26.15607,44.42872],[26.15702,44.42869],[26.15734,44.4287],[26.15845,44.42877],[26.15999,44.42892],[26.16058,44.429],[26.16311,44.42945],[26.16683,44.43013],[26.16705,44.43019],[26.16715,44.43027],[26.16728,44.43049],[26.16758,44.43112],[26.16895,44.43475],[26.16928,44.43558],[26.16936,44.43572],[26.1694,44.43587],[26.16931,44.43602],[26.16954,44.43613],[26.1701,44.43646],[26.17016,44.43654],[26.17018,44.4366],[26.17017,44.43665],[26.17009,44.43672],[26.17003,44.43674],[26.16984,44.43672],[26.16978,44.43666],[26.16975,44.43657],[26.16975,44.4365],[26.16969,44.43639],[26.16961,44.43632],[26.16911,44.43601],[26.16911,44.43581],[26.16918,44.43563],[26.16918,44.43549],[26.16907,44.43518]],[[26.16907,44.43518],[26.16813,44.43286],[26.16739,44.43095],[26.16718,44.43055],[26.16696,44.43029],[26.16665,44.43017],[26.16092,44.42913],[26.1599,44.42898],[26.15861,44.42885],[26.15791,44.4288],[26.15727,44.42877],[26.15656,44.42878],[26.15589,44.42883],[26.15553,44.42877],[26.15479,44.42837],[26.15277,44.42698],[26.15209,44.42667],[26.15163,44.4265],[26.15103,44.42633],[26.14722,44.42576],[26.14371,44.4252],[26.13826,44.42438],[26.13799,44.42434],[26.13774,44.42435],[26.13765,44.42446],[26.13702,44.42485],[26.13665,44.42523],[26.13608,44.42588],[26.13566,44.42625],[26.13192,44.42897],[26.13173,44.42904],[26.13138,44.42908],[26.13123,44.42916],[26.13084,44.42948],[26.13061,44.42971],[26.13035,44.42992],[26.12972,44.43179],[26.12953,44.43205],[26.12857,44.43302],[26.12707,44.43409],[26.12684,44.4343],[26.12606,44.43535],[26.12598,44.43537],[26.12562,44.43532],[26.12532,44.43526],[26.12527,44.43529],[26.12528,44.4354],[26.12526,44.43553],[26.1252,44.43564],[26.12402,44.43705],[26.12294,44.43877],[26.1228,44.43896],[26.12272,44.43901],[26.12265,44.43918],[26.12252,44.43927],[26.12153,44.4391],[26.12142,44.43916],[26.121,44.44006],[26.12104,44.44032],[26.12076,44.44072],[26.12072,44.44084],[26.12021,44.44303],[26.12014,44.44324],[26.12004,44.44336],[26.11875,44.44391],[26.11822,44.44401],[26.11791,44.4441],[26.11583,44.44452],[26.11441,44.44502],[26.11418,44.44508],[26.11248,44.44534],[26.11073,44.44565],[26.1084,44.44609],[26.10768,44.4462],[26.09861,44.44696],[26.0974,44.44694],[26.09725,44.44696],[26.0971,44.44709],[26.09692,44.44732],[26.09655,44.4473],[26.09632,44.44725],[26.09232,44.44933],[26.09184,44.44941],[26.09152,44.44934],[26.08954,44.44858],[26.08822,44.44797],[26.08677,44.44724],[26.0852,44.44726],[26.08311,44.44778],[26.08193,44.44809],[26.08172,44.44809],[26.07827,44.44719],[26.07768,44.44701],[26.0775,44.44702],[26.07624,44.44748],[26.07617,44.44758],[26.07637,44.44787]]]},"properties":{"route_id":"1008-73","line":"79","name":"79","ref":"79","long_name":"Bd. Basarabia - Gara de Nord","type":"trolleybus","color":"#008D36"}},{"type":"Feature","geometry":{"type":"MultiLineString","coordinates":[[[26.09486,44.53807],[26.09486,44.538],[26.0948,44.53797],[26.09472,44.53798],[26.09468,44.53805],[26.0946,44.53849],[26.09455,44.53855],[26.09444,44.53855],[26.09288,44.53837],[26.0908,44.53816],[26.09036,44.5381],[26.08962,44.53787],[26.08932,44.53781],[26.08911,44.53777],[26.08724,44.53756],[26.08539,44.53715],[26.08477,44.53702],[26.08439,44.53696],[26.08377,44.53681],[26.07735,44.535],[26.07697,44.53491],[26.07635,44.5348],[26.07537,44.53468],[26.07445,44.53454],[26.07265,44.5342],[26.0717,44.53403],[26.07128,44.53397],[26.0692,44.53393],[26.06915,44.53398],[26.06915,44.53406],[26.06928,44.53441],[26.06928,44.53456],[26.06917,44.53463],[26.06903,44.53465],[26.06819,44.53444],[26.06806,44.53436],[26.06798,44.53426],[26.06792,44.53414],[26.06792,44.53393],[26.0681,44.53326],[26.06837,44.53258],[26.06867,44.5319],[26.06871,44.53173],[26.06862,44.53144],[26.06864,44.53139],[26.0687,44.53134],[26.06885,44.53129],[26.06897,44.53123],[26.06907,44.53117],[26.06914,44.53109],[26.06924,44.53087],[26.06976,44.52948],[26.06979,44.52935],[26.0711,44.52604],[26.07169,44.52515],[26.07212,44.5246],[26.07235,44.5244],[26.07769,44.51853],[26.07852,44.51758],[26.07873,44.51731],[26.07892,44.51711],[26.079,44.51695],[26.07917,44.51631],[26.07963,44.51503],[26.07995,44.51423],[26.08001,44.51387],[26.08006,44.51375],[26.08011,44.5137],[26.08023,44.51348],[26.08035,44.51319],[26.08118,44.511],[26.08157,44.51022],[26.0819,44.50919],[26.08199,44.50897],[26.08198,44.5082],[26.08166,44.50656],[26.08146,44.50575],[26.0814,44.50562],[26.08131,44.50515],[26.08054,44.50259],[26.08027,44.50129],[26.07945,44.49801],[26.07927,44.49756],[26.07904,44.49655],[26.07887,44.49606],[26.07891,44.49477],[26.07904,44.49333],[26.07906,44.49271],[26.07894,44.4902],[26.07875,44.48929],[26.07863,44.48894],[26.07797,44.48745],[26.07739,44.4863],[26.07712,44.48594],[26.07637,44.48466],[26.07588,44.48417],[26.07575,44.48401],[26.07558,44.48342],[26.07485,44.48223],[26.0728,44.47869],[26.07273,44.4786],[26.07239,44.47836],[26.0723,44.47825],[26.07224,44.47799],[26.07234,44.47785],[26.07243,44.4778],[26.07266,44.47759],[26.07281,44.47742],[26.07303,44.47698],[26.07447,44.47436],[26.07547,44.47234],[26.07567,44.47205],[26.07782,44.46775],[26.07784,44.4675],[26.07783,44.46723],[26.07786,44.46703],[26.07812,44.46684],[26.07835,44.46662],[26.08144,44.46044],[26.08245,44.45847],[26.08289,44.45755],[26.08335,44.45664],[26.08386,44.45569],[26.08472,44.45425],[26.0852,44.4535],[26.08566,44.45246],[26.08584,44.45225],[26.08615,44.45196],[26.08625,44.45196],[26.08632,44.45202],[26.08635,44.45211],[26.08637,44.45229],[26.08624,44.45298],[26.08617,44.45387]],[[26.08617,44.45387],[26.08623,44.46041],[26.08651,44.46402],[26.08652,44.46522],[26.08661,44.46564],[26.08669,44.46579],[26.08687,44.46593],[26.08699,44.46621],[26.08683,44.46645],[26.0865,44.46653],[26.08612,44.46641],[26.08575,44.46633],[26.08553,44.46632],[26.07901,44.4671],[26.07887,44.46715],[26.0786,44.46747],[26.07845,44.46759],[26.07831,44.46765],[26.07814,44.46768],[26.07801,44.46779],[26.07557,44.47275],[26.07316,44.47755],[26.07311,44.47771],[26.07312,44.47785],[26.07317,44.47794],[26.07331,44.47802],[26.07323,44.47825],[26.07309,44.47842],[26.07301,44.47856],[26.07328,44.47908],[26.07564,44.48311],[26.07597,44.48361],[26.07623,44.48386],[26.07651,44.48407],[26.07652,44.48452],[26.07687,44.48516],[26.07777,44.48671],[26.07885,44.48906],[26.07909,44.49016],[26.07922,44.49151],[26.07941,44.49256],[26.07941,44.49366],[26.07934,44.49396],[26.07926,44.49564],[26.07926,44.49582],[26.07931,44.4962],[26.0796,44.49743],[26.07967,44.49809],[26.07996,44.49917],[26.08061,44.50177],[26.08078,44.50211],[26.08094,44.50255],[26.08178,44.50519],[26.0819,44.50543],[26.08198,44.50551],[26.08201,44.50557],[26.08201,44.50563],[26.08197,44.50574],[26.082,44.50602],[26.08215,44.50681],[26.08223,44.50693],[26.08223,44.50708],[26.08241,44.508],[26.08243,44.50852],[26.08235,44.50897],[26.08207,44.50985],[26.08185,44.51043],[26.08175,44.5106],[26.08122,44.51214],[26.08062,44.51367],[26.08062,44.51383],[26.08056,44.51398],[26.08049,44.51407],[26.07982,44.51556],[26.07948,44.51656],[26.07917,44.51706],[26.07851,44.51792],[26.07789,44.51859],[26.07759,44.51898],[26.0774,44.51912],[26.07521,44.52156],[26.0739,44.52294],[26.0735,44.5234],[26.07198,44.52504],[26.07164,44.5255],[26.07135,44.52596],[26.07113,44.52643],[26.0702,44.52888],[26.06999,44.52949],[26.06992,44.52981],[26.06966,44.53035],[26.06945,44.53088],[26.06945,44.5312],[26.0696,44.53147],[26.06962,44.5316],[26.06955,44.53167],[26.06939,44.53176],[26.06925,44.53187],[26.06917,44.53201],[26.06893,44.5327],[26.06889,44.53294],[26.06888,44.53318],[26.06893,44.5334],[26.0691,44.53377],[26.06914,44.53385],[26.06923,44.53388],[26.07052,44.53392],[26.07117,44.53392],[26.07134,44.53394],[26.07162,44.53398],[26.07227,44.53411],[26.07282,44.53419],[26.07448,44.53451],[26.07614,44.53474],[26.0769,44.53486],[26.07738,44.53496],[26.08348,44.5367],[26.08423,44.53689],[26.08515,44.53706],[26.08726,44.53753],[26.08935,44.53778],[26.09037,44.53807],[26.09067,44.53812],[26.09242,44.53829],[26.09475,44.53855],[26.09483,44.53855],[26.0949,44.5385],[26.09494,44.53842],[26.09484,44.53826],[26.09486,44.53807]]]},"properties":{"route_id":"1008-732","line":"203","name":"203","ref":"203","long_name":"Cartier Greenfield - Piata Victoriei","type":"bus","color":"#1D71B8"}},{"type":"Feature","geometry":{"type":"MultiLineString","coordinates":[[[26.1457,44.38405],[26.14551,44.38407],[26.14535,44.38406],[26.14507,44.38396],[26.14495,44.38395],[26.1448,44.38398],[26.14196,44.38501],[26.14139,44.38524],[26.13819,44.38661],[26.13713,44.38705],[26.13596,44.38756],[26.12221,44.39341],[26.12039,44.39416],[26.10591,44.39971],[26.10176,44.40078],[26.10057,44.4011],[26.09982,44.40133],[26.09934,44.40151],[26.09896,44.40178],[26.09886,44.40187],[26.0978,44.40311],[26.09764,44.40332],[26.09708,44.40424],[26.09687,44.40462],[26.09673,44.40475],[26.09656,44.40504],[26.09641,44.40519],[26.09564,44.40565],[26.09543,44.40579],[26.09293,44.40724],[26.09183,44.40792],[26.09107,44.40844],[26.09068,44.40875],[26.09053,44.40893],[26.08953,44.41059],[26.0892,44.41107],[26.08901,44.41129],[26.08883,44.41144],[26.08865,44.41142],[26.08852,44.41131],[26.08836,44.41113],[26.08775,44.41019],[26.0871,44.40938],[26.0869,44.40919],[26.08666,44.40905],[26.08651,44.40908],[26.08638,44.40913],[26.08622,44.40925],[26.08352,44.41138],[26.08316,44.4117],[26.07898,44.41523],[26.07437,44.41897],[26.06923,44.42282],[26.06571,44.42556],[26.06161,44.42892],[26.0616,44.42898],[26.06172,44.42917],[26.06197,44.42948],[26.06237,44.42982],[26.06239,44.42995],[26.0623,44.43012],[26.06126,44.43077],[26.06009,44.43154],[26.05991,44.43156],[26.05973,44.43149],[26.05968,44.43137],[26.06003,44.43075],[26.06008,44.4306],[26.06095,44.42948],[26.06101,44.42935],[26.06099,44.42928],[26.06093,44.42921],[26.06084,44.42915],[26.06071,44.42913],[26.05505,44.42878],[26.05488,44.42878],[26.05478,44.4288],[26.0547,44.42885],[26.05462,44.42894],[26.05458,44.42917],[26.05449,44.43136],[26.05446,44.43244],[26.05449,44.43569],[26.05458,44.43626],[26.05483,44.43688],[26.05528,44.43757],[26.05585,44.43813],[26.05646,44.43865],[26.05848,44.44019],[26.05955,44.44096],[26.06001,44.44133],[26.06021,44.44153],[26.06038,44.44177],[26.0606,44.44265],[26.06063,44.44292],[26.06092,44.44394],[26.0615,44.44528],[26.06197,44.44595],[26.06269,44.44667],[26.06423,44.44764],[26.06466,44.44788],[26.06554,44.44823],[26.06809,44.44942],[26.06829,44.44944],[26.06844,44.4494],[26.0692,44.44886],[26.07429,44.4455],[26.07468,44.44528],[26.07489,44.44532],[26.07573,44.44605],[26.07577,44.4462],[26.07545,44.44657],[26.07541,44.44668],[26.07545,44.44689],[26.07588,44.44727],[26.07601,44.44749],[26.07598,44.44754],[26.07588,44.44762],[26.07504,44.44792],[26.07226,44.44912],[26.06988,44.45025],[26.06981,44.45031],[26.06981,44.4504],[26.06986,44.45047],[26.07053,44.45114],[26.0712,44.45157],[26.07197,44.45202],[26.073,44.45256],[26.07322,44.45265],[26.07344,44.4527],[26.07382,44.45267],[26.07427,44.45261]],[[26.07428,44.45261],[26.07698,44.45213],[26.07724,44.45211],[26.07874,44.45212],[26.08292,44.45211],[26.08561,44.45206],[26.08705,44.45206],[26.08766,44.45211],[26.08858,44.45221],[26.09024,44.45242],[26.09083,44.45247],[26.09449,44.45275],[26.09819,44.45299],[26.10465,44.45296],[26.10959,44.45291],[26.11128,44.45288],[26.11333,44.45282],[26.11402,44.45277],[26.11721,44.45247],[26.11788,44.4524],[26.11845,44.45231],[26.11932,44.45211],[26.12186,44.45138],[26.12214,44.45127],[26.1225,44.4511],[26.12285,44.4509],[26.1233,44.45061],[26.12358,44.4504],[26.12414,44.44992],[26.12421,44.44978],[26.12421,44.4497],[26.12413,44.44948],[26.12414,44.4494],[26.12419,44.44931],[26.12485,44.44878],[26.12524,44.44833],[26.12561,44.44795],[26.12575,44.44775],[26.12601,44.44715],[26.12613,44.44695],[26.12644,44.44632],[26.12677,44.44591],[26.12736,44.44511],[26.12789,44.44455],[26.12847,44.44407],[26.12898,44.44375],[26.12923,44.44367],[26.13313,44.44142],[26.13416,44.44055],[26.13451,44.4402],[26.13457,44.4401],[26.13602,44.43816],[26.13629,44.43772],[26.13724,44.43531],[26.1375,44.43452],[26.1381,44.43292],[26.13892,44.43089],[26.13898,44.4307],[26.13904,44.43032],[26.13905,44.42993],[26.13898,44.42934],[26.13875,44.42854],[26.13777,44.42627],[26.13767,44.42601],[26.13758,44.4257],[26.13745,44.42491],[26.13732,44.4235],[26.13675,44.4203],[26.13672,44.4202],[26.13666,44.42009],[26.13511,44.41746],[26.13426,44.41631],[26.13402,44.41601],[26.13357,44.41557],[26.133,44.41517],[26.13186,44.41453],[26.13102,44.41394],[26.1305,44.41363],[26.12762,44.41206],[26.12384,44.4101],[26.12273,44.40948],[26.1218,44.40887],[26.1212,44.40807],[26.12111,44.40758],[26.12106,44.40749],[26.12089,44.40732],[26.12087,44.40724],[26.12089,44.40714],[26.12102,44.40695],[26.12104,44.40686],[26.12104,44.40617],[26.12095,44.40426],[26.12098,44.40373],[26.12093,44.4021],[26.12078,44.39934],[26.12078,44.39828],[26.12068,44.39574],[26.1206,44.3954],[26.12055,44.39436],[26.12044,44.39409],[26.12045,44.39397],[26.12047,44.39388],[26.12064,44.39379],[26.12121,44.39368],[26.12229,44.39327],[26.12374,44.39264],[26.12419,44.39252],[26.12996,44.39006],[26.1312,44.38955],[26.13818,44.38656],[26.14183,44.38503],[26.1465,44.38333],[26.14675,44.38349],[26.14688,44.38361],[26.14687,44.38369],[26.14671,44.38381],[26.14658,44.38384],[26.14646,44.38379],[26.14628,44.38379],[26.14596,44.3839],[26.14569,44.38404]]]},"properties":{"route_id":"1008-735","line":"N10","name":"N10","ref":"N10","long_name":"Romprim - Bd. Banu Manta","type":"bus","color":"#2D2E83"}},{"type":"Feature","geometry":{"type":"MultiLineString","coordinates":[[[26.0445,44.39861],[26.04458,44.39865],[26.0447,44.39864],[26.04476,44.39858],[26.04479,44.39847],[26.04478,44.39841],[26.04484,44.39834],[26.04492,44.39829],[26.04504,44.39829],[26.0452,44.39832],[26.04731,44.39919],[26.04783,44.39937],[26.0484,44.39959],[26.04961,44.39994],[26.04973,44.40011],[26.05073,44.40226],[26.05235,44.40557],[26.05402,44.4089],[26.05814,44.41729],[26.05839,44.41767],[26.05864,44.41796],[26.05873,44.41811],[26.059,44.41841],[26.05941,44.42129],[26.06013,44.4261],[26.0602,44.42683],[26.06025,44.4271],[26.06026,44.42747],[26.06031,44.42767],[26.06056,44.42796],[26.06094,44.42858],[26.06113,44.4288],[26.06132,44.42891],[26.06145,44.42893],[26.06166,44.42906],[26.06176,44.42921],[26.06195,44.42942],[26.0624,44.42975],[26.06257,44.4298],[26.06274,44.42979],[26.06428,44.42882],[26.06532,44.42811],[26.06555,44.42807],[26.06562,44.42808],[26.06582,44.42826],[26.06661,44.42885],[26.06704,44.4293],[26.06752,44.4299],[26.06814,44.4306],[26.06824,44.43074],[26.06838,44.43112],[26.06846,44.43119],[26.0695,44.43193],[26.06989,44.43216],[26.07034,44.43253],[26.07071,44.43292],[26.07237,44.43407],[26.07379,44.43503],[26.07498,44.43592],[26.07504,44.43601],[26.07502,44.43606],[26.07488,44.43617],[26.07041,44.4385],[26.07043,44.43857],[26.07159,44.43943],[26.07277,44.44026],[26.07296,44.44052],[26.07786,44.44221],[26.07804,44.44225],[26.07899,44.4426],[26.07925,44.44275],[26.07953,44.4436],[26.07955,44.44374],[26.07951,44.44387],[26.07931,44.44403],[26.0761,44.44614],[26.07589,44.44619],[26.07562,44.44616],[26.07551,44.44612],[26.07524,44.44586],[26.07499,44.44565]],[[26.07499,44.44565],[26.07332,44.44423],[26.07163,44.44269],[26.07135,44.44248],[26.07247,44.44068],[26.07282,44.44022],[26.07322,44.43994],[26.07583,44.43859],[26.07694,44.43793],[26.07701,44.43785],[26.07707,44.43774],[26.07709,44.43764],[26.07708,44.43755],[26.07702,44.43747],[26.07502,44.43607],[26.07387,44.43521],[26.07337,44.43489],[26.07037,44.43283],[26.0702,44.43273],[26.07012,44.4327],[26.06977,44.43269],[26.06852,44.43186],[26.06799,44.43149],[26.06792,44.43146],[26.06764,44.43142],[26.06738,44.43136],[26.06618,44.4309],[26.06558,44.43065],[26.065,44.43031],[26.06377,44.42935],[26.06167,44.43058],[26.06012,44.43155],[26.06001,44.43157],[26.05991,44.43156],[26.0598,44.43152],[26.05969,44.43143],[26.05968,44.43136],[26.06017,44.43047],[26.06077,44.4297],[26.06093,44.42952],[26.06099,44.42942],[26.06101,44.4293],[26.06097,44.42901],[26.06093,44.42892],[26.06083,44.42877],[26.06054,44.4282],[26.06026,44.42781],[26.06016,44.42757],[26.06012,44.42722],[26.06012,44.42687],[26.05892,44.41854],[26.05885,44.4184],[26.05827,44.4177],[26.058,44.41731],[26.05792,44.41709],[26.05359,44.40833],[26.05335,44.40781],[26.05264,44.40642],[26.05089,44.40284],[26.04985,44.40067],[26.04949,44.40035],[26.04884,44.40005],[26.04843,44.39978],[26.04833,44.39966],[26.04822,44.39961],[26.04741,44.39932],[26.04624,44.39884],[26.04612,44.39881],[26.04554,44.39859],[26.04539,44.39855],[26.04502,44.3986],[26.04489,44.39856],[26.04479,44.39847],[26.04477,44.3984],[26.04465,44.39831],[26.04415,44.3981],[26.04407,44.39812],[26.044,44.39816],[26.04392,44.39825],[26.04387,44.39833],[26.04387,44.3984],[26.04392,44.39844],[26.0445,44.39862]]]},"properties":{"route_id":"1008-74","line":"96","name":"96","ref":"96","long_name":"Depoul Alexandria - Gara de Nord","type":"trolleybus","color":"#008D36"}},{"type":"Feature","geometry":{"type":"MultiLineString","coordinates":[[[26.01568,44.41571],[26.01876,44.41596],[26.019,44.41601],[26.01921,44.41607],[26.01973,44.41633],[26.02109,44.41707],[26.02121,44.41706],[26.02156,44.41684],[26.02208,44.41655],[26.02259,44.41634],[26.02329,44.41615],[26.02367,44.4161],[26.02423,44.41608],[26.02477,44.41611],[26.02507,44.41615],[26.02578,44.41632],[26.02628,44.41653],[26.0268,44.4168],[26.02734,44.41715],[26.02836,44.41777],[26.02879,44.41801],[26.02912,44.41816],[26.0298,44.41835],[26.03014,44.41841],[26.03065,44.41843],[26.03133,44.4184],[26.03392,44.41792],[26.03518,44.41779],[26.03554,44.41778],[26.03623,44.41779],[26.0378,44.41785],[26.03837,44.41789],[26.03931,44.41799],[26.04,44.4181],[26.04062,44.41821],[26.04135,44.41837],[26.04412,44.41886],[26.04694,44.41929],[26.0482,44.41951],[26.04826,44.4196],[26.04826,44.41969],[26.04815,44.42021],[26.04761,44.42222],[26.04734,44.42349],[26.04723,44.42407],[26.04731,44.42418],[26.04766,44.42428],[26.05049,44.42493],[26.05172,44.42517],[26.05347,44.42543],[26.05733,44.42596],[26.05796,44.42607],[26.05818,44.42613],[26.05838,44.42622],[26.05878,44.4265],[26.06005,44.42756],[26.06047,44.42785],[26.06072,44.42821],[26.06094,44.42858],[26.06113,44.4288],[26.06132,44.42891],[26.06145,44.42893],[26.06166,44.42906],[26.06176,44.42921],[26.06195,44.42942],[26.0624,44.42975],[26.06257,44.4298],[26.06274,44.42979],[26.06428,44.42882],[26.06532,44.42811],[26.06555,44.42807],[26.06562,44.42808],[26.06582,44.42826],[26.06661,44.42885],[26.06704,44.4293],[26.06752,44.4299],[26.06814,44.4306],[26.06824,44.43074],[26.06838,44.43112],[26.0695,44.43193],[26.06989,44.43216],[26.06999,44.43228],[26.07014,44.43238],[26.07014,44.43258],[26.07149,44.43351],[26.07203,44.4339],[26.07259,44.43425],[26.07344,44.43424],[26.0774,44.43432],[26.07752,44.4343],[26.07808,44.43397],[26.07818,44.43392],[26.07831,44.43389],[26.07849,44.4339],[26.07866,44.43395],[26.07877,44.43404],[26.07895,44.43428],[26.07905,44.43437],[26.07912,44.43439],[26.07958,44.43436],[26.08738,44.4345],[26.08746,44.43447],[26.08771,44.43433],[26.08796,44.43432],[26.08826,44.43441],[26.08834,44.43445],[26.08844,44.43456],[26.09441,44.43462],[26.09807,44.43473],[26.09975,44.43496],[26.10102,44.43516],[26.10163,44.43529],[26.10236,44.43537],[26.10254,44.43534],[26.10261,44.43535],[26.10271,44.43539],[26.10278,44.43545],[26.10314,44.43559],[26.10325,44.43566],[26.10439,44.43584],[26.10526,44.436],[26.10539,44.43605],[26.10578,44.43612],[26.10609,44.43611],[26.10633,44.43612],[26.10668,44.43617],[26.10736,44.4364],[26.10791,44.43653],[26.1086,44.43665],[26.10954,44.43679],[26.11042,44.43697],[26.11363,44.43755],[26.11483,44.43778],[26.11532,44.43785],[26.11574,44.43794],[26.11585,44.43794],[26.116,44.43789],[26.11632,44.43783],[26.11661,44.43786],[26.11688,44.43798],[26.11702,44.43809],[26.11707,44.43817],[26.11715,44.43821],[26.12197,44.4391],[26.12275,44.43892],[26.12303,44.43853],[26.12385,44.43716],[26.12516,44.43547],[26.12527,44.43464],[26.12535,44.43435],[26.12541,44.43431],[26.1266,44.43431],[26.12676,44.43425],[26.12709,44.43398],[26.12772,44.43355],[26.12847,44.43301],[26.12948,44.43199],[26.12961,44.43178],[26.13016,44.43013],[26.13026,44.42988],[26.13086,44.42943],[26.13116,44.42912],[26.13132,44.42902],[26.13172,44.42897],[26.13191,44.42889],[26.13259,44.42834],[26.13314,44.42796],[26.13503,44.4266],[26.13556,44.42618],[26.1359,44.42587],[26.13702,44.42469],[26.13705,44.42462],[26.13691,44.42444],[26.13688,44.42432],[26.13689,44.42426],[26.13696,44.42415],[26.13707,44.42405],[26.13716,44.424],[26.13729,44.42397],[26.13748,44.42396],[26.13761,44.42401],[26.13771,44.42408],[26.13778,44.42416],[26.13839,44.42423],[26.14728,44.42558],[26.14848,44.42578],[26.14968,44.42594],[26.14988,44.42599],[26.15115,44.4262],[26.15146,44.42628],[26.15216,44.42653],[26.1528,44.42682],[26.15303,44.42695],[26.15355,44.42729],[26.15519,44.42841],[26.15533,44.42852],[26.15567,44.42868],[26.15581,44.42871],[26.15607,44.42872],[26.15702,44.42869],[26.15734,44.4287],[26.15845,44.42877],[26.15999,44.42892],[26.16058,44.429],[26.16311,44.42945],[26.16683,44.43013],[26.16705,44.43019],[26.16715,44.43027],[26.16728,44.43049],[26.16758,44.43112],[26.16895,44.43475],[26.16928,44.43558],[26.16936,44.43572],[26.1694,44.43587],[26.16931,44.43602],[26.16954,44.43613],[26.1701,44.43646],[26.17016,44.43654],[26.17018,44.4366],[26.17017,44.43665],[26.17009,44.43672],[26.17003,44.43674],[26.16984,44.43672],[26.16978,44.43666],[26.16975,44.43657],[26.16975,44.4365],[26.16969,44.43639],[26.16961,44.43632],[26.16911,44.43601],[26.16911,44.43581],[26.16918,44.43563],[26.16918,44.43549],[26.16907,44.43518]],[[26.16907,44.43518],[26.16813,44.43286],[26.16739,44.43095],[26.16718,44.43055],[26.16696,44.43029],[26.16665,44.43017],[26.16092,44.42913],[26.1599,44.42898],[26.15861,44.42885],[26.15791,44.4288],[26.15727,44.42877],[26.15656,44.42878],[26.15589,44.42883],[26.15553,44.42877],[26.15479,44.42837],[26.15277,44.42698],[26.15209,44.42667],[26.15163,44.4265],[26.15103,44.42633],[26.14722,44.42576],[26.14371,44.4252],[26.13799,44.42434],[26.13774,44.42435],[26.13765,44.42446],[26.13702,44.42485],[26.13665,44.42523],[26.13608,44.42588],[26.13566,44.42625],[26.13192,44.42897],[26.13173,44.42904],[26.13138,44.42908],[26.13123,44.42916],[26.13084,44.42948],[26.13061,44.42971],[26.13035,44.42992],[26.12972,44.43179],[26.12953,44.43205],[26.12857,44.43302],[26.12707,44.43409],[26.12684,44.4343],[26.12606,44.43535],[26.12598,44.43537],[26.12562,44.43532],[26.12532,44.43526],[26.12527,44.43529],[26.12528,44.4354],[26.12526,44.43553],[26.1252,44.43564],[26.12402,44.43705],[26.1229,44.43884],[26.12274,44.43903],[26.12265,44.43918],[26.12252,44.43927],[26.11729,44.43832],[26.11718,44.43831],[26.11661,44.43841],[26.11633,44.4384],[26.11602,44.43825],[26.11576,44.43805],[26.115,44.43794],[26.11411,44.43777],[26.11361,44.43764],[26.11058,44.43707],[26.10744,44.4365],[26.10712,44.43646],[26.10692,44.43649],[26.10651,44.43646],[26.10626,44.43641],[26.10579,44.43621],[26.10421,44.43592],[26.10306,44.43574],[26.10244,44.43568],[26.10234,44.43565],[26.10224,44.43557],[26.10206,44.4355],[26.10162,44.43541],[26.10065,44.43525],[26.09959,44.43503],[26.09835,44.43481],[26.0884,44.4346],[26.0881,44.43461],[26.08796,44.43464],[26.08778,44.43464],[26.0874,44.43458],[26.08456,44.43453],[26.0841,44.43454],[26.08072,44.43447],[26.08012,44.43443],[26.07948,44.43442],[26.07911,44.43446],[26.07839,44.43475],[26.07819,44.4348],[26.07809,44.43476],[26.07798,44.43469],[26.07776,44.4345],[26.07765,44.43445],[26.07749,44.43441],[26.07371,44.43432],[26.07143,44.43429],[26.06909,44.43423],[26.06898,44.43414],[26.06896,44.43408],[26.0696,44.4331],[26.06978,44.43286],[26.06982,44.43274],[26.06799,44.43149],[26.06792,44.43146],[26.06764,44.43142],[26.06738,44.43136],[26.06618,44.4309],[26.06558,44.43065],[26.065,44.43031],[26.06377,44.42935],[26.06167,44.43058],[26.06012,44.43155],[26.06001,44.43157],[26.05991,44.43156],[26.0598,44.43152],[26.05974,44.43148],[26.05969,44.43143],[26.05968,44.43136],[26.06017,44.43047],[26.06077,44.4297],[26.06094,44.42951],[26.06101,44.4294],[26.06101,44.42925],[26.06097,44.42905],[26.06092,44.42894],[26.06031,44.42805],[26.06013,44.42783],[26.05873,44.42665],[26.05853,44.4265],[26.05829,44.42635],[26.05802,44.42623],[26.05775,44.42617],[26.05705,44.42611],[26.05681,44.42606],[26.05405,44.42569],[26.05244,44.42552],[26.05122,44.42532],[26.04812,44.42466],[26.04699,44.42439],[26.04697,44.42415],[26.04806,44.41973],[26.04806,44.41962],[26.04793,44.41955],[26.04559,44.41915],[26.04199,44.41859],[26.04147,44.4185],[26.04053,44.4183],[26.03862,44.41801],[26.03785,44.41794],[26.03619,44.4179],[26.03549,44.41793],[26.03486,44.41798],[26.03377,44.41814],[26.03238,44.4184],[26.03185,44.41853],[26.03129,44.41862],[26.03047,44.41863],[26.03004,44.41859],[26.02937,44.41846],[26.02868,44.4182],[26.02836,44.41803],[26.02742,44.41746],[26.02659,44.41691],[26.0259,44.41658],[26.02551,44.41646],[26.02499,44.41635],[26.02438,44.41628],[26.02379,44.41629],[26.02319,44.41637],[26.02289,44.41644],[26.02263,44.41653],[26.02219,44.41671],[26.02169,44.41698],[26.02148,44.41712],[26.02129,44.41719],[26.0211,44.41718],[26.02076,44.41701],[26.01929,44.41621],[26.01897,44.4161],[26.01877,44.41606],[26.0167,44.41587],[26.01649,44.41594],[26.01642,44.41601],[26.01632,44.41607],[26.01625,44.41609],[26.01619,44.41608],[26.01606,44.41601],[26.01589,44.41596],[26.0152,44.4159],[26.01487,44.41594],[26.01473,44.41584],[26.01458,44.41563],[26.01568,44.41571]]]},"properties":{"route_id":"1008-75","line":"69","name":"69","ref":"69","long_name":"Valea Argesului - Bd. Basarabia","type":"trolleybus","color":"#008D36"}},{"type":"Feature","geometry":{"type":"MultiLineString","coordinates":[[[26.07169,44.47563],[26.07161,44.47562],[26.07156,44.47558],[26.07158,44.47543],[26.07155,44.47537],[26.0715,44.47532],[26.07121,44.47527],[26.07108,44.47527],[26.07087,44.47533],[26.07066,44.47534],[26.07052,44.4753],[26.07044,44.47525],[26.07039,44.47519],[26.06981,44.47502],[26.0686,44.4748],[26.06672,44.47452],[26.06649,44.47437],[26.0664,44.47433],[26.06418,44.47401],[26.06097,44.47352],[26.05814,44.47305],[26.05661,44.47285],[26.05542,44.47266],[26.05533,44.47258],[26.05543,44.47248],[26.05581,44.47232],[26.05598,44.4722],[26.0565,44.4719],[26.058,44.47094],[26.05827,44.47072],[26.05856,44.47035],[26.05921,44.46916],[26.05919,44.469],[26.05909,44.46891],[26.05897,44.46888],[26.05657,44.46987],[26.0556,44.47021],[26.05345,44.47078],[26.05122,44.47131],[26.05088,44.47117],[26.05013,44.4708],[26.05035,44.47048],[26.05126,44.46945],[26.05401,44.46589],[26.05426,44.4656],[26.05573,44.46363],[26.05777,44.46106],[26.06052,44.45753],[26.06193,44.45576],[26.06236,44.45517],[26.06294,44.4546],[26.06359,44.45406],[26.06569,44.45266],[26.06912,44.45047],[26.06952,44.45026],[26.06986,44.45012],[26.07427,44.44807],[26.07546,44.44765],[26.07558,44.44758],[26.07567,44.44744],[26.07563,44.44737],[26.07516,44.44695],[26.07518,44.44681],[26.07545,44.44618],[26.07547,44.44608],[26.07538,44.44594],[26.07499,44.44565],[26.07332,44.44423],[26.07163,44.44269],[26.07135,44.44248],[26.07256,44.44054],[26.07258,44.44046],[26.07254,44.44035],[26.07085,44.43914],[26.06953,44.43811],[26.06921,44.43788],[26.0691,44.43782],[26.06646,44.43686],[26.06618,44.43674],[26.06577,44.43652],[26.06549,44.43641],[26.0645,44.43593],[26.06426,44.43579],[26.0639,44.43565],[26.06315,44.43543],[26.06233,44.43535],[26.06186,44.43528],[26.06,44.43469],[26.05685,44.43466],[26.05599,44.43464],[26.05493,44.43458],[26.05469,44.43458],[26.05451,44.43456],[26.0544,44.43451],[26.05427,44.43433],[26.05425,44.43335],[26.05427,44.43277],[26.05426,44.43173],[26.05434,44.42998],[26.05433,44.42939],[26.05444,44.42871],[26.05516,44.42595],[26.05516,44.42582],[26.05261,44.42554],[26.05143,44.42536],[26.05015,44.4251],[26.04812,44.42466],[26.04699,44.42439],[26.04697,44.42415],[26.04806,44.41973],[26.04806,44.41962],[26.04793,44.41955],[26.04559,44.41915],[26.04199,44.41859],[26.04147,44.4185],[26.04053,44.4183],[26.03862,44.41801],[26.03785,44.41794],[26.03619,44.4179],[26.03549,44.41793],[26.03486,44.41798],[26.03377,44.41814],[26.03238,44.4184],[26.03185,44.41853],[26.03129,44.41862],[26.03047,44.41863],[26.03004,44.41859],[26.02937,44.41846],[26.02868,44.4182],[26.02836,44.41803],[26.02742,44.41746],[26.02659,44.41691],[26.0259,44.41658],[26.02551,44.41646],[26.02499,44.41635],[26.02438,44.41628],[26.02379,44.41629],[26.02319,44.41637],[26.02279,44.41647],[26.02232,44.41666],[26.02197,44.41683],[26.02163,44.41704],[26.02117,44.41745],[26.02091,44.41774],[26.02072,44.418],[26.02043,44.41845],[26.02035,44.41867],[26.0202,44.41937],[26.02018,44.41967],[26.02032,44.42031],[26.02048,44.42074],[26.02049,44.42084],[26.0202,44.42094],[26.01985,44.421],[26.01947,44.42104],[26.01846,44.42121],[26.01742,44.42136],[26.01699,44.42139],[26.01653,44.42139],[26.01291,44.42106],[26.01285,44.42097],[26.01296,44.42054],[26.01308,44.42018],[26.01324,44.41954],[26.01334,44.41902],[26.01328,44.41897],[26.01307,44.41896],[26.01297,44.41893],[26.00697,44.41846],[26.00623,44.41839],[26.0061,44.41839],[26.00604,44.41848],[26.00578,44.41917],[26.00566,44.41923],[26.00534,44.41923],[26.00281,44.41904],[26.00248,44.419],[26.00242,44.41898],[26.00239,44.41894],[26.00242,44.41853]],[[26.00242,44.41853],[26.0025,44.41809],[26.00255,44.41804],[26.00267,44.41803],[26.00706,44.41843],[26.0101,44.41867],[26.01023,44.41876],[26.01009,44.41952],[26.01005,44.41978],[26.01006,44.41985],[26.01015,44.4199],[26.01304,44.42013],[26.01311,44.42016],[26.01312,44.42023],[26.01297,44.42091],[26.01299,44.42097],[26.01305,44.421],[26.01315,44.42102],[26.01404,44.42108],[26.01609,44.42127],[26.01682,44.42131],[26.01741,44.42127],[26.01871,44.42107],[26.0195,44.42097],[26.02,44.42088],[26.02014,44.4208],[26.02022,44.42067],[26.02005,44.42012],[26.01997,44.41964],[26.02001,44.41907],[26.02019,44.41846],[26.02046,44.41793],[26.02063,44.41769],[26.0208,44.41752],[26.02095,44.41733],[26.02119,44.41711],[26.02156,44.41684],[26.02208,44.41655],[26.02259,44.41634],[26.02329,44.41615],[26.02367,44.4161],[26.02423,44.41608],[26.02477,44.41611],[26.02507,44.41615],[26.02578,44.41632],[26.02628,44.41653],[26.0268,44.4168],[26.02734,44.41715],[26.02836,44.41777],[26.02879,44.41801],[26.02912,44.41816],[26.0298,44.41835],[26.03014,44.41841],[26.03065,44.41843],[26.03133,44.4184],[26.03392,44.41792],[26.03518,44.41779],[26.03554,44.41778],[26.03623,44.41779],[26.0378,44.41785],[26.03837,44.41789],[26.03931,44.41799],[26.04,44.4181],[26.04062,44.41821],[26.04135,44.41837],[26.04412,44.41886],[26.04694,44.41929],[26.0482,44.41951],[26.04826,44.4196],[26.04826,44.41969],[26.04815,44.42021],[26.04761,44.42222],[26.04734,44.42349],[26.04723,44.42407],[26.04731,44.42418],[26.04766,44.42428],[26.05049,44.42493],[26.05172,44.42517],[26.05511,44.42566],[26.05522,44.4257],[26.05529,44.42582],[26.05522,44.42604],[26.05481,44.42782],[26.05475,44.428],[26.05465,44.42848],[26.05466,44.42866],[26.05458,44.42906],[26.0545,44.43047],[26.05446,44.43188],[26.05445,44.43252],[26.05449,44.43433],[26.05464,44.43441],[26.05809,44.43447],[26.05969,44.43448],[26.05992,44.43454],[26.06174,44.43515],[26.06213,44.43524],[26.06297,44.43532],[26.06333,44.43537],[26.06373,44.43547],[26.06413,44.4356],[26.0664,44.4367],[26.06795,44.4373],[26.06893,44.43763],[26.06943,44.43786],[26.06985,44.43813],[26.07051,44.43865],[26.07078,44.43882],[26.07159,44.43943],[26.07277,44.44026],[26.07296,44.44052],[26.07786,44.44221],[26.07804,44.44225],[26.07899,44.4426],[26.07925,44.44275],[26.07953,44.4436],[26.07955,44.44374],[26.07951,44.44387],[26.07931,44.44403],[26.07569,44.44641],[26.07546,44.44665],[26.07549,44.44686],[26.07554,44.44695],[26.07593,44.44733],[26.07599,44.44748],[26.07585,44.44761],[26.07569,44.4477],[26.07473,44.44803],[26.07433,44.44819],[26.07419,44.44829],[26.06993,44.45021],[26.06918,44.45062],[26.06441,44.45366],[26.06368,44.45416],[26.0631,44.45466],[26.0625,44.45532],[26.0618,44.45629],[26.06124,44.45689],[26.05528,44.4646],[26.05388,44.46636],[26.05198,44.46881],[26.0512,44.46978],[26.05117,44.46988],[26.05124,44.47],[26.05147,44.47018],[26.05208,44.4709],[26.05217,44.47093],[26.05425,44.47044],[26.0556,44.47006],[26.05642,44.46977],[26.05892,44.46874],[26.05907,44.46873],[26.05921,44.46878],[26.05931,44.46909],[26.0593,44.46918],[26.0585,44.47064],[26.0583,44.47087],[26.058,44.47108],[26.05567,44.47252],[26.0556,44.47258],[26.05564,44.47265],[26.05621,44.47273],[26.05735,44.47292],[26.06119,44.47349],[26.06176,44.47355],[26.06281,44.47374],[26.06674,44.47432],[26.06815,44.47456],[26.06941,44.47475],[26.06985,44.47479],[26.07011,44.47486],[26.07023,44.47487],[26.07046,44.47486],[26.07052,44.47482],[26.07062,44.47479],[26.07071,44.47477],[26.0708,44.47477],[26.07093,44.47481],[26.07106,44.47487],[26.07115,44.47504],[26.07114,44.4751],[26.07297,44.47544],[26.0731,44.47548],[26.07312,44.47554],[26.0731,44.4756],[26.07294,44.47567],[26.07275,44.47579],[26.07243,44.47575],[26.07171,44.47563]]]},"properties":{"route_id":"1008-76","line":"93","name":"93","ref":"93","long_name":"Cartier Constantin Brancusi - Piata Presei","type":"trolleybus","color":"#008D36"}},{"type":"Feature","geometry":{"type":"MultiLineString","coordinates":[[[26.15094,44.43971],[26.15073,44.43978],[26.15067,44.43984],[26.15042,44.44096],[26.15033,44.44106],[26.15026,44.4411],[26.15011,44.44111],[26.14978,44.44106],[26.1493,44.44096],[26.14882,44.44084],[26.14683,44.44031],[26.14295,44.43931],[26.14063,44.43867],[26.13943,44.43837],[26.13714,44.43775],[26.13665,44.43768],[26.1359,44.43762],[26.1357,44.43758],[26.13467,44.43746],[26.13388,44.43744],[26.13289,44.43738],[26.13131,44.43732],[26.13085,44.43733],[26.13025,44.43737],[26.1285,44.43764],[26.12808,44.43773],[26.12782,44.43779],[26.12758,44.43787],[26.12718,44.43813],[26.12683,44.43822],[26.1228,44.43896],[26.12272,44.43901],[26.12265,44.43918],[26.12252,44.43927],[26.12241,44.43926],[26.11729,44.43832],[26.11718,44.43831],[26.11661,44.43841],[26.11633,44.4384],[26.11602,44.43825],[26.11576,44.43805],[26.115,44.43794],[26.11411,44.43777],[26.11361,44.43764],[26.11058,44.43707],[26.10744,44.4365],[26.10712,44.43646],[26.10692,44.43649],[26.10651,44.43646],[26.10626,44.43641],[26.10579,44.43621],[26.10421,44.43592],[26.10306,44.43574],[26.10244,44.43568],[26.10234,44.43565],[26.10224,44.43557],[26.10206,44.4355],[26.10162,44.43541],[26.10065,44.43525],[26.09959,44.43503],[26.09835,44.43481],[26.0884,44.4346],[26.0881,44.43461],[26.08796,44.43464],[26.08778,44.43464],[26.0874,44.43458],[26.08456,44.43453],[26.0841,44.43454],[26.0795,44.43444],[26.0793,44.43447],[26.07842,44.43476],[26.07506,44.43608],[26.07027,44.43851],[26.0696,44.43892],[26.06473,44.44175],[26.06398,44.44221],[26.06322,44.44265],[26.0625,44.44304],[26.06227,44.44311],[26.06118,44.44332],[26.05814,44.44385],[26.05655,44.44416],[26.05606,44.44424],[26.05283,44.44485],[26.05041,44.44528],[26.04756,44.44583],[26.04749,44.4459],[26.04749,44.44596],[26.04765,44.44946],[26.04762,44.44971],[26.04723,44.45104],[26.04709,44.45143],[26.04688,44.45194],[26.0468,44.45198],[26.04666,44.45201],[26.0451,44.45093],[26.04382,44.45009],[26.04318,44.44972],[26.0398,44.44818],[26.0396,44.44806],[26.03942,44.4479],[26.03926,44.44771],[26.03862,44.44655],[26.03794,44.44557],[26.03756,44.44508],[26.03738,44.44509],[26.03708,44.44521],[26.03701,44.44562],[26.03704,44.44577],[26.03718,44.44589],[26.03968,44.44607],[26.04181,44.4462],[26.04208,44.44623],[26.04269,44.44619],[26.04356,44.44606],[26.045,44.44574],[26.04735,44.4453]],[[26.04735,44.4453],[26.05359,44.44419],[26.0556,44.44379],[26.0591,44.44313],[26.06184,44.44265],[26.06248,44.44241],[26.06515,44.4409],[26.06613,44.44031],[26.06778,44.4394],[26.07051,44.43783],[26.0713,44.43746],[26.07251,44.43685],[26.07455,44.43575],[26.07472,44.43564],[26.07525,44.43541],[26.07866,44.4341],[26.07884,44.43415],[26.07902,44.43434],[26.07911,44.43438],[26.07994,44.43436],[26.08092,44.43439],[26.08738,44.4345],[26.08746,44.43447],[26.08771,44.43433],[26.08796,44.43432],[26.08826,44.43441],[26.08834,44.43445],[26.08844,44.43456],[26.09441,44.43462],[26.09807,44.43473],[26.09975,44.43496],[26.10102,44.43516],[26.10163,44.43529],[26.10236,44.43537],[26.10254,44.43534],[26.10261,44.43535],[26.10271,44.43539],[26.10278,44.43545],[26.10314,44.43559],[26.10325,44.43566],[26.10439,44.43584],[26.10526,44.436],[26.10539,44.43605],[26.10578,44.43612],[26.10609,44.43611],[26.10633,44.43612],[26.10668,44.43617],[26.10736,44.4364],[26.10791,44.43653],[26.1086,44.43665],[26.10954,44.43679],[26.11042,44.43697],[26.11363,44.43755],[26.11483,44.43778],[26.11532,44.43785],[26.11574,44.43794],[26.11585,44.43794],[26.116,44.43789],[26.11632,44.43783],[26.11661,44.43786],[26.11688,44.43798],[26.11702,44.43809],[26.11707,44.43817],[26.11715,44.43821],[26.12197,44.4391],[26.12275,44.43892],[26.12702,44.43812],[26.12734,44.4379],[26.12762,44.43777],[26.12868,44.43755],[26.1304,44.43725],[26.13125,44.43725],[26.13488,44.43743],[26.13537,44.43738],[26.13575,44.4374],[26.1372,44.4377],[26.13744,44.4378],[26.13921,44.43821],[26.1405,44.43853],[26.14082,44.43864],[26.14269,44.43911],[26.14305,44.43923],[26.14768,44.44041],[26.1487,44.4407],[26.1497,44.44093],[26.15016,44.44097],[26.15026,44.44095],[26.15031,44.44089],[26.15055,44.43979],[26.15044,44.43967],[26.15045,44.43953],[26.15056,44.4394],[26.1507,44.43936],[26.15083,44.43938],[26.15096,44.43945],[26.15101,44.43954],[26.151,44.43963],[26.15095,44.43971]]]},"properties":{"route_id":"1008-78","line":"90","name":"90","ref":"90","long_name":"Arena Nationala - M Petrache Poenaru","type":"trolleybus","color":"#008D36"}},{"type":"Feature","geometry":{"type":"MultiLineString","coordinates":[[[26.00326,44.43172],[26.00412,44.43174],[26.00425,44.43169],[26.00433,44.43156],[26.00284,44.4298],[26.0027,44.42967],[26.00207,44.42897],[26.00138,44.42816],[25.9992,44.42567],[25.99911,44.42552],[25.99903,44.42522],[25.99923,44.42375],[25.99922,44.42367],[25.99929,44.42345],[25.99985,44.4209],[26.00014,44.4197],[26.00065,44.41724],[26.00121,44.41481],[26.0014,44.41364],[26.00254,44.41162],[26.00285,44.41092],[26.00292,44.41049],[26.00302,44.41021],[26.00385,44.41031],[26.00404,44.41036],[26.00428,44.41036],[26.00763,44.41076],[26.02471,44.4129],[26.02593,44.41302],[26.02594,44.41309],[26.02579,44.41327],[26.02561,44.41357],[26.0239,44.41581],[26.02394,44.41592],[26.02404,44.41602],[26.02418,44.41608],[26.02432,44.4161],[26.02477,44.41611],[26.02507,44.41615],[26.02578,44.41632],[26.02628,44.41653],[26.0268,44.4168],[26.02734,44.41715],[26.02836,44.41777],[26.02879,44.41801],[26.02912,44.41816],[26.0298,44.41835],[26.03014,44.41841],[26.0307,44.41846],[26.03133,44.41843],[26.03182,44.41834],[26.0324,44.4182],[26.03392,44.41792],[26.03414,44.41783],[26.03426,44.4177],[26.0343,44.41761],[26.03434,44.41729]],[[26.03434,44.41729],[26.03459,44.41576],[26.03495,44.41433],[26.03482,44.4142],[26.0343,44.4141],[26.03371,44.41402],[26.03058,44.41364],[26.02996,44.41359],[26.0265,44.41316],[26.02612,44.41312],[26.02581,44.41312],[26.02562,44.41305],[26.02547,44.41303],[26.02447,44.41292],[26.01873,44.4122],[26.01845,44.41218],[26.01636,44.41189],[26.00667,44.41069],[26.00651,44.41066],[26.00609,44.41063],[26.00554,44.41057],[26.00538,44.41054],[26.00455,44.41046],[26.00404,44.41038],[26.00322,44.41028],[26.00315,44.41056],[26.00314,44.41086],[26.0029,44.41141],[26.00252,44.41208],[26.00214,44.4127],[26.00196,44.41308],[26.00191,44.41329],[26.00164,44.4138],[26.00152,44.41459],[26.00124,44.41589],[26.00056,44.41849],[26.00012,44.42062],[25.99952,44.42335],[25.99938,44.42417],[25.99926,44.42516],[25.99932,44.42544],[26.00032,44.42666],[26.00116,44.42759],[26.00123,44.42773],[26.00194,44.42857],[26.00275,44.42948],[26.00286,44.42963],[26.00297,44.42984],[26.00325,44.43018],[26.00439,44.43148],[26.00453,44.43161],[26.00468,44.43162],[26.00478,44.43167],[26.00481,44.43172],[26.00482,44.43182],[26.00479,44.43187],[26.00467,44.43195],[26.00459,44.43196],[26.00449,44.43195],[26.00442,44.43192],[26.00387,44.43187],[26.00326,44.4319],[26.00299,44.43183],[26.00291,44.43215],[26.0031,44.43225],[26.0031,44.43311],[26.00287,44.43319],[26.00266,44.43311],[26.00266,44.43223],[26.0028,44.43215],[26.0029,44.4318],[26.00298,44.43172],[26.00326,44.43172]]]},"properties":{"route_id":"1008-803","line":"322","name":"322","ref":"322","long_name":"Bd. Preciziei - Parcul Drumul Taberei","type":"bus","color":"#1D71B8"}},{"type":"Feature","geometry":{"type":"LineString","coordinates":[[26.05062,44.34824],[26.04535,44.34969],[26.04313,44.35028],[26.04302,44.35033],[26.04298,44.3504],[26.04301,44.35053],[26.04324,44.35094],[26.04348,44.35145],[26.04353,44.35161],[26.04351,44.35169],[26.04343,44.35175],[26.03828,44.35311],[26.03407,44.3543],[26.03383,44.35438],[26.03381,44.35442],[26.03371,44.35447],[26.03366,44.35446],[26.0336,44.35442],[26.0336,44.35436],[26.03329,44.35389],[26.0325,44.35248],[26.03176,44.35124],[26.03179,44.3512],[26.03237,44.35101],[26.03362,44.35065],[26.03369,44.35055],[26.03283,44.34916],[26.03275,44.34909],[26.0326,44.34909],[26.0325,44.34906],[26.03246,44.34898],[26.03254,44.34887],[26.03265,44.34886],[26.03274,44.34891],[26.03285,44.34908],[26.03352,44.35013],[26.03373,44.35051],[26.03375,44.35058],[26.03371,44.35065],[26.03337,44.35077],[26.03185,44.35123],[26.03186,44.35129],[26.03245,44.35226],[26.03256,44.35248],[26.03344,44.35399],[26.0336,44.35424],[26.03367,44.35429],[26.03381,44.35434],[26.03382,44.35438],[26.03376,44.35448],[26.03428,44.35543],[26.03445,44.35568],[26.03541,44.3564],[26.03605,44.35694],[26.03645,44.35737],[26.03671,44.35779],[26.03695,44.35826],[26.0382,44.36173],[26.03831,44.36199],[26.03841,44.36213],[26.03845,44.36237],[26.03967,44.36448],[26.04024,44.36539],[26.04039,44.36556],[26.04061,44.36605],[26.04285,44.36987],[26.04391,44.3716],[26.04502,44.37349],[26.04534,44.37394],[26.04549,44.37424],[26.0465,44.37594],[26.0465,44.37597],[26.04667,44.37629],[26.04692,44.37666],[26.04714,44.37712],[26.04719,44.37727],[26.0472,44.37746],[26.04713,44.37792],[26.04644,44.38086],[26.04643,44.38117],[26.04651,44.38177],[26.04655,44.38186],[26.04689,44.38453],[26.04698,44.38498],[26.0474,44.38823],[26.04816,44.39373],[26.04833,44.3953],[26.04875,44.39821],[26.04889,44.39964],[26.04892,44.39967],[26.04911,44.39972],[26.04951,44.3999],[26.0496,44.39999],[26.04974,44.40018],[26.05073,44.40226],[26.05235,44.40557],[26.05402,44.4089],[26.05814,44.41729],[26.05839,44.41767],[26.05864,44.41796],[26.05873,44.41811],[26.059,44.41841],[26.05941,44.42129],[26.05964,44.42257],[26.06014,44.42627],[26.0601,44.42632],[26.06,44.42636],[26.05886,44.42623],[26.0587,44.42623],[26.05828,44.42632],[26.0582,44.42631],[26.05797,44.42623],[26.05764,44.42615],[26.05705,44.4261],[26.05537,44.42587],[26.05529,44.42588],[26.05526,44.42591],[26.05522,44.42604],[26.05481,44.42782],[26.05475,44.428],[26.05465,44.42805],[26.05454,44.42855],[26.05522,44.42859],[26.05556,44.42864]]},"properties":{"route_id":"1008-804","line":"487","name":"487","ref":"487","long_name":"ELI-NP Magurele - Bd. G-ral Paul Teodorescu","type":"bus","color":"#662483"}},{"type":"Feature","geometry":{"type":"MultiLineString","coordinates":[[[26.07499,44.44565],[26.07332,44.44423],[26.07163,44.44269],[26.07135,44.44248],[26.07256,44.44054],[26.07258,44.44046],[26.07254,44.44035],[26.07085,44.43914],[26.06953,44.43811],[26.06921,44.43788],[26.0691,44.43782],[26.06646,44.43686],[26.06618,44.43674],[26.06577,44.43652],[26.06549,44.43641],[26.0645,44.43593],[26.06426,44.43579],[26.0639,44.43565],[26.06315,44.43543],[26.06233,44.43535],[26.06186,44.43528],[26.06,44.43469],[26.05685,44.43466],[26.05403,44.43462],[26.05295,44.43458],[26.04835,44.43453],[26.0444,44.43444],[26.04268,44.43443],[26.04176,44.43441],[26.04058,44.43435],[26.03553,44.43432],[26.03491,44.43436],[26.03383,44.43438],[26.02979,44.43429],[26.02861,44.4343],[26.02531,44.43426],[26.02406,44.43422],[26.02342,44.43423],[26.02014,44.43415],[26.01545,44.43408],[26.01298,44.43402],[26.01234,44.43404],[26.01182,44.43403],[26.01144,44.43398],[26.00882,44.43393],[26.00676,44.43391],[26.00479,44.43396],[26.00089,44.43388],[25.99698,44.43386],[25.99215,44.43426],[25.99193,44.43429],[25.98735,44.43469],[25.98646,44.43474],[25.98224,44.43512],[25.97873,44.4354],[25.97534,44.43566],[25.97524,44.43563],[25.9752,44.43556],[25.97529,44.43548],[25.97552,44.43545],[25.97564,44.43544],[25.97607,44.43549],[25.97622,44.43547]],[[25.97622,44.43547],[25.98344,44.43484],[25.99699,44.43371],[25.99828,44.43369],[26.00472,44.43377],[26.00589,44.43375],[26.00647,44.43372],[26.00706,44.43372],[26.0083,44.43376],[26.01176,44.43383],[26.01246,44.43383],[26.01559,44.43388],[26.01666,44.43388],[26.02354,44.43404],[26.02532,44.43404],[26.02733,44.43409],[26.0295,44.43411],[26.03357,44.43419],[26.03432,44.43414],[26.03617,44.43415],[26.0369,44.43418],[26.04293,44.43425],[26.04599,44.43431],[26.04983,44.43434],[26.05401,44.4344],[26.05548,44.43444],[26.05969,44.43448],[26.05992,44.43454],[26.06174,44.43515],[26.06213,44.43524],[26.06297,44.43532],[26.06333,44.43537],[26.06373,44.43547],[26.06413,44.4356],[26.0664,44.4367],[26.06795,44.4373],[26.06893,44.43763],[26.06943,44.43786],[26.06985,44.43813],[26.07051,44.43865],[26.07078,44.43882],[26.07159,44.43943],[26.07277,44.44026],[26.07296,44.44052],[26.07786,44.44221],[26.07804,44.44225],[26.07899,44.4426],[26.07925,44.44275],[26.07953,44.4436],[26.07955,44.44374],[26.07951,44.44387],[26.07931,44.44403],[26.0761,44.44614],[26.07589,44.44619],[26.07562,44.44616],[26.07551,44.44612],[26.07524,44.44586],[26.07499,44.44565]]]},"properties":{"route_id":"1008-81","line":"62","name":"62","ref":"62","long_name":"Colegiul Tehnic Iuliu Maniu - Gara de Nord","type":"trolleybus","color":"#008D36"}},{"type":"Feature","geometry":{"type":"MultiLineString","coordinates":[[[26.07395,44.4527],[26.07352,44.45278],[26.07332,44.4528],[26.07322,44.45279],[26.0713,44.45194],[26.07068,44.4516],[26.0704,44.4514],[26.07014,44.45119],[26.06952,44.45063],[26.06944,44.45053],[26.06941,44.45043],[26.06943,44.45032],[26.06949,44.45024],[26.06959,44.45018],[26.07427,44.44807],[26.07546,44.44765],[26.07558,44.44758],[26.07567,44.44744],[26.07563,44.44737],[26.07516,44.44695],[26.07518,44.44681],[26.07545,44.44618],[26.07547,44.44608],[26.07538,44.44594],[26.07499,44.44565],[26.07467,44.44535],[26.07296,44.44652],[26.07261,44.44678],[26.07143,44.44755],[26.06892,44.44926],[26.06846,44.44953],[26.06812,44.44969],[26.06754,44.44956],[26.06662,44.44909],[26.06503,44.44838],[26.06472,44.44829],[26.06432,44.44815],[26.06268,44.44744],[26.06202,44.44724],[26.06057,44.44688],[26.0603,44.44678],[26.06025,44.44641],[26.06033,44.44621],[26.06062,44.4448],[26.06067,44.44431],[26.0604,44.44302],[26.06023,44.44249],[26.06016,44.44213],[26.06,44.44175],[26.05982,44.44149],[26.05884,44.44073],[26.05851,44.44037],[26.05783,44.43987],[26.05574,44.43825],[26.05519,44.43772],[26.0549,44.43731],[26.05471,44.437],[26.05447,44.4364],[26.05424,44.4353],[26.05428,44.43414],[26.05425,44.43335],[26.05434,44.42978],[26.0543,44.42954],[26.0544,44.4289],[26.05445,44.4288],[26.05453,44.42872],[26.05467,44.42861],[26.05484,44.42858],[26.05556,44.42864],[26.05957,44.42889],[26.06094,44.42899],[26.06105,44.42899],[26.06128,44.42891],[26.06149,44.42886],[26.06515,44.42584],[26.06785,44.42373],[26.06988,44.42217],[26.07007,44.42201],[26.07152,44.42097],[26.07503,44.41833],[26.08367,44.41112],[26.08618,44.40916],[26.08646,44.409],[26.08659,44.40898],[26.08672,44.40898],[26.08684,44.40901],[26.08698,44.40909],[26.0872,44.4093],[26.08754,44.40967],[26.08815,44.41047],[26.08862,44.41112],[26.0887,44.41115],[26.08879,44.41116],[26.08895,44.41111],[26.08901,44.411],[26.08909,44.41091],[26.08939,44.41046],[26.09037,44.40886],[26.0907,44.40849],[26.09108,44.40821],[26.09237,44.40739],[26.09536,44.40561],[26.09577,44.40539],[26.096,44.40516],[26.09619,44.40491],[26.09632,44.40459],[26.09651,44.40437],[26.09678,44.40399],[26.09711,44.4036],[26.09799,44.40277],[26.0989,44.40175],[26.09907,44.40162],[26.09939,44.40144],[26.10084,44.401],[26.10584,44.3997],[26.10627,44.39954],[26.12073,44.39399],[26.1243,44.39249],[26.12996,44.39006],[26.1312,44.38955],[26.13818,44.38656],[26.14183,44.38503],[26.1465,44.38333],[26.14675,44.38349],[26.14688,44.38361],[26.14687,44.38369],[26.14671,44.38381],[26.14658,44.38384],[26.14646,44.38379],[26.14628,44.38379],[26.14596,44.3839],[26.14569,44.38404]],[[26.1457,44.38405],[26.14551,44.38407],[26.14535,44.38406],[26.14507,44.38396],[26.14495,44.38395],[26.1448,44.38398],[26.14228,44.38489],[26.14139,44.38524],[26.13596,44.38756],[26.12676,44.39146],[26.12639,44.39166],[26.12531,44.39215],[26.12235,44.39343],[26.12164,44.39375],[26.12115,44.39413],[26.12103,44.39431],[26.12098,44.39445],[26.12097,44.3947],[26.12099,44.39496],[26.12093,44.39633],[26.1211,44.39978],[26.12113,44.39998],[26.12119,44.40201],[26.12145,44.4067],[26.12148,44.40683],[26.12155,44.40692],[26.12164,44.40697],[26.12176,44.4071],[26.12177,44.40731],[26.12156,44.40753],[26.12156,44.40782],[26.12166,44.40814],[26.12188,44.40847],[26.1223,44.40887],[26.12302,44.40939],[26.12837,44.41222],[26.13122,44.41386],[26.13243,44.41468],[26.1328,44.41498],[26.13337,44.41538],[26.13377,44.41571],[26.13411,44.41606],[26.13481,44.41698],[26.13528,44.41765],[26.13648,44.41971],[26.13676,44.4202],[26.13679,44.42028],[26.13739,44.42371],[26.13748,44.42488],[26.13762,44.42566],[26.1377,44.42597],[26.13781,44.42627],[26.13898,44.42899],[26.13911,44.42922],[26.13922,44.42955],[26.13932,44.43012],[26.13933,44.43032],[26.13929,44.43077],[26.13922,44.43109],[26.13913,44.43131],[26.1385,44.43275],[26.13794,44.43389],[26.13768,44.43446],[26.13747,44.43483],[26.13633,44.43774],[26.13617,44.438],[26.13559,44.4388],[26.13442,44.44035],[26.1343,44.44047],[26.13319,44.44142],[26.13299,44.44156],[26.13239,44.44189],[26.1295,44.44355],[26.1289,44.44407],[26.12845,44.44436],[26.12823,44.44452],[26.12803,44.44471],[26.1276,44.44515],[26.12659,44.44653],[26.12639,44.44699],[26.12636,44.44738],[26.12624,44.44787],[26.12615,44.44814],[26.12594,44.44857],[26.12495,44.44959],[26.12486,44.44967],[26.12466,44.44975],[26.12447,44.44978],[26.12431,44.44985],[26.12398,44.4501],[26.12361,44.45043],[26.12307,44.45082],[26.12267,44.45105],[26.12222,44.45128],[26.12185,44.45143],[26.12041,44.45185],[26.11928,44.45216],[26.11867,44.4523],[26.11775,44.45245],[26.11336,44.45285],[26.11268,44.45288],[26.10599,44.45299],[26.10263,44.453],[26.10108,44.45303],[26.0981,44.45301],[26.09407,44.45276],[26.09144,44.45256],[26.08987,44.45241],[26.0875,44.45212],[26.08702,44.45211],[26.08521,44.45213],[26.08393,44.45212],[26.08275,44.45214],[26.08037,44.45215],[26.07723,44.45214],[26.07698,44.45216],[26.07625,44.45228],[26.07395,44.45271]]]},"properties":{"route_id":"1008-812","line":"N1","name":"N1","ref":"N1","long_name":"Romprim - Bd. Banu Manta","type":"bus","color":"#2D2E83"}},{"type":"Feature","geometry":{"type":"MultiLineString","coordinates":[[[26.18337,44.44054],[26.17914,44.44123],[26.17678,44.44159],[26.17558,44.4418],[26.17442,44.44195],[26.1714,44.44214],[26.16986,44.44227],[26.16536,44.44255],[26.16406,44.44258],[26.15994,44.44273],[26.159,44.4428],[26.15809,44.44289],[26.15715,44.44295],[26.1522,44.44335],[26.15003,44.44315],[26.14947,44.44305],[26.1407,44.44209],[26.13482,44.44139],[26.13439,44.44137],[26.13402,44.44139],[26.13347,44.4413],[26.13332,44.44132],[26.13316,44.44145],[26.12921,44.44372],[26.12858,44.44415],[26.1283,44.44437],[26.12782,44.44482],[26.1276,44.44505],[26.12664,44.44625],[26.1265,44.44648],[26.12596,44.44788],[26.12588,44.44804],[26.12563,44.44843],[26.12501,44.44914],[26.12498,44.44923],[26.12497,44.44939],[26.12492,44.44951],[26.12485,44.44959],[26.12474,44.44967],[26.12434,44.44982],[26.12344,44.45055],[26.12287,44.45093],[26.12213,44.45132],[26.12155,44.45152],[26.11928,44.45216],[26.11867,44.4523],[26.11775,44.45245],[26.11336,44.45285],[26.11268,44.45288],[26.10751,44.45297],[26.10528,44.45299],[26.10516,44.45301],[26.10506,44.45305],[26.10498,44.4531],[26.10493,44.45316],[26.10484,44.45336],[26.10487,44.45358],[26.10985,44.46954],[26.10991,44.46982],[26.10989,44.4701],[26.10984,44.47039],[26.10646,44.47673],[26.10604,44.47735],[26.10576,44.47769],[26.10534,44.47814],[26.10484,44.47859],[26.10422,44.47906],[26.10243,44.48035],[26.10104,44.48147],[26.09444,44.48616],[26.09218,44.48752],[26.09191,44.48771],[26.09174,44.48795],[26.09115,44.48961],[26.0909,44.49006],[26.09064,44.49039],[26.09055,44.49049],[26.09036,44.49064],[26.08859,44.49197],[26.08747,44.49279],[26.08681,44.49317],[26.08622,44.49346],[26.08573,44.49367],[26.08556,44.49372],[26.08235,44.49414],[26.08223,44.49421],[26.08215,44.49429],[26.0817,44.49504],[26.08081,44.49516]],[[26.08081,44.49516],[26.08024,44.49523],[26.08016,44.49519],[26.08003,44.49497],[26.08004,44.49486],[26.08026,44.4945],[26.08035,44.49442],[26.08047,44.49436],[26.08057,44.49433],[26.08145,44.49421],[26.08424,44.49386],[26.08498,44.49378],[26.08553,44.4937],[26.08564,44.49367],[26.08605,44.49351],[26.08698,44.49304],[26.08736,44.49282],[26.08783,44.49249],[26.09051,44.49048],[26.09058,44.49041],[26.09083,44.49009],[26.09107,44.48968],[26.09127,44.48917],[26.0917,44.48793],[26.09182,44.48775],[26.09197,44.48761],[26.09438,44.48615],[26.0999,44.48224],[26.10109,44.48138],[26.10223,44.48046],[26.10465,44.47867],[26.10538,44.47804],[26.10586,44.47754],[26.10621,44.47702],[26.10717,44.47529],[26.10944,44.47095],[26.10978,44.47034],[26.10987,44.47001],[26.10984,44.4697],[26.10968,44.46918],[26.10605,44.45753],[26.10491,44.45395],[26.10489,44.4538],[26.10478,44.45339],[26.10481,44.45326],[26.10487,44.45315],[26.10493,44.45308],[26.10503,44.45301],[26.10515,44.45297],[26.10529,44.45296],[26.11128,44.45288],[26.11333,44.45282],[26.11402,44.45277],[26.11721,44.45247],[26.11788,44.4524],[26.11845,44.45231],[26.11932,44.45211],[26.12078,44.45171],[26.12214,44.45128],[26.1229,44.45087],[26.1237,44.45029],[26.12414,44.4499],[26.12424,44.44974],[26.12425,44.44955],[26.12431,44.4494],[26.1244,44.44929],[26.12481,44.44905],[26.12503,44.44896],[26.12519,44.44885],[26.12552,44.4485],[26.12586,44.44799],[26.12596,44.44779],[26.12637,44.44668],[26.12643,44.44655],[26.12663,44.44622],[26.12678,44.44601],[26.12746,44.44516],[26.1277,44.44488],[26.1281,44.4445],[26.1284,44.44425],[26.12902,44.4438],[26.13313,44.44142],[26.13353,44.44107],[26.13367,44.44097],[26.13377,44.44092],[26.13395,44.44093],[26.13405,44.44098],[26.13433,44.44127],[26.13469,44.44137],[26.14949,44.44303],[26.15015,44.44314],[26.15225,44.44332],[26.15883,44.44279],[26.16,44.44271],[26.16361,44.44257],[26.16549,44.44252],[26.17056,44.44219],[26.1716,44.4421],[26.17215,44.44208],[26.17436,44.44193],[26.1821,44.44072],[26.18242,44.44065],[26.18254,44.4406],[26.18265,44.4405],[26.18276,44.44027],[26.18282,44.44022],[26.18314,44.44017],[26.18323,44.44014],[26.18385,44.44004],[26.18398,44.44004],[26.18421,44.44013],[26.18429,44.44021],[26.1843,44.4403],[26.18423,44.44038],[26.18412,44.44043],[26.18337,44.44054]]]},"properties":{"route_id":"1008-814","line":"5","name":"5","ref":"5","long_name":"Aeroport Baneasa - Pantelimon","type":"tram","color":"#BE1622"}},{"type":"Feature","geometry":{"type":"MultiLineString","coordinates":[[[26.04667,44.41485],[26.04678,44.41478],[26.04688,44.41478],[26.04697,44.41481],[26.04708,44.41488],[26.04712,44.41499],[26.04713,44.41523],[26.04717,44.41531],[26.04726,44.41534],[26.04922,44.41551],[26.05026,44.41563],[26.0505,44.41569],[26.05849,44.41816],[26.05873,44.41821],[26.0588,44.41821],[26.05884,44.41818],[26.05885,44.41811],[26.0588,44.41783],[26.05878,44.41754],[26.0589,44.41707],[26.05904,44.41687],[26.05957,44.41629],[26.06058,44.41538],[26.06077,44.41525],[26.06146,44.41491],[26.06169,44.41475],[26.06174,44.41467],[26.06146,44.41406],[26.05903,44.4083],[26.05867,44.40756],[26.05743,44.40463],[26.05729,44.40423],[26.0578,44.4036],[26.0578,44.40353],[26.05772,44.40345],[26.05711,44.40321],[26.05629,44.40285],[26.05578,44.40267],[26.05476,44.40225],[26.05195,44.40116],[26.0511,44.40081],[26.05097,44.40079],[26.05063,44.40066],[26.05012,44.40044],[26.04999,44.4004],[26.04949,44.40036],[26.04916,44.40023],[26.04869,44.39995],[26.04821,44.39962],[26.04567,44.39863],[26.04539,44.39854],[26.04502,44.3986],[26.04489,44.39856],[26.04479,44.39847],[26.04478,44.39841],[26.04469,44.39832],[26.04284,44.39749],[26.03994,44.39637],[26.03906,44.3961],[26.03736,44.39565],[26.02506,44.39223],[26.02026,44.39088],[26.01948,44.39068],[26.01298,44.38886],[26.01138,44.38843],[26.01074,44.38824],[26.0106,44.38823],[26.01048,44.38825],[26.01028,44.38843],[26.00867,44.39056],[26.00858,44.39058],[26.00844,44.39057],[26.00548,44.38976],[26.00539,44.38983],[26.0053,44.38983],[26.00528,44.38971],[26.00444,44.38948],[26.00376,44.38927],[26.00307,44.38909],[26.00086,44.38845],[26.00079,44.38844],[26.0007,44.38856],[26.00064,44.38859],[26.00044,44.38853],[26.00042,44.38849],[26.00056,44.38833],[26.00108,44.38847]],[[26.00108,44.38847],[26.00212,44.38879],[26.00483,44.38956],[26.00584,44.38982],[26.00849,44.39055],[26.00859,44.39055],[26.00871,44.39046],[26.01036,44.38827],[26.01037,44.38821],[26.01034,44.38813],[26.01039,44.38805],[26.01052,44.38802],[26.01064,44.38806],[26.01068,44.38814],[26.01082,44.38819],[26.0186,44.39031],[26.02597,44.39239],[26.03996,44.39628],[26.04478,44.39819],[26.04504,44.39829],[26.04519,44.39832],[26.04731,44.39919],[26.04837,44.3996],[26.04876,44.39972],[26.04951,44.3999],[26.05003,44.40015],[26.05023,44.40028],[26.05108,44.40064],[26.05426,44.4019],[26.0549,44.40217],[26.05776,44.4033],[26.05789,44.40341],[26.05791,44.40348],[26.05789,44.40359],[26.05761,44.40396],[26.05748,44.40406],[26.05737,44.40423],[26.05748,44.40454],[26.05907,44.40823],[26.06071,44.41214],[26.06181,44.41468],[26.0618,44.41476],[26.06087,44.41526],[26.06058,44.41544],[26.05948,44.41647],[26.0591,44.41692],[26.059,44.41713],[26.0589,44.4177],[26.05896,44.41819],[26.05886,44.41837],[26.05872,44.41838],[26.05327,44.4167],[26.05297,44.41663],[26.05192,44.41629],[26.0508,44.4159],[26.05022,44.41574],[26.0496,44.41566],[26.04905,44.41562],[26.04779,44.41549],[26.04562,44.4153],[26.04544,44.41524],[26.0454,44.41518],[26.04539,44.41513],[26.04541,44.41506],[26.04547,44.41502],[26.04572,44.41501],[26.04625,44.41505],[26.04667,44.41485]]]},"properties":{"route_id":"1008-820","line":"484","name":"484","ref":"484","long_name":"Bragadiru Diamantului - Ghencea","type":"bus","color":"#662483"}},{"type":"Feature","geometry":{"type":"MultiLineString","coordinates":[[[26.00108,44.38847],[26.00212,44.38879],[26.00483,44.38956],[26.00584,44.38982],[26.00622,44.38994],[26.00652,44.39001],[26.0085,44.39056],[26.00859,44.39057],[26.00862,44.39061],[26.0086,44.39065],[26.00845,44.39076],[26.00636,44.3935],[26.00638,44.39356],[26.00718,44.39386],[26.00724,44.39393],[26.00723,44.39403],[26.00719,44.39411],[26.00512,44.39649],[26.00257,44.39937],[26.00235,44.39966],[26.00204,44.39999],[26.00153,44.40059],[26.00152,44.40066],[26.00154,44.40068],[26.00673,44.40345],[26.01077,44.40563],[26.01083,44.40564],[26.01097,44.40563],[26.01149,44.40518],[26.0121,44.40455],[26.01271,44.40399],[26.0132,44.40346],[26.01328,44.40342],[26.01338,44.40341],[26.01362,44.40354],[26.01544,44.40534],[26.01878,44.4087],[26.01965,44.40955],[26.02071,44.41056],[26.0215,44.41128],[26.02183,44.41161],[26.02412,44.41283],[26.02566,44.41299],[26.02589,44.41298],[26.02593,44.41302],[26.02595,44.41307],[26.02592,44.41312],[26.02575,44.41329],[26.02561,44.41357],[26.0239,44.41581],[26.02394,44.41592],[26.02404,44.41602],[26.02418,44.41608],[26.02432,44.4161],[26.02477,44.41611],[26.02507,44.41615],[26.02578,44.41632],[26.02628,44.41653],[26.0268,44.4168],[26.02734,44.41715],[26.02836,44.41777],[26.02879,44.41801],[26.02912,44.41816],[26.0298,44.41835],[26.03014,44.41841],[26.0307,44.41846],[26.03133,44.41843],[26.03182,44.41834],[26.0324,44.4182],[26.03392,44.41792],[26.03414,44.41783],[26.03426,44.4177],[26.0343,44.41761],[26.03434,44.41729]],[[26.03434,44.41729],[26.03459,44.41576],[26.03495,44.41433],[26.03482,44.4142],[26.0343,44.4141],[26.03371,44.41402],[26.03058,44.41364],[26.02996,44.41359],[26.0265,44.41316],[26.02612,44.41312],[26.02581,44.41312],[26.02562,44.41305],[26.02447,44.41292],[26.02405,44.41283],[26.0218,44.41161],[26.01918,44.40916],[26.01841,44.40842],[26.01528,44.40524],[26.01365,44.40362],[26.013,44.40323],[26.00722,44.40006],[26.00365,44.39817],[26.00363,44.39815],[26.00364,44.39811],[26.00577,44.39566],[26.00649,44.39486],[26.00716,44.39407],[26.00718,44.39395],[26.00714,44.39387],[26.00637,44.3936],[26.00633,44.39358],[26.0063,44.39351],[26.00731,44.39214],[26.00847,44.39067],[26.00848,44.39063],[26.00844,44.39059],[26.00828,44.39053],[26.00444,44.38948],[26.00376,44.38927],[26.00307,44.38909],[26.00086,44.38845],[26.00079,44.38844],[26.0007,44.38856],[26.00064,44.38859],[26.00044,44.38853],[26.00042,44.38849],[26.00056,44.38833],[26.00108,44.38847]]]},"properties":{"route_id":"1008-821","line":"485","name":"485","ref":"485","long_name":"Bragadiru Diamantului - Parcul Drumul Taberei","type":"bus","color":"#662483"}},{"type":"Feature","geometry":{"type":"MultiLineString","coordinates":[[[26.17895,44.42624],[26.17893,44.42605],[26.17887,44.42591],[26.17864,44.42563],[26.17739,44.4243],[26.17719,44.42393],[26.17658,44.42325],[26.17547,44.42195],[26.17524,44.42158],[26.17519,44.42147],[26.17515,44.4213],[26.17513,44.42074],[26.17517,44.42051],[26.17525,44.42027],[26.17553,44.41968],[26.17579,44.41925],[26.17588,44.41914],[26.176,44.41884],[26.17604,44.41834],[26.176,44.41817],[26.17588,44.41798],[26.17571,44.41782],[26.17542,44.41765],[26.17442,44.41734],[26.17409,44.41728],[26.17384,44.41726],[26.17321,44.41729],[26.17231,44.41747],[26.17202,44.41751],[26.1714,44.41746],[26.17108,44.41742],[26.17019,44.41724],[26.16938,44.41698],[26.16864,44.41666],[26.16786,44.4163],[26.16721,44.4161],[26.16667,44.41597],[26.16625,44.41592],[26.16556,44.41586],[26.16524,44.41585],[26.1651,44.41588],[26.16509,44.41601],[26.1652,44.41672],[26.16524,44.41714],[26.16523,44.41771],[26.16507,44.41879],[26.1642,44.42215],[26.16354,44.42483],[26.16294,44.42704],[26.16263,44.42836],[26.16211,44.42972],[26.16024,44.43489],[26.15857,44.4384],[26.15817,44.43933],[26.15758,44.44103],[26.15748,44.44143],[26.15752,44.44218],[26.15756,44.44239],[26.15767,44.44269],[26.15781,44.44282],[26.15785,44.44293],[26.15784,44.44303],[26.15778,44.44312],[26.15748,44.44316],[26.15612,44.44313],[26.152,44.44347],[26.15098,44.44357],[26.15068,44.44358],[26.14853,44.44381],[26.14798,44.44384],[26.14413,44.44424],[26.1425,44.44444],[26.14234,44.4444],[26.13809,44.44485],[26.13741,44.44493],[26.13676,44.44506],[26.13615,44.4453],[26.13558,44.44563],[26.13518,44.44592],[26.13491,44.44615],[26.13471,44.44623],[26.13466,44.4463],[26.13437,44.44652],[26.1343,44.44661],[26.13213,44.44821],[26.13098,44.4497],[26.12904,44.45202],[26.12886,44.45218],[26.1285,44.4526],[26.12816,44.45304],[26.12776,44.45349],[26.12763,44.45355],[26.12754,44.45354],[26.12746,44.4535],[26.12728,44.45328],[26.12517,44.45041],[26.12483,44.45006],[26.12448,44.44979],[26.12424,44.44965],[26.12412,44.44946],[26.12412,44.44932],[26.12417,44.44924],[26.1243,44.44913],[26.12451,44.44909],[26.12464,44.44909],[26.12482,44.44916],[26.12495,44.44924],[26.12505,44.44943],[26.12542,44.4503],[26.12581,44.4508]],[[26.12581,44.45079],[26.12635,44.45154],[26.12741,44.45295],[26.12759,44.45324],[26.12778,44.45328],[26.1279,44.4532],[26.12914,44.45174],[26.13166,44.4486],[26.13213,44.44807],[26.13508,44.44588],[26.13602,44.44515],[26.13621,44.44502],[26.13635,44.44496],[26.13659,44.4449],[26.14135,44.44436],[26.142,44.44431],[26.14383,44.44412],[26.14554,44.44391],[26.1484,44.44363],[26.1493,44.44351],[26.14948,44.44347],[26.1496,44.44341],[26.14979,44.44326],[26.14987,44.4431],[26.15008,44.44303],[26.15214,44.44321],[26.1526,44.4432],[26.15633,44.4429],[26.15659,44.44285],[26.15707,44.44271],[26.1572,44.44269],[26.1572,44.44255],[26.15724,44.44243],[26.15722,44.44203],[26.15726,44.44136],[26.1574,44.44084],[26.15804,44.43909],[26.15844,44.43817],[26.15855,44.43797],[26.1597,44.43548],[26.15985,44.43512],[26.15998,44.43471],[26.16015,44.43429],[26.16222,44.42859],[26.1627,44.42689],[26.16329,44.42446],[26.16432,44.42053],[26.16478,44.41868],[26.16488,44.41813],[26.16493,44.41717],[26.16478,44.41607],[26.16493,44.41586],[26.16505,44.41581],[26.16518,44.41579],[26.1661,44.41583],[26.16688,44.41595],[26.16742,44.41607],[26.16775,44.41618],[26.16926,44.41685],[26.1697,44.41701],[26.17026,44.41718],[26.17112,44.41735],[26.1716,44.41741],[26.17188,44.41743],[26.17339,44.4172],[26.17387,44.41719],[26.17418,44.41722],[26.17448,44.41728],[26.17521,44.4175],[26.17534,44.41752],[26.17557,44.4175],[26.17591,44.41743],[26.17621,44.41746],[26.17626,44.41751],[26.17631,44.41781],[26.17629,44.41866],[26.17614,44.41916],[26.17599,44.41944],[26.17597,44.41955],[26.17555,44.42025],[26.17548,44.42044],[26.1754,44.42059],[26.17537,44.42126],[26.17546,44.42152],[26.17569,44.4219],[26.17587,44.42215],[26.17726,44.42365],[26.17737,44.42375],[26.17922,44.42585],[26.17961,44.42623],[26.18005,44.42658],[26.18018,44.42681],[26.18014,44.42694],[26.17924,44.42733],[26.17882,44.4271],[26.17881,44.42699],[26.17894,44.42648],[26.17895,44.42624]]]},"properties":{"route_id":"1008-824","line":"101","name":"101","ref":"101","long_name":"Faur - Bucur Obor","type":"bus","color":"#1D71B8"}},{"type":"Feature","geometry":{"type":"MultiLineString","coordinates":[[[25.97878,44.40678],[25.98077,44.40708],[25.98095,44.40707],[25.98139,44.40689],[25.98165,44.40687],[25.98183,44.40692],[25.98192,44.40701],[25.98197,44.40717],[25.98209,44.40733],[25.98221,44.40739],[25.98239,44.40742],[25.98273,44.40743],[25.98319,44.40742],[25.98344,44.40746],[25.98597,44.4074],[25.98908,44.40735],[25.98947,44.40745],[25.99115,44.40799],[25.99547,44.40928],[25.99567,44.40932],[26.00763,44.41076],[26.02258,44.41263],[26.02532,44.41296],[26.02569,44.41302],[26.02587,44.41296],[26.02597,44.41295],[26.02615,44.41297],[26.04318,44.41504],[26.04474,44.41512],[26.04696,44.41531],[26.04869,44.41544],[26.05026,44.41563],[26.05359,44.41663],[26.0583,44.4181],[26.05924,44.41836],[26.05994,44.41859],[26.06027,44.41873],[26.06254,44.4195],[26.06523,44.42037],[26.06654,44.42085],[26.06788,44.42138],[26.0706,44.42233],[26.07158,44.42269],[26.07272,44.42316],[26.07315,44.42362],[26.07267,44.42409],[26.07168,44.42476],[26.07094,44.42521],[26.06969,44.42587],[26.06836,44.42654],[26.06726,44.42713],[26.06578,44.42806],[26.06577,44.42817],[26.06661,44.42885],[26.06704,44.4293],[26.06752,44.4299],[26.06814,44.4306],[26.06824,44.43074],[26.06838,44.43112],[26.06846,44.43119],[26.0695,44.43193],[26.06989,44.43216],[26.07034,44.43253],[26.07071,44.43292],[26.07154,44.4335],[26.07379,44.43503],[26.07473,44.43572],[26.08024,44.43943],[26.08101,44.43998],[26.08114,44.44002],[26.08127,44.44002],[26.08155,44.43999],[26.08193,44.44003],[26.08312,44.44005],[26.0842,44.44012],[26.08466,44.44013],[26.08529,44.44008],[26.08629,44.44002],[26.08693,44.44],[26.08799,44.43993],[26.08871,44.43982],[26.08915,44.4398],[26.08998,44.43982],[26.09102,44.43995],[26.09205,44.44004],[26.09251,44.44005],[26.09324,44.44009],[26.09346,44.44003],[26.09414,44.44021],[26.09557,44.44063],[26.0957,44.44064],[26.09585,44.44061],[26.09627,44.44032],[26.0966,44.43998],[26.09668,44.43993],[26.09683,44.43989],[26.09801,44.44029],[26.09862,44.44048],[26.09874,44.44049],[26.09943,44.44061],[26.09964,44.44063],[26.09979,44.44058],[26.10034,44.43948],[26.1018,44.43646]],[[26.1018,44.43646],[26.10223,44.43555],[26.10205,44.43549],[26.10145,44.43537],[26.10065,44.43525],[26.09959,44.43503],[26.09835,44.43481],[26.0884,44.4346],[26.0881,44.43461],[26.08796,44.43464],[26.08778,44.43464],[26.0874,44.43458],[26.08456,44.43453],[26.0841,44.43454],[26.0795,44.43444],[26.0793,44.43447],[26.07648,44.43546],[26.07542,44.43587],[26.07531,44.43593],[26.07517,44.43598],[26.07506,44.43598],[26.07494,44.43596],[26.07478,44.43588],[26.07411,44.43539],[26.07037,44.43283],[26.0696,44.43238],[26.06832,44.43151],[26.06752,44.4314],[26.06734,44.43135],[26.06598,44.43082],[26.06546,44.43058],[26.06515,44.43042],[26.06488,44.43024],[26.0638,44.42936],[26.06375,44.42924],[26.06382,44.42911],[26.06412,44.42892],[26.06463,44.42851],[26.06685,44.42716],[26.06809,44.42642],[26.06861,44.42614],[26.06874,44.42603],[26.06958,44.42565],[26.07016,44.42537],[26.07074,44.42506],[26.07176,44.42429],[26.07225,44.42387],[26.07234,44.42374],[26.07237,44.42345],[26.07229,44.42327],[26.07219,44.42317],[26.07193,44.42305],[26.07034,44.42247],[26.06958,44.42217],[26.06608,44.42085],[26.06495,44.42051],[26.06343,44.41996],[26.06152,44.41932],[26.05961,44.4187],[26.05873,44.41838],[26.05756,44.41803],[26.05327,44.4167],[26.05297,44.41663],[26.05192,44.41629],[26.05023,44.41578],[26.04829,44.41556],[26.04551,44.41531],[26.04364,44.41527],[26.04253,44.41515],[26.03371,44.41402],[26.03058,44.41364],[26.02996,44.41359],[26.0265,44.41316],[26.02612,44.41312],[26.02581,44.41312],[26.02562,44.41305],[26.02547,44.41303],[26.02447,44.41292],[26.01873,44.4122],[26.01845,44.41218],[26.01636,44.41189],[26.01174,44.41131],[26.00204,44.41014],[26.00174,44.41009],[25.99557,44.40934],[25.99537,44.4093],[25.99469,44.40912],[25.99415,44.40896],[25.99028,44.40778],[25.98937,44.40747],[25.98919,44.40742],[25.98899,44.40739],[25.98343,44.40751],[25.98327,44.40757],[25.98316,44.40758],[25.98247,44.40758],[25.98216,44.40756],[25.982,44.40759],[25.98185,44.40765],[25.98173,44.40775],[25.98161,44.40782],[25.98145,44.40785],[25.98133,44.40784],[25.98118,44.40777],[25.98085,44.40752],[25.98074,44.40745],[25.98056,44.40737],[25.97994,44.40728],[25.97977,44.40727],[25.97926,44.40717],[25.97842,44.40704],[25.97757,44.40693],[25.97739,44.40684],[25.97734,44.40671],[25.97741,44.4066],[25.97754,44.40652],[25.97767,44.40651],[25.97782,44.40656],[25.97797,44.40664],[25.9782,44.4067],[25.97878,44.40678]]]},"properties":{"route_id":"1008-825","line":"122","name":"122","ref":"122","long_name":"Pasaj Domnesti - Piata 21 Decembrie 1989","type":"bus","color":"#1D71B8"}},{"type":"Feature","geometry":{"type":"MultiLineString","coordinates":[[[26.01451,44.4214],[26.01477,44.42141],[26.01517,44.42118],[26.01652,44.4213],[26.01686,44.42131],[26.01727,44.42129],[26.019,44.42104],[26.02014,44.42084],[26.02027,44.42079],[26.02046,44.42069],[26.02089,44.42127],[26.02098,44.42131],[26.02118,44.42153],[26.02142,44.42175],[26.02171,44.42199],[26.02199,44.42218],[26.02244,44.42242],[26.02293,44.42264],[26.02348,44.4228],[26.02407,44.42292],[26.02451,44.42298],[26.02483,44.423],[26.02545,44.42299],[26.02606,44.42293],[26.03021,44.42232],[26.03093,44.42223],[26.03238,44.42214],[26.03479,44.42209],[26.03578,44.42214],[26.03786,44.42232],[26.03974,44.42259],[26.04179,44.42302],[26.04268,44.42324],[26.04766,44.42428],[26.05049,44.42493],[26.05172,44.42517],[26.05347,44.42543],[26.05733,44.42596],[26.05796,44.42607],[26.05818,44.42613],[26.05838,44.42622],[26.05878,44.4265],[26.06005,44.42756],[26.06047,44.42785],[26.06072,44.42821],[26.06094,44.42858],[26.06113,44.4288],[26.06132,44.42891],[26.06145,44.42893],[26.06166,44.42906],[26.06176,44.42921],[26.06195,44.42942],[26.0624,44.42975],[26.06257,44.4298],[26.06274,44.42979],[26.06428,44.42882],[26.06532,44.42811],[26.06555,44.42807],[26.06562,44.42808],[26.06582,44.42826],[26.06661,44.42885],[26.06704,44.4293],[26.06752,44.4299],[26.06814,44.4306],[26.06824,44.43074],[26.06838,44.43112],[26.06846,44.43119],[26.0695,44.43193],[26.06989,44.43216],[26.07034,44.43253],[26.07071,44.43292],[26.07237,44.43407],[26.07379,44.43503],[26.07473,44.43572],[26.08024,44.43943],[26.08101,44.43998],[26.08114,44.44002],[26.08127,44.44002],[26.08155,44.43999],[26.08193,44.44003],[26.08312,44.44005],[26.0842,44.44012],[26.08466,44.44013],[26.08529,44.44008],[26.08629,44.44002],[26.08693,44.44],[26.08799,44.43993],[26.08871,44.43982],[26.08915,44.4398],[26.08998,44.43982],[26.09102,44.43995],[26.09205,44.44004],[26.09251,44.44005],[26.09324,44.44009],[26.09346,44.44003],[26.09415,44.44021],[26.09558,44.44063],[26.09569,44.44065],[26.09581,44.44059],[26.09627,44.4402],[26.09659,44.43989],[26.09687,44.43946],[26.09706,44.43921],[26.09848,44.43926],[26.09993,44.43908],[26.10025,44.43906],[26.10071,44.43915],[26.09902,44.44254],[26.09755,44.44559]],[[26.09755,44.44559],[26.09698,44.44668],[26.09715,44.44692],[26.09701,44.44716],[26.09684,44.44723],[26.09666,44.44723],[26.0965,44.44718],[26.09634,44.44702],[26.0963,44.44689],[26.09452,44.44666],[26.09412,44.44659],[26.09118,44.44562],[26.08819,44.44458],[26.08794,44.44447],[26.08775,44.44435],[26.08648,44.44379],[26.08626,44.44372],[26.08331,44.44328],[26.0822,44.4431],[26.08169,44.44299],[26.08154,44.443],[26.08125,44.44318],[26.08107,44.4432],[26.08092,44.44316],[26.08079,44.44307],[26.08076,44.44294],[26.0808,44.44282],[26.08087,44.44269],[26.08076,44.44229],[26.08074,44.44215],[26.08077,44.442],[26.08102,44.44127],[26.08116,44.44065],[26.08113,44.44031],[26.08102,44.44018],[26.0806,44.4399],[26.08004,44.43949],[26.07887,44.43872],[26.07793,44.43806],[26.07776,44.43796],[26.07525,44.43625],[26.07421,44.43545],[26.07337,44.43489],[26.07037,44.43283],[26.06937,44.4322],[26.06837,44.43153],[26.06803,44.43144],[26.06745,44.43138],[26.06598,44.43082],[26.06546,44.43058],[26.06516,44.43042],[26.06489,44.43024],[26.06384,44.42938],[26.06379,44.42936],[26.06373,44.42936],[26.06361,44.4294],[26.06298,44.42977],[26.06116,44.43096],[26.06046,44.43138],[26.06003,44.43155],[26.05994,44.43156],[26.05978,44.43153],[26.05972,44.43148],[26.05969,44.43141],[26.06,44.4308],[26.0605,44.43008],[26.0609,44.42958],[26.06102,44.42937],[26.06098,44.42922],[26.06096,44.42904],[26.06088,44.42887],[26.06064,44.4285],[26.06013,44.42783],[26.05873,44.42665],[26.05853,44.4265],[26.05829,44.42635],[26.05802,44.42623],[26.05775,44.42617],[26.05705,44.42611],[26.05681,44.42606],[26.05405,44.42569],[26.05244,44.42552],[26.05122,44.42532],[26.04991,44.42506],[26.04729,44.42449],[26.04646,44.42433],[26.04614,44.42425],[26.04129,44.4232],[26.03942,44.42282],[26.03746,44.42254],[26.03586,44.42243],[26.03481,44.42234],[26.03426,44.42231],[26.03367,44.42231],[26.03119,44.42243],[26.03014,44.42253],[26.02591,44.42313],[26.02531,44.42318],[26.02483,44.4232],[26.02432,44.42316],[26.02365,44.42304],[26.02302,44.42288],[26.02247,44.42265],[26.02176,44.4223],[26.02115,44.42183],[26.02069,44.42138],[26.02036,44.42095],[26.0203,44.42093],[26.02019,44.42093],[26.01985,44.421],[26.01947,44.42104],[26.01846,44.42121],[26.01742,44.42136],[26.01699,44.42139],[26.01653,44.42139],[26.0135,44.42112],[26.01347,44.42123],[26.01349,44.42131],[26.01358,44.42135],[26.01389,44.42133],[26.01451,44.4214]]]},"properties":{"route_id":"1008-826","line":"168","name":"168","ref":"168","long_name":"Valea Ialomitei - Piata Romana","type":"bus","color":"#1D71B8"}},{"type":"Feature","geometry":{"type":"MultiLineString","coordinates":[[[26.0692,44.44886],[26.0746,44.4453],[26.07478,44.44527],[26.07486,44.4453],[26.07566,44.44597],[26.07576,44.44613],[26.07577,44.44626],[26.07574,44.44633],[26.07569,44.4464],[26.07555,44.44651],[26.07548,44.44664],[26.07546,44.44672],[26.07547,44.4468],[26.07552,44.44688],[26.07574,44.44706],[26.07575,44.44705],[26.07616,44.44757],[26.07657,44.44805],[26.07838,44.44975],[26.0785,44.44988],[26.07855,44.44998],[26.07843,44.45005],[26.07429,44.45139],[26.07297,44.45184],[26.07245,44.45218],[26.07253,44.45238],[26.07278,44.45251],[26.07352,44.45271],[26.07454,44.45246],[26.07586,44.45228],[26.07697,44.45207],[26.07733,44.45206],[26.07773,44.45207],[26.07808,44.45209],[26.07839,44.45213],[26.08292,44.45211],[26.08561,44.45206],[26.08705,44.45206],[26.08766,44.45211],[26.08858,44.45221],[26.09024,44.45242],[26.09083,44.45247],[26.09449,44.45275],[26.09819,44.45299],[26.10465,44.45296],[26.10489,44.45298],[26.10498,44.45302],[26.10501,44.45307],[26.1049,44.45337],[26.10492,44.45353],[26.10501,44.45387],[26.10598,44.45687],[26.10673,44.45714],[26.1072,44.45734],[26.11014,44.45847],[26.1123,44.45926],[26.11263,44.45942],[26.12189,44.46281],[26.12407,44.46359],[26.1258,44.46425],[26.12587,44.46426],[26.12595,44.46422],[26.12597,44.46416],[26.12683,44.45993],[26.12691,44.45962],[26.12699,44.45944],[26.12724,44.45907],[26.12754,44.45882],[26.12928,44.45709],[26.12948,44.45693],[26.12967,44.45686],[26.1299,44.45683],[26.13022,44.45695],[26.13126,44.45849],[26.13247,44.46037],[26.13295,44.46132],[26.13341,44.46195],[26.13348,44.46209],[26.1335,44.46218],[26.13358,44.46272],[26.13401,44.46338],[26.13464,44.46415],[26.13543,44.46481],[26.13591,44.46515],[26.13644,44.46548],[26.13822,44.46643],[26.13944,44.46702],[26.13985,44.46717],[26.14052,44.46752],[26.14191,44.46816],[26.14319,44.46867],[26.1433,44.4687],[26.14386,44.46844],[26.14481,44.46791],[26.14579,44.4674],[26.1472,44.46656],[26.14869,44.46572],[26.15028,44.46479],[26.15175,44.46403],[26.15254,44.46375],[26.15393,44.46332],[26.15618,44.46267],[26.1577,44.46225],[26.15786,44.46209],[26.16016,44.4612],[26.16031,44.46115],[26.16046,44.46116],[26.16057,44.46122],[26.16066,44.46135],[26.16074,44.46143],[26.16087,44.46151],[26.16282,44.46383],[26.163,44.46409],[26.16303,44.46431],[26.16308,44.46438],[26.16316,44.46441],[26.16326,44.4644],[26.16354,44.4643],[26.16362,44.46429],[26.16369,44.46431],[26.16393,44.46453],[26.16439,44.46503],[26.16802,44.46818],[26.17733,44.47618],[26.17797,44.47668],[26.17806,44.47668],[26.17811,44.47671],[26.1781,44.47678],[26.17806,44.4768],[26.178,44.47678],[26.17719,44.47614],[26.17694,44.47592]],[[26.17693,44.47592],[26.17088,44.47072],[26.16753,44.46787],[26.16468,44.46537],[26.16434,44.46505],[26.16368,44.46437],[26.16359,44.46434],[26.16331,44.46443],[26.16319,44.46444],[26.16308,44.46442],[26.16299,44.46435],[26.16295,44.46411],[26.1629,44.46399],[26.16153,44.46233],[26.1608,44.46153],[26.16069,44.46153],[26.16062,44.46157],[26.16018,44.46174],[26.15982,44.46186],[26.15902,44.46205],[26.15812,44.46229],[26.15718,44.46248],[26.15543,44.46298],[26.15229,44.46391],[26.15194,44.46404],[26.15084,44.46461],[26.14642,44.46711],[26.14563,44.4676],[26.14494,44.46796],[26.14471,44.46805],[26.14439,44.46824],[26.14422,44.46836],[26.14409,44.46877],[26.14403,44.46889],[26.14386,44.46911],[26.14377,44.46913],[26.14367,44.46911],[26.14321,44.46894],[26.14224,44.46852],[26.13938,44.46721],[26.13795,44.4665],[26.13666,44.46583],[26.13605,44.46549],[26.13563,44.46523],[26.1351,44.46484],[26.13454,44.46437],[26.13407,44.46384],[26.13333,44.46283],[26.13277,44.46216],[26.13272,44.46196],[26.13269,44.46153],[26.13265,44.46131],[26.13258,44.46111],[26.13232,44.46066],[26.13013,44.45725],[26.12992,44.45695],[26.12966,44.45694],[26.12938,44.4571],[26.12886,44.45757],[26.12837,44.45807],[26.12732,44.45907],[26.12716,44.45926],[26.12701,44.45954],[26.12696,44.45967],[26.12618,44.46354],[26.12601,44.46428],[26.12595,44.46434],[26.12588,44.46436],[26.1258,44.46435],[26.12549,44.46425],[26.1209,44.46253],[26.11831,44.4616],[26.11764,44.46133],[26.11566,44.46059],[26.11366,44.45987],[26.11145,44.45905],[26.10641,44.45712],[26.10594,44.45703],[26.10582,44.45697],[26.10577,44.45687],[26.10555,44.45622],[26.10517,44.45489],[26.10469,44.45345],[26.10466,44.4533],[26.10459,44.45316],[26.10452,44.45311],[26.104,44.4531],[26.1028,44.45304],[26.0981,44.45301],[26.09407,44.45276],[26.09144,44.45256],[26.08987,44.45241],[26.0875,44.45212],[26.08702,44.45211],[26.08521,44.45213],[26.08393,44.45212],[26.08275,44.45214],[26.08037,44.45214],[26.07794,44.45217],[26.07795,44.452],[26.07851,44.44999],[26.07826,44.4497],[26.07718,44.44876],[26.07695,44.44866],[26.07536,44.44717],[26.07518,44.44697],[26.07516,44.4468],[26.07543,44.44622],[26.07545,44.44609],[26.07543,44.44602],[26.07534,44.4459],[26.07474,44.44546],[26.0745,44.44547],[26.06892,44.44926],[26.0681,44.44985],[26.06798,44.44997],[26.06789,44.45003],[26.06779,44.45005],[26.06769,44.45005],[26.06758,44.45001],[26.06752,44.44994],[26.06751,44.44984],[26.06755,44.44972],[26.06761,44.44961],[26.06777,44.44946],[26.06788,44.44939],[26.068,44.44935],[26.06818,44.44941],[26.06832,44.44941],[26.06845,44.44938],[26.06852,44.44935],[26.06885,44.44913],[26.0692,44.44887]]]},"properties":{"route_id":"1008-827","line":"182","name":"182","ref":"182","long_name":"Dragonul Rosu - Gara Basarab","type":"bus","color":"#1D71B8"}},{"type":"Feature","geometry":{"type":"MultiLineString","coordinates":[[[26.08118,44.49619],[26.08111,44.49641],[26.08102,44.4965],[26.08089,44.49659],[26.08071,44.49664],[26.08042,44.49661],[26.08016,44.49656],[26.07972,44.49667],[26.07956,44.49691],[26.07954,44.49706],[26.07969,44.49809],[26.08062,44.50177],[26.08079,44.50211],[26.08095,44.50256],[26.08179,44.50519],[26.08191,44.50543],[26.08201,44.50557],[26.08201,44.50563],[26.08197,44.50574],[26.08192,44.50578],[26.08184,44.50581],[26.08172,44.50583],[26.08161,44.50583],[26.08152,44.50581],[26.08143,44.50576],[26.08138,44.50561],[26.08136,44.50532],[26.08125,44.50482],[26.08114,44.50447],[26.08078,44.50355],[26.08069,44.50326],[26.08057,44.50261],[26.08045,44.50216],[26.08021,44.50148],[26.07938,44.49807],[26.07914,44.49733],[26.07894,44.49622],[26.07887,44.496],[26.07891,44.49477],[26.07904,44.49333],[26.07906,44.49271],[26.07894,44.4902],[26.07875,44.48929],[26.07863,44.48894],[26.07797,44.48745],[26.07739,44.4863],[26.07712,44.48594],[26.07637,44.48466],[26.07588,44.48417],[26.07575,44.48401],[26.0738,44.48042],[26.07282,44.47866],[26.07267,44.47853],[26.07247,44.47843],[26.07225,44.4784],[26.07197,44.47849],[26.0716,44.47864],[26.06775,44.48007],[26.06667,44.48049],[26.06579,44.48076],[26.06565,44.48065],[26.06549,44.48056],[26.06538,44.48052],[26.06498,44.48044],[26.06482,44.48045],[26.06461,44.4805],[26.06387,44.48081],[26.06313,44.48105],[26.06173,44.48157],[26.06152,44.48164],[26.06132,44.48167],[26.06113,44.48168],[26.06082,44.48165],[26.05657,44.48054],[26.05642,44.48048],[26.0564,44.4803],[26.0566,44.47954],[26.05732,44.47742],[26.05774,44.47629],[26.05803,44.47543],[26.05817,44.47515],[26.05876,44.47328],[26.05872,44.47318],[26.05866,44.47316],[26.05563,44.47271],[26.0555,44.47265],[26.05542,44.47257],[26.0555,44.47246],[26.05598,44.47221],[26.05815,44.47088],[26.0585,44.47047],[26.05919,44.46921],[26.05919,44.46901],[26.05907,44.46883],[26.05907,44.46873],[26.05915,44.46866],[26.05929,44.46858],[26.05994,44.46833],[26.06402,44.46667],[26.06562,44.46601],[26.06654,44.46561],[26.06712,44.4654],[26.06958,44.46436],[26.06983,44.46423],[26.07023,44.46396],[26.07065,44.46365],[26.07208,44.46246],[26.07371,44.46122],[26.07487,44.4603],[26.07535,44.4599],[26.07657,44.45898],[26.07866,44.45729],[26.07975,44.4563],[26.07982,44.4562],[26.0798,44.45612],[26.07975,44.45603],[26.07968,44.45599],[26.0793,44.45593],[26.07859,44.45578],[26.07749,44.45546],[26.07723,44.45528],[26.07439,44.4536],[26.07337,44.45297],[26.07181,44.45217],[26.07154,44.45205],[26.07095,44.45175],[26.07053,44.45149],[26.07014,44.4512],[26.06949,44.4506],[26.06938,44.45044],[26.06943,44.4503],[26.07037,44.44982],[26.07427,44.44807],[26.07546,44.44765],[26.07558,44.44758],[26.07563,44.44752],[26.07567,44.44744],[26.07563,44.44737],[26.07516,44.44695],[26.07518,44.44681],[26.07545,44.44618],[26.07547,44.44608],[26.07538,44.44594],[26.07499,44.44565],[26.07332,44.44423],[26.07163,44.44269],[26.07135,44.44248],[26.07247,44.44068],[26.07282,44.44022],[26.07322,44.43994],[26.07583,44.43859],[26.07694,44.43793],[26.07701,44.43785],[26.07707,44.43774],[26.07709,44.43764],[26.07708,44.43755],[26.07702,44.43747],[26.07502,44.43607],[26.07387,44.43521],[26.07337,44.43489],[26.07037,44.43283],[26.0696,44.43238],[26.06832,44.43151],[26.06752,44.4314],[26.06734,44.43135],[26.06598,44.43082],[26.06546,44.43058],[26.06515,44.43042],[26.06488,44.43024],[26.0638,44.42936],[26.06375,44.42924],[26.06382,44.42911],[26.06412,44.42892],[26.06463,44.42851],[26.06809,44.42642],[26.06861,44.42614],[26.06874,44.42603],[26.06958,44.42565],[26.07016,44.42537],[26.07074,44.42506],[26.07176,44.42429],[26.07281,44.42336],[26.07373,44.42249],[26.07388,44.42232],[26.07402,44.42184],[26.07418,44.42114],[26.0744,44.42084],[26.07486,44.42052],[26.07574,44.42001],[26.07613,44.41981],[26.0766,44.41965],[26.07819,44.41917],[26.08021,44.4185],[26.08087,44.41832],[26.08106,44.41825],[26.08132,44.41811],[26.08247,44.41743],[26.08359,44.41674],[26.08376,44.4166],[26.08412,44.4162],[26.08437,44.41586],[26.08542,44.41462],[26.08567,44.41429],[26.08612,44.4138],[26.08628,44.41366],[26.08634,44.41364],[26.08641,44.41365],[26.08718,44.41398],[26.08823,44.41447],[26.08915,44.41493],[26.09005,44.41546],[26.0912,44.41618],[26.09186,44.41597],[26.09217,44.41585],[26.09236,44.41585],[26.09258,44.41576],[26.09261,44.41574],[26.09259,44.41569],[26.09237,44.41539]],[[26.09237,44.41539],[26.09214,44.41513],[26.09199,44.41502],[26.09093,44.41441],[26.09071,44.41425],[26.0905,44.41404],[26.08883,44.41177],[26.08864,44.41172],[26.08845,44.41177],[26.08797,44.4123],[26.08774,44.41248],[26.0866,44.4135],[26.08613,44.41394],[26.08398,44.41649],[26.08342,44.41698],[26.08212,44.41771],[26.08202,44.41784],[26.0811,44.41848],[26.08078,44.41859],[26.07622,44.41998],[26.07566,44.42026],[26.07465,44.42084],[26.07447,44.42102],[26.07433,44.4213],[26.07426,44.42188],[26.07405,44.42267],[26.07304,44.42358],[26.07168,44.42476],[26.07094,44.42521],[26.06969,44.42587],[26.06836,44.42654],[26.06726,44.42713],[26.06578,44.42806],[26.06577,44.42817],[26.06661,44.42885],[26.06704,44.4293],[26.06752,44.4299],[26.06814,44.4306],[26.06824,44.43074],[26.06838,44.43112],[26.06846,44.43119],[26.0695,44.43193],[26.06989,44.43216],[26.07034,44.43253],[26.07071,44.43292],[26.07237,44.43407],[26.07379,44.43503],[26.07498,44.43592],[26.07504,44.43601],[26.07502,44.43606],[26.07488,44.43617],[26.07041,44.4385],[26.07043,44.43857],[26.07159,44.43943],[26.07277,44.44026],[26.07296,44.44052],[26.07786,44.44221],[26.07804,44.44225],[26.07899,44.4426],[26.07925,44.44275],[26.07953,44.4436],[26.07955,44.44374],[26.07951,44.44387],[26.07931,44.44403],[26.07569,44.44641],[26.07546,44.44665],[26.07549,44.44686],[26.07554,44.44695],[26.07593,44.44733],[26.07599,44.44748],[26.07585,44.44761],[26.07569,44.4477],[26.07473,44.44803],[26.07433,44.44819],[26.07419,44.44828],[26.07226,44.44912],[26.06988,44.45025],[26.06981,44.45031],[26.06981,44.4504],[26.0701,44.45072],[26.07059,44.45116],[26.07111,44.45151],[26.07286,44.45248],[26.07376,44.45304],[26.07392,44.45312],[26.07429,44.45337],[26.07536,44.454],[26.07763,44.4554],[26.07868,44.45568],[26.07982,44.45588],[26.08,44.45597],[26.08008,44.4561],[26.08007,44.45625],[26.07931,44.45693],[26.07826,44.45793],[26.07701,44.45885],[26.0757,44.45986],[26.07284,44.46213],[26.07254,44.46234],[26.07028,44.46414],[26.06972,44.46445],[26.068,44.46517],[26.06752,44.46539],[26.06315,44.46715],[26.06177,44.46773],[26.05954,44.46864],[26.05939,44.46872],[26.05936,44.46878],[26.0593,44.46918],[26.0585,44.47064],[26.0583,44.47087],[26.058,44.47108],[26.05567,44.47252],[26.0556,44.47258],[26.05564,44.47265],[26.05891,44.47312],[26.05772,44.47664],[26.05711,44.47839],[26.05673,44.47938],[26.05644,44.48021],[26.05642,44.48032],[26.05646,44.4804],[26.05655,44.48047],[26.05669,44.48053],[26.06073,44.48159],[26.06094,44.48162],[26.06116,44.48163],[26.06135,44.48161],[26.06159,44.48156],[26.062,44.48142],[26.06364,44.48078],[26.06457,44.48046],[26.06484,44.48041],[26.06572,44.48059],[26.06599,44.48052],[26.06729,44.48],[26.06938,44.47924],[26.07176,44.47831],[26.0719,44.4783],[26.07202,44.47825],[26.07212,44.4782],[26.07217,44.47815],[26.07224,44.47795],[26.0723,44.47788],[26.0724,44.47782],[26.07252,44.47778],[26.07266,44.47777],[26.07293,44.47782],[26.07301,44.47788],[26.07312,44.47803],[26.07314,44.47814],[26.0731,44.47828],[26.07309,44.47852],[26.07317,44.47874],[26.07327,44.47894],[26.07362,44.47948],[26.07381,44.47986],[26.07453,44.48111],[26.0749,44.48173],[26.07518,44.48216],[26.07598,44.48354],[26.07612,44.48367],[26.07629,44.48379],[26.07651,44.48407],[26.07652,44.48452],[26.07687,44.48516],[26.07777,44.48671],[26.07885,44.48906],[26.07909,44.49016],[26.07922,44.49151],[26.07941,44.49256],[26.07942,44.49366],[26.07927,44.49584],[26.07941,44.49655],[26.07952,44.49662],[26.07987,44.49659],[26.08011,44.49648],[26.08002,44.49634],[26.08002,44.49618],[26.08006,44.49604],[26.08022,44.49591],[26.08055,44.49584],[26.0807,44.49584],[26.08083,44.49587],[26.081,44.49597],[26.08118,44.49619]]]},"properties":{"route_id":"1008-828","line":"196","name":"196","ref":"196","long_name":"Aeroport Baneasa - Autogara Filaret","type":"bus","color":"#1D71B8"}},{"type":"Feature","geometry":{"type":"MultiLineString","coordinates":[[[26.1208,44.39256],[26.12087,44.39277],[26.1209,44.39303],[26.12088,44.39367],[26.12091,44.39381],[26.12099,44.39392],[26.12102,44.39406],[26.12096,44.39413],[26.12086,44.39417],[26.12068,44.39421],[26.12051,44.39416],[26.12041,44.39401],[26.12043,44.39386],[26.12054,44.39362],[26.1206,44.3931],[26.12057,44.39279],[26.12053,44.39265],[26.12047,44.3925],[26.11991,44.39154],[26.11963,44.39112],[26.11932,44.39071],[26.11896,44.39029],[26.11862,44.38995],[26.11793,44.38942],[26.11689,44.38881],[26.11666,44.38871],[26.11553,44.38831],[26.11468,44.38811],[26.11402,44.38801],[26.11158,44.38775],[26.10979,44.38754],[26.1098,44.38687],[26.10978,44.38591],[26.10983,44.38445],[26.10981,44.38422],[26.10988,44.38404],[26.10994,44.38161],[26.10992,44.38101],[26.10988,44.3807],[26.10992,44.38058],[26.11,44.37906],[26.10999,44.37839],[26.11004,44.37722],[26.11024,44.37668],[26.11024,44.37655],[26.1102,44.37644],[26.1101,44.37637],[26.10994,44.37636],[26.10812,44.37666],[26.10663,44.37687],[26.10646,44.37685],[26.10635,44.37678],[26.10621,44.3761],[26.10541,44.37286],[26.10534,44.3728],[26.10515,44.37276],[26.10491,44.37278],[26.10473,44.3727],[26.10406,44.37017],[26.10402,44.37009],[26.10396,44.37003],[26.10388,44.36998],[26.10379,44.36997],[26.09794,44.3708],[26.09571,44.37109],[26.09385,44.37135],[26.09369,44.37139],[26.09367,44.37146],[26.09378,44.37175],[26.09401,44.37263],[26.094,44.37269],[26.09394,44.37275],[26.09383,44.37279],[26.09048,44.37327],[26.09041,44.37331],[26.09095,44.3754],[26.091,44.37553],[26.09139,44.37708],[26.09182,44.37864],[26.09179,44.3788],[26.0917,44.37886],[26.09159,44.3789],[26.08714,44.37949],[26.08671,44.3796],[26.08631,44.37978],[26.08603,44.37999],[26.0858,44.38025],[26.08569,44.38042],[26.08549,44.38095],[26.08529,44.38126],[26.08503,44.3815],[26.08419,44.38203],[26.08238,44.38321],[26.08122,44.38402],[26.07954,44.38562],[26.07929,44.38579],[26.07812,44.3864],[26.07798,44.38646],[26.07785,44.38646],[26.07773,44.38643],[26.07748,44.38604],[26.07746,44.38587],[26.07752,44.38579],[26.07765,44.38573],[26.07777,44.38571],[26.07789,44.38574],[26.07801,44.38584],[26.0781,44.38598],[26.07819,44.38608],[26.0783,44.38613],[26.07844,44.38612],[26.07884,44.38589]],[[26.07884,44.38589],[26.07933,44.38562],[26.07946,44.38553],[26.07993,44.38511],[26.08092,44.38413],[26.08113,44.38395],[26.08154,44.38365],[26.0842,44.38192],[26.08474,44.38159],[26.08503,44.38137],[26.0852,44.38118],[26.08536,44.38089],[26.08556,44.3804],[26.08578,44.38007],[26.08595,44.37991],[26.08619,44.37974],[26.08639,44.37962],[26.08675,44.37947],[26.08714,44.37939],[26.0906,44.37895],[26.09147,44.37879],[26.09155,44.37875],[26.09159,44.37868],[26.09114,44.37691],[26.09094,44.37624],[26.09059,44.37487],[26.0902,44.37348],[26.09022,44.37332],[26.09028,44.37324],[26.0905,44.3732],[26.09142,44.37309],[26.09387,44.37273],[26.09396,44.37263],[26.09362,44.37146],[26.09364,44.37137],[26.09371,44.37133],[26.10068,44.37032],[26.10347,44.36999],[26.10383,44.36993],[26.10392,44.36995],[26.10401,44.36999],[26.1041,44.37018],[26.10474,44.37258],[26.10512,44.37268],[26.10533,44.37272],[26.10544,44.37278],[26.1055,44.37291],[26.10622,44.37583],[26.10645,44.3767],[26.1065,44.37678],[26.10659,44.37682],[26.10706,44.37673],[26.11022,44.37627],[26.11044,44.37641],[26.11048,44.37656],[26.11026,44.37751],[26.11026,44.37783],[26.11019,44.37792],[26.11012,44.38048],[26.11017,44.38143],[26.11005,44.38456],[26.11007,44.3851],[26.11002,44.3874],[26.11006,44.38747],[26.11014,44.38751],[26.11364,44.38789],[26.11459,44.38804],[26.11555,44.38824],[26.11666,44.38862],[26.11725,44.38888],[26.11744,44.38894],[26.11812,44.38895],[26.11828,44.38897],[26.1184,44.38903],[26.11848,44.38911],[26.11866,44.38945],[26.11876,44.38972],[26.11891,44.38998],[26.11963,44.39085],[26.12009,44.39153],[26.12049,44.39202],[26.12068,44.39229],[26.1208,44.39256]]]},"properties":{"route_id":"1008-829","line":"216","name":"216","ref":"216","long_name":"Zetarilor - Piata Sudului","type":"bus","color":"#1D71B8"}},{"type":"Feature","geometry":{"type":"MultiLineString","coordinates":[[[26.0553,44.48284],[26.05474,44.48278],[26.0545,44.4828],[26.05396,44.48296],[26.05376,44.48299],[26.05038,44.48263],[26.04868,44.48236],[26.048,44.48222],[26.04766,44.48213],[26.04435,44.48085],[26.04309,44.48033],[26.04301,44.48028],[26.04291,44.48004],[26.04317,44.47977],[26.04427,44.47838],[26.04513,44.47725],[26.0472,44.47464],[26.04757,44.47415],[26.04668,44.4738],[26.04525,44.47318],[26.04866,44.46885],[26.04976,44.46832],[26.05006,44.46861],[26.05076,44.46939],[26.05098,44.46966],[26.05107,44.46966],[26.05116,44.46959],[26.05401,44.46589],[26.05426,44.4656],[26.05573,44.46363],[26.05777,44.46106],[26.06052,44.45753],[26.06193,44.45576],[26.06236,44.45517],[26.06294,44.4546],[26.06359,44.45406],[26.06569,44.45266],[26.06912,44.45047],[26.06952,44.45026],[26.06986,44.45012],[26.07427,44.44807],[26.07748,44.44691],[26.07776,44.44694],[26.07862,44.4472],[26.08122,44.44788],[26.08179,44.44806],[26.08515,44.4472],[26.08676,44.44719],[26.08872,44.44819],[26.08909,44.44835],[26.08958,44.44855],[26.09147,44.44925],[26.09166,44.4493],[26.09191,44.44924],[26.09355,44.44845],[26.09569,44.44738],[26.09629,44.44705],[26.09629,44.4468],[26.09643,44.4467],[26.0966,44.44666],[26.09688,44.44671],[26.09706,44.44677],[26.09745,44.44684],[26.09901,44.44688],[26.09928,44.44683],[26.10053,44.44674],[26.1078,44.4461],[26.10861,44.44598],[26.11193,44.44534],[26.11408,44.445],[26.11448,44.4449],[26.11579,44.44445],[26.11796,44.444],[26.11978,44.44322],[26.11999,44.44311],[26.12007,44.44297],[26.12019,44.44267],[26.12032,44.44215],[26.12038,44.44198],[26.12055,44.44108],[26.12063,44.44081],[26.12062,44.44076],[26.12056,44.44071],[26.12033,44.4406],[26.12032,44.44055],[26.12047,44.44042],[26.12078,44.44007],[26.12093,44.43997],[26.12104,44.43987],[26.12133,44.43923],[26.12141,44.43909],[26.12154,44.43904],[26.12191,44.43908],[26.12372,44.43943],[26.12842,44.4403],[26.13249,44.44108],[26.13313,44.44117],[26.13329,44.44127],[26.13324,44.44144],[26.13307,44.44158],[26.13279,44.44174],[26.13215,44.44215],[26.1306,44.44306],[26.12973,44.44362],[26.12969,44.44369],[26.12971,44.44386],[26.12987,44.44396],[26.13026,44.44413],[26.13115,44.44458],[26.13229,44.4451],[26.13948,44.44824],[26.13975,44.44833],[26.14009,44.44836],[26.14029,44.44835],[26.14059,44.44827],[26.1416,44.44787],[26.14281,44.44736],[26.14361,44.44704],[26.14377,44.44678],[26.14387,44.44676],[26.14395,44.44679],[26.14399,44.44686],[26.14386,44.44703],[26.1436,44.44717],[26.14308,44.4474]],[[26.14308,44.4474],[26.1411,44.44819],[26.14098,44.44825],[26.14092,44.44835],[26.14079,44.44846],[26.14041,44.44862],[26.14002,44.44876],[26.1399,44.44876],[26.1397,44.44871],[26.13957,44.44863],[26.13933,44.44831],[26.13913,44.44821],[26.13481,44.44632],[26.13452,44.44618],[26.13394,44.44594],[26.13064,44.4445],[26.1306,44.44442],[26.12925,44.4438],[26.12913,44.44368],[26.12916,44.44358],[26.12986,44.4432],[26.13114,44.44245],[26.13276,44.44146],[26.13283,44.4414],[26.13284,44.44132],[26.13274,44.4412],[26.13266,44.44116],[26.12376,44.43952],[26.12293,44.43933],[26.12147,44.43908],[26.12102,44.44002],[26.12106,44.44022],[26.12089,44.44046],[26.1209,44.44053],[26.12076,44.44072],[26.12072,44.44084],[26.12021,44.44303],[26.12014,44.44324],[26.12004,44.44336],[26.11875,44.44391],[26.11822,44.44401],[26.11791,44.4441],[26.11583,44.44452],[26.11441,44.44502],[26.11418,44.44508],[26.11248,44.44534],[26.11073,44.44565],[26.1084,44.44609],[26.10768,44.4462],[26.09861,44.44696],[26.0974,44.44694],[26.09725,44.44696],[26.0971,44.44709],[26.09692,44.44732],[26.09655,44.4473],[26.09632,44.44725],[26.09232,44.44933],[26.09184,44.44941],[26.09152,44.44934],[26.08954,44.44858],[26.08822,44.44797],[26.08677,44.44724],[26.0852,44.44726],[26.08311,44.44778],[26.08193,44.44809],[26.08172,44.44809],[26.07828,44.4472],[26.07768,44.44701],[26.0775,44.44703],[26.07488,44.44799],[26.06993,44.45021],[26.06918,44.45062],[26.06441,44.45366],[26.06368,44.45416],[26.0631,44.45466],[26.0625,44.45532],[26.0618,44.45629],[26.06124,44.45689],[26.05528,44.4646],[26.05388,44.46636],[26.05198,44.46881],[26.0512,44.46978],[26.05117,44.46988],[26.05124,44.47],[26.05147,44.47018],[26.05223,44.47103],[26.05169,44.47117],[26.0527,44.47329],[26.05367,44.47371],[26.0528,44.47427],[26.0526,44.47425],[26.05211,44.47404],[26.04894,44.47278],[26.04792,44.47403],[26.04662,44.47558],[26.04609,44.47632],[26.04311,44.48013],[26.04312,44.48022],[26.04325,44.48032],[26.04738,44.48197],[26.04776,44.48211],[26.0481,44.48219],[26.04865,44.48231],[26.04914,44.48238],[26.05013,44.48255],[26.05214,44.48278],[26.05373,44.48294],[26.0539,44.48291],[26.05443,44.48274],[26.05463,44.48271],[26.05521,44.48277],[26.05533,44.48273],[26.05545,44.48229],[26.05552,44.4822],[26.05561,44.48219],[26.05586,44.4822],[26.05614,44.48224],[26.05619,44.48229],[26.05619,44.48235],[26.05608,44.48292],[26.0553,44.48284]]]},"properties":{"route_id":"1008-83","line":"86","name":"86","ref":"86","long_name":"Cartier Pajura - Baicului","type":"trolleybus","color":"#008D36"}},{"type":"Feature","geometry":{"type":"MultiLineString","coordinates":[[[26.13903,44.35955],[26.13892,44.35966],[26.13884,44.35968],[26.13868,44.35965],[26.13858,44.35967],[26.1385,44.35971],[26.13751,44.36099],[26.13536,44.36384],[26.13473,44.36463],[26.13403,44.36556],[26.13392,44.36581],[26.13379,44.36601],[26.13322,44.36677],[26.13309,44.36692],[26.13293,44.36716],[26.13286,44.36718],[26.13276,44.36718],[26.12923,44.3658],[26.12686,44.36484],[26.12665,44.36479],[26.12653,44.36479],[26.12629,44.36482],[26.12614,44.36493],[26.12601,44.36513],[26.12583,44.36549],[26.12571,44.3658],[26.12524,44.36672],[26.12226,44.37295],[26.12045,44.37662],[26.12028,44.37672],[26.11998,44.3768],[26.11985,44.37679],[26.11957,44.37672],[26.11906,44.37654],[26.1174,44.37591],[26.117,44.37582],[26.1165,44.37576],[26.11621,44.37575],[26.11525,44.37577],[26.1149,44.37579],[26.10984,44.37645],[26.10935,44.37651],[26.10907,44.37653],[26.10657,44.3769],[26.10592,44.37702],[26.09508,44.37851],[26.09464,44.37858],[26.09422,44.37863],[26.09375,44.37864],[26.09318,44.37868],[26.09284,44.37872],[26.08714,44.37949],[26.08671,44.3796],[26.08631,44.37978],[26.08603,44.37999],[26.0858,44.38025],[26.08569,44.38042],[26.08549,44.38095],[26.08529,44.38126],[26.08503,44.3815],[26.08419,44.38203],[26.08238,44.38321],[26.08122,44.38402],[26.08082,44.38438],[26.07974,44.38546],[26.07945,44.38567],[26.07801,44.38646],[26.07799,44.38657],[26.07802,44.38672],[26.07837,44.38721],[26.07871,44.38781],[26.07885,44.38801],[26.07899,44.38818],[26.07922,44.38841],[26.07997,44.38907],[26.08035,44.38946],[26.0821,44.39204],[26.08242,44.39244],[26.08314,44.39356],[26.0838,44.39447],[26.0846,44.39533],[26.08468,44.39553],[26.08377,44.39661],[26.08357,44.39689],[26.08347,44.39721],[26.08345,44.39766],[26.08332,44.39804],[26.08324,44.39818],[26.08278,44.39861],[26.08251,44.39875],[26.08212,44.39889],[26.07949,44.39942],[26.07933,44.3995],[26.07809,44.40042],[26.07793,44.40044],[26.07777,44.40042],[26.07725,44.40033],[26.07684,44.40023],[26.07341,44.39967],[26.07287,44.39962],[26.07264,44.39965],[26.07248,44.3997],[26.07226,44.39981],[26.07208,44.39993],[26.07092,44.40088],[26.06875,44.40232],[26.06847,44.40245],[26.06659,44.40321],[26.06656,44.40325],[26.0666,44.40335],[26.06748,44.40402],[26.06747,44.40414],[26.06722,44.40429],[26.06553,44.40541],[26.06489,44.40585],[26.06443,44.40619],[26.06421,44.40626],[26.06484,44.40674]],[[26.06484,44.40674],[26.06527,44.40707],[26.06972,44.41019],[26.06992,44.41035],[26.07209,44.41194],[26.07324,44.41273],[26.07336,44.41275],[26.07347,44.41275],[26.07361,44.41266],[26.07394,44.41236],[26.07643,44.40986],[26.07745,44.40876],[26.07778,44.40833],[26.0777,44.40824],[26.07619,44.40775],[26.07582,44.4074],[26.07443,44.40571],[26.07402,44.40508],[26.07378,44.40466],[26.07307,44.40357],[26.07281,44.4032],[26.07175,44.40146],[26.07127,44.40081],[26.07121,44.40067],[26.07126,44.40056],[26.07203,44.39989],[26.07221,44.39976],[26.07255,44.39961],[26.07288,44.39955],[26.07323,44.39958],[26.07428,44.39977],[26.07799,44.40035],[26.07806,44.40034],[26.07815,44.40031],[26.0793,44.39945],[26.07946,44.39938],[26.08203,44.39885],[26.08247,44.39871],[26.08263,44.39863],[26.08288,44.39843],[26.08316,44.39813],[26.08328,44.39791],[26.08335,44.39769],[26.08342,44.39705],[26.08348,44.39689],[26.08446,44.39564],[26.08448,44.39554],[26.08443,44.39539],[26.08342,44.39407],[26.08226,44.39236],[26.08141,44.39121],[26.08115,44.39082],[26.08076,44.39029],[26.08031,44.38957],[26.07988,44.38914],[26.07897,44.38831],[26.07871,44.38798],[26.07843,44.3875],[26.0779,44.38666],[26.07791,44.38652],[26.07796,44.38643],[26.07804,44.38635],[26.07933,44.38562],[26.07946,44.38553],[26.07993,44.38511],[26.08092,44.38413],[26.08113,44.38395],[26.08154,44.38365],[26.0842,44.38192],[26.08474,44.38159],[26.08503,44.38137],[26.0852,44.38118],[26.08536,44.38089],[26.08556,44.3804],[26.08578,44.38007],[26.08595,44.37991],[26.08619,44.37974],[26.08639,44.37962],[26.08675,44.37947],[26.08714,44.37939],[26.08858,44.3792],[26.09296,44.37866],[26.09386,44.37856],[26.09458,44.3785],[26.09533,44.37841],[26.10227,44.37742],[26.10474,44.37709],[26.10599,44.37691],[26.10706,44.37673],[26.10964,44.37635],[26.11452,44.37575],[26.11571,44.37566],[26.11637,44.37565],[26.11678,44.37567],[26.11803,44.37593],[26.11851,44.37607],[26.11995,44.37657],[26.12026,44.3766],[26.12042,44.37649],[26.12052,44.37623],[26.12105,44.3752],[26.12207,44.37301],[26.12549,44.36594],[26.12563,44.36559],[26.12605,44.36485],[26.12603,44.36463],[26.12608,44.36452],[26.12619,44.36447],[26.1263,44.36446],[26.12642,44.36453],[26.12651,44.36461],[26.12773,44.36518],[26.12915,44.36574],[26.1299,44.366],[26.13198,44.36684],[26.13266,44.3671],[26.13275,44.36713],[26.13284,44.36713],[26.1329,44.36711],[26.13315,44.3668],[26.13383,44.36589],[26.13391,44.36576],[26.134,44.36553],[26.13515,44.36405],[26.13719,44.36134],[26.13891,44.35914],[26.13906,44.35922],[26.13912,44.35929],[26.13913,44.35938],[26.13903,44.35955]]]},"properties":{"route_id":"1008-830","line":"220","name":"220","ref":"220","long_name":"Vulcan Berceni - Piata Rahova","type":"bus","color":"#1D71B8"}},{"type":"Feature","geometry":{"type":"MultiLineString","coordinates":[[[26.0445,44.39861],[26.04458,44.39865],[26.0447,44.39864],[26.04476,44.39858],[26.04479,44.39847],[26.04478,44.39841],[26.04484,44.39834],[26.04492,44.39829],[26.04504,44.39829],[26.0452,44.39832],[26.04731,44.39919],[26.04837,44.3996],[26.04876,44.39972],[26.04951,44.3999],[26.05003,44.40015],[26.05023,44.40028],[26.05108,44.40064],[26.05426,44.4019],[26.0549,44.40217],[26.06233,44.40515],[26.06256,44.40529],[26.06277,44.40539],[26.06294,44.4055],[26.06414,44.40633],[26.06404,44.40642],[26.06366,44.40665],[26.06343,44.40666],[26.06275,44.40679],[26.06005,44.4074],[26.05904,44.4076],[26.05891,44.40775],[26.0589,44.40787],[26.05894,44.408],[26.05907,44.40823],[26.06071,44.41214],[26.06181,44.41468],[26.06181,44.41472],[26.0618,44.41476],[26.06177,44.41478],[26.06066,44.41537],[26.0596,44.41635],[26.0591,44.41694],[26.05895,44.4173],[26.0589,44.41767],[26.059,44.41821],[26.05904,44.41828],[26.05913,44.41832],[26.05994,44.41859],[26.06027,44.41873],[26.06254,44.4195],[26.06523,44.42037],[26.06654,44.42085],[26.06788,44.42138],[26.0706,44.42233],[26.07158,44.42269],[26.07272,44.42316],[26.07315,44.42362],[26.07267,44.42409],[26.07168,44.42476],[26.07094,44.42521],[26.06969,44.42587],[26.06836,44.42654],[26.06726,44.42713],[26.06578,44.42806],[26.06577,44.42817],[26.06661,44.42885],[26.06704,44.4293],[26.06752,44.4299],[26.06814,44.4306],[26.06824,44.43074],[26.06838,44.43112],[26.0695,44.43193],[26.06989,44.43216],[26.07034,44.43253],[26.07071,44.43292],[26.07154,44.4335],[26.07379,44.43503],[26.07473,44.43572],[26.08024,44.43943],[26.08101,44.43998],[26.08114,44.44002],[26.08127,44.44002],[26.08155,44.43999],[26.08193,44.44003],[26.08312,44.44005],[26.0842,44.44012],[26.08466,44.44013],[26.08529,44.44008],[26.08629,44.44002],[26.08693,44.44],[26.08799,44.43993],[26.08871,44.43982],[26.08915,44.4398],[26.08998,44.43982],[26.09102,44.43995],[26.09205,44.44004],[26.09251,44.44005],[26.09324,44.44009],[26.09346,44.44003],[26.09415,44.44021],[26.09558,44.44063],[26.09569,44.44065],[26.09581,44.44059],[26.09627,44.4402],[26.09659,44.43989],[26.09687,44.43946],[26.09706,44.43921],[26.09848,44.43926],[26.09993,44.43908],[26.10025,44.43906],[26.10071,44.43915],[26.09902,44.44254],[26.09755,44.44559]],[[26.09755,44.44559],[26.09698,44.44668],[26.09715,44.44692],[26.09701,44.44716],[26.09684,44.44723],[26.09666,44.44723],[26.0965,44.44718],[26.09634,44.44702],[26.0963,44.44689],[26.09452,44.44666],[26.09412,44.44659],[26.09118,44.44562],[26.08819,44.44458],[26.08794,44.44447],[26.08775,44.44435],[26.08648,44.44379],[26.08626,44.44372],[26.08331,44.44328],[26.0822,44.4431],[26.08169,44.44299],[26.08154,44.443],[26.08125,44.44318],[26.08107,44.4432],[26.08092,44.44316],[26.08079,44.44307],[26.08076,44.44294],[26.0808,44.44282],[26.08087,44.44269],[26.08076,44.44229],[26.08074,44.44215],[26.08077,44.442],[26.08102,44.44127],[26.08116,44.44065],[26.08113,44.44031],[26.08102,44.44018],[26.0806,44.4399],[26.08004,44.43949],[26.07887,44.43872],[26.07793,44.43806],[26.07776,44.43796],[26.07525,44.43625],[26.07421,44.43545],[26.07337,44.43489],[26.07037,44.43283],[26.0696,44.43238],[26.06832,44.43151],[26.06752,44.4314],[26.06734,44.43135],[26.06598,44.43082],[26.06546,44.43058],[26.06515,44.43042],[26.06488,44.43024],[26.0638,44.42936],[26.06375,44.42924],[26.06382,44.42911],[26.06412,44.42892],[26.06463,44.42851],[26.06809,44.42642],[26.06861,44.42614],[26.06874,44.42603],[26.06958,44.42565],[26.07016,44.42537],[26.07074,44.42506],[26.07176,44.42429],[26.07225,44.42387],[26.07234,44.42374],[26.07237,44.42345],[26.07229,44.42327],[26.07219,44.42317],[26.07193,44.42305],[26.07034,44.42247],[26.06689,44.42115],[26.06608,44.42085],[26.06495,44.42051],[26.06468,44.42035],[26.06386,44.42009],[26.06317,44.4199],[26.0623,44.41959],[26.06146,44.41934],[26.05891,44.41844],[26.05878,44.41778],[26.05878,44.41754],[26.0589,44.41707],[26.05904,44.41687],[26.05957,44.41629],[26.06058,44.41538],[26.06077,44.41525],[26.06146,44.41491],[26.06169,44.41475],[26.06174,44.41467],[26.06146,44.41406],[26.05876,44.40769],[26.05895,44.40759],[26.06105,44.4071],[26.06345,44.4066],[26.06366,44.40654],[26.06381,44.40647],[26.06387,44.40641],[26.06389,44.40634],[26.06386,44.40629],[26.06293,44.40563],[26.0623,44.40527],[26.05711,44.40321],[26.05629,44.40285],[26.05578,44.40267],[26.05476,44.40225],[26.05195,44.40116],[26.0511,44.40081],[26.05097,44.40079],[26.05012,44.40044],[26.04999,44.4004],[26.04949,44.40036],[26.04916,44.40023],[26.04869,44.39995],[26.04821,44.39962],[26.04567,44.39863],[26.04539,44.39854],[26.04502,44.3986],[26.04489,44.39856],[26.04479,44.39847],[26.04478,44.39841],[26.04469,44.39832],[26.04415,44.3981],[26.04407,44.39812],[26.044,44.39816],[26.04392,44.39825],[26.04387,44.39833],[26.04387,44.3984],[26.04392,44.39844],[26.0445,44.39862]]]},"properties":{"route_id":"1008-831","line":"226","name":"226","ref":"226","long_name":"Depoul Alexandria - Piata Romana","type":"bus","color":"#1D71B8"}},{"type":"Feature","geometry":{"type":"MultiLineString","coordinates":[[[26.07837,44.38721],[26.07871,44.38781],[26.07899,44.38818],[26.07922,44.38841],[26.07997,44.38907],[26.08035,44.38946],[26.0821,44.39204],[26.08242,44.39244],[26.0825,44.39259],[26.08321,44.39365],[26.08411,44.39476],[26.08419,44.39477],[26.08423,44.39476],[26.08489,44.39348],[26.08515,44.39278],[26.08583,44.39182],[26.08618,44.39145],[26.08637,44.39131],[26.0866,44.39122],[26.08707,44.39099],[26.08986,44.38994],[26.09069,44.38967],[26.09217,44.38956],[26.09237,44.38963],[26.09251,44.38982],[26.09293,44.39066],[26.09311,44.39113],[26.09386,44.39271],[26.09409,44.39326],[26.09432,44.39371],[26.09438,44.39392],[26.09482,44.39483],[26.0951,44.39549],[26.096,44.39729],[26.09631,44.398],[26.09648,44.39844],[26.09684,44.39923],[26.09711,44.39988],[26.09728,44.40041],[26.09747,44.40177],[26.09747,44.40225],[26.09742,44.40289],[26.09762,44.40303],[26.09768,44.40329],[26.09746,44.40374],[26.09576,44.40655],[26.09572,44.40666],[26.09576,44.40717],[26.09581,44.40728],[26.09694,44.40868],[26.09722,44.40892],[26.09765,44.40923],[26.09994,44.41096],[26.10074,44.41149],[26.10329,44.41311],[26.10568,44.41458],[26.10617,44.41497],[26.10695,44.41546],[26.10712,44.41555],[26.10742,44.41563],[26.10764,44.41566],[26.10799,44.41569],[26.11123,44.41587],[26.11156,44.41593],[26.11187,44.41603],[26.11252,44.41637],[26.11377,44.41707],[26.11384,44.41715],[26.11356,44.41737],[26.11315,44.41776],[26.11313,44.41784],[26.11338,44.41801],[26.11339,44.41811],[26.11337,44.4182],[26.11273,44.42004],[26.11224,44.4212],[26.11186,44.4222],[26.11174,44.42254],[26.1117,44.42274],[26.1117,44.42296],[26.11188,44.42469],[26.11214,44.42782],[26.11211,44.42795],[26.11202,44.42815],[26.11184,44.42817],[26.1097,44.42826],[26.10932,44.42829],[26.10916,44.42833],[26.10866,44.42858],[26.10853,44.42867],[26.10815,44.42906],[26.10784,44.42941],[26.10736,44.43001],[26.10723,44.43009],[26.10698,44.43015],[26.10669,44.43006],[26.10413,44.42898],[26.1039,44.4289],[26.10358,44.42885],[26.10336,44.42877],[26.10283,44.42868],[26.10247,44.42854],[26.10195,44.42827],[26.10151,44.42802],[26.10104,44.42779],[26.10095,44.4274]],[[26.10094,44.42739],[26.10091,44.42634],[26.10097,44.42615],[26.10112,44.42605],[26.1014,44.42597],[26.10174,44.42592],[26.10376,44.42583],[26.10408,44.42596],[26.10397,44.42811],[26.10393,44.42841],[26.10401,44.42865],[26.10414,44.4288],[26.10456,44.42894],[26.10525,44.42926],[26.10688,44.42996],[26.10694,44.42995],[26.10703,44.42989],[26.10752,44.4293],[26.10764,44.42924],[26.10787,44.42923],[26.10793,44.42919],[26.10822,44.42884],[26.10846,44.42864],[26.10867,44.4285],[26.10911,44.42828],[26.10938,44.42823],[26.11184,44.4281],[26.11192,44.42808],[26.11203,44.42793],[26.11203,44.42785],[26.11197,44.42685],[26.11186,44.42586],[26.11171,44.42384],[26.11165,44.42335],[26.11161,44.42271],[26.11162,44.42257],[26.1117,44.4223],[26.1133,44.41814],[26.11341,44.41807],[26.11373,44.41808],[26.11393,44.41805],[26.11411,44.418],[26.11385,44.41722],[26.11368,44.41706],[26.11251,44.41642],[26.11202,44.41613],[26.11186,44.41606],[26.11159,44.41597],[26.11119,44.4159],[26.10845,44.41574],[26.10767,44.41573],[26.10741,44.4157],[26.10722,44.41566],[26.10704,44.41562],[26.1069,44.41556],[26.10661,44.41541],[26.1058,44.41492],[26.10145,44.41214],[26.1004,44.4115],[26.09987,44.41114],[26.09959,44.41091],[26.09861,44.41019],[26.09834,44.41003],[26.09744,44.40936],[26.09688,44.40889],[26.09666,44.40867],[26.09583,44.40756],[26.09553,44.4072],[26.09543,44.40693],[26.09542,44.40679],[26.09557,44.40649],[26.09587,44.40598],[26.09604,44.40576],[26.09613,44.40549],[26.0962,44.40486],[26.09632,44.40459],[26.09693,44.40371],[26.09715,44.40322],[26.09719,44.40305],[26.09724,44.40205],[26.09722,44.40153],[26.09714,44.40079],[26.09704,44.40032],[26.09694,44.39996],[26.09682,44.39965],[26.09652,44.39898],[26.09604,44.39803],[26.09354,44.3925],[26.09228,44.38978],[26.09215,44.38962],[26.09181,44.38963],[26.0914,44.38968],[26.09072,44.3897],[26.09048,44.38977],[26.08706,44.39106],[26.08624,44.39147],[26.08598,44.39172],[26.08517,44.39284],[26.08483,44.39371],[26.08425,44.39487],[26.08413,44.39491],[26.08403,44.39483],[26.08295,44.39338],[26.08226,44.39236],[26.08141,44.39121],[26.08115,44.39082],[26.08076,44.39029],[26.08041,44.38975],[26.08032,44.38957],[26.08014,44.38936],[26.07895,44.38829],[26.07881,44.38812],[26.07764,44.38629],[26.07747,44.38591],[26.07749,44.38582],[26.07766,44.38577],[26.07779,44.38575],[26.07791,44.3858],[26.07798,44.38587],[26.07802,44.38596],[26.07795,44.38638],[26.07795,44.38657],[26.07837,44.38721]]]},"properties":{"route_id":"1008-832","line":"323","name":"323","ref":"323","long_name":"Zetarilor - Piata Unirii 1","type":"bus","color":"#1D71B8"}},{"type":"Feature","geometry":{"type":"MultiLineString","coordinates":[[[26.09755,44.44559],[26.09723,44.44628],[26.09705,44.44658],[26.09704,44.44697],[26.09692,44.44711],[26.09676,44.44717],[26.09656,44.44714],[26.09644,44.44704],[26.09664,44.44688],[26.09677,44.44673],[26.09685,44.44658],[26.09703,44.44609],[26.09807,44.44399],[26.09806,44.44386],[26.09774,44.44365],[26.09727,44.44323],[26.09726,44.44306],[26.09734,44.44216],[26.09698,44.44179],[26.09654,44.44141],[26.09634,44.44121],[26.09616,44.4411],[26.09554,44.44079],[26.09336,44.44019],[26.09329,44.44018],[26.09323,44.44021],[26.09281,44.44068],[26.09244,44.44156],[26.09238,44.44175],[26.09233,44.44203],[26.09222,44.44222],[26.09215,44.44229],[26.09204,44.44235],[26.0914,44.44245],[26.09092,44.44291],[26.09026,44.44344],[26.08997,44.44364],[26.08947,44.44382],[26.0893,44.4439],[26.08889,44.44423],[26.08866,44.44437],[26.08834,44.44443],[26.08794,44.44447],[26.08776,44.44436],[26.08648,44.44379],[26.08626,44.44372],[26.08331,44.44328],[26.0822,44.4431],[26.08169,44.44299],[26.08154,44.443],[26.08125,44.44318],[26.08107,44.4432],[26.08092,44.44316],[26.08079,44.44307],[26.08076,44.44294],[26.0808,44.44282],[26.08087,44.44269],[26.08076,44.44229],[26.08074,44.44215],[26.08077,44.442],[26.08102,44.44127],[26.08116,44.44065],[26.08113,44.44031],[26.08102,44.44018],[26.0806,44.4399],[26.08004,44.43949],[26.07887,44.43872],[26.07793,44.43806],[26.07776,44.43796],[26.07525,44.43625],[26.07421,44.43545],[26.07337,44.43489],[26.07037,44.43283],[26.06937,44.4322],[26.06837,44.43153],[26.06803,44.43144],[26.06745,44.43138],[26.06598,44.43082],[26.06546,44.43058],[26.06516,44.43042],[26.06489,44.43024],[26.06384,44.42938],[26.06379,44.42936],[26.06373,44.42936],[26.06361,44.4294],[26.06298,44.42977],[26.06116,44.43096],[26.06046,44.43138],[26.06003,44.43155],[26.05994,44.43156],[26.05978,44.43153],[26.05972,44.43148],[26.05969,44.43141],[26.06,44.4308],[26.0605,44.43008],[26.0609,44.42958],[26.06102,44.42937],[26.06098,44.42922],[26.06096,44.42904],[26.06088,44.42887],[26.06064,44.4285],[26.06013,44.42783],[26.05873,44.42665],[26.05853,44.4265],[26.05829,44.42635],[26.05802,44.42623],[26.05775,44.42617],[26.05705,44.42611],[26.05681,44.42606],[26.05405,44.42569],[26.05244,44.42552],[26.05122,44.42532],[26.04991,44.42506],[26.04729,44.42449],[26.04646,44.42433],[26.04614,44.42425],[26.03954,44.42283],[26.03831,44.42262],[26.03713,44.42246],[26.03598,44.42237],[26.03433,44.42227],[26.03436,44.42164],[26.03441,44.42142],[26.03442,44.42077],[26.03438,44.41983],[26.03428,44.41827],[26.03424,44.41818],[26.03416,44.41813],[26.03394,44.41812],[26.0338,44.41814],[26.03238,44.4184],[26.03185,44.41853],[26.03129,44.41862],[26.03047,44.41863],[26.03004,44.41859],[26.02937,44.41846],[26.02868,44.4182],[26.02804,44.41784],[26.02613,44.41665],[26.02577,44.41652],[26.02547,44.41643],[26.02491,44.41633],[26.02421,44.4163],[26.02378,44.41631],[26.02365,44.41613],[26.02372,44.41596],[26.02384,44.41575],[26.0257,44.4132],[26.02565,44.41306],[26.01873,44.4122],[26.01845,44.41218],[26.01834,44.41214],[26.01623,44.41187],[26.01601,44.41188],[26.01577,44.41194],[26.01549,44.41206],[26.01523,44.41224],[26.01507,44.41241],[26.015,44.41242],[26.01426,44.41236],[26.01415,44.41266],[26.01489,44.41276],[26.01503,44.41239],[26.01521,44.41217],[26.01543,44.4118],[26.01553,44.41175],[26.01713,44.41195]],[[26.01713,44.41195],[26.02471,44.4129],[26.02593,44.41302],[26.02594,44.41309],[26.02579,44.41327],[26.02561,44.41357],[26.0239,44.41581],[26.02394,44.41592],[26.02404,44.41602],[26.02418,44.41608],[26.02432,44.4161],[26.02477,44.41611],[26.02507,44.41615],[26.02578,44.41632],[26.02628,44.41653],[26.0268,44.4168],[26.02734,44.41715],[26.02836,44.41777],[26.02879,44.41801],[26.02912,44.41816],[26.0298,44.41835],[26.03014,44.41841],[26.0307,44.41846],[26.03133,44.41842],[26.0324,44.4182],[26.03391,44.41792],[26.03418,44.41793],[26.03444,44.41799],[26.03454,44.41807],[26.03458,44.41841],[26.03471,44.42115],[26.03467,44.42206],[26.03536,44.42209],[26.03578,44.42214],[26.03786,44.42232],[26.03974,44.42259],[26.04179,44.42302],[26.04268,44.42324],[26.04766,44.42428],[26.05049,44.42493],[26.05172,44.42517],[26.05347,44.42543],[26.05733,44.42596],[26.05796,44.42607],[26.05818,44.42613],[26.05838,44.42622],[26.05878,44.4265],[26.06005,44.42756],[26.06047,44.42785],[26.06072,44.42821],[26.06094,44.42858],[26.06113,44.4288],[26.06132,44.42891],[26.06145,44.42893],[26.06166,44.42906],[26.06176,44.42921],[26.06195,44.42942],[26.0624,44.42975],[26.06257,44.4298],[26.06274,44.42979],[26.06428,44.42882],[26.06532,44.42811],[26.06555,44.42807],[26.06562,44.42808],[26.06582,44.42826],[26.06661,44.42885],[26.06704,44.4293],[26.06752,44.4299],[26.06814,44.4306],[26.06824,44.43074],[26.06838,44.43112],[26.06846,44.43119],[26.0695,44.43193],[26.06989,44.43216],[26.07034,44.43253],[26.07071,44.43292],[26.07237,44.43407],[26.07379,44.43503],[26.07473,44.43572],[26.08024,44.43943],[26.08101,44.43998],[26.08114,44.44002],[26.08127,44.44002],[26.08155,44.43999],[26.08193,44.44003],[26.08312,44.44005],[26.0842,44.44012],[26.08466,44.44013],[26.08529,44.44008],[26.08629,44.44002],[26.08693,44.44],[26.08799,44.43993],[26.08871,44.43982],[26.08915,44.4398],[26.08998,44.43982],[26.09102,44.43995],[26.09205,44.44004],[26.09251,44.44005],[26.09324,44.44009],[26.09346,44.44003],[26.09415,44.44021],[26.09558,44.44063],[26.09569,44.44065],[26.09581,44.44059],[26.09627,44.4402],[26.09659,44.43989],[26.09687,44.43946],[26.09706,44.43921],[26.09848,44.43926],[26.09993,44.43908],[26.10025,44.43906],[26.10071,44.43915],[26.09902,44.44254],[26.09755,44.44559]]]},"properties":{"route_id":"1008-833","line":"368","name":"368","ref":"368","long_name":"Valea Oltului - Piata Romana","type":"bus","color":"#1D71B8"}},{"type":"Feature","geometry":{"type":"MultiLineString","coordinates":[[[25.87764,44.41412],[25.87768,44.41411],[25.87991,44.41248],[25.88058,44.41207],[25.88079,44.41189],[25.88112,44.41154],[25.88206,44.41046],[25.88215,44.41032],[25.88219,44.41019],[25.88235,44.40761],[25.88247,44.40752],[25.88266,44.4075],[25.88285,44.40752],[25.88304,44.40756],[25.88352,44.40754],[25.88408,44.40738],[25.88433,44.40736],[25.88525,44.40742],[25.886,44.40739],[25.8879,44.40706],[25.89817,44.4043],[25.89959,44.40394],[25.90056,44.40366],[25.90307,44.4029],[25.90736,44.40166],[25.90998,44.40096],[25.91137,44.40039],[25.91213,44.40012],[25.91292,44.39981],[25.9135,44.39954],[25.9145,44.399],[25.91479,44.39882],[25.91588,44.39822],[25.91708,44.39751],[25.91719,44.39747],[25.91753,44.39758],[25.91864,44.39821],[25.91882,44.39833],[25.9189,44.39842],[25.92009,44.39941],[25.92035,44.3996],[25.92075,44.39983],[25.92117,44.40003],[25.92327,44.40081],[25.9236,44.40092],[25.92557,44.40167],[25.92587,44.40173],[25.92631,44.40175],[25.93183,44.40091],[25.93341,44.40074],[25.93481,44.40067],[25.93522,44.40075],[25.93543,44.40083],[25.93558,44.40093],[25.93592,44.40122],[25.93752,44.40278],[25.9378,44.40297],[25.93801,44.40306],[25.93825,44.40313],[25.93853,44.40318],[25.93971,44.40323],[25.94088,44.40326],[25.94572,44.4033],[25.95305,44.4034],[25.95397,44.40339],[25.96189,44.40354],[25.96223,44.40357],[25.96255,44.40361],[25.96306,44.4037],[25.96654,44.40434],[25.97037,44.40502],[25.97055,44.40499],[25.97067,44.40494],[25.97081,44.40494],[25.97096,44.40499],[25.97103,44.40507],[25.97123,44.40516],[25.97331,44.40553],[25.97544,44.40609],[25.97562,44.40609],[25.97577,44.40598],[25.97597,44.40597],[25.97619,44.40599],[25.97637,44.40605],[25.97648,44.40613],[25.97655,44.40636],[25.97668,44.40643],[25.97704,44.40653],[25.97779,44.40671],[25.97962,44.40706],[25.9813,44.40734],[25.98157,44.40721],[25.98168,44.40717],[25.98178,44.40716],[25.98192,44.40719],[25.98204,44.40725],[25.98212,44.40737],[25.98227,44.40741],[25.98273,44.40745],[25.98417,44.40745],[25.98597,44.4074],[25.98908,44.40735],[25.98947,44.40745],[25.99115,44.40799],[25.99547,44.40928],[25.99567,44.40932],[26.00763,44.41076],[26.02258,44.41263],[26.02532,44.41296],[26.02569,44.41302],[26.02587,44.41296],[26.02597,44.41295],[26.02615,44.41297],[26.04332,44.41506],[26.0451,44.41511],[26.04544,44.41508],[26.04558,44.415],[26.04644,44.41507],[26.04683,44.41486]],[[26.04683,44.41486],[26.04698,44.4148],[26.04707,44.41485],[26.04714,44.41493],[26.04719,44.41515],[26.0472,44.41535],[26.04715,44.41541],[26.04705,44.41542],[26.04508,44.41528],[26.04312,44.41521],[26.03371,44.41402],[26.03058,44.41364],[26.02996,44.41359],[26.0265,44.41316],[26.02612,44.41312],[26.02581,44.41312],[26.02562,44.41305],[26.02547,44.41303],[26.02447,44.41292],[26.01873,44.4122],[26.01845,44.41218],[26.01636,44.41189],[26.01174,44.41131],[26.00204,44.41014],[26.00174,44.41009],[25.99557,44.40934],[25.99537,44.4093],[25.99469,44.40912],[25.99415,44.40896],[25.99028,44.40778],[25.98937,44.40747],[25.98919,44.40742],[25.98899,44.40739],[25.98343,44.40751],[25.98327,44.40757],[25.98316,44.40758],[25.98216,44.40754],[25.98202,44.40758],[25.98188,44.40765],[25.9817,44.40765],[25.98155,44.4076],[25.98137,44.40745],[25.9778,44.40687],[25.97723,44.40677],[25.97669,44.40663],[25.97646,44.40659],[25.97632,44.40663],[25.97597,44.40668],[25.97575,44.40662],[25.97561,44.40655],[25.97552,44.40644],[25.97545,44.40628],[25.97515,44.4061],[25.97427,44.40585],[25.97319,44.40558],[25.97125,44.40523],[25.97105,44.40522],[25.9708,44.40531],[25.97065,44.4053],[25.97055,44.40523],[25.97049,44.40514],[25.97039,44.40508],[25.9701,44.40502],[25.96219,44.40361],[25.96165,44.40357],[25.95954,44.40355],[25.95324,44.40343],[25.93894,44.40328],[25.93827,44.40317],[25.93797,44.40308],[25.93769,44.40297],[25.93755,44.40286],[25.93649,44.40185],[25.93569,44.40105],[25.93549,44.4009],[25.93535,44.40083],[25.93508,44.40075],[25.9348,44.4007],[25.93207,44.40093],[25.9309,44.40109],[25.92896,44.4014],[25.92637,44.40179],[25.92599,44.40179],[25.9257,44.40174],[25.92508,44.40153],[25.92371,44.40101],[25.92164,44.40025],[25.92092,44.39997],[25.9203,44.39962],[25.91926,44.39879],[25.91905,44.3986],[25.9185,44.39818],[25.91815,44.39796],[25.91746,44.39758],[25.9173,44.39752],[25.91716,44.39753],[25.91703,44.39759],[25.91655,44.3979],[25.91429,44.39921],[25.91359,44.39955],[25.91263,44.39999],[25.91164,44.40034],[25.91057,44.40079],[25.91,44.40098],[25.90993,44.40103],[25.9073,44.40172],[25.90666,44.40193],[25.90616,44.40206],[25.90218,44.4032],[25.90007,44.40385],[25.89766,44.40449],[25.89511,44.40514],[25.893,44.40576],[25.88767,44.40722],[25.88692,44.40731],[25.88582,44.40748],[25.88506,44.40747],[25.88429,44.40739],[25.88345,44.40764],[25.88306,44.40762],[25.88254,44.40755],[25.88243,44.40762],[25.88226,44.41021],[25.88222,44.41036],[25.88213,44.4105],[25.88077,44.41198],[25.8806,44.4121],[25.88004,44.41244],[25.8782,44.41381],[25.87757,44.41425],[25.87747,44.41428],[25.8774,44.41426],[25.87726,44.41418],[25.87731,44.41411],[25.87739,44.41406],[25.87752,44.41411],[25.87764,44.41412]]]},"properties":{"route_id":"1008-835","line":"422","name":"422","ref":"422","long_name":"Darvari - Ghencea","type":"bus","color":"#662483"}},{"type":"Feature","geometry":{"type":"MultiLineString","coordinates":[[[26.04683,44.41486],[26.04698,44.4148],[26.04707,44.41485],[26.04714,44.41493],[26.04719,44.41515],[26.0472,44.41535],[26.04715,44.41541],[26.04705,44.41542],[26.04508,44.41528],[26.04312,44.41521],[26.03371,44.41402],[26.03058,44.41364],[26.02996,44.41359],[26.0265,44.41316],[26.02612,44.41312],[26.02581,44.41312],[26.02562,44.41305],[26.02547,44.41303],[26.02447,44.41292],[26.01873,44.4122],[26.01845,44.41218],[26.01636,44.41189],[26.01174,44.41131],[26.00204,44.41014],[26.00174,44.41009],[25.99557,44.40934],[25.99537,44.4093],[25.99469,44.40912],[25.99415,44.40896],[25.99028,44.40778],[25.98937,44.40747],[25.98919,44.40742],[25.98899,44.40739],[25.98343,44.40751],[25.98327,44.40757],[25.98316,44.40758],[25.98216,44.40754],[25.98202,44.40758],[25.98188,44.40765],[25.9817,44.40765],[25.98155,44.4076],[25.98137,44.40745],[25.9778,44.40687],[25.97723,44.40677],[25.97669,44.40663],[25.97646,44.40659],[25.97632,44.40663],[25.97597,44.40668],[25.97575,44.40662],[25.97561,44.40655],[25.97552,44.40644],[25.97545,44.40628],[25.97515,44.4061],[25.97427,44.40585],[25.97319,44.40558],[25.97125,44.40523],[25.97105,44.40522],[25.9708,44.40531],[25.97065,44.4053],[25.97055,44.40523],[25.97049,44.40514],[25.97039,44.40508],[25.9701,44.40502],[25.96893,44.40482],[25.96252,44.40366],[25.96219,44.40361],[25.96165,44.40357],[25.95954,44.40355],[25.95324,44.40343],[25.93894,44.40328],[25.93856,44.40325],[25.93824,44.4032],[25.93791,44.4031],[25.93703,44.40295],[25.93661,44.40282],[25.93619,44.40261],[25.93601,44.40259],[25.93596,44.40263],[25.93599,44.40296],[25.93619,44.40397],[25.93612,44.40406],[25.93542,44.40417],[25.93502,44.40426],[25.93486,44.4043],[25.93429,44.4045],[25.93358,44.40477],[25.93291,44.40505],[25.93235,44.40532],[25.93111,44.40587],[25.93033,44.40627],[25.93012,44.40635],[25.92993,44.4064],[25.92845,44.4067],[25.92772,44.40678],[25.92237,44.4072],[25.9205,44.40726],[25.92013,44.40731],[25.91897,44.40752],[25.91855,44.40756],[25.91783,44.40755],[25.91695,44.40749],[25.91559,44.40728],[25.91539,44.4073],[25.91501,44.4074],[25.91463,44.40747],[25.91436,44.40748],[25.91414,44.40744],[25.91404,44.4074],[25.91394,44.40731],[25.91084,44.40421],[25.91019,44.40339],[25.90986,44.40283],[25.90971,44.40234],[25.90969,44.40209],[25.90971,44.40163],[25.90968,44.40143],[25.90956,44.40117],[25.90956,44.4011],[25.90998,44.40096],[25.91028,44.40088],[25.91108,44.40058],[25.91112,44.40054],[25.91113,44.40048],[25.91106,44.40043],[25.91068,44.40034],[25.90984,44.40019],[25.90886,44.40006],[25.90868,44.40002],[25.90775,44.39966],[25.9073,44.39942],[25.90647,44.39892],[25.90421,44.3974],[25.90166,44.39562],[25.90041,44.39478],[25.89839,44.39338],[25.89399,44.39039],[25.89325,44.38987],[25.88586,44.38485],[25.88497,44.38425],[25.88478,44.38415],[25.88439,44.38404],[25.8781,44.38287],[25.87634,44.38256],[25.8701,44.38141],[25.87002,44.38137],[25.86999,44.38131],[25.87025,44.38064],[25.87041,44.37985],[25.87037,44.37978],[25.87002,44.37964],[25.86997,44.37951],[25.86999,44.37943],[25.87005,44.37937],[25.87011,44.37936]],[[25.87011,44.37936],[25.8703,44.37931],[25.87039,44.37944],[25.87044,44.37956],[25.87047,44.37976],[25.8704,44.38021],[25.8703,44.38067],[25.87015,44.38107],[25.87005,44.38125],[25.87004,44.38134],[25.87011,44.38138],[25.87465,44.38222],[25.87739,44.38271],[25.87967,44.38314],[25.88227,44.3836],[25.88466,44.38407],[25.88505,44.38425],[25.89603,44.39172],[25.90524,44.39806],[25.90653,44.3989],[25.90673,44.39901],[25.90746,44.39947],[25.90819,44.39979],[25.90865,44.39997],[25.90885,44.40003],[25.91036,44.40024],[25.91085,44.40034],[25.9111,44.40041],[25.91118,44.40046],[25.91122,44.40051],[25.9112,44.40056],[25.91111,44.4006],[25.9104,44.40088],[25.90972,44.40109],[25.90963,44.40114],[25.90974,44.40143],[25.90977,44.40164],[25.90974,44.40211],[25.90975,44.40228],[25.90981,44.40255],[25.90992,44.40284],[25.91024,44.40338],[25.9109,44.40421],[25.91361,44.40695],[25.91413,44.4074],[25.91432,44.40744],[25.91466,44.40743],[25.91545,44.40725],[25.91565,44.40724],[25.9161,44.4073],[25.91696,44.40745],[25.9176,44.4075],[25.91852,44.40752],[25.91898,44.40748],[25.92039,44.40723],[25.92242,44.40716],[25.92766,44.40675],[25.92839,44.40667],[25.93009,44.40632],[25.9304,44.40619],[25.9312,44.40578],[25.93216,44.40537],[25.93295,44.40499],[25.9337,44.40468],[25.93483,44.40427],[25.93548,44.40411],[25.93607,44.40403],[25.93614,44.40396],[25.93587,44.40265],[25.93587,44.40255],[25.93589,44.4025],[25.93606,44.40249],[25.93639,44.40269],[25.93663,44.4028],[25.93683,44.40286],[25.93707,44.40292],[25.9376,44.40301],[25.93778,44.403],[25.93802,44.40309],[25.93823,44.40315],[25.93857,44.40321],[25.94088,44.40326],[25.94572,44.4033],[25.95305,44.4034],[25.95397,44.40339],[25.96189,44.40354],[25.96255,44.40361],[25.96654,44.40434],[25.97037,44.40502],[25.97055,44.40499],[25.97067,44.40494],[25.97081,44.40494],[25.97096,44.40499],[25.97103,44.40507],[25.97123,44.40516],[25.97331,44.40553],[25.97544,44.40609],[25.97562,44.40609],[25.97577,44.40598],[25.97597,44.40597],[25.97619,44.40599],[25.97637,44.40605],[25.97648,44.40613],[25.97655,44.40636],[25.97668,44.40643],[25.97704,44.40653],[25.97779,44.40671],[25.97962,44.40706],[25.9813,44.40734],[25.98157,44.40721],[25.98168,44.40717],[25.98178,44.40716],[25.98192,44.40719],[25.98204,44.40725],[25.98212,44.40737],[25.98227,44.40741],[25.98273,44.40745],[25.98417,44.40745],[25.98597,44.4074],[25.98908,44.40735],[25.98947,44.40745],[25.99115,44.40799],[25.99547,44.40928],[25.99567,44.40932],[26.00763,44.41076],[26.02258,44.41263],[26.02532,44.41296],[26.02569,44.41302],[26.02587,44.41296],[26.02597,44.41295],[26.02615,44.41297],[26.04332,44.41506],[26.0451,44.41511],[26.04544,44.41508],[26.04558,44.415],[26.04644,44.41507],[26.04683,44.41486]]]},"properties":{"route_id":"1008-836","line":"423","name":"423","ref":"423","long_name":"Teghes - Ghencea","type":"bus","color":"#662483"}},{"type":"Feature","geometry":{"type":"MultiLineString","coordinates":[[[26.04668,44.41485],[26.0468,44.41478],[26.04698,44.4148],[26.04708,44.41485],[26.04713,44.41492],[26.04716,44.41522],[26.04725,44.41537],[26.04723,44.41543],[26.04712,44.41545],[26.04554,44.4153],[26.0452,44.41528],[26.04346,44.41525],[26.04312,44.41522],[26.0405,44.41489],[26.03732,44.41451],[26.03371,44.41402],[26.03058,44.41364],[26.02996,44.41359],[26.0265,44.41316],[26.02612,44.41312],[26.02581,44.41312],[26.02562,44.41305],[26.02547,44.41303],[26.02447,44.41292],[26.01873,44.4122],[26.01845,44.41218],[26.01636,44.41189],[26.01174,44.41131],[26.00204,44.41014],[26.00174,44.41009],[25.99557,44.40934],[25.99537,44.4093],[25.99469,44.40912],[25.99415,44.40896],[25.99028,44.40778],[25.98937,44.40747],[25.98919,44.40742],[25.98899,44.40739],[25.98343,44.40751],[25.98327,44.40757],[25.98316,44.40758],[25.98216,44.40754],[25.98202,44.40758],[25.98188,44.40765],[25.9817,44.40765],[25.98155,44.4076],[25.98137,44.40745],[25.9778,44.40687],[25.97723,44.40677],[25.97669,44.40663],[25.97646,44.40659],[25.97632,44.40663],[25.97597,44.40668],[25.97575,44.40662],[25.97561,44.40655],[25.97552,44.40644],[25.97545,44.40628],[25.97515,44.4061],[25.97427,44.40585],[25.97319,44.40558],[25.97125,44.40523],[25.97105,44.40522],[25.9708,44.40531],[25.97065,44.4053],[25.97055,44.40523],[25.97049,44.40514],[25.97039,44.40508],[25.9701,44.40502],[25.96893,44.40482],[25.96257,44.40366],[25.96216,44.4036],[25.96164,44.40358],[25.9586,44.40352],[25.95368,44.40116],[25.95314,44.40087],[25.95217,44.40029],[25.95151,44.39987],[25.95061,44.39936],[25.94952,44.39882],[25.9482,44.39823],[25.94575,44.39724],[25.94568,44.3972],[25.94567,44.39711],[25.94686,44.39535],[25.94707,44.39511],[25.94729,44.3949],[25.94855,44.39359],[25.9486,44.39348],[25.94856,44.39339],[25.94826,44.3931],[25.94816,44.39308],[25.94792,44.39309],[25.94744,44.39326],[25.94725,44.3933],[25.9463,44.39328],[25.94602,44.39324],[25.93608,44.38984],[25.93445,44.38931],[25.93407,44.3892],[25.93386,44.38912],[25.9323,44.38865],[25.93114,44.38822],[25.9308,44.38808],[25.92961,44.38739],[25.92919,44.38717],[25.92916,44.38712],[25.92919,44.38705],[25.92934,44.38688],[25.92953,44.38669],[25.93038,44.38592],[25.9306,44.38566],[25.93141,44.38447],[25.93304,44.38252],[25.93329,44.38226],[25.93353,44.38206],[25.93424,44.38153],[25.93508,44.38094],[25.93515,44.38087],[25.93532,44.38076],[25.93547,44.38074],[25.93553,44.38075],[25.93595,44.38092],[25.93627,44.38108],[25.93663,44.38136],[25.93728,44.38208],[25.93735,44.38211],[25.93743,44.38211],[25.93752,44.38207],[25.93794,44.38178],[25.93851,44.38136],[25.94009,44.3801],[25.94054,44.37968],[25.9411,44.37911],[25.94133,44.37894],[25.94316,44.37802],[25.9432,44.37798],[25.94317,44.37793],[25.94308,44.37787],[25.94255,44.37768],[25.94152,44.37727],[25.94015,44.37681],[25.93836,44.37641],[25.93755,44.3762],[25.93344,44.37526],[25.932,44.37484],[25.93075,44.37439],[25.92974,44.37399],[25.92737,44.37299],[25.91395,44.36623],[25.9132,44.36587],[25.9118,44.36515],[25.90813,44.36335],[25.90682,44.36274],[25.90615,44.36247],[25.90497,44.36204],[25.90358,44.3615],[25.90054,44.36037],[25.89913,44.35989],[25.8985,44.35971],[25.89823,44.35966],[25.89801,44.35965],[25.8979,44.35968],[25.89775,44.35982],[25.89714,44.36048],[25.89496,44.36274],[25.89332,44.36435],[25.89322,44.36437],[25.88658,44.3612],[25.88644,44.36111],[25.88571,44.36111],[25.885,44.36104],[25.88451,44.36095],[25.88407,44.36083],[25.88335,44.36054],[25.88337,44.36047],[25.88365,44.36044]],[[25.88365,44.36044],[25.88375,44.36044],[25.88373,44.36062],[25.88377,44.36069],[25.88395,44.36077],[25.88429,44.36087],[25.88493,44.361],[25.88546,44.36106],[25.88578,44.36107],[25.88712,44.36106],[25.88783,44.36104],[25.88823,44.361],[25.8886,44.36094],[25.89208,44.36005],[25.89243,44.35999],[25.89288,44.35994],[25.89504,44.35978],[25.8964,44.35972],[25.89764,44.35962],[25.89816,44.35963],[25.89847,44.35967],[25.89905,44.35983],[25.89956,44.35999],[25.90417,44.36168],[25.90543,44.36219],[25.90588,44.36234],[25.90655,44.36259],[25.90732,44.36292],[25.91318,44.36582],[25.91358,44.366],[25.91886,44.36867],[25.91988,44.36916],[25.92543,44.37195],[25.92705,44.37279],[25.92737,44.37294],[25.93026,44.37417],[25.93152,44.37463],[25.93229,44.37489],[25.93315,44.37515],[25.93729,44.37611],[25.9381,44.37628],[25.9382,44.37625],[25.93847,44.37633],[25.93856,44.37639],[25.9387,44.37643],[25.94026,44.3768],[25.94158,44.37725],[25.94327,44.37788],[25.94331,44.37794],[25.94329,44.37799],[25.94325,44.37803],[25.94255,44.37842],[25.94139,44.379],[25.94119,44.37913],[25.94097,44.37933],[25.94045,44.37987],[25.93956,44.38062],[25.93871,44.38129],[25.93755,44.38212],[25.93745,44.38217],[25.9373,44.38215],[25.93721,44.3821],[25.93656,44.38138],[25.9364,44.38123],[25.9362,44.38108],[25.93556,44.38081],[25.93546,44.38079],[25.93536,44.3808],[25.93529,44.38083],[25.93349,44.38215],[25.93315,44.38248],[25.9315,44.38444],[25.93064,44.38571],[25.93035,44.38601],[25.9295,44.3868],[25.92927,44.38704],[25.92922,44.38712],[25.93074,44.38801],[25.931,44.38813],[25.9318,44.38844],[25.93411,44.38915],[25.93948,44.39096],[25.94605,44.3932],[25.94626,44.39323],[25.94669,44.39326],[25.94732,44.39324],[25.94753,44.3932],[25.94793,44.39307],[25.94814,44.39304],[25.94826,44.39306],[25.94859,44.3933],[25.94865,44.39337],[25.94865,44.39346],[25.9486,44.39359],[25.94847,44.39375],[25.94698,44.39528],[25.94571,44.39712],[25.94572,44.39717],[25.94591,44.39727],[25.94805,44.39813],[25.94996,44.39899],[25.95125,44.39966],[25.95257,44.40048],[25.95389,44.4012],[25.95862,44.40348],[25.96037,44.40351],[25.96221,44.40357],[25.96306,44.4037],[25.96654,44.40434],[25.97037,44.40502],[25.97055,44.40499],[25.97067,44.40494],[25.97081,44.40494],[25.97096,44.40499],[25.97103,44.40507],[25.97123,44.40516],[25.97331,44.40553],[25.97544,44.40609],[25.97562,44.40609],[25.97577,44.40598],[25.97597,44.40597],[25.97619,44.40599],[25.97637,44.40605],[25.97648,44.40613],[25.97655,44.40636],[25.97668,44.40643],[25.97704,44.40653],[25.97779,44.40671],[25.97962,44.40706],[25.9813,44.40734],[25.98157,44.40721],[25.98168,44.40717],[25.98178,44.40716],[25.98192,44.40719],[25.98204,44.40725],[25.98212,44.40737],[25.98227,44.40741],[25.98273,44.40745],[25.98417,44.40745],[25.98597,44.4074],[25.98908,44.40735],[25.98947,44.40745],[25.99115,44.40799],[25.99547,44.40928],[25.99567,44.40932],[26.00763,44.41076],[26.02258,44.41263],[26.02532,44.41296],[26.02569,44.41302],[26.02587,44.41296],[26.02597,44.41295],[26.02615,44.41297],[26.03123,44.41358],[26.03662,44.41425],[26.04316,44.41503],[26.04364,44.41507],[26.04514,44.41509],[26.04536,44.41508],[26.0456,44.415],[26.04628,44.41506],[26.04667,44.41485]]]},"properties":{"route_id":"1008-837","line":"425","name":"425","ref":"425","long_name":"Ordoreanu - Ghencea","type":"bus","color":"#662483"}},{"type":"Feature","geometry":{"type":"MultiLineString","coordinates":[[[26.10526,44.436],[26.10579,44.43611],[26.10632,44.43613],[26.10665,44.43618],[26.10678,44.43624],[26.10681,44.43629],[26.1068,44.4364],[26.10676,44.43646],[26.10665,44.43648],[26.10637,44.43644],[26.10625,44.43641],[26.10606,44.43633],[26.10592,44.43625],[26.10579,44.43621],[26.10421,44.43592],[26.10306,44.43574],[26.10244,44.43568],[26.10234,44.43565],[26.10224,44.43557],[26.10206,44.4355],[26.10162,44.43541],[26.10065,44.43525],[26.09959,44.43503],[26.09835,44.43481],[26.0884,44.4346],[26.0881,44.43461],[26.08796,44.43464],[26.08778,44.43464],[26.0874,44.43458],[26.08456,44.43453],[26.0841,44.43454],[26.08072,44.43447],[26.08012,44.43443],[26.07948,44.43442],[26.07911,44.43446],[26.07839,44.43475],[26.07819,44.4348],[26.07809,44.43476],[26.07798,44.43469],[26.07776,44.4345],[26.07765,44.43445],[26.07749,44.43441],[26.07371,44.43432],[26.07144,44.43429],[26.06697,44.43418],[26.0669,44.43549],[26.06676,44.43691],[26.06653,44.43688],[26.06592,44.43664],[26.06549,44.43641],[26.0645,44.43593],[26.06426,44.43579],[26.0639,44.43565],[26.06315,44.43543],[26.06233,44.43535],[26.06186,44.43528],[26.06,44.43469],[26.05685,44.43466],[26.05403,44.43462],[26.05295,44.43458],[26.04835,44.43453],[26.0444,44.43444],[26.04268,44.43443],[26.04176,44.43441],[26.04058,44.43435],[26.03553,44.43432],[26.03491,44.43436],[26.03383,44.43438],[26.02979,44.43429],[26.02861,44.4343],[26.02531,44.43426],[26.02406,44.43422],[26.02342,44.43423],[26.02014,44.43415],[26.01545,44.43408],[26.01298,44.43402],[26.01234,44.43404],[26.01199,44.43401],[26.01174,44.43402],[26.01163,44.43408],[26.0116,44.43417],[26.01162,44.43438],[26.01197,44.4347],[26.01344,44.43646],[26.01492,44.43813],[26.01492,44.43821],[26.01473,44.43829],[26.01467,44.43827],[26.01435,44.43795]],[[26.01435,44.43795],[26.0143,44.43784],[26.01423,44.43776],[26.01425,44.43763],[26.01398,44.43728],[26.01317,44.43638],[26.01156,44.43446],[26.01155,44.4343],[26.01159,44.43384],[26.01246,44.43383],[26.01559,44.43388],[26.01666,44.43388],[26.02354,44.43404],[26.02532,44.43404],[26.02733,44.43409],[26.0295,44.43411],[26.03357,44.43419],[26.03432,44.43414],[26.03617,44.43415],[26.0369,44.43418],[26.04293,44.43425],[26.04599,44.43431],[26.04983,44.43434],[26.05401,44.4344],[26.05479,44.43443],[26.05809,44.43447],[26.05826,44.43449],[26.05937,44.43451],[26.05975,44.43453],[26.05993,44.43456],[26.06178,44.43517],[26.06239,44.43528],[26.06308,44.43534],[26.06357,44.43544],[26.06389,44.43554],[26.0645,44.43578],[26.06606,44.43653],[26.06623,44.43655],[26.06634,44.43655],[26.06644,44.43653],[26.0665,44.4365],[26.06657,44.43643],[26.06662,44.43633],[26.06659,44.43614],[26.06669,44.43515],[26.06674,44.43416],[26.06682,44.43414],[26.06876,44.43418],[26.07344,44.43424],[26.0774,44.43432],[26.07752,44.4343],[26.07808,44.43397],[26.07818,44.43392],[26.07831,44.43389],[26.07849,44.4339],[26.07866,44.43395],[26.07877,44.43404],[26.07895,44.43428],[26.07905,44.43437],[26.07912,44.43439],[26.07958,44.43436],[26.08738,44.4345],[26.08746,44.43447],[26.08771,44.43433],[26.08796,44.43432],[26.08826,44.43441],[26.08834,44.43445],[26.08844,44.43456],[26.09441,44.43462],[26.09807,44.43473],[26.09975,44.43496],[26.10102,44.43516],[26.10163,44.43529],[26.10236,44.43537],[26.10254,44.43534],[26.10261,44.43535],[26.10271,44.43539],[26.10278,44.43545],[26.10314,44.43559],[26.10325,44.43566],[26.10439,44.43584],[26.10526,44.436]]]},"properties":{"route_id":"1008-84","line":"61","name":"61","ref":"61","long_name":"Complex Apusului - Piata Rosetti","type":"trolleybus","color":"#008D36"}},{"type":"Feature","geometry":{"type":"MultiLineString","coordinates":[[[25.93832,44.37628],[25.93847,44.37633],[25.93856,44.37639],[25.9387,44.37643],[25.94026,44.3768],[25.94158,44.37725],[25.94316,44.37783],[25.94327,44.37788],[25.94331,44.37794],[25.94329,44.37799],[25.94325,44.37803],[25.94255,44.37842],[25.94139,44.379],[25.94119,44.37913],[25.94097,44.37933],[25.94045,44.37987],[25.93956,44.38062],[25.93871,44.38129],[25.93755,44.38212],[25.93745,44.38217],[25.9373,44.38215],[25.93721,44.3821],[25.93656,44.38138],[25.9364,44.38123],[25.9362,44.38108],[25.93556,44.38081],[25.93546,44.38079],[25.93536,44.3808],[25.93529,44.38083],[25.93349,44.38215],[25.93315,44.38248],[25.9315,44.38444],[25.93064,44.38571],[25.93035,44.38601],[25.9295,44.3868],[25.92927,44.38704],[25.92922,44.38712],[25.93074,44.38801],[25.931,44.38813],[25.9318,44.38844],[25.93411,44.38915],[25.93948,44.39096],[25.94605,44.3932],[25.94626,44.39323],[25.94669,44.39326],[25.94732,44.39324],[25.94753,44.3932],[25.94793,44.39307],[25.94814,44.39304],[25.94826,44.39306],[25.94859,44.3933],[25.94865,44.39337],[25.94865,44.39346],[25.9486,44.39359],[25.94847,44.39375],[25.94698,44.39528],[25.94571,44.39712],[25.94572,44.39717],[25.94591,44.39727],[25.94805,44.39813],[25.94996,44.39899],[25.95125,44.39966],[25.95257,44.40048],[25.95389,44.4012],[25.95862,44.40348],[25.96037,44.40351],[25.96221,44.40357],[25.96306,44.4037],[25.96654,44.40434],[25.97037,44.40502],[25.97055,44.40499],[25.97067,44.40494],[25.97081,44.40494],[25.97096,44.40499],[25.97103,44.40507],[25.97123,44.40516],[25.97331,44.40553],[25.97544,44.40609],[25.97562,44.40609],[25.97577,44.40598],[25.97597,44.40597],[25.97619,44.40599],[25.97637,44.40605],[25.97648,44.40613],[25.97655,44.40636],[25.97668,44.40643],[25.97704,44.40653],[25.97779,44.40671],[25.97962,44.40706],[25.9813,44.40734],[25.98157,44.40721],[25.98168,44.40717],[25.98178,44.40716],[25.98192,44.40719],[25.98204,44.40725],[25.98212,44.40737],[25.98227,44.40741],[25.98273,44.40745],[25.98417,44.40745],[25.98597,44.4074],[25.98908,44.40735],[25.98947,44.40745],[25.99115,44.40799],[25.99547,44.40928],[25.99567,44.40932],[26.00763,44.41076],[26.02258,44.41263],[26.02532,44.41296],[26.02569,44.41302],[26.02587,44.41296],[26.02597,44.41295],[26.02615,44.41297],[26.03123,44.41358],[26.03662,44.41425],[26.04316,44.41503],[26.04364,44.41507],[26.04514,44.41509],[26.04536,44.41508],[26.0456,44.415],[26.04628,44.41506],[26.04667,44.41485]],[[26.04668,44.41485],[26.0468,44.41478],[26.04698,44.4148],[26.04708,44.41485],[26.04713,44.41492],[26.04716,44.41522],[26.04725,44.41537],[26.04723,44.41543],[26.04712,44.41545],[26.04554,44.4153],[26.0452,44.41528],[26.04346,44.41525],[26.04312,44.41522],[26.0405,44.41489],[26.03732,44.41451],[26.03371,44.41402],[26.03058,44.41364],[26.02996,44.41359],[26.0265,44.41316],[26.02612,44.41312],[26.02581,44.41312],[26.02562,44.41305],[26.02547,44.41303],[26.02447,44.41292],[26.01873,44.4122],[26.01845,44.41218],[26.01636,44.41189],[26.01174,44.41131],[26.00204,44.41014],[26.00174,44.41009],[25.99557,44.40934],[25.99537,44.4093],[25.99469,44.40912],[25.99415,44.40896],[25.99028,44.40778],[25.98937,44.40747],[25.98919,44.40742],[25.98899,44.40739],[25.98343,44.40751],[25.98327,44.40757],[25.98316,44.40758],[25.98216,44.40754],[25.98202,44.40758],[25.98188,44.40765],[25.9817,44.40765],[25.98155,44.4076],[25.98137,44.40745],[25.9778,44.40687],[25.97723,44.40677],[25.97669,44.40663],[25.97646,44.40659],[25.97632,44.40663],[25.97597,44.40668],[25.97575,44.40662],[25.97561,44.40655],[25.97552,44.40644],[25.97545,44.40628],[25.97515,44.4061],[25.97427,44.40585],[25.97319,44.40558],[25.97125,44.40523],[25.97105,44.40522],[25.9708,44.40531],[25.97065,44.4053],[25.97055,44.40523],[25.97049,44.40514],[25.97039,44.40508],[25.9701,44.40502],[25.96893,44.40482],[25.96257,44.40366],[25.96216,44.4036],[25.96164,44.40358],[25.9586,44.40352],[25.95368,44.40116],[25.95314,44.40087],[25.95217,44.40029],[25.95151,44.39987],[25.95061,44.39936],[25.94952,44.39882],[25.9482,44.39823],[25.94575,44.39724],[25.94568,44.3972],[25.94567,44.39711],[25.94686,44.39535],[25.94707,44.39511],[25.94729,44.3949],[25.94855,44.39359],[25.9486,44.39348],[25.94856,44.39339],[25.94826,44.3931],[25.94816,44.39308],[25.94792,44.39309],[25.94744,44.39326],[25.94725,44.3933],[25.9463,44.39328],[25.94602,44.39324],[25.93608,44.38984],[25.93445,44.38931],[25.93407,44.3892],[25.93386,44.38912],[25.9323,44.38865],[25.93114,44.38822],[25.9308,44.38808],[25.92961,44.38739],[25.92919,44.38717],[25.92916,44.38712],[25.92919,44.38705],[25.92934,44.38688],[25.92953,44.38669],[25.93038,44.38592],[25.9306,44.38566],[25.93141,44.38447],[25.93304,44.38252],[25.93329,44.38226],[25.93353,44.38206],[25.93424,44.38153],[25.93508,44.38094],[25.93515,44.38087],[25.93532,44.38076],[25.93547,44.38074],[25.93553,44.38075],[25.93595,44.38092],[25.93627,44.38108],[25.93663,44.38136],[25.93728,44.38208],[25.93735,44.38211],[25.93743,44.38211],[25.93752,44.38207],[25.93794,44.38178],[25.93851,44.38136],[25.94009,44.3801],[25.94054,44.37968],[25.9411,44.37911],[25.94133,44.37894],[25.94316,44.37802],[25.9432,44.37798],[25.94317,44.37793],[25.94308,44.37787],[25.94153,44.37728],[25.94016,44.37682],[25.93983,44.37673],[25.93818,44.37636],[25.93816,44.37628],[25.93823,44.37625],[25.93832,44.37628]]]},"properties":{"route_id":"1008-843","line":"425b","name":"425b","ref":"425b","long_name":"Clinceni - Ghencea","type":"bus","color":"#662483"}},{"type":"Feature","geometry":{"type":"MultiLineString","coordinates":[[[25.95293,44.3303],[25.95288,44.33049],[25.95287,44.33083],[25.9531,44.33224],[25.95096,44.33271],[25.95067,44.33276],[25.9501,44.33282],[25.9499,44.33286],[25.94978,44.3329],[25.94882,44.33352],[25.94872,44.33356],[25.94848,44.33353],[25.9482,44.33354],[25.94783,44.33375],[25.9477,44.33378],[25.94738,44.33373],[25.94712,44.33371],[25.9461,44.33378],[25.94567,44.33383],[25.94522,44.33395],[25.94506,44.33402],[25.94488,44.33413],[25.94471,44.33432],[25.94439,44.33489],[25.94423,44.3351],[25.94371,44.33555],[25.94352,44.33576],[25.94316,44.33627],[25.94318,44.33643],[25.94349,44.33756],[25.9435,44.33786],[25.94345,44.33816],[25.94325,44.33863],[25.94308,44.33892],[25.9412,44.34131],[25.94112,44.34155],[25.94112,44.34167],[25.94114,44.3418],[25.94121,44.34192],[25.94139,44.34211],[25.94152,44.3422],[25.94195,44.34235],[25.94287,44.34255],[25.9435,44.34275],[25.94378,44.34286],[25.94411,44.34307],[25.94417,44.34319],[25.94633,44.34468],[25.94904,44.34668],[25.95024,44.34753],[25.95039,44.34762],[25.95055,44.34776],[25.95467,44.35077],[25.95535,44.3513],[25.95547,44.35134],[25.95555,44.35143],[25.95947,44.35437],[25.96165,44.35595],[25.96198,44.35608],[25.96236,44.35616],[25.96319,44.35621],[25.96334,44.35623],[25.96371,44.35639],[25.96406,44.3567],[25.96418,44.35684],[25.96434,44.35723],[25.96448,44.35747],[25.96504,44.35814],[25.96515,44.35822],[25.96726,44.35941],[25.96755,44.3596],[25.96804,44.36005],[25.96841,44.36053],[25.97127,44.36486],[25.97132,44.36489],[25.97143,44.36511],[25.97165,44.36543],[25.97173,44.36562],[25.97371,44.36865],[25.97415,44.3693],[25.97443,44.36963],[25.97467,44.36984],[25.97798,44.37207],[25.97865,44.37258],[25.97902,44.37281],[25.97939,44.3729],[25.97947,44.37295],[25.97953,44.37302],[25.97953,44.37309],[25.97965,44.37337],[25.98229,44.37566],[25.98404,44.37727],[25.98732,44.38044],[25.98788,44.38095],[25.98852,44.38142],[25.98871,44.38152],[25.98929,44.38175],[25.99102,44.38226],[25.99421,44.38328],[25.99532,44.38361],[25.99989,44.38508],[26.00046,44.38506],[26.00077,44.38497],[26.00091,44.38499],[26.00102,44.38508],[26.00113,44.3853],[26.00128,44.38544],[26.00155,44.38559],[26.01039,44.38805],[26.01052,44.38802],[26.01064,44.38806],[26.01068,44.38814],[26.01082,44.38819],[26.0186,44.39031],[26.02597,44.39239],[26.03996,44.39628],[26.04478,44.39819],[26.04504,44.39829],[26.04519,44.39832],[26.04523,44.39841],[26.04522,44.39851],[26.04512,44.39858],[26.04502,44.3986],[26.04489,44.39856],[26.04479,44.39847],[26.04478,44.39841],[26.04469,44.39832],[26.04415,44.3981],[26.04407,44.39812],[26.044,44.39816],[26.04392,44.39825],[26.04387,44.39833],[26.04387,44.3984],[26.04392,44.39844],[26.0445,44.39862]],[[26.0445,44.39861],[26.04458,44.39865],[26.0447,44.39864],[26.04476,44.39858],[26.04479,44.39847],[26.04478,44.39841],[26.04469,44.39832],[26.04438,44.39817],[26.04284,44.39749],[26.03994,44.39637],[26.03906,44.3961],[26.03736,44.39565],[26.03207,44.39418],[26.02026,44.39088],[26.01948,44.39068],[26.01298,44.38886],[26.01138,44.38843],[26.01074,44.38823],[26.0106,44.38823],[26.01048,44.38825],[26.01037,44.38821],[26.01034,44.38813],[26.00198,44.38579],[25.99091,44.38232],[25.98875,44.38168],[25.98839,44.38153],[25.98751,44.3808],[25.98665,44.37995],[25.98494,44.37835],[25.98418,44.37768],[25.98349,44.37698],[25.98311,44.37662],[25.98276,44.37625],[25.97922,44.37309],[25.97871,44.3727],[25.97794,44.37218],[25.97767,44.37198],[25.97496,44.37017],[25.97441,44.36975],[25.97419,44.36953],[25.97365,44.36882],[25.9736,44.36868],[25.97157,44.36553],[25.97083,44.36446],[25.97044,44.36413],[25.97046,44.36389],[25.96828,44.36059],[25.96813,44.36048],[25.96812,44.36036],[25.9679,44.3601],[25.96758,44.35979],[25.96737,44.35962],[25.96504,44.35829],[25.96431,44.35745],[25.96409,44.35689],[25.96393,44.35671],[25.96361,44.35643],[25.9634,44.35635],[25.96317,44.35629],[25.96265,44.35628],[25.96234,44.35625],[25.96192,44.35616],[25.96149,44.356],[25.95917,44.3543],[25.9588,44.35401],[25.95524,44.35141],[25.95512,44.35129],[25.95487,44.35115],[25.95475,44.35102],[25.95128,44.34843],[25.95027,44.34771],[25.95004,44.34758],[25.94992,44.34746],[25.9488,44.34664],[25.94394,44.34315],[25.94374,44.34302],[25.9432,44.34278],[25.94123,44.34227],[25.94115,44.34221],[25.9411,44.34203],[25.94099,44.34177],[25.94098,44.34148],[25.94106,44.3413],[25.94117,44.34112],[25.94181,44.34031],[25.94295,44.33894],[25.94321,44.33848],[25.94329,44.33829],[25.94335,44.33809],[25.94339,44.33773],[25.94337,44.33748],[25.94309,44.3364],[25.94309,44.33625],[25.9432,44.33611],[25.94344,44.33574],[25.94416,44.33508],[25.94431,44.33489],[25.94463,44.33431],[25.94482,44.3341],[25.94502,44.33397],[25.94538,44.33384],[25.94559,44.3338],[25.94611,44.33373],[25.94675,44.33369],[25.94737,44.33368],[25.94762,44.33373],[25.94769,44.33373],[25.94778,44.33371],[25.94815,44.33351],[25.94828,44.33348],[25.94845,44.33348],[25.94872,44.33352],[25.94973,44.33286],[25.9499,44.33281],[25.95015,44.33277],[25.95062,44.33272],[25.95086,44.33268],[25.95303,44.33222],[25.95282,44.33084],[25.95283,44.33051],[25.95279,44.33041],[25.95266,44.33022],[25.95254,44.32991],[25.95303,44.32972],[25.95293,44.3303]]]},"properties":{"route_id":"1008-844","line":"421","name":"421","ref":"421","long_name":"Cornetu - Depoul Alexandria","type":"bus","color":"#662483"}},{"type":"Feature","geometry":{"type":"MultiLineString","coordinates":[[[25.93832,44.37628],[25.93847,44.37633],[25.93856,44.37639],[25.9387,44.37643],[25.94026,44.3768],[25.94158,44.37725],[25.94252,44.3776],[25.94324,44.37785],[25.94337,44.37788],[25.94361,44.37786],[25.94373,44.37781],[25.94387,44.37771],[25.9441,44.37747],[25.94438,44.37711],[25.94493,44.3763],[25.94518,44.37599],[25.94699,44.37418],[25.94833,44.37274],[25.94953,44.37154],[25.94963,44.37151],[25.94976,44.37152],[25.95014,44.3716],[25.95257,44.37223],[25.95301,44.37239],[25.95418,44.37294],[25.95516,44.37355],[25.95526,44.37358],[25.95537,44.37359],[25.95548,44.37358],[25.95561,44.37352],[25.95965,44.37077],[25.96309,44.36902],[25.96911,44.36601],[25.9711,44.36498],[25.97115,44.36495],[25.97116,44.36491],[25.97122,44.36486],[25.9713,44.36487],[25.97133,44.36491],[25.97133,44.36496],[25.97173,44.36562],[25.97371,44.36865],[25.97415,44.3693],[25.97443,44.36963],[25.97467,44.36984],[25.97798,44.37207],[25.97865,44.37258],[25.97902,44.37281],[25.97939,44.3729],[25.97947,44.37295],[25.97953,44.37302],[25.97953,44.37309],[25.97965,44.37337],[25.98229,44.37566],[25.98404,44.37727],[25.98732,44.38044],[25.98788,44.38095],[25.98852,44.38142],[25.98871,44.38152],[25.98929,44.38175],[25.99102,44.38226],[25.99421,44.38328],[25.99532,44.38361],[25.99989,44.38508],[26.00046,44.38506],[26.00077,44.38497],[26.00091,44.38499],[26.00102,44.38508],[26.00113,44.3853],[26.00128,44.38544],[26.00155,44.38559],[26.01039,44.38805],[26.01052,44.38802],[26.01064,44.38806],[26.01068,44.38814],[26.01082,44.38819],[26.0186,44.39031],[26.02597,44.39239],[26.03996,44.39628],[26.04478,44.39819],[26.04504,44.39829],[26.04519,44.39832],[26.04523,44.39841],[26.04522,44.39851],[26.04512,44.39858],[26.04502,44.3986],[26.04489,44.39856],[26.04479,44.39847],[26.04478,44.39841],[26.04469,44.39832],[26.04415,44.3981],[26.04407,44.39812],[26.044,44.39816],[26.04392,44.39825],[26.04387,44.39833],[26.04387,44.3984],[26.04392,44.39844],[26.0445,44.39862]],[[26.0445,44.39861],[26.04458,44.39865],[26.0447,44.39864],[26.04476,44.39858],[26.04479,44.39847],[26.04478,44.39841],[26.04469,44.39832],[26.04438,44.39817],[26.04284,44.39749],[26.03994,44.39637],[26.03906,44.3961],[26.03736,44.39565],[26.03207,44.39418],[26.02026,44.39088],[26.01948,44.39068],[26.01298,44.38886],[26.01138,44.38843],[26.01074,44.38823],[26.0106,44.38823],[26.01048,44.38825],[26.01037,44.38821],[26.01034,44.38813],[26.00198,44.38579],[25.99091,44.38232],[25.98875,44.38168],[25.98839,44.38153],[25.98751,44.3808],[25.98665,44.37995],[25.98494,44.37835],[25.98418,44.37768],[25.98349,44.37698],[25.98311,44.37662],[25.98276,44.37625],[25.97922,44.37309],[25.97871,44.3727],[25.97794,44.37218],[25.97767,44.37198],[25.97496,44.37017],[25.97441,44.36975],[25.97419,44.36953],[25.97129,44.36507],[25.9712,44.36503],[25.97111,44.36504],[25.96671,44.36724],[25.95958,44.37086],[25.95928,44.37105],[25.95565,44.37354],[25.95552,44.37361],[25.95535,44.37365],[25.95524,44.37362],[25.95501,44.37351],[25.95434,44.37308],[25.95378,44.37278],[25.95276,44.37232],[25.95248,44.37223],[25.94972,44.37157],[25.94963,44.37158],[25.94947,44.37165],[25.9492,44.37191],[25.94637,44.37485],[25.94519,44.37605],[25.9449,44.37638],[25.94444,44.3771],[25.94422,44.37739],[25.94394,44.37771],[25.94381,44.37783],[25.94343,44.37795],[25.94328,44.37795],[25.94153,44.37728],[25.94016,44.37682],[25.93983,44.37673],[25.93818,44.37636],[25.93816,44.37628],[25.93823,44.37625],[25.93832,44.37628]]]},"properties":{"route_id":"1008-845","line":"424","name":"424","ref":"424","long_name":"Clinceni - Depoul Alexandria","type":"bus","color":"#662483"}},{"type":"Feature","geometry":{"type":"MultiLineString","coordinates":[[[25.98897,44.32966],[25.98895,44.32958],[25.98904,44.32956],[25.98931,44.32941],[25.98977,44.32906],[25.98994,44.3289],[25.99005,44.32875],[25.9902,44.3284],[25.99026,44.32808],[25.99028,44.3275],[25.99025,44.3272],[25.99029,44.32709],[25.99036,44.327],[25.99047,44.32692],[25.99094,44.32666],[25.99264,44.32565],[25.99367,44.32494],[25.9946,44.32435],[25.9964,44.32312],[25.99698,44.32285],[25.9974,44.3226],[25.99752,44.32258],[25.99763,44.32266],[25.9989,44.32402],[25.99925,44.32425],[25.99987,44.32483],[26.00096,44.3257],[26.00148,44.32619],[26.00197,44.3266],[26.00333,44.32748],[26.00358,44.3277],[26.00365,44.32781],[26.00384,44.32832],[26.00403,44.32854],[26.005,44.32923],[26.00509,44.32933],[26.00541,44.32994],[26.00538,44.33012],[26.00539,44.33018],[26.00551,44.33042],[26.00556,44.33067],[26.00563,44.33132],[26.00575,44.33176],[26.00589,44.33203],[26.00626,44.33245],[26.00627,44.33252],[26.00625,44.3326],[26.00606,44.33287],[26.00609,44.33295],[26.00614,44.33302],[26.00622,44.33308],[26.00632,44.33313],[26.00645,44.33316],[26.00655,44.33317],[26.00685,44.33313],[26.00702,44.33316],[26.00719,44.33328],[26.0073,44.33338],[26.0074,44.33353],[26.00763,44.33394],[26.00778,44.33427],[26.00798,44.33464],[26.01002,44.33837],[26.01032,44.33898],[26.01229,44.34248],[26.01263,44.34305],[26.01302,44.3436],[26.01314,44.34366],[26.01327,44.34368],[26.0134,44.34368],[26.0145,44.34335],[26.01468,44.34332],[26.01497,44.3433],[26.01584,44.34335],[26.01628,44.34334],[26.01665,44.34331],[26.01736,44.34321],[26.02097,44.34246],[26.02338,44.34182],[26.02464,44.34152],[26.02473,44.34151],[26.02482,44.34154],[26.02659,44.34265],[26.02714,44.34363],[26.0275,44.34444],[26.02764,44.34511],[26.02777,44.34554],[26.02844,44.34686],[26.02903,44.34791],[26.02947,44.34887],[26.02992,44.34971],[26.03001,44.34973],[26.03013,44.34971],[26.03116,44.34947],[26.03215,44.34921],[26.03233,44.34913],[26.03243,44.34899],[26.03247,44.3489],[26.03257,44.34885],[26.03269,44.34886],[26.03276,44.34892],[26.03278,44.34899],[26.03376,44.35056],[26.03373,44.35062],[26.03357,44.35069],[26.03302,44.35085],[26.03184,44.35124],[26.03245,44.35226],[26.03256,44.35248],[26.03344,44.35399],[26.0336,44.35424],[26.03367,44.35429],[26.03381,44.35434],[26.03382,44.35438],[26.03376,44.35448],[26.03428,44.35543],[26.03445,44.35568],[26.03541,44.3564],[26.03605,44.35694],[26.03645,44.35737],[26.03671,44.35779],[26.03695,44.35826],[26.0382,44.36173],[26.03831,44.36199],[26.03841,44.36213],[26.03845,44.36237],[26.03967,44.36448],[26.04024,44.36539],[26.04039,44.36556],[26.04061,44.36605],[26.04502,44.37349],[26.04534,44.37394],[26.04549,44.37424],[26.0465,44.37594],[26.0465,44.37597],[26.04667,44.37629],[26.04692,44.37666],[26.04714,44.37712],[26.04719,44.37727],[26.0472,44.37746],[26.04713,44.37792],[26.04644,44.38086],[26.04643,44.38117],[26.04651,44.38177],[26.04655,44.38186],[26.04689,44.38453],[26.04698,44.38498],[26.0474,44.38823],[26.04816,44.39373],[26.04833,44.3953],[26.04875,44.39821],[26.04889,44.39964],[26.04892,44.39967],[26.04911,44.39972],[26.04951,44.3999],[26.0496,44.39999],[26.04974,44.40018],[26.05073,44.40226],[26.05235,44.40557],[26.05402,44.4089],[26.05814,44.41729],[26.05839,44.41767],[26.05864,44.41796],[26.05873,44.41811],[26.05878,44.41825],[26.05877,44.41831],[26.0587,44.41834],[26.05853,44.41832],[26.05327,44.4167],[26.05297,44.41663],[26.05192,44.41629],[26.0502,44.41577],[26.04988,44.41571],[26.0461,44.41536],[26.04559,44.4153],[26.04542,44.41523],[26.04539,44.41511],[26.04548,44.41499],[26.04561,44.4149],[26.04585,44.41477]],[[26.04585,44.41477],[26.04596,44.41472],[26.04701,44.41481],[26.04707,44.41484],[26.04711,44.41491],[26.04714,44.41522],[26.04718,44.41528],[26.04726,44.41532],[26.04981,44.41558],[26.05025,44.41564],[26.05359,44.41663],[26.05796,44.41799],[26.05807,44.41797],[26.0582,44.41789],[26.0583,44.4177],[26.058,44.41731],[26.05792,44.41709],[26.05359,44.40833],[26.05335,44.40781],[26.05264,44.40642],[26.05089,44.40284],[26.04985,44.40067],[26.04976,44.40058],[26.04903,44.40015],[26.04892,44.39992],[26.04884,44.39956],[26.04803,44.39333],[26.04798,44.39313],[26.04748,44.38922],[26.04676,44.38411],[26.04677,44.38396],[26.04639,44.38151],[26.04639,44.38107],[26.04643,44.38077],[26.04695,44.37841],[26.0469,44.37835],[26.04697,44.37836],[26.04716,44.37749],[26.04713,44.37719],[26.047,44.37689],[26.04534,44.37411],[26.04509,44.37376],[26.04458,44.37281],[26.0426,44.36948],[26.04239,44.36916],[26.04009,44.36527],[26.03984,44.36482],[26.03885,44.36316],[26.03817,44.36195],[26.03804,44.36146],[26.03703,44.35861],[26.03686,44.35818],[26.03672,44.35793],[26.03639,44.3574],[26.03613,44.3571],[26.03531,44.35642],[26.03455,44.35584],[26.03443,44.35572],[26.0342,44.35538],[26.03364,44.35445],[26.0336,44.35441],[26.03352,44.35424],[26.03329,44.35389],[26.0325,44.35248],[26.03177,44.35127],[26.03176,44.35124],[26.03179,44.3512],[26.03366,44.3506],[26.03366,44.35054],[26.03327,44.34989],[26.03308,44.34953],[26.03285,44.34921],[26.03276,44.34911],[26.03267,44.34909],[26.03224,44.34927],[26.03205,44.34931],[26.03112,44.34957],[26.0301,44.34978],[26.03001,44.34979],[26.02994,44.34978],[26.02984,44.34974],[26.02963,44.34937],[26.02905,44.34816],[26.02819,44.34656],[26.02788,44.34591],[26.02762,44.34519],[26.02748,44.34461],[26.02739,44.34432],[26.02661,44.34273],[26.0265,44.34261],[26.02492,44.34162],[26.02476,44.34155],[26.02459,44.34155],[26.02298,44.34195],[26.02122,44.34245],[26.01716,44.34329],[26.01652,44.34336],[26.01604,44.34339],[26.01508,44.34334],[26.01481,44.34335],[26.01455,44.34339],[26.01358,44.34366],[26.01334,44.34371],[26.01321,44.34371],[26.01308,44.34367],[26.01296,44.34359],[26.01242,44.34279],[26.01182,44.34176],[26.01066,44.33968],[26.00768,44.33419],[26.00756,44.33391],[26.00733,44.33349],[26.00714,44.33328],[26.00702,44.3332],[26.00691,44.33316],[26.00646,44.33319],[26.00623,44.33312],[26.00606,44.33298],[26.00603,44.33285],[26.00621,44.33258],[26.00623,44.33251],[26.00619,44.33242],[26.00586,44.33206],[26.00577,44.33192],[26.00568,44.33172],[26.00559,44.33135],[26.00552,44.33067],[26.00548,44.33047],[26.0053,44.33011],[26.00529,44.33004],[26.00533,44.32992],[26.00532,44.32984],[26.00502,44.32933],[26.00455,44.32895],[26.00404,44.3286],[26.00382,44.32838],[26.00374,44.32822],[26.00357,44.32778],[26.00347,44.32765],[26.00318,44.32744],[26.00185,44.32655],[26.00087,44.32567],[25.99904,44.32421],[25.99863,44.32386],[25.9978,44.32291],[25.99759,44.32268],[25.9975,44.32262],[25.99742,44.32263],[25.99735,44.32266],[25.997,44.32288],[25.99645,44.32313],[25.9945,44.32445],[25.9941,44.32474],[25.99256,44.32573],[25.99098,44.32667],[25.99053,44.32692],[25.99039,44.32703],[25.99031,44.32718],[25.99033,44.32771],[25.99031,44.32805],[25.99026,44.32841],[25.99011,44.32877],[25.98999,44.32894],[25.98968,44.32922],[25.98917,44.32956],[25.98912,44.32967],[25.98904,44.32969],[25.98897,44.32966]]]},"properties":{"route_id":"1008-846","line":"426","name":"426","ref":"426","long_name":"Pruni - Ghencea","type":"bus","color":"#662483"}},{"type":"Feature","geometry":{"type":"MultiLineString","coordinates":[[[26.00479,44.43396],[26.00089,44.43388],[25.99698,44.43386],[25.99654,44.43389],[25.99215,44.43426],[25.99193,44.43429],[25.98735,44.43469],[25.98646,44.43474],[25.98224,44.43512],[25.97658,44.43558],[25.97562,44.43568],[25.96319,44.43675],[25.95334,44.43752],[25.94707,44.43811],[25.94322,44.43845],[25.94107,44.43858],[25.94046,44.43872],[25.94031,44.43881],[25.94028,44.43893],[25.94033,44.43905],[25.94041,44.43912],[25.94057,44.43918],[25.94073,44.4392],[25.9429,44.43905],[25.9444,44.43906],[25.94467,44.43903],[25.94487,44.43896],[25.94503,44.43886],[25.94511,44.43875],[25.94515,44.43865],[25.94516,44.43852],[25.94512,44.43832],[25.94505,44.43818],[25.94494,44.43803],[25.9448,44.43792],[25.94459,44.43784],[25.94443,44.4378],[25.94415,44.4378],[25.94396,44.43783],[25.94322,44.43801],[25.94294,44.43806],[25.94154,44.43826],[25.93806,44.43859],[25.93381,44.43908],[25.92976,44.43944],[25.92769,44.4396],[25.9196,44.4403],[25.909,44.44119],[25.89937,44.44203],[25.89839,44.4421],[25.89799,44.44215],[25.88968,44.44382],[25.88907,44.44393],[25.88854,44.44398],[25.88819,44.44396],[25.88414,44.4435],[25.88018,44.44346],[25.87946,44.4434],[25.87747,44.44309],[25.87636,44.44297],[25.87597,44.44299],[25.87572,44.44304],[25.87566,44.44307],[25.87558,44.44308],[25.87551,44.44307],[25.87541,44.44299],[25.87541,44.44293],[25.87544,44.44287],[25.8756,44.44279],[25.87564,44.44275],[25.87567,44.44257],[25.87569,44.44209],[25.87603,44.43749],[25.87613,44.43721],[25.87628,44.43698],[25.87659,44.43661],[25.87692,44.43627],[25.87701,44.43614],[25.87708,44.43601],[25.87717,44.43567],[25.87794,44.42859],[25.87849,44.42233],[25.87859,44.42144],[25.8786,44.42106],[25.87856,44.42096],[25.87849,44.42086],[25.87827,44.42071],[25.87808,44.42064],[25.87296,44.4196],[25.87214,44.41942],[25.87199,44.41937],[25.87191,44.41931],[25.8719,44.41926],[25.87192,44.41922],[25.87381,44.41739],[25.87554,44.41575],[25.87581,44.41552],[25.87738,44.41434],[25.87743,44.41429],[25.87742,44.41426],[25.87734,44.4142],[25.87734,44.41413],[25.87744,44.41408],[25.87752,44.41411],[25.87761,44.41418],[25.8776,44.41425],[25.87748,44.41434]],[[25.87748,44.41434],[25.87711,44.41459],[25.87634,44.41517],[25.87593,44.41546],[25.87559,44.41575],[25.87298,44.41825],[25.87205,44.41919],[25.87202,44.41925],[25.87205,44.41934],[25.87211,44.41938],[25.8781,44.42061],[25.87827,44.42066],[25.87847,44.42079],[25.8786,44.42093],[25.87865,44.42104],[25.87867,44.42115],[25.87796,44.42882],[25.87722,44.43564],[25.8772,44.43578],[25.87709,44.43608],[25.87692,44.43633],[25.87626,44.43707],[25.87612,44.43736],[25.87608,44.43753],[25.87577,44.44202],[25.87569,44.44278],[25.87573,44.44286],[25.87779,44.4431],[25.87914,44.44332],[25.87992,44.44341],[25.88113,44.44345],[25.88421,44.44346],[25.8858,44.44366],[25.8879,44.4439],[25.88854,44.44394],[25.88887,44.44392],[25.88961,44.4438],[25.89223,44.44326],[25.89584,44.44255],[25.89658,44.44239],[25.898,44.44212],[25.89834,44.44207],[25.90214,44.44176],[25.90469,44.44153],[25.92182,44.44008],[25.92567,44.43975],[25.92787,44.43954],[25.92915,44.43946],[25.92922,44.43949],[25.92919,44.43971],[25.92923,44.43979],[25.92932,44.43985],[25.92944,44.43989],[25.92957,44.4399],[25.92985,44.43988],[25.93176,44.43952],[25.93457,44.43909],[25.93751,44.43875],[25.97027,44.43598],[25.98344,44.43484],[25.99699,44.43371],[25.99828,44.43369],[26.00164,44.43376],[26.00382,44.43378],[26.00516,44.43378],[26.00552,44.43376],[26.00565,44.43371],[26.00575,44.43364],[26.0058,44.43356],[26.00583,44.43343],[26.00581,44.43323],[26.00578,44.43316],[26.00496,44.4322],[26.00483,44.43207],[26.00442,44.43185],[26.00439,44.43175],[26.00445,44.43168],[26.00455,44.43165],[26.00468,44.43166],[26.00479,44.43175],[26.00482,44.43183],[26.00497,44.43204],[26.00531,44.43238],[26.00602,44.4332],[26.00638,44.43368],[26.00635,44.43377],[26.00626,44.43385],[26.00614,44.4339],[26.00582,44.43393],[26.00479,44.43396]]]},"properties":{"route_id":"1008-848","line":"431","name":"431","ref":"431","long_name":"Darvari - Valea Cascadelor","type":"bus","color":"#662483"}},{"type":"Feature","geometry":{"type":"MultiLineString","coordinates":[[[26.00479,44.43396],[26.00089,44.43388],[25.99698,44.43386],[25.99654,44.43389],[25.99215,44.43426],[25.99193,44.43429],[25.98735,44.43469],[25.98646,44.43474],[25.98224,44.43512],[25.97658,44.43558],[25.97562,44.43568],[25.96472,44.43659],[25.96278,44.43682],[25.96219,44.43699],[25.96209,44.43706],[25.96203,44.43718],[25.96202,44.43726],[25.96205,44.43734],[25.96212,44.43742],[25.96225,44.43748],[25.96242,44.4375],[25.96257,44.43748],[25.96265,44.43743],[25.96273,44.43733],[25.96278,44.43722],[25.96273,44.4371],[25.96261,44.437],[25.96237,44.43694],[25.96182,44.43701],[25.96115,44.43705],[25.96005,44.43715],[25.95977,44.43718],[25.95962,44.43723],[25.9595,44.43731],[25.95943,44.43741],[25.95918,44.43793],[25.95924,44.43803],[25.95924,44.43814],[25.95911,44.43824],[25.95908,44.43833],[25.95906,44.43872],[25.95892,44.43975],[25.95907,44.43982],[25.95915,44.43989],[25.95916,44.44004],[25.95898,44.44015],[25.95893,44.44053],[25.95883,44.44058],[25.9582,44.44055],[25.95812,44.44064],[25.95796,44.44441],[25.95793,44.44757],[25.95795,44.44827],[25.95794,44.45281],[25.95901,44.45393],[25.95919,44.45427],[25.95941,44.45432],[25.96134,44.4528],[25.96141,44.4526],[25.96149,44.45253],[25.96158,44.4525],[25.96171,44.45251],[25.96186,44.45261],[25.96188,44.45275],[25.96173,44.45286],[25.96158,44.45291],[25.96138,44.45295],[25.95935,44.45448],[25.959,44.45476],[25.9587,44.45493],[25.95845,44.45503],[25.95715,44.45528],[25.95679,44.45551],[25.95674,44.45564],[25.9565,44.45566],[25.95631,44.45561],[25.95621,44.45547],[25.95604,44.45539],[25.95583,44.45541],[25.95284,44.45595],[25.95169,44.45619],[25.95119,44.45638],[25.95034,44.45677],[25.95006,44.45692],[25.94912,44.45752],[25.94342,44.46174],[25.94332,44.46185],[25.94329,44.46191],[25.94345,44.46206],[25.94437,44.46268],[25.94455,44.46287],[25.9447,44.4631],[25.94476,44.46328],[25.94505,44.46477],[25.94528,44.46542],[25.94567,44.46637],[25.94603,44.46731],[25.94607,44.4675],[25.94604,44.46766],[25.94596,44.46786],[25.94567,44.46837],[25.94202,44.47442],[25.94196,44.47447],[25.94186,44.4745],[25.94172,44.47449],[25.94047,44.47414],[25.93732,44.47364],[25.93695,44.47365],[25.9368,44.47372],[25.93644,44.47395],[25.93433,44.47552],[25.9332,44.47642],[25.93103,44.47799],[25.92835,44.48002],[25.92795,44.48027],[25.9236,44.48272],[25.91641,44.48684],[25.91621,44.48693],[25.91587,44.48705],[25.91468,44.48737],[25.91442,44.48749],[25.91158,44.48994],[25.91081,44.49057],[25.9103,44.49104],[25.91018,44.49128],[25.91014,44.49142],[25.90984,44.49345],[25.90975,44.49367],[25.90968,44.49374],[25.90954,44.4937],[25.90953,44.49365],[25.90959,44.49356]],[[25.90959,44.49356],[25.90965,44.49348],[25.90979,44.49344],[25.90985,44.49314],[25.91011,44.49134],[25.9102,44.49107],[25.91026,44.49099],[25.91039,44.49085],[25.91443,44.48743],[25.91456,44.48736],[25.9154,44.48713],[25.91568,44.48707],[25.91616,44.48691],[25.91672,44.48662],[25.92061,44.48438],[25.92072,44.4843],[25.92399,44.48245],[25.92793,44.48025],[25.92852,44.47985],[25.93196,44.47724],[25.93257,44.47682],[25.93396,44.47577],[25.93475,44.47513],[25.93675,44.47369],[25.93692,44.47363],[25.93706,44.4736],[25.9373,44.47359],[25.94041,44.4741],[25.94158,44.47442],[25.94177,44.47446],[25.94188,44.47445],[25.94202,44.47435],[25.94382,44.47136],[25.94597,44.46766],[25.94598,44.46741],[25.94584,44.4671],[25.94556,44.46628],[25.94519,44.46541],[25.94491,44.46468],[25.94472,44.46334],[25.94465,44.46314],[25.94443,44.46281],[25.94425,44.46264],[25.94364,44.46223],[25.94326,44.46194],[25.94324,44.46187],[25.94326,44.46181],[25.94339,44.46169],[25.94377,44.46143],[25.94525,44.46035],[25.94781,44.45844],[25.94942,44.45727],[25.95012,44.45683],[25.95095,44.45642],[25.9516,44.45617],[25.95254,44.45596],[25.95603,44.45536],[25.95671,44.45529],[25.95715,44.45513],[25.95858,44.45486],[25.95908,44.45448],[25.95905,44.45416],[25.95885,44.45379],[25.95808,44.45311],[25.95784,44.45264],[25.95782,44.44774],[25.95797,44.4425],[25.95803,44.44186],[25.95806,44.44052],[25.95824,44.44047],[25.95886,44.44049],[25.95891,44.44016],[25.95884,44.44009],[25.95775,44.44005],[25.95764,44.43999],[25.95771,44.43872],[25.95781,44.43813],[25.9577,44.43806],[25.95768,44.43801],[25.95771,44.43796],[25.95782,44.43791],[25.95789,44.43793],[25.95798,44.43799],[25.95893,44.43803],[25.95901,44.43799],[25.95912,44.43797],[25.95931,44.43806],[25.95945,44.43809],[25.96647,44.43841],[25.96662,44.43836],[25.96669,44.43804],[25.96674,44.43615],[25.96662,44.4361],[25.9665,44.43609],[25.96618,44.4361],[25.96474,44.43624],[25.96169,44.43658],[25.96132,44.4366],[25.96042,44.43658],[25.95928,44.43653],[25.9591,44.43655],[25.95893,44.43663],[25.95896,44.43675],[25.95915,44.43687],[25.96157,44.43671],[25.96799,44.4362],[25.98344,44.43484],[25.99699,44.43371],[25.99828,44.43369],[26.00164,44.43376],[26.00382,44.43378],[26.00516,44.43378],[26.00552,44.43376],[26.00565,44.43371],[26.00575,44.43364],[26.0058,44.43356],[26.00583,44.43343],[26.00581,44.43323],[26.00578,44.43316],[26.00496,44.4322],[26.00483,44.43207],[26.00442,44.43185],[26.00439,44.43175],[26.00445,44.43168],[26.00455,44.43165],[26.00468,44.43166],[26.00479,44.43175],[26.00482,44.43183],[26.00497,44.43204],[26.00531,44.43238],[26.00602,44.4332],[26.00638,44.43368],[26.00635,44.43377],[26.00626,44.43385],[26.00614,44.4339],[26.00582,44.43393],[26.00479,44.43396]]]},"properties":{"route_id":"1008-849","line":"432","name":"432","ref":"432","long_name":"Zurbaua - Valea Cascadelor","type":"bus","color":"#662483"}},{"type":"Feature","geometry":{"type":"MultiLineString","coordinates":[[[26.00479,44.43396],[26.00089,44.43388],[25.99698,44.43386],[25.99654,44.43389],[25.99215,44.43426],[25.99193,44.43429],[25.98735,44.43469],[25.98646,44.43474],[25.98224,44.43512],[25.97658,44.43558],[25.97562,44.43568],[25.96472,44.43659],[25.96278,44.43682],[25.96219,44.43699],[25.96209,44.43706],[25.96203,44.43718],[25.96202,44.43726],[25.96205,44.43734],[25.96212,44.43742],[25.96225,44.43748],[25.96242,44.4375],[25.96257,44.43748],[25.96265,44.43743],[25.96273,44.43733],[25.96278,44.43722],[25.96273,44.4371],[25.96261,44.437],[25.96237,44.43694],[25.96182,44.43701],[25.96115,44.43705],[25.96005,44.43715],[25.95977,44.43718],[25.95962,44.43723],[25.9595,44.43731],[25.95943,44.43741],[25.95918,44.43793],[25.95924,44.43803],[25.95924,44.43814],[25.95911,44.43824],[25.95908,44.43833],[25.95906,44.43872],[25.95892,44.43975],[25.95907,44.43982],[25.95915,44.43989],[25.95916,44.44004],[25.95898,44.44015],[25.95893,44.44053],[25.95883,44.44058],[25.9582,44.44055],[25.95812,44.44064],[25.95796,44.44441],[25.95793,44.44757],[25.95795,44.44827],[25.95794,44.45281],[25.95901,44.45393],[25.95919,44.45427],[25.95941,44.45432],[25.96134,44.4528],[25.96141,44.4526],[25.96149,44.45253],[25.96158,44.4525],[25.96171,44.45251],[25.96186,44.45261],[25.96188,44.45275],[25.96173,44.45286],[25.96158,44.45291],[25.96138,44.45295],[25.95935,44.45448],[25.959,44.45476],[25.9587,44.45493],[25.95845,44.45503],[25.95715,44.45528],[25.95679,44.45551],[25.95674,44.45564],[25.9565,44.45566],[25.95631,44.45561],[25.95621,44.45547],[25.95604,44.45539],[25.95583,44.45541],[25.95284,44.45595],[25.95169,44.45619],[25.95119,44.45638],[25.95034,44.45677],[25.95006,44.45692],[25.94912,44.45752],[25.94342,44.46174],[25.94324,44.46191],[25.94308,44.46202],[25.94282,44.46209],[25.94144,44.46221],[25.9412,44.46227],[25.93958,44.46299],[25.93901,44.46321],[25.93866,44.46331],[25.93698,44.46356],[25.93494,44.46393],[25.93398,44.46405],[25.93345,44.46419],[25.92823,44.46577],[25.92597,44.46649],[25.92487,44.46698],[25.92235,44.46826],[25.91629,44.47123],[25.91438,44.47214],[25.91247,44.47308],[25.9124,44.47307],[25.91237,44.47303],[25.91199,44.47242],[25.91223,44.47234],[25.91225,44.47237]],[[25.91225,44.47237],[25.91204,44.47244],[25.91239,44.473],[25.91244,44.47303],[25.91251,44.47302],[25.91283,44.47285],[25.92017,44.46926],[25.92415,44.46728],[25.92596,44.46643],[25.92868,44.46559],[25.9332,44.46422],[25.93353,44.4641],[25.93386,44.46403],[25.93595,44.4637],[25.93721,44.46347],[25.93879,44.46322],[25.9391,44.46314],[25.93934,44.46305],[25.94105,44.46228],[25.94126,44.4622],[25.94153,44.46215],[25.94183,44.46212],[25.94275,44.46206],[25.94295,44.46201],[25.94321,44.46187],[25.94377,44.46143],[25.94525,44.46035],[25.94781,44.45844],[25.94942,44.45727],[25.95012,44.45683],[25.95095,44.45642],[25.9516,44.45617],[25.95254,44.45596],[25.95603,44.45536],[25.95671,44.45529],[25.95715,44.45513],[25.95858,44.45486],[25.95908,44.45448],[25.95905,44.45416],[25.95885,44.45379],[25.95808,44.45311],[25.95784,44.45264],[25.95782,44.44774],[25.95797,44.4425],[25.95803,44.44186],[25.95806,44.44052],[25.95824,44.44047],[25.95886,44.44049],[25.95891,44.44016],[25.95884,44.44009],[25.95775,44.44005],[25.95764,44.43999],[25.95771,44.43872],[25.95781,44.43813],[25.9577,44.43806],[25.95768,44.43801],[25.95771,44.43796],[25.95782,44.43791],[25.95789,44.43793],[25.95798,44.43799],[25.95893,44.43803],[25.95901,44.43799],[25.95912,44.43797],[25.95931,44.43806],[25.95945,44.43809],[25.96647,44.43841],[25.96662,44.43836],[25.96669,44.43804],[25.96674,44.43615],[25.96662,44.4361],[25.9665,44.43609],[25.96618,44.4361],[25.96474,44.43624],[25.96169,44.43658],[25.96132,44.4366],[25.96042,44.43658],[25.95928,44.43653],[25.9591,44.43655],[25.95893,44.43663],[25.95896,44.43675],[25.95915,44.43687],[25.96157,44.43671],[25.96799,44.4362],[25.98344,44.43484],[25.99699,44.43371],[25.99828,44.43369],[26.00164,44.43376],[26.00382,44.43378],[26.00516,44.43378],[26.00552,44.43376],[26.00565,44.43371],[26.00575,44.43364],[26.0058,44.43356],[26.00583,44.43343],[26.00581,44.43323],[26.00578,44.43316],[26.00496,44.4322],[26.00483,44.43207],[26.00442,44.43185],[26.00439,44.43175],[26.00445,44.43168],[26.00455,44.43165],[26.00468,44.43166],[26.00479,44.43175],[26.00482,44.43183],[26.00497,44.43204],[26.00531,44.43238],[26.00602,44.4332],[26.00638,44.43368],[26.00635,44.43377],[26.00626,44.43385],[26.00614,44.4339],[26.00582,44.43393],[26.00479,44.43396]]]},"properties":{"route_id":"1008-850","line":"433","name":"433","ref":"433","long_name":"Dragomiresti Deal - Valea Cascadelor","type":"bus","color":"#662483"}},{"type":"Feature","geometry":{"type":"MultiLineString","coordinates":[[[25.97254,44.44149],[25.97237,44.4415],[25.97221,44.44148],[25.97207,44.44137],[25.97191,44.44134],[25.97171,44.44279],[25.97147,44.44479],[25.97143,44.44492],[25.9711,44.44781],[25.97101,44.44838],[25.97074,44.45127],[25.9707,44.45196],[25.97016,44.45207],[25.9696,44.45216],[25.96903,44.45229],[25.96741,44.45257],[25.96714,44.45263],[25.96624,44.45299],[25.96687,44.45364],[25.96993,44.45706],[25.96841,44.4571],[25.96834,44.45713],[25.96837,44.45719],[25.96865,44.45731],[25.97556,44.46109],[25.97637,44.46152],[25.97654,44.46154],[25.9772,44.46134],[25.97748,44.46124],[25.97774,44.4612],[25.97788,44.46121],[25.97801,44.46126],[25.97889,44.46173],[25.98034,44.46261],[25.98042,44.46264],[25.98067,44.46265],[25.98086,44.46262],[25.98234,44.46227],[25.98255,44.4622],[25.983,44.46195],[25.98545,44.46037],[25.98573,44.46017],[25.98599,44.46003],[25.98635,44.45976],[25.98647,44.45965],[25.98654,44.45953],[25.98659,44.45939],[25.98694,44.45765],[25.98734,44.45547],[25.98746,44.45522],[25.98768,44.45495],[25.9878,44.45483],[25.98799,44.45472],[25.9885,44.45454],[25.9941,44.4533],[25.99478,44.45313],[26.00355,44.45117],[26.00398,44.45109],[26.00416,44.45107],[26.00612,44.45095],[26.00646,44.45094],[26.0066,44.45093],[26.00679,44.45089],[26.00859,44.45029],[26.01366,44.44865],[26.01396,44.44854],[26.01418,44.44842],[26.01453,44.44816],[26.01708,44.44588],[26.01918,44.44405],[26.01981,44.44353],[26.02009,44.44327],[26.02052,44.44293],[26.02075,44.4427],[26.02107,44.44249],[26.02269,44.44177],[26.02893,44.43893],[26.02978,44.43856],[26.03441,44.43642],[26.0349,44.43614],[26.03492,44.43606],[26.0347,44.43471],[26.03467,44.43461],[26.03456,44.43447],[26.03449,44.43442],[26.03436,44.4344],[26.03367,44.43439]],[[26.03367,44.43438],[26.02888,44.43429],[26.02861,44.4343],[26.02531,44.43426],[26.02406,44.43422],[26.02342,44.43423],[26.02093,44.43419],[26.02074,44.43425],[26.02068,44.4343],[26.02065,44.43435],[26.02065,44.43472],[26.02075,44.435],[26.02169,44.43606],[26.0225,44.43702],[26.02334,44.43794],[26.02551,44.44041],[26.02554,44.4405],[26.02551,44.44057],[26.02485,44.4409],[26.02458,44.44099],[26.02435,44.44112],[26.02112,44.44257],[26.02095,44.44269],[26.01792,44.44524],[26.01677,44.44626],[26.01635,44.44659],[26.0151,44.44772],[26.01429,44.44842],[26.01371,44.44897],[26.01352,44.44918],[26.01312,44.44948],[26.0128,44.44982],[26.01243,44.45031],[26.01216,44.45081],[26.01128,44.45203],[26.01092,44.45263],[26.01084,44.45273],[26.01075,44.45277],[26.01066,44.45275],[26.00939,44.45205],[26.00854,44.45168],[26.00646,44.45101],[26.00486,44.45107],[26.00409,44.45112],[26.00344,44.45125],[25.99929,44.45218],[25.99635,44.45286],[25.99328,44.45352],[25.98856,44.45458],[25.98821,44.45469],[25.98783,44.4549],[25.98766,44.45505],[25.98753,44.45521],[25.98743,44.4554],[25.98733,44.45578],[25.98698,44.4578],[25.98667,44.45938],[25.98662,44.45953],[25.98654,44.45968],[25.98629,44.4599],[25.9848,44.46084],[25.98272,44.4622],[25.98253,44.46229],[25.98067,44.4627],[25.9804,44.46268],[25.98026,44.46262],[25.97799,44.46131],[25.97784,44.46126],[25.97774,44.46125],[25.97756,44.46128],[25.97678,44.46155],[25.97651,44.46159],[25.97632,44.46156],[25.97519,44.46094],[25.9727,44.45961],[25.96822,44.45716],[25.968,44.45706],[25.96767,44.45696],[25.96723,44.45689],[25.96718,44.4568],[25.96694,44.45541],[25.96676,44.45472],[25.96666,44.45466],[25.96642,44.45464],[25.96637,44.45457],[25.96596,44.45316],[25.96599,44.45302],[25.96574,44.45192],[25.96566,44.45108],[25.96568,44.45079],[25.96583,44.44957],[25.96578,44.44902],[25.96583,44.44875],[25.96589,44.4486],[25.96601,44.44787],[25.96605,44.44734],[25.96632,44.4452],[25.96679,44.44081],[25.97158,44.44101],[25.97189,44.44107],[25.97192,44.44117],[25.97207,44.44116],[25.97458,44.44133],[25.97473,44.44133],[25.97481,44.44138],[25.97482,44.44145],[25.97474,44.44152],[25.97463,44.44152],[25.97453,44.44142],[25.97419,44.44151],[25.97405,44.44152],[25.97255,44.44149]]]},"properties":{"route_id":"1008-851","line":"434","name":"434","ref":"434","long_name":"Chiajna-Stelelor - M Lujerului","type":"bus","color":"#662483"}},{"type":"Feature","geometry":{"type":"MultiLineString","coordinates":[[[26.07207,44.47869],[26.07225,44.47839],[26.07219,44.47823],[26.0722,44.47804],[26.07224,44.47795],[26.0723,44.47788],[26.0724,44.47782],[26.07252,44.47778],[26.07266,44.47777],[26.07279,44.47779],[26.07292,44.47784],[26.07305,44.47797],[26.07309,44.47806],[26.07309,44.47816],[26.07301,44.47832],[26.073,44.47843],[26.07305,44.47865],[26.07316,44.4789],[26.07593,44.48356],[26.07615,44.48377],[26.07633,44.48387],[26.07651,44.48407],[26.07652,44.48452],[26.07687,44.48516],[26.07777,44.48671],[26.07885,44.48906],[26.07909,44.49016],[26.07922,44.49151],[26.07941,44.49256],[26.07941,44.49366],[26.07934,44.49396],[26.07926,44.49564],[26.07926,44.49582],[26.07931,44.4962],[26.0796,44.49743],[26.07967,44.49809],[26.07996,44.49917],[26.08061,44.50177],[26.08078,44.50211],[26.08094,44.50255],[26.08178,44.50519],[26.0819,44.50543],[26.08198,44.50551],[26.08201,44.50557],[26.08201,44.50563],[26.08197,44.50574],[26.082,44.50602],[26.08215,44.50681],[26.08223,44.50693],[26.08223,44.50708],[26.08241,44.508],[26.08243,44.50852],[26.08235,44.50897],[26.08207,44.50985],[26.08185,44.51043],[26.08175,44.5106],[26.08122,44.51214],[26.08062,44.51367],[26.08062,44.51383],[26.08056,44.51398],[26.08049,44.51407],[26.07982,44.51556],[26.07948,44.51656],[26.07917,44.51706],[26.07851,44.51792],[26.07789,44.51859],[26.07759,44.51898],[26.0774,44.51912],[26.07521,44.52156],[26.0739,44.52294],[26.0735,44.5234],[26.07198,44.52504],[26.07164,44.5255],[26.07135,44.52596],[26.07113,44.52643],[26.0702,44.52888],[26.06999,44.52949],[26.06991,44.5298],[26.06909,44.53171],[26.06875,44.53267],[26.0686,44.5333],[26.06855,44.53391],[26.06906,44.55002],[26.06949,44.55998],[26.06985,44.56749],[26.06999,44.56946],[26.07008,44.56984],[26.07018,44.57146],[26.07018,44.57209],[26.0702,44.57239],[26.07023,44.57247],[26.07037,44.57261],[26.07037,44.57268],[26.07033,44.57275],[26.07027,44.57279],[26.07024,44.57284],[26.07023,44.57291],[26.0703,44.57357],[26.07034,44.5756],[26.07022,44.57614],[26.07023,44.57679],[26.07034,44.5787],[26.07033,44.57902],[26.07077,44.58708],[26.07121,44.59415],[26.07166,44.60065],[26.07168,44.60115],[26.0716,44.60124],[26.07149,44.60127],[26.07129,44.60123],[26.07093,44.60121],[26.07036,44.60125],[26.06826,44.60145],[26.06713,44.60158],[26.06662,44.60167],[26.06636,44.60168],[26.06622,44.60166],[26.06606,44.60161],[26.06472,44.60096],[26.06328,44.60023],[26.05924,44.59823],[26.05869,44.59797],[26.05813,44.59773],[26.05773,44.59758],[26.05663,44.59746],[26.0548,44.59709],[26.05032,44.59615],[26.0484,44.59573],[26.04647,44.59533],[26.04597,44.59524],[26.04547,44.59511],[26.04496,44.59494],[26.04455,44.59479],[26.04333,44.5943],[26.04309,44.59424],[26.04285,44.5942],[26.04247,44.59418],[26.04159,44.59425],[26.04008,44.59422],[26.03701,44.59414],[26.03654,44.59411],[26.03624,44.59405],[26.0289,44.59203],[26.02677,44.59142],[26.02617,44.59122],[26.02609,44.59126],[26.02149,44.5958],[26.02134,44.5959],[26.02116,44.59597],[26.02022,44.59624],[26.01912,44.59651],[26.01891,44.59659],[26.01858,44.59679],[26.01502,44.60018],[26.01446,44.60085],[26.01431,44.60108],[26.01398,44.60182],[26.01384,44.60498],[26.01377,44.60555],[26.0137,44.60583],[26.01361,44.60605],[26.01327,44.60735],[26.01317,44.60762],[26.01276,44.60842],[26.01274,44.60858],[26.01297,44.60934],[26.01311,44.60969],[26.01323,44.60989],[26.01357,44.61026],[26.01408,44.6107],[26.0143,44.61092],[26.01443,44.61106],[26.01457,44.61128],[26.01479,44.61196],[26.01488,44.6125],[26.01492,44.61304],[26.01495,44.61415],[26.01499,44.61421],[26.015,44.61428]],[[26.015,44.61428],[26.01495,44.61431],[26.01493,44.61444],[26.01488,44.61447],[26.01483,44.61445],[26.0148,44.61441],[26.01485,44.61433],[26.01488,44.61414],[26.01485,44.61305],[26.01481,44.61253],[26.01473,44.61198],[26.01449,44.61127],[26.01439,44.61108],[26.01406,44.61073],[26.01358,44.61034],[26.01319,44.60992],[26.01306,44.60971],[26.0127,44.60865],[26.01272,44.60843],[26.01277,44.6083],[26.01294,44.608],[26.01314,44.60758],[26.01327,44.60718],[26.01362,44.6059],[26.01376,44.60528],[26.01379,44.60489],[26.01377,44.60454],[26.01383,44.60378],[26.01382,44.60272],[26.01388,44.60205],[26.014,44.60156],[26.01434,44.60093],[26.01472,44.60047],[26.01515,44.6],[26.01532,44.59986],[26.01851,44.59681],[26.01864,44.5967],[26.01897,44.59654],[26.02107,44.59596],[26.02142,44.59578],[26.02323,44.594],[26.02444,44.59285],[26.02599,44.59127],[26.02604,44.59116],[26.02613,44.59112],[26.02624,44.59119],[26.02642,44.59126],[26.03623,44.59399],[26.03645,44.59404],[26.03671,44.59407],[26.03748,44.59411],[26.03777,44.5941],[26.04162,44.59422],[26.04232,44.59414],[26.0427,44.59413],[26.04334,44.59426],[26.04498,44.59492],[26.04539,44.59505],[26.04614,44.59523],[26.0502,44.59608],[26.05071,44.59616],[26.05178,44.59641],[26.05484,44.59706],[26.05684,44.59743],[26.05765,44.59752],[26.05785,44.59756],[26.05808,44.59764],[26.05841,44.59778],[26.05945,44.59826],[26.06288,44.59997],[26.06373,44.60038],[26.06586,44.60147],[26.06618,44.60161],[26.06649,44.60162],[26.06715,44.60152],[26.06987,44.60125],[26.07089,44.60116],[26.07111,44.60116],[26.07141,44.6011],[26.07148,44.60106],[26.07151,44.60098],[26.07148,44.60065],[26.0714,44.60036],[26.07099,44.59281],[26.07043,44.58443],[26.07008,44.57668],[26.06997,44.57562],[26.06991,44.57327],[26.06991,44.57299],[26.06993,44.57284],[26.06985,44.57245],[26.06974,44.57023],[26.06977,44.56939],[26.0697,44.56856],[26.0696,44.56671],[26.06951,44.5644],[26.06927,44.55967],[26.06885,44.54964],[26.06856,44.54116],[26.06834,44.53391],[26.06837,44.53352],[26.06848,44.53291],[26.06867,44.53232],[26.06979,44.52935],[26.07107,44.52613],[26.07153,44.52536],[26.07214,44.52463],[26.07832,44.51784],[26.07873,44.51731],[26.07892,44.51711],[26.079,44.51695],[26.07917,44.51631],[26.07963,44.51503],[26.07995,44.51423],[26.08001,44.51387],[26.08006,44.51375],[26.08011,44.5137],[26.08023,44.51348],[26.08035,44.51319],[26.08118,44.511],[26.08157,44.51022],[26.0819,44.50919],[26.08199,44.50897],[26.08198,44.5082],[26.08166,44.50656],[26.08146,44.50575],[26.0814,44.50562],[26.08131,44.50515],[26.08054,44.50259],[26.08027,44.50129],[26.07945,44.49801],[26.07927,44.49756],[26.07904,44.49655],[26.07887,44.49606],[26.07891,44.49477],[26.07904,44.49333],[26.07906,44.49271],[26.07894,44.4902],[26.07875,44.48929],[26.07863,44.48894],[26.07797,44.48745],[26.07739,44.4863],[26.07712,44.48594],[26.07637,44.48466],[26.07588,44.48417],[26.07575,44.48401],[26.07573,44.48389],[26.07578,44.48373],[26.07576,44.48364],[26.07468,44.48181],[26.07427,44.48102],[26.0739,44.48041],[26.07355,44.47989],[26.07278,44.47864],[26.07271,44.47862],[26.07265,44.47864],[26.07256,44.47876],[26.07233,44.47927],[26.07185,44.47914],[26.07207,44.47869]]]},"properties":{"route_id":"1008-855","line":"441","name":"441","ref":"441","long_name":"Ostratu - Piata Presei","type":"bus","color":"#662483"}},{"type":"Feature","geometry":{"type":"MultiLineString","coordinates":[[[26.0871,44.60623],[26.08713,44.60606],[26.08536,44.60584],[26.08344,44.60477],[26.0833,44.60472],[26.08315,44.6047],[26.083,44.60473],[26.08289,44.6048],[26.08279,44.60494],[26.08287,44.60505],[26.08282,44.60518],[26.08269,44.60524],[26.08253,44.60523],[26.08238,44.60514],[26.08232,44.60499],[26.08207,44.60484],[26.08184,44.60463],[26.08172,44.60457],[26.08163,44.60449],[26.08148,44.60431],[26.08141,44.60418],[26.08139,44.60405],[26.0814,44.60317],[26.08136,44.60306],[26.08128,44.60298],[26.08121,44.60293],[26.08102,44.60284],[26.08093,44.60287],[26.08081,44.60287],[26.08073,44.60282],[26.08071,44.60276],[26.08053,44.60267],[26.07602,44.60117],[26.07218,44.6002],[26.07198,44.60018],[26.07179,44.60019],[26.07164,44.60033],[26.07166,44.60114],[26.0717,44.60155],[26.07178,44.60193],[26.07186,44.60252],[26.07191,44.60262],[26.07202,44.60268],[26.0722,44.60273],[26.0723,44.60279],[26.07233,44.60289],[26.07229,44.60301],[26.07219,44.60307],[26.07148,44.60321],[26.07121,44.60324],[26.07023,44.60327],[26.07016,44.6033],[26.07014,44.60335],[26.07012,44.60367],[26.07004,44.6037],[26.06994,44.6037],[26.06987,44.60367],[26.06984,44.6036],[26.06984,44.60338],[26.06987,44.60331],[26.06993,44.60326],[26.07,44.60325],[26.07009,44.60329],[26.07012,44.60332],[26.07014,44.60342],[26.07021,44.60344],[26.07032,44.60344],[26.0707,44.60337],[26.07114,44.60332],[26.07141,44.60332],[26.0715,44.60328],[26.07156,44.60322],[26.07157,44.60311],[26.07149,44.60236],[26.07142,44.60192],[26.07146,44.60185],[26.07154,44.60179],[26.07157,44.60172],[26.07151,44.60105],[26.0714,44.60036],[26.07099,44.59281],[26.07043,44.58443],[26.07008,44.57668],[26.06997,44.57562],[26.0699,44.57319],[26.0699,44.573],[26.06996,44.57282],[26.06987,44.57262],[26.06992,44.57253],[26.07004,44.57248],[26.07018,44.57249],[26.0709,44.57273],[26.0731,44.57335],[26.07336,44.57339],[26.07365,44.57341],[26.07406,44.57336],[26.07432,44.57321],[26.07446,44.57302],[26.07453,44.57284],[26.07503,44.56965],[26.07503,44.56954],[26.07497,44.56941],[26.07469,44.56922],[26.07448,44.56914],[26.07357,44.56906],[26.07358,44.56883],[26.07478,44.56888],[26.07496,44.5688],[26.07515,44.56875],[26.07569,44.5688],[26.07584,44.56878],[26.076,44.56872],[26.07624,44.56858],[26.07656,44.56848],[26.07686,44.56852],[26.07706,44.5686],[26.07717,44.56869],[26.07729,44.56887],[26.0773,44.56922],[26.07721,44.56969],[26.07735,44.56985],[26.07728,44.57048],[26.07707,44.57057],[26.07695,44.57068],[26.07691,44.57149],[26.07676,44.57197],[26.07659,44.57226],[26.07609,44.57236],[26.07576,44.57238],[26.07548,44.57251],[26.0753,44.57263],[26.0752,44.57283],[26.07507,44.57301],[26.07505,44.57309],[26.07521,44.57339],[26.07517,44.57354],[26.07505,44.57368],[26.07487,44.57374],[26.07469,44.57376],[26.0745,44.57375],[26.07296,44.57343],[26.07057,44.57273],[26.07045,44.57272],[26.07034,44.57275],[26.07021,44.57282],[26.07004,44.57283],[26.06992,44.57278],[26.06988,44.57269],[26.06985,44.57253],[26.0697,44.56856],[26.06927,44.55967],[26.06885,44.54964],[26.06856,44.54116],[26.06834,44.53391],[26.06837,44.53352],[26.06848,44.53291],[26.06867,44.53232],[26.06979,44.52935],[26.07107,44.52613],[26.07153,44.52536],[26.07214,44.52463],[26.07832,44.51784],[26.07873,44.51731],[26.07892,44.51711],[26.079,44.51695],[26.07917,44.51631],[26.07963,44.51503],[26.07995,44.51423],[26.08001,44.51387],[26.08006,44.51375],[26.08011,44.5137],[26.08023,44.51348],[26.08035,44.51319],[26.08118,44.511],[26.08157,44.51022],[26.0819,44.50919],[26.08199,44.50897],[26.08198,44.5082],[26.08166,44.50656],[26.08146,44.50575],[26.0814,44.50562],[26.08131,44.50515],[26.08054,44.50259],[26.08027,44.50129],[26.07945,44.49801],[26.07927,44.49756],[26.07904,44.49655],[26.07887,44.49606],[26.07891,44.49477],[26.07904,44.49333],[26.07906,44.49271],[26.07894,44.4902],[26.07875,44.48929],[26.07863,44.48894],[26.07797,44.48745],[26.07739,44.4863],[26.07712,44.48594],[26.07637,44.48466],[26.07588,44.48417],[26.07575,44.48401],[26.07573,44.48389],[26.07578,44.48373],[26.07576,44.48364],[26.07468,44.48181],[26.07427,44.48102],[26.0739,44.48041],[26.07355,44.47989],[26.07278,44.47864],[26.07271,44.47862],[26.07265,44.47864],[26.07256,44.47876],[26.07233,44.47927],[26.07185,44.47914],[26.07207,44.47869]],[[26.07207,44.47869],[26.07225,44.47839],[26.07219,44.47823],[26.0722,44.47804],[26.07224,44.47795],[26.0723,44.47788],[26.0724,44.47782],[26.07252,44.47778],[26.07266,44.47777],[26.07279,44.47779],[26.07292,44.47784],[26.07305,44.47797],[26.07309,44.47806],[26.07309,44.47816],[26.07301,44.47832],[26.073,44.47843],[26.07305,44.47865],[26.07316,44.4789],[26.07593,44.48356],[26.07615,44.48377],[26.07633,44.48387],[26.07651,44.48407],[26.07652,44.48452],[26.07687,44.48516],[26.07777,44.48671],[26.07885,44.48906],[26.07909,44.49016],[26.07922,44.49151],[26.07941,44.49256],[26.07941,44.49366],[26.07934,44.49396],[26.07926,44.49564],[26.07926,44.49582],[26.07931,44.4962],[26.0796,44.49743],[26.07967,44.49809],[26.07996,44.49917],[26.08061,44.50177],[26.08078,44.50211],[26.08094,44.50255],[26.08178,44.50519],[26.0819,44.50543],[26.08198,44.50551],[26.08201,44.50557],[26.08201,44.50563],[26.08197,44.50574],[26.082,44.50602],[26.08215,44.50681],[26.08223,44.50693],[26.08223,44.50708],[26.08241,44.508],[26.08243,44.50852],[26.08235,44.50897],[26.08207,44.50985],[26.08185,44.51043],[26.08175,44.5106],[26.08122,44.51214],[26.08062,44.51367],[26.08062,44.51383],[26.08056,44.51398],[26.08049,44.51407],[26.07982,44.51556],[26.07948,44.51656],[26.07917,44.51706],[26.07851,44.51792],[26.07789,44.51859],[26.07759,44.51898],[26.0774,44.51912],[26.07521,44.52156],[26.0739,44.52294],[26.0735,44.5234],[26.07198,44.52504],[26.07164,44.5255],[26.07135,44.52596],[26.07113,44.52643],[26.0702,44.52888],[26.06999,44.52949],[26.06991,44.5298],[26.06909,44.53171],[26.06875,44.53267],[26.0686,44.5333],[26.06855,44.53391],[26.06906,44.55002],[26.0695,44.55999],[26.06948,44.56044],[26.06977,44.56616],[26.06982,44.5675],[26.06993,44.5678],[26.07017,44.56805],[26.07055,44.56836],[26.07104,44.56857],[26.07198,44.56868],[26.07314,44.56877],[26.07456,44.56887],[26.07483,44.56886],[26.07518,44.56877],[26.07547,44.56874],[26.07569,44.56874],[26.07581,44.56869],[26.07589,44.56858],[26.07596,44.5684],[26.0761,44.56829],[26.07628,44.56824],[26.07658,44.56819],[26.07699,44.56823],[26.07729,44.56848],[26.07739,44.56884],[26.07721,44.56963],[26.07735,44.56985],[26.07728,44.57049],[26.07702,44.57059],[26.07695,44.57075],[26.07694,44.57154],[26.07672,44.57204],[26.07648,44.57225],[26.07609,44.57236],[26.07572,44.57238],[26.07534,44.57258],[26.07505,44.57309],[26.0752,44.57337],[26.07517,44.57354],[26.07504,44.57371],[26.07481,44.57378],[26.07455,44.57377],[26.07287,44.57341],[26.07074,44.57279],[26.07055,44.57278],[26.07041,44.57284],[26.07032,44.57291],[26.07027,44.57304],[26.0703,44.57357],[26.07034,44.5756],[26.07022,44.57614],[26.07023,44.57679],[26.07034,44.5787],[26.07033,44.57902],[26.07054,44.58265],[26.07112,44.59367],[26.07163,44.59989],[26.07176,44.60003],[26.07197,44.60012],[26.07224,44.60017],[26.07605,44.60115],[26.08058,44.60264],[26.08075,44.60267],[26.08084,44.60265],[26.08095,44.60267],[26.08101,44.60272],[26.08103,44.6028],[26.0811,44.60285],[26.0812,44.60287],[26.08134,44.60298],[26.08143,44.6031],[26.08147,44.60325],[26.08144,44.60348],[26.08144,44.60404],[26.08149,44.60424],[26.08159,44.60441],[26.08186,44.60462],[26.08213,44.60471],[26.08241,44.60485],[26.08252,44.60488],[26.08268,44.60489],[26.08277,44.60491],[26.08288,44.60501],[26.08287,44.60514],[26.08292,44.60521],[26.08299,44.60526],[26.08496,44.60636],[26.08522,44.60643],[26.08694,44.60664],[26.08704,44.60661],[26.0871,44.60623]]]},"properties":{"route_id":"1008-856","line":"442","name":"442","ref":"442","long_name":"Therme Bucuresti - Piata Presei","type":"bus","color":"#662483"}},{"type":"Feature","geometry":{"type":"MultiLineString","coordinates":[[[26.07207,44.47869],[26.07225,44.47839],[26.07219,44.47823],[26.0722,44.47804],[26.07224,44.47795],[26.0723,44.47788],[26.0724,44.47782],[26.07252,44.47778],[26.07266,44.47777],[26.07279,44.47779],[26.07292,44.47784],[26.07305,44.47797],[26.07309,44.47806],[26.07309,44.47816],[26.07301,44.47832],[26.073,44.47843],[26.07305,44.47865],[26.07316,44.4789],[26.07593,44.48356],[26.07615,44.48377],[26.07633,44.48387],[26.07651,44.48407],[26.07652,44.48452],[26.07687,44.48516],[26.07777,44.48671],[26.07885,44.48906],[26.07909,44.49016],[26.07922,44.49151],[26.07941,44.49256],[26.07941,44.49366],[26.07934,44.49396],[26.07926,44.49564],[26.07926,44.49582],[26.07931,44.4962],[26.0796,44.49743],[26.07967,44.49809],[26.07996,44.49917],[26.08061,44.50177],[26.08078,44.50211],[26.08094,44.50255],[26.08178,44.50519],[26.0819,44.50543],[26.08198,44.50551],[26.08201,44.50557],[26.08201,44.50563],[26.08197,44.50574],[26.082,44.50602],[26.08215,44.50681],[26.08223,44.50693],[26.08223,44.50708],[26.08241,44.508],[26.08243,44.50825],[26.08243,44.50852],[26.08235,44.50897],[26.08207,44.50985],[26.08185,44.51043],[26.08175,44.5106],[26.08122,44.51214],[26.08062,44.51367],[26.08062,44.51383],[26.08056,44.51398],[26.08049,44.51407],[26.07982,44.51556],[26.07948,44.51656],[26.07917,44.51706],[26.07851,44.51792],[26.07789,44.51859],[26.07759,44.51898],[26.0774,44.51912],[26.07521,44.52156],[26.0739,44.52294],[26.0735,44.5234],[26.07198,44.52504],[26.07164,44.5255],[26.07135,44.52596],[26.07113,44.52643],[26.0702,44.52888],[26.06999,44.52949],[26.06991,44.5298],[26.06909,44.53171],[26.06875,44.53267],[26.0686,44.5333],[26.06855,44.53391],[26.06906,44.55002],[26.06949,44.55998],[26.06985,44.56749],[26.06999,44.56946],[26.07008,44.56984],[26.07018,44.57146],[26.07018,44.57209],[26.0702,44.57239],[26.07023,44.57247],[26.07037,44.57261],[26.07037,44.57268],[26.07033,44.57275],[26.07027,44.57279],[26.07024,44.57284],[26.07023,44.57291],[26.0703,44.57357],[26.07034,44.5756],[26.07022,44.57614],[26.07023,44.57679],[26.07034,44.5787],[26.07033,44.57902],[26.07077,44.58708],[26.07115,44.59351],[26.0717,44.60147],[26.07182,44.60201],[26.07182,44.60283],[26.07194,44.60484],[26.07244,44.60976],[26.07248,44.61103],[26.07237,44.61166],[26.07214,44.6122],[26.07132,44.61327],[26.0704,44.61432],[26.06988,44.61504],[26.06961,44.61578],[26.06958,44.61626],[26.06967,44.61726],[26.06964,44.62023],[26.06958,44.62077],[26.06933,44.6263],[26.06875,44.63819],[26.06861,44.6421],[26.06862,44.6425],[26.06869,44.64287],[26.06884,44.64332],[26.06905,44.64366],[26.06934,44.64406],[26.06967,44.64438],[26.07012,44.64475],[26.07253,44.64646],[26.07306,44.64687],[26.0735,44.64729],[26.07388,44.64781],[26.07402,44.64807],[26.07412,44.64833],[26.07429,44.64921],[26.07488,44.65332],[26.075,44.6544],[26.07669,44.66647],[26.07681,44.66735],[26.07683,44.66769],[26.07688,44.66791],[26.07684,44.66798],[26.07677,44.66802],[26.0767,44.66812],[26.07657,44.66839],[26.07629,44.66885],[26.07532,44.67009],[26.07501,44.67057],[26.07476,44.67105],[26.0746,44.67157],[26.07457,44.67209],[26.07454,44.67433],[26.07455,44.6748],[26.07459,44.67522],[26.07464,44.6756],[26.07495,44.67687],[26.07535,44.67835],[26.07529,44.67846],[26.07513,44.67851],[26.07464,44.67856],[26.05839,44.68085],[26.04134,44.68322],[26.03694,44.68381],[26.03616,44.6838],[26.03537,44.68367],[26.03021,44.68256],[26.03002,44.6825],[26.02993,44.68244],[26.02982,44.68229],[26.02982,44.68199],[26.02989,44.68143],[26.02984,44.68097],[26.02938,44.68056],[26.02929,44.68043],[26.02923,44.68026],[26.02919,44.67988],[26.02911,44.67811],[26.02906,44.67803],[26.02895,44.67797],[26.02738,44.67807],[26.01946,44.67851],[26.01747,44.67858],[26.01705,44.67866],[26.01543,44.67902],[26.01465,44.67917],[26.01425,44.6792],[26.00428,44.67852],[26.00114,44.67829],[25.99807,44.67804],[25.99778,44.678],[25.99765,44.67786],[25.99751,44.67766],[25.99745,44.67764],[25.99737,44.6777],[25.99734,44.6778],[25.99734,44.67788],[25.9974,44.67797]],[[25.9974,44.67797],[25.99745,44.67803],[25.99758,44.67808],[25.99773,44.67809],[25.99781,44.67804],[25.99788,44.67796],[25.99986,44.67814],[26.00159,44.67828],[26.01136,44.67896],[26.01426,44.67915],[26.01475,44.6791],[26.01611,44.67882],[26.01681,44.67866],[26.0175,44.67855],[26.01962,44.67847],[26.02896,44.67795],[26.02904,44.67793],[26.03283,44.67771],[26.03345,44.67683],[26.03502,44.67565],[26.03606,44.67482],[26.03662,44.67441],[26.03679,44.67421],[26.03691,44.67397],[26.03694,44.67378],[26.03692,44.67319],[26.03687,44.67284],[26.03678,44.67251],[26.03666,44.67234],[26.0362,44.67184],[26.03595,44.67173],[26.03578,44.67171],[26.03551,44.67172],[26.03525,44.67177],[26.03476,44.67182],[26.03459,44.67183],[26.03441,44.67182],[26.03413,44.67172],[26.03366,44.67146],[26.0335,44.67139],[26.03339,44.67139],[26.03298,44.67144],[26.03247,44.67148],[26.03193,44.67148],[26.02892,44.67132],[26.02838,44.67127],[26.02786,44.67119],[26.02746,44.67112],[26.02718,44.67104],[26.02645,44.67075],[26.02622,44.67068],[26.02474,44.67042],[26.02421,44.67027],[26.02389,44.67016],[26.0236,44.67003],[26.02318,44.66978],[26.02317,44.66972],[26.0232,44.66966],[26.02329,44.6696],[26.02344,44.66954],[26.02366,44.66949],[26.0249,44.6693],[26.02691,44.66912],[26.03181,44.66864],[26.03247,44.66859],[26.03252,44.66862],[26.03255,44.66867],[26.0332,44.67034],[26.03332,44.67072],[26.03344,44.67126],[26.03353,44.67137],[26.03374,44.6715],[26.0342,44.67172],[26.03446,44.6718],[26.03478,44.6718],[26.03571,44.67169],[26.03589,44.6717],[26.03618,44.6718],[26.03646,44.67204],[26.0368,44.67246],[26.03685,44.67261],[26.03696,44.67315],[26.037,44.67348],[26.03699,44.67369],[26.03695,44.6739],[26.03687,44.67409],[26.03676,44.6743],[26.0366,44.67446],[26.0355,44.67533],[26.03396,44.6765],[26.03334,44.677],[26.03309,44.67739],[26.03288,44.67768],[26.0328,44.67772],[26.03272,44.67774],[26.02963,44.67795],[26.02932,44.67796],[26.02923,44.67798],[26.02918,44.67803],[26.02916,44.67818],[26.02924,44.67979],[26.0293,44.68033],[26.02936,44.68046],[26.02948,44.68059],[26.02971,44.68074],[26.02985,44.68091],[26.02993,44.68108],[26.02988,44.68226],[26.02996,44.68239],[26.03013,44.68247],[26.03044,44.68256],[26.03567,44.68369],[26.03619,44.68376],[26.03691,44.68377],[26.03801,44.68364],[26.04142,44.68315],[26.06667,44.67964],[26.07102,44.67903],[26.07341,44.67868],[26.07506,44.67846],[26.07513,44.67841],[26.07518,44.67834],[26.07505,44.67798],[26.07446,44.67548],[26.07442,44.6747],[26.07444,44.67294],[26.0745,44.6716],[26.07461,44.67114],[26.07475,44.67078],[26.07494,44.67042],[26.07599,44.66906],[26.07625,44.66869],[26.07644,44.66831],[26.07657,44.66789],[26.07662,44.66734],[26.0766,44.66695],[26.07655,44.66656],[26.07621,44.66408],[26.07602,44.66285],[26.07518,44.65665],[26.07408,44.64876],[26.07399,44.64843],[26.07388,44.64814],[26.07371,44.64778],[26.07333,44.64728],[26.07298,44.64697],[26.07249,44.64658],[26.07045,44.64517],[26.0698,44.64468],[26.06938,44.64431],[26.06915,44.64406],[26.06881,44.64358],[26.06859,44.64307],[26.06851,44.64282],[26.06844,44.64241],[26.06843,44.64205],[26.06848,44.6408],[26.06858,44.63881],[26.06883,44.6327],[26.06958,44.61778],[26.06954,44.61725],[26.06945,44.61667],[26.06941,44.61618],[26.06949,44.61559],[26.06966,44.6152],[26.06985,44.61488],[26.07004,44.61461],[26.0716,44.6128],[26.07195,44.6123],[26.07216,44.61186],[26.07232,44.61136],[26.07236,44.61086],[26.07228,44.60982],[26.07206,44.60779],[26.07208,44.60748],[26.07195,44.6057],[26.07166,44.60242],[26.0714,44.60036],[26.07099,44.59281],[26.07043,44.58443],[26.07008,44.57668],[26.06997,44.57562],[26.06991,44.57327],[26.06991,44.57299],[26.06993,44.57284],[26.06985,44.57245],[26.06974,44.57023],[26.06977,44.56939],[26.0697,44.56856],[26.0696,44.56671],[26.06951,44.5644],[26.06927,44.55967],[26.06885,44.54964],[26.06856,44.54116],[26.06834,44.53391],[26.06837,44.53352],[26.06848,44.53291],[26.06867,44.53232],[26.06979,44.52935],[26.07107,44.52613],[26.07153,44.52536],[26.07214,44.52463],[26.07832,44.51784],[26.07873,44.51731],[26.07892,44.51711],[26.079,44.51695],[26.07917,44.51631],[26.07963,44.51503],[26.07995,44.51423],[26.08001,44.51387],[26.08006,44.51375],[26.08011,44.5137],[26.08023,44.51348],[26.08035,44.51319],[26.08118,44.511],[26.08157,44.51022],[26.0819,44.50919],[26.08199,44.50897],[26.08198,44.5082],[26.08166,44.50656],[26.08146,44.50575],[26.0814,44.50562],[26.08131,44.50515],[26.08054,44.50259],[26.08027,44.50129],[26.07945,44.49801],[26.07927,44.49756],[26.07904,44.49655],[26.07887,44.49606],[26.07891,44.49477],[26.07904,44.49333],[26.07906,44.49271],[26.07894,44.4902],[26.07875,44.48929],[26.07863,44.48894],[26.07797,44.48745],[26.07739,44.4863],[26.07712,44.48594],[26.07637,44.48466],[26.07588,44.48417],[26.07575,44.48401],[26.07573,44.48389],[26.07578,44.48373],[26.07576,44.48364],[26.07468,44.48181],[26.07427,44.48102],[26.0739,44.48041],[26.07355,44.47989],[26.07278,44.47864],[26.07271,44.47862],[26.07265,44.47864],[26.07256,44.47876],[26.07233,44.47927],[26.07185,44.47914],[26.07207,44.47869]]]},"properties":{"route_id":"1008-857","line":"443","name":"443","ref":"443","long_name":"Peris - Piata Presei","type":"bus","color":"#662483"}},{"type":"Feature","geometry":{"type":"MultiLineString","coordinates":[[[26.07126,44.74358],[26.07118,44.7436],[26.07118,44.74354],[26.07132,44.74321],[26.07182,44.74233],[26.07184,44.74218],[26.07181,44.74211],[26.07175,44.74206],[26.07116,44.74178],[26.07072,44.7415],[26.07041,44.74128],[26.06987,44.74095],[26.06971,44.74088],[26.06938,44.74082],[26.06904,44.74078],[26.06818,44.74079],[26.06729,44.74076],[26.06716,44.7408],[26.06698,44.74094],[26.06635,44.74165],[26.06619,44.74174],[26.06597,44.7418],[26.06555,44.74184],[26.06524,44.74184],[26.06472,44.74181],[26.06454,44.74178],[26.06437,44.74175],[26.06434,44.74169],[26.06444,44.74151],[26.06466,44.74126],[26.06471,44.74116],[26.06472,44.74107],[26.0647,44.74087],[26.06459,44.7405],[26.06457,44.74037],[26.06461,44.74],[26.06472,44.73972],[26.06481,44.73962],[26.06511,44.73933],[26.06581,44.73879],[26.06725,44.73777],[26.06792,44.73727],[26.06915,44.73629],[26.06954,44.73597],[26.06988,44.73556],[26.06993,44.73552],[26.07152,44.73565],[26.07301,44.73556],[26.07472,44.73533],[26.07518,44.7353],[26.07577,44.73535],[26.07603,44.73542],[26.07768,44.73613],[26.07802,44.73625],[26.07923,44.73653],[26.08366,44.73752],[26.0848,44.73773],[26.08797,44.73826],[26.08808,44.73825],[26.08816,44.73821],[26.08822,44.73815],[26.08826,44.73808],[26.08917,44.73481],[26.08928,44.73452],[26.08947,44.73423],[26.0921,44.73151],[26.09277,44.73091],[26.09348,44.73035],[26.09355,44.73023],[26.09354,44.73016],[26.0935,44.7301],[26.09327,44.72992],[26.09249,44.72937],[26.09241,44.72931],[26.09235,44.72924],[26.09218,44.72892],[26.09214,44.7287],[26.09213,44.72839],[26.09208,44.72823],[26.09106,44.72688],[26.09037,44.72591],[26.09032,44.72581],[26.09036,44.72578],[26.09049,44.72577],[26.09236,44.72582],[26.10158,44.72612],[26.10845,44.7263],[26.10859,44.72629],[26.10867,44.72623],[26.10521,44.72188],[26.10446,44.72086],[26.10312,44.71916],[26.09898,44.71407],[26.0981,44.71284],[26.09713,44.71166],[26.09525,44.70921],[26.09331,44.70677],[26.09143,44.70447],[26.09073,44.70352],[26.09054,44.70329],[26.09031,44.70305],[26.08839,44.70159],[26.08797,44.70124],[26.0877,44.701],[26.08745,44.70073],[26.08712,44.70026],[26.0867,44.69955],[26.08584,44.69796],[26.08534,44.69709],[26.08489,44.69621],[26.08395,44.69447],[26.08265,44.692],[26.07993,44.68695],[26.0791,44.68544],[26.07898,44.68528],[26.076,44.67982],[26.07523,44.67846],[26.07505,44.67798],[26.07446,44.67548],[26.07442,44.6747],[26.07444,44.67294],[26.0745,44.6716],[26.07461,44.67114],[26.07475,44.67078],[26.07494,44.67042],[26.07599,44.66906],[26.07625,44.66869],[26.07644,44.66831],[26.07657,44.66789],[26.07662,44.66734],[26.0766,44.66695],[26.07655,44.66656],[26.07621,44.66408],[26.07602,44.66285],[26.07518,44.65665],[26.07408,44.64876],[26.07399,44.64843],[26.07388,44.64814],[26.07371,44.64778],[26.07333,44.64728],[26.07298,44.64697],[26.07249,44.64658],[26.07045,44.64517],[26.0698,44.64468],[26.06938,44.64431],[26.06915,44.64406],[26.06881,44.64358],[26.06859,44.64307],[26.06847,44.64263],[26.06844,44.64241],[26.06843,44.64205],[26.06883,44.6327],[26.06958,44.61778],[26.06954,44.61725],[26.06945,44.61667],[26.06941,44.61618],[26.06949,44.61559],[26.06966,44.6152],[26.06985,44.61488],[26.07004,44.61461],[26.0716,44.6128],[26.07195,44.6123],[26.07216,44.61186],[26.07232,44.61136],[26.07236,44.61086],[26.07228,44.60982],[26.07206,44.60779],[26.07208,44.60748],[26.07195,44.6057],[26.07166,44.60242],[26.0714,44.60036],[26.07099,44.59281],[26.07043,44.58443],[26.07008,44.57668],[26.06997,44.57562],[26.06991,44.57327],[26.06991,44.57299],[26.06993,44.57284],[26.06985,44.57245],[26.06974,44.57023],[26.06977,44.56939],[26.0697,44.56856],[26.0696,44.56671],[26.06951,44.5644],[26.06927,44.55967],[26.06885,44.54964],[26.06856,44.54116],[26.06834,44.53391],[26.06837,44.53352],[26.06848,44.53291],[26.06867,44.53232],[26.06979,44.52935],[26.07107,44.52613],[26.07153,44.52536],[26.07214,44.52463],[26.07832,44.51784],[26.07873,44.51731],[26.07892,44.51711],[26.079,44.51695],[26.07917,44.51631],[26.07963,44.51503],[26.07995,44.51423],[26.08001,44.51387],[26.08006,44.51375],[26.08011,44.5137],[26.08023,44.51348],[26.08035,44.51319],[26.08118,44.511],[26.08157,44.51022],[26.0819,44.50919],[26.08199,44.50897],[26.08198,44.5082],[26.08166,44.50656],[26.08146,44.50575],[26.0814,44.50562],[26.08131,44.50515],[26.08054,44.50259],[26.08027,44.50129],[26.07945,44.49801],[26.07927,44.49756],[26.07904,44.49655],[26.07887,44.49606],[26.07891,44.49477],[26.07904,44.49333],[26.07906,44.49271],[26.07894,44.4902],[26.07875,44.48929],[26.07863,44.48894],[26.07797,44.48745],[26.07739,44.4863],[26.07712,44.48594],[26.07637,44.48466],[26.07588,44.48417],[26.07575,44.48401],[26.07573,44.48389],[26.07578,44.48373],[26.07576,44.48364],[26.07468,44.48181],[26.07427,44.48102],[26.0739,44.48041],[26.07355,44.47989],[26.07278,44.47864],[26.07271,44.47862],[26.07265,44.47864],[26.07256,44.47876],[26.07233,44.47927],[26.07185,44.47914],[26.07207,44.47869]],[[26.07207,44.47869],[26.07225,44.47839],[26.07219,44.47823],[26.0722,44.47804],[26.07224,44.47795],[26.0723,44.47788],[26.0724,44.47782],[26.07252,44.47778],[26.07266,44.47777],[26.07279,44.47779],[26.07292,44.47784],[26.07305,44.47797],[26.07309,44.47806],[26.07309,44.47816],[26.07301,44.47832],[26.073,44.47843],[26.07305,44.47865],[26.07316,44.4789],[26.07593,44.48356],[26.07615,44.48377],[26.07633,44.48387],[26.07651,44.48407],[26.07652,44.48452],[26.07687,44.48516],[26.07777,44.48671],[26.07885,44.48906],[26.07909,44.49016],[26.07922,44.49151],[26.07941,44.49256],[26.07941,44.49366],[26.07934,44.49396],[26.07926,44.49564],[26.07926,44.49582],[26.07931,44.4962],[26.0796,44.49743],[26.07967,44.49809],[26.07996,44.49917],[26.08061,44.50177],[26.08078,44.50211],[26.08094,44.50255],[26.08178,44.50519],[26.0819,44.50543],[26.08198,44.50551],[26.08201,44.50557],[26.08201,44.50563],[26.08197,44.50574],[26.082,44.50602],[26.08215,44.50681],[26.08223,44.50693],[26.08223,44.50708],[26.08241,44.508],[26.08243,44.50852],[26.08235,44.50897],[26.08207,44.50985],[26.08185,44.51043],[26.08175,44.5106],[26.08122,44.51214],[26.08062,44.51367],[26.08062,44.51383],[26.08056,44.51398],[26.08049,44.51407],[26.07982,44.51556],[26.07948,44.51656],[26.07917,44.51706],[26.07851,44.51792],[26.07789,44.51859],[26.07759,44.51898],[26.0774,44.51912],[26.07521,44.52156],[26.0739,44.52294],[26.0735,44.5234],[26.07198,44.52504],[26.07164,44.5255],[26.07135,44.52596],[26.07113,44.52643],[26.0702,44.52888],[26.06999,44.52949],[26.06991,44.5298],[26.06909,44.53171],[26.06875,44.53267],[26.0686,44.5333],[26.06855,44.53391],[26.06906,44.55002],[26.06949,44.55998],[26.06985,44.56749],[26.06999,44.56946],[26.07008,44.56984],[26.07018,44.57146],[26.07018,44.57209],[26.0702,44.57239],[26.07023,44.57247],[26.07037,44.57261],[26.07037,44.57268],[26.07033,44.57275],[26.07027,44.57279],[26.07024,44.57284],[26.07023,44.57291],[26.0703,44.57357],[26.07034,44.5756],[26.07022,44.57614],[26.07023,44.57679],[26.07034,44.5787],[26.07033,44.57902],[26.07077,44.58708],[26.07115,44.59351],[26.0717,44.60147],[26.07182,44.60201],[26.07182,44.60283],[26.07194,44.60484],[26.07244,44.60976],[26.07248,44.61103],[26.07237,44.61166],[26.07214,44.6122],[26.07132,44.61327],[26.0704,44.61432],[26.06988,44.61504],[26.06961,44.61578],[26.06958,44.61626],[26.06967,44.61726],[26.06964,44.62023],[26.06958,44.62077],[26.06933,44.6263],[26.06875,44.63819],[26.06861,44.6421],[26.06862,44.6425],[26.06869,44.64287],[26.06884,44.64332],[26.06905,44.64366],[26.06934,44.64406],[26.06967,44.64438],[26.07012,44.64475],[26.07253,44.64646],[26.07306,44.64687],[26.0735,44.64729],[26.07388,44.64781],[26.07402,44.64807],[26.07412,44.64833],[26.07429,44.64921],[26.07488,44.65332],[26.075,44.6544],[26.07669,44.66647],[26.07681,44.66735],[26.07683,44.66769],[26.07688,44.66791],[26.07684,44.66798],[26.07677,44.66802],[26.0767,44.66812],[26.07657,44.66839],[26.07629,44.66885],[26.07532,44.67009],[26.07501,44.67057],[26.07476,44.67105],[26.0746,44.67157],[26.07457,44.67209],[26.07454,44.67433],[26.07459,44.67543],[26.07463,44.67564],[26.07521,44.67782],[26.07538,44.6783],[26.07557,44.6787],[26.07741,44.68214],[26.07834,44.68387],[26.0793,44.68558],[26.08522,44.69663],[26.08634,44.69865],[26.08714,44.70005],[26.08744,44.7005],[26.08775,44.70088],[26.08829,44.70134],[26.08889,44.70179],[26.09014,44.70278],[26.09047,44.70306],[26.09094,44.70359],[26.09145,44.70424],[26.09209,44.70516],[26.09255,44.70564],[26.09405,44.70757],[26.09509,44.70887],[26.09607,44.71016],[26.09747,44.71189],[26.09876,44.71355],[26.09928,44.71419],[26.09925,44.71427],[26.09875,44.71495],[26.09809,44.7159],[26.09765,44.71666],[26.09742,44.71738],[26.09712,44.71844],[26.097,44.71863],[26.09677,44.71883],[26.09631,44.71912],[26.09539,44.71997],[26.09473,44.72073],[26.09368,44.72214],[26.09355,44.72228],[26.09334,44.72239],[26.09312,44.72243],[26.09247,44.72244],[26.09207,44.72249],[26.09047,44.72291],[26.0903,44.72308],[26.09015,44.72329],[26.08984,44.72485],[26.08985,44.72511],[26.09019,44.72572],[26.09038,44.72584],[26.09108,44.72683],[26.09188,44.72788],[26.09216,44.72828],[26.0922,44.72845],[26.09218,44.72867],[26.09225,44.72894],[26.09236,44.72918],[26.09248,44.72932],[26.09356,44.73006],[26.09361,44.73012],[26.09363,44.7302],[26.0936,44.73029],[26.09347,44.73042],[26.09302,44.73077],[26.09245,44.73126],[26.09192,44.73176],[26.09145,44.73226],[26.08972,44.73402],[26.08945,44.73435],[26.0893,44.73458],[26.08921,44.73484],[26.08829,44.73814],[26.08818,44.73824],[26.08811,44.73828],[26.08796,44.7383],[26.08354,44.73753],[26.08263,44.73732],[26.08079,44.73693],[26.07808,44.7363],[26.07768,44.73617],[26.07609,44.73547],[26.07593,44.73542],[26.07568,44.73537],[26.07538,44.73534],[26.0751,44.73534],[26.07476,44.73536],[26.07414,44.73544],[26.07338,44.73557],[26.07187,44.73567],[26.07152,44.73568],[26.07002,44.73556],[26.06991,44.73557],[26.06952,44.73602],[26.06876,44.73664],[26.06746,44.73764],[26.06611,44.73859],[26.06545,44.73909],[26.0651,44.73937],[26.06487,44.73959],[26.06473,44.73977],[26.06464,44.74],[26.0646,44.74033],[26.06461,44.74048],[26.06473,44.74087],[26.06477,44.7411],[26.06468,44.74128],[26.06457,44.74139],[26.06445,44.74156],[26.06442,44.74167],[26.06443,44.74171],[26.06484,44.74179],[26.06567,44.7418],[26.06597,44.74176],[26.06615,44.74172],[26.0663,44.74163],[26.06695,44.74091],[26.06714,44.74077],[26.0673,44.74073],[26.0682,44.74076],[26.06905,44.74075],[26.06966,44.74082],[26.06997,44.74094],[26.07059,44.74134],[26.07089,44.74157],[26.07181,44.74206],[26.07187,44.74211],[26.07189,44.7422],[26.07186,44.74233],[26.07128,44.74336],[26.07123,44.74353],[26.07126,44.74358]]]},"properties":{"route_id":"1008-858","line":"444","name":"444","ref":"444","long_name":"Piscu - Piata Presei","type":"bus","color":"#662483"}},{"type":"Feature","geometry":{"type":"MultiLineString","coordinates":[[[26.2731,44.71215],[26.27331,44.71211],[26.27351,44.71428],[26.2735,44.71438],[26.27345,44.71444],[26.27337,44.71446],[26.27213,44.71406],[26.27078,44.71366],[26.27056,44.71363],[26.27036,44.71362],[26.26889,44.71371],[26.26712,44.71386],[26.26406,44.71409],[26.26375,44.71413],[26.26327,44.71412],[26.26307,44.7141],[26.26197,44.7138],[26.26177,44.71383],[26.26144,44.71402],[26.26078,44.71431],[26.26046,44.71439],[26.25932,44.71451],[26.25861,44.71457],[26.25718,44.71465],[26.25521,44.71471],[26.25431,44.71472],[26.25314,44.71466],[26.25287,44.71468],[26.25272,44.71473],[26.25251,44.71487],[26.25198,44.71556],[26.25185,44.7157],[26.25163,44.71587],[26.24969,44.71687],[26.24896,44.71728],[26.24843,44.71773],[26.24816,44.71789],[26.24782,44.71795],[26.24746,44.71786],[26.24533,44.71702],[26.24485,44.71686],[26.24464,44.71683],[26.24419,44.71685],[26.24395,44.71693],[26.2434,44.71728],[26.24233,44.71801],[26.24209,44.71814],[26.24179,44.71823],[26.24121,44.71833],[26.24096,44.71841],[26.2407,44.71862],[26.24089,44.71848],[26.24055,44.71902],[26.24076,44.72057],[26.24094,44.72134],[26.24112,44.72186],[26.2411,44.72206],[26.24096,44.72261],[26.24094,44.72296],[26.24115,44.72387],[26.24107,44.72415],[26.24094,44.72438],[26.2408,44.72454],[26.24059,44.72471],[26.24025,44.72504],[26.23996,44.72519],[26.23978,44.72523],[26.23957,44.72524],[26.23901,44.72519],[26.23841,44.72516],[26.2378,44.72521],[26.23716,44.72523],[26.2351,44.72507],[26.23461,44.7251],[26.23364,44.72519],[26.23278,44.72524],[26.22749,44.72525],[26.22734,44.72524],[26.2272,44.72525],[26.22678,44.7265],[26.22669,44.72725],[26.22662,44.72754],[26.22646,44.72779],[26.22629,44.72795],[26.22122,44.73191],[26.22089,44.7322],[26.21908,44.73358],[26.21887,44.7337],[26.21728,44.73432],[26.21491,44.73516],[26.21467,44.73522],[26.21451,44.73524],[26.21417,44.73521],[26.2135,44.735],[26.21313,44.73495],[26.21288,44.73499],[26.21271,44.73509],[26.21149,44.73594],[26.2094,44.7376],[26.20917,44.73787],[26.20905,44.73809],[26.20898,44.73836],[26.20894,44.73871],[26.209,44.73925],[26.209,44.73976],[26.20894,44.74007],[26.20878,44.7404],[26.20863,44.74061],[26.20839,44.74084],[26.20821,44.74097],[26.20758,44.74134],[26.20278,44.74448],[26.20125,44.7455],[26.20061,44.7459],[26.19986,44.74642],[26.19894,44.7472],[26.19675,44.74915],[26.1965,44.74931],[26.19443,44.75046],[26.19373,44.75079],[26.1934,44.75089],[26.19314,44.75091],[26.19287,44.7509],[26.1925,44.75079],[26.19222,44.75068],[26.18617,44.74764],[26.18507,44.74707],[26.1825,44.74589],[26.18059,44.74506],[26.17984,44.74475],[26.17911,44.74458],[26.17847,44.74453],[26.17832,44.74447],[26.17836,44.74419],[26.17846,44.74388],[26.17843,44.7437],[26.17828,44.74344],[26.17781,44.74292],[26.17747,44.74264],[26.17723,44.7424],[26.17712,44.74218],[26.17665,44.74083],[26.17625,44.74008],[26.17622,44.73996],[26.17631,44.73988],[26.17713,44.73953],[26.17726,44.73942],[26.17771,44.73866],[26.17769,44.73859],[26.17456,44.73774],[26.17349,44.73764],[26.16924,44.73732],[26.16839,44.73727],[26.16777,44.73725],[26.167,44.73732],[26.16654,44.73725],[26.16364,44.7367],[26.16185,44.7363],[26.16113,44.73622],[26.159,44.73614],[26.15865,44.73609],[26.15771,44.73589],[26.15754,44.73579],[26.15742,44.73568],[26.15712,44.73531],[26.15702,44.73521],[26.15692,44.73516],[26.15683,44.73522],[26.15663,44.73544],[26.15303,44.73999],[26.14972,44.74389],[26.14968,44.74392],[26.1313,44.74355],[26.1306,44.74352],[26.13037,44.74349],[26.12936,44.7433],[26.12393,44.74203],[26.12363,44.74197],[26.12286,44.74186],[26.12155,44.74173],[26.12115,44.74164],[26.11359,44.73855],[26.11337,44.73848],[26.11324,44.73839],[26.11315,44.73827],[26.11314,44.73802],[26.11303,44.73272],[26.11297,44.73225],[26.11284,44.73187],[26.11274,44.73166],[26.11255,44.73135],[26.11178,44.73028],[26.10803,44.7254],[26.10567,44.72239],[26.10521,44.72188],[26.10446,44.72086],[26.10312,44.71916],[26.09898,44.71407],[26.0981,44.71284],[26.09713,44.71166],[26.09525,44.70921],[26.09331,44.70677],[26.09143,44.70447],[26.09073,44.70352],[26.09054,44.70329],[26.09031,44.70305],[26.08839,44.70159],[26.0877,44.701],[26.08745,44.70073],[26.08712,44.70026],[26.0867,44.69955],[26.08584,44.69796],[26.08534,44.69709],[26.08489,44.69621],[26.08084,44.68862],[26.0791,44.68544],[26.07898,44.68528],[26.076,44.67982],[26.07523,44.67846],[26.07505,44.67798],[26.07446,44.67548],[26.07442,44.6747],[26.07444,44.67294],[26.0745,44.6716],[26.07461,44.67114],[26.07475,44.67078],[26.07494,44.67042],[26.07599,44.66906],[26.07625,44.66869],[26.07644,44.66831],[26.07657,44.66789],[26.07662,44.66734],[26.0766,44.66695],[26.07655,44.66656],[26.07621,44.66408],[26.07602,44.66285],[26.07518,44.65665],[26.07408,44.64876],[26.07399,44.64843],[26.07388,44.64814],[26.07371,44.64778],[26.07333,44.64728],[26.07298,44.64697],[26.07249,44.64658],[26.07045,44.64517],[26.0698,44.64468],[26.06938,44.64431],[26.06915,44.64406],[26.06881,44.64358],[26.06859,44.64307],[26.06847,44.64263],[26.06844,44.64241],[26.06843,44.64205],[26.06883,44.6327],[26.06958,44.61778],[26.06954,44.61725],[26.06945,44.61667],[26.06941,44.61618],[26.06949,44.61559],[26.06966,44.6152],[26.06985,44.61488],[26.07004,44.61461],[26.0716,44.6128],[26.07195,44.6123],[26.07216,44.61186],[26.07232,44.61136],[26.07236,44.61086],[26.07228,44.60982],[26.07206,44.60779],[26.07208,44.60748],[26.07195,44.6057],[26.07166,44.60242],[26.0714,44.60036],[26.07099,44.59281],[26.07043,44.58443],[26.07008,44.57668],[26.06997,44.57562],[26.06991,44.57327],[26.06991,44.57299],[26.06993,44.57284],[26.06985,44.57245],[26.06974,44.57023],[26.06977,44.56939],[26.0697,44.56856],[26.0696,44.56671],[26.06951,44.5644],[26.06927,44.55967],[26.06885,44.54964],[26.06856,44.54116],[26.06834,44.53391],[26.06837,44.53352],[26.06848,44.53291],[26.06867,44.53232],[26.06979,44.52935],[26.07107,44.52613],[26.07153,44.52536],[26.07214,44.52463],[26.07832,44.51784],[26.07873,44.51731],[26.07892,44.51711],[26.079,44.51695],[26.07917,44.51631],[26.07963,44.51503],[26.07995,44.51423],[26.08001,44.51387],[26.08006,44.51375],[26.08011,44.5137],[26.08023,44.51348],[26.08035,44.51319],[26.08118,44.511],[26.08157,44.51022],[26.0819,44.50919],[26.08199,44.50897],[26.08198,44.5082],[26.08166,44.50656],[26.08146,44.50575],[26.0814,44.50562],[26.08131,44.50515],[26.08054,44.50259],[26.08027,44.50129],[26.07945,44.49801],[26.07927,44.49756],[26.07904,44.49655],[26.07887,44.49606],[26.07891,44.49477],[26.07904,44.49333],[26.07906,44.49271],[26.07894,44.4902],[26.07875,44.48929],[26.07863,44.48894],[26.07797,44.48745],[26.07739,44.4863],[26.07712,44.48594],[26.07637,44.48466],[26.07588,44.48417],[26.07575,44.48401],[26.07573,44.48389],[26.07578,44.48373],[26.07576,44.48364],[26.07468,44.48181],[26.07427,44.48102],[26.0739,44.48041],[26.07355,44.47989],[26.07278,44.47864],[26.07271,44.47862],[26.07265,44.47864],[26.07256,44.47876],[26.07233,44.47927],[26.07185,44.47914],[26.07207,44.47869]],[[26.07207,44.47869],[26.07225,44.47839],[26.07219,44.47823],[26.0722,44.47804],[26.07224,44.47795],[26.0723,44.47788],[26.0724,44.47782],[26.07252,44.47778],[26.07266,44.47777],[26.07279,44.47779],[26.07292,44.47784],[26.07305,44.47797],[26.07309,44.47806],[26.07309,44.47816],[26.07301,44.47832],[26.073,44.47843],[26.07305,44.47865],[26.07316,44.4789],[26.07593,44.48356],[26.07615,44.48377],[26.07633,44.48387],[26.07651,44.48407],[26.07652,44.48452],[26.07687,44.48516],[26.07777,44.48671],[26.07885,44.48906],[26.07909,44.49016],[26.07922,44.49151],[26.07941,44.49256],[26.07941,44.49366],[26.07934,44.49396],[26.07926,44.49564],[26.07926,44.49582],[26.07931,44.4962],[26.0796,44.49743],[26.07967,44.49809],[26.07996,44.49917],[26.08061,44.50177],[26.08078,44.50211],[26.08094,44.50255],[26.08178,44.50519],[26.0819,44.50543],[26.08198,44.50551],[26.08201,44.50557],[26.08201,44.50563],[26.08197,44.50574],[26.082,44.50602],[26.08215,44.50681],[26.08223,44.50693],[26.08223,44.50708],[26.08241,44.508],[26.08243,44.50852],[26.08235,44.50897],[26.08207,44.50985],[26.08185,44.51043],[26.08175,44.5106],[26.08122,44.51214],[26.08062,44.51367],[26.08062,44.51383],[26.08056,44.51398],[26.08049,44.51407],[26.07982,44.51556],[26.07948,44.51656],[26.07917,44.51706],[26.07851,44.51792],[26.07789,44.51859],[26.07759,44.51898],[26.0774,44.51912],[26.07521,44.52156],[26.0739,44.52294],[26.0735,44.5234],[26.07198,44.52504],[26.07164,44.5255],[26.07135,44.52596],[26.07113,44.52643],[26.0702,44.52888],[26.06999,44.52949],[26.06991,44.5298],[26.06909,44.53171],[26.06875,44.53267],[26.0686,44.5333],[26.06855,44.53391],[26.06906,44.55002],[26.06949,44.55998],[26.06985,44.56749],[26.06999,44.56946],[26.07008,44.56984],[26.07018,44.57146],[26.07018,44.57209],[26.0702,44.57239],[26.07023,44.57247],[26.07037,44.57261],[26.07037,44.57268],[26.07033,44.57275],[26.07027,44.57279],[26.07024,44.57284],[26.07023,44.57291],[26.0703,44.57357],[26.07034,44.5756],[26.07022,44.57614],[26.07023,44.57679],[26.07034,44.5787],[26.07033,44.57902],[26.07077,44.58708],[26.07115,44.59351],[26.0717,44.60147],[26.07182,44.60201],[26.07182,44.60283],[26.07194,44.60484],[26.07244,44.60976],[26.07248,44.61103],[26.07237,44.61166],[26.07214,44.6122],[26.07132,44.61327],[26.0704,44.61432],[26.06988,44.61504],[26.06961,44.61578],[26.06958,44.61626],[26.06967,44.61726],[26.06964,44.62023],[26.06958,44.62077],[26.06933,44.6263],[26.06875,44.63819],[26.06861,44.6421],[26.06862,44.6425],[26.06869,44.64287],[26.06884,44.64332],[26.06905,44.64366],[26.06934,44.64406],[26.06967,44.64438],[26.07012,44.64475],[26.07253,44.64646],[26.07306,44.64687],[26.0735,44.64729],[26.07388,44.64781],[26.07402,44.64807],[26.07412,44.64833],[26.07429,44.64921],[26.07488,44.65332],[26.075,44.6544],[26.07669,44.66647],[26.07681,44.66735],[26.07683,44.66769],[26.07688,44.66791],[26.07684,44.66798],[26.07677,44.66802],[26.0767,44.66812],[26.07657,44.66839],[26.07629,44.66885],[26.07532,44.67009],[26.07501,44.67057],[26.07476,44.67105],[26.0746,44.67157],[26.07457,44.67209],[26.07454,44.67433],[26.07459,44.67543],[26.07463,44.67564],[26.07521,44.67782],[26.07538,44.6783],[26.07557,44.6787],[26.07834,44.68387],[26.08146,44.68953],[26.08342,44.69318],[26.08612,44.69813],[26.08728,44.70021],[26.08765,44.70069],[26.08816,44.70117],[26.09041,44.70292],[26.09085,44.70334],[26.09202,44.70484],[26.09287,44.70599],[26.09597,44.70992],[26.09865,44.71339],[26.10008,44.7151],[26.10069,44.71593],[26.10311,44.719],[26.10696,44.72383],[26.1084,44.7257],[26.10938,44.72691],[26.11192,44.7303],[26.11284,44.73159],[26.11306,44.73207],[26.11316,44.73251],[26.11325,44.73557],[26.11335,44.73787],[26.11335,44.73823],[26.11337,44.73838],[26.1135,44.73846],[26.11502,44.73907],[26.12114,44.74159],[26.12168,44.7417],[26.12271,44.7418],[26.12391,44.74197],[26.12862,44.74306],[26.12945,44.74328],[26.13029,44.74345],[26.13063,44.74349],[26.13262,44.74355],[26.13691,44.74363],[26.13889,44.74369],[26.1403,44.74369],[26.14496,44.7438],[26.14964,44.74389],[26.1497,44.74386],[26.15018,44.74323],[26.15277,44.74022],[26.15358,44.73925],[26.1566,44.73539],[26.15679,44.73518],[26.15691,44.73508],[26.157,44.7351],[26.1571,44.73518],[26.15727,44.73537],[26.15741,44.73558],[26.15764,44.73581],[26.15773,44.73586],[26.15901,44.73611],[26.16116,44.73617],[26.1619,44.73626],[26.16323,44.73658],[26.16551,44.73704],[26.16675,44.73725],[26.16708,44.73727],[26.1681,44.73719],[26.16984,44.73734],[26.17201,44.73748],[26.17444,44.73767],[26.17461,44.7377],[26.1768,44.73831],[26.17773,44.73855],[26.17778,44.73859],[26.1778,44.73865],[26.17767,44.73891],[26.1773,44.73944],[26.17723,44.73951],[26.17713,44.73958],[26.17649,44.73985],[26.1764,44.73987],[26.1763,44.73995],[26.17628,44.74003],[26.1763,44.74012],[26.17648,44.74037],[26.17668,44.74077],[26.17723,44.74226],[26.17729,44.74237],[26.17738,44.74248],[26.17794,44.74298],[26.1783,44.74337],[26.17845,44.74362],[26.17853,44.74382],[26.17853,44.7439],[26.1784,44.74443],[26.17843,44.74447],[26.17893,44.74452],[26.17941,44.7446],[26.17999,44.74478],[26.18067,44.74506],[26.1829,44.74603],[26.18513,44.74705],[26.18663,44.74782],[26.19213,44.75059],[26.19255,44.75078],[26.1928,44.75086],[26.19294,44.75087],[26.19337,44.75086],[26.19379,44.75073],[26.1943,44.75046],[26.19653,44.74922],[26.19687,44.74896],[26.19905,44.74703],[26.19985,44.74638],[26.2006,44.74586],[26.20128,44.74544],[26.20315,44.74419],[26.2074,44.7414],[26.20836,44.74082],[26.20851,44.74068],[26.20879,44.74033],[26.20893,44.73999],[26.20898,44.7397],[26.20897,44.73927],[26.20889,44.73863],[26.20892,44.73837],[26.20899,44.73811],[26.20907,44.73793],[26.20926,44.73769],[26.20945,44.73749],[26.21061,44.73654],[26.2127,44.73503],[26.21284,44.73496],[26.21298,44.73492],[26.21312,44.73491],[26.21347,44.73495],[26.21389,44.7351],[26.21416,44.73517],[26.21445,44.7352],[26.21482,44.73515],[26.2153,44.735],[26.21881,44.7337],[26.21913,44.73351],[26.22633,44.72786],[26.22647,44.72771],[26.22658,44.7275],[26.22666,44.72719],[26.22669,44.72664],[26.22677,44.72633],[26.2271,44.72534],[26.22715,44.72524],[26.22724,44.7252],[26.22747,44.72519],[26.23289,44.72517],[26.23342,44.72515],[26.23443,44.72506],[26.23494,44.72503],[26.23532,44.72503],[26.23668,44.72514],[26.23715,44.72516],[26.23749,44.72516],[26.23855,44.7251],[26.23959,44.72517],[26.23983,44.72515],[26.23993,44.72512],[26.24003,44.72508],[26.24026,44.72493],[26.24077,44.72445],[26.24096,44.72419],[26.24107,44.7239],[26.24102,44.7236],[26.24086,44.72293],[26.24084,44.72275],[26.24087,44.72257],[26.24098,44.7223],[26.24106,44.72198],[26.24106,44.72189],[26.24104,44.72178],[26.24088,44.7214],[26.24083,44.72123],[26.24071,44.72071],[26.24059,44.72006],[26.24056,44.71947],[26.24048,44.71902],[26.2406,44.71869],[26.24071,44.71855],[26.24083,44.71844],[26.24098,44.71835],[26.24128,44.71825],[26.24157,44.71821],[26.24206,44.71809],[26.24225,44.71799],[26.24255,44.71782],[26.24367,44.71705],[26.24388,44.71692],[26.24412,44.71683],[26.24436,44.71678],[26.24458,44.71679],[26.24488,44.71683],[26.24519,44.71692],[26.24632,44.71735],[26.2475,44.71784],[26.24783,44.71788],[26.24817,44.71784],[26.24846,44.71764],[26.24887,44.71726],[26.24909,44.71713],[26.25051,44.71637],[26.2516,44.71582],[26.2518,44.71566],[26.25209,44.71532],[26.25238,44.7149],[26.2526,44.71473],[26.25272,44.71468],[26.253,44.71463],[26.25394,44.71464],[26.25436,44.71468],[26.2558,44.71467],[26.25767,44.7146],[26.25848,44.71455],[26.25928,44.71448],[26.26049,44.71434],[26.26083,44.71426],[26.26167,44.71383],[26.26181,44.71378],[26.26196,44.71377],[26.26208,44.71378],[26.26261,44.71394],[26.26311,44.71407],[26.26327,44.71409],[26.26367,44.71409],[26.26535,44.71397],[26.26978,44.7136],[26.27017,44.71358],[26.27057,44.71359],[26.2708,44.71364],[26.27192,44.71396],[26.27257,44.71417],[26.27272,44.71424],[26.27337,44.7144],[26.27345,44.71445],[26.27347,44.71437],[26.27329,44.71243],[26.2732,44.71241],[26.27267,44.71244],[26.27257,44.71242],[26.2725,44.71236],[26.27249,44.71228],[26.27256,44.71221],[26.27274,44.71218],[26.2731,44.71215]]]},"properties":{"route_id":"1008-859","line":"446","name":"446","ref":"446","long_name":"Gruiu-Lipia - Piata Presei","type":"bus","color":"#662483"}},{"type":"Feature","geometry":{"type":"MultiLineString","coordinates":[[[26.12095,44.40426],[26.12098,44.40373],[26.12093,44.4021],[26.12079,44.39935],[26.12065,44.39591],[26.1206,44.39558],[26.12052,44.39432],[26.12053,44.39426],[26.12051,44.3942],[26.1204,44.39407],[26.12037,44.39399],[26.12037,44.39392],[26.12053,44.39369],[26.12058,44.39342],[26.1206,44.3931],[26.12057,44.39279],[26.12047,44.3925],[26.11991,44.39154],[26.11963,44.39112],[26.11932,44.39071],[26.11896,44.39029],[26.11862,44.38995],[26.11793,44.38942],[26.11689,44.38881],[26.11666,44.38871],[26.11572,44.38837],[26.11536,44.38827],[26.11466,44.38811],[26.11413,44.38803],[26.11021,44.38762],[26.10964,44.38758],[26.10851,44.38778],[26.10475,44.38854],[26.10463,44.38855],[26.10456,44.38853],[26.10449,44.38847],[26.10363,44.38711],[26.10342,44.38682],[26.10077,44.38378],[26.09998,44.38285],[26.09969,44.38242],[26.09963,44.38224],[26.09903,44.37946],[26.099,44.37924],[26.09903,44.37919],[26.09917,44.37916],[26.09933,44.37926],[26.09945,44.37959],[26.09924,44.37972],[26.09922,44.37981]],[[26.09922,44.37981],[26.0992,44.37997],[26.09963,44.38206],[26.09972,44.38238],[26.09987,44.38265],[26.10048,44.38339],[26.10119,44.38418],[26.10233,44.38551],[26.10349,44.38683],[26.10401,44.38761],[26.1045,44.38839],[26.10459,44.38849],[26.10464,44.38851],[26.10471,44.38851],[26.10926,44.38757],[26.1097,44.3875],[26.10993,44.3875],[26.11209,44.38773],[26.11317,44.38783],[26.11417,44.38795],[26.11492,44.38807],[26.11577,44.38829],[26.11666,44.38862],[26.11725,44.38888],[26.11744,44.38894],[26.11812,44.38895],[26.11828,44.38897],[26.1184,44.38903],[26.11848,44.38911],[26.11866,44.38945],[26.11876,44.38972],[26.11891,44.38998],[26.11963,44.39085],[26.12009,44.39153],[26.12049,44.39202],[26.12068,44.39229],[26.1208,44.39256],[26.12087,44.39263],[26.12093,44.39294],[26.12094,44.3933],[26.12092,44.39369],[26.12094,44.39376],[26.12102,44.39385],[26.12107,44.39396],[26.12104,44.39406],[26.12093,44.39428],[26.12099,44.39496],[26.12093,44.39633],[26.1211,44.39978],[26.12113,44.39998],[26.12119,44.40201],[26.12129,44.40397],[26.12131,44.40475],[26.12141,44.40541],[26.12145,44.40667],[26.12153,44.40695],[26.12162,44.40709],[26.12164,44.40715],[26.12164,44.40727],[26.12161,44.40734],[26.12151,44.40743],[26.12136,44.40749],[26.12113,44.40749],[26.12099,44.40742],[26.1209,44.40734],[26.12084,44.40721],[26.12085,44.40713],[26.121,44.40694],[26.12105,44.40675],[26.12099,44.40569],[26.12099,44.40542],[26.12102,44.40523],[26.12102,44.40505],[26.12097,44.40481],[26.12095,44.40426]]]},"properties":{"route_id":"1008-86","line":"76","name":"76","ref":"76","long_name":"Piata Resita - Costache Stamate","type":"trolleybus","color":"#008D36"}},{"type":"Feature","geometry":{"type":"MultiLineString","coordinates":[[[26.07499,44.44565],[26.07332,44.44423],[26.07163,44.44269],[26.07135,44.44248],[26.07247,44.44068],[26.07282,44.44022],[26.07321,44.43994],[26.07743,44.43763],[26.0793,44.43712],[26.07975,44.43704],[26.08271,44.43676],[26.08308,44.43671],[26.08317,44.43668],[26.08327,44.43662],[26.08391,44.43537],[26.08433,44.43448],[26.08738,44.43452],[26.08741,44.43447],[26.08754,44.43439],[26.08779,44.43434],[26.08796,44.43434],[26.08806,44.43435],[26.08826,44.43441],[26.08834,44.43445],[26.08844,44.43456],[26.09441,44.43462],[26.09807,44.43473],[26.09975,44.43496],[26.10102,44.43516],[26.10163,44.43529],[26.10236,44.43537],[26.10254,44.43534],[26.10261,44.43535],[26.10271,44.43539],[26.10278,44.43545],[26.10314,44.43559],[26.10325,44.43566],[26.10439,44.43584],[26.10526,44.436],[26.10539,44.43605],[26.10578,44.43612],[26.10609,44.43611],[26.10633,44.43612],[26.10668,44.43617],[26.10736,44.4364],[26.10791,44.43653],[26.1086,44.43665],[26.10954,44.43679],[26.11042,44.43697],[26.11363,44.43755],[26.11483,44.43778],[26.11532,44.43785],[26.11574,44.43794],[26.11585,44.43794],[26.116,44.43789],[26.11632,44.43783],[26.11661,44.43786],[26.11688,44.43798],[26.11702,44.43809],[26.11707,44.43817],[26.11715,44.43821],[26.12197,44.4391],[26.12275,44.43892],[26.12702,44.43812],[26.12734,44.4379],[26.12762,44.43777],[26.12868,44.43755],[26.1304,44.43725],[26.13125,44.43725],[26.13488,44.43743],[26.13537,44.43738],[26.13575,44.4374],[26.1372,44.4377],[26.13744,44.4378],[26.13921,44.43821],[26.1405,44.43853],[26.14082,44.43864],[26.14269,44.43911],[26.14305,44.43923],[26.14768,44.44041],[26.1487,44.4407],[26.1497,44.44093],[26.15016,44.44097],[26.15026,44.44095],[26.15031,44.44089],[26.15055,44.43979],[26.15044,44.43967],[26.15045,44.43953],[26.15056,44.4394],[26.1507,44.43936],[26.15083,44.43938],[26.15096,44.43945],[26.15101,44.43954],[26.151,44.43963],[26.15095,44.43971]],[[26.15094,44.43971],[26.15073,44.43978],[26.15067,44.43984],[26.15042,44.44096],[26.15033,44.44106],[26.15026,44.4411],[26.15011,44.44111],[26.14978,44.44106],[26.1493,44.44096],[26.14882,44.44084],[26.14683,44.44031],[26.14295,44.43931],[26.14063,44.43867],[26.13943,44.43837],[26.13714,44.43775],[26.13665,44.43768],[26.1359,44.43762],[26.1357,44.43758],[26.13467,44.43746],[26.13388,44.43744],[26.13289,44.43738],[26.13131,44.43732],[26.13085,44.43733],[26.13025,44.43737],[26.1285,44.43764],[26.12808,44.43773],[26.12782,44.43779],[26.12758,44.43787],[26.12718,44.43813],[26.12683,44.43822],[26.1228,44.43896],[26.12272,44.43901],[26.12265,44.43918],[26.12252,44.43927],[26.12241,44.43926],[26.11729,44.43832],[26.11718,44.43831],[26.11661,44.43841],[26.11633,44.4384],[26.11602,44.43825],[26.11576,44.43805],[26.115,44.43794],[26.11411,44.43777],[26.11361,44.43764],[26.11058,44.43707],[26.10744,44.4365],[26.10712,44.43646],[26.10692,44.43649],[26.10651,44.43646],[26.10626,44.43641],[26.10579,44.43621],[26.10421,44.43592],[26.10306,44.43574],[26.10244,44.43568],[26.10234,44.43565],[26.10224,44.43557],[26.10206,44.4355],[26.10162,44.43541],[26.10065,44.43525],[26.09959,44.43503],[26.09835,44.43481],[26.08844,44.43459],[26.08831,44.43463],[26.08804,44.4348],[26.0878,44.43481],[26.08769,44.43485],[26.08711,44.43521],[26.08433,44.43629],[26.08419,44.43636],[26.08397,44.43651],[26.08314,44.43689],[26.08276,44.43699],[26.08163,44.437],[26.08084,44.43705],[26.07985,44.43714],[26.07932,44.43723],[26.07921,44.43726],[26.07803,44.43764],[26.07724,44.43795],[26.07482,44.43928],[26.07342,44.44002],[26.07297,44.4403],[26.0729,44.44039],[26.07295,44.4405],[26.07309,44.44056],[26.07804,44.44225],[26.07899,44.4426],[26.07925,44.44275],[26.07953,44.4436],[26.07955,44.44374],[26.07951,44.44387],[26.07931,44.44403],[26.0761,44.44614],[26.07589,44.44619],[26.07562,44.44616],[26.07551,44.44612],[26.07524,44.44586],[26.07499,44.44565]]]},"properties":{"route_id":"1008-87","line":"85","name":"85","ref":"85","long_name":"Arena Nationala - Gara de Nord","type":"trolleybus","color":"#008D36"}},{"type":"Feature","geometry":{"type":"MultiLineString","coordinates":[[[25.99878,44.57739],[25.99874,44.57734],[25.99878,44.57731],[25.9989,44.57734],[25.99896,44.57741],[25.99955,44.57767],[25.99957,44.57771],[25.99889,44.58008],[25.99918,44.58033],[25.99969,44.58072],[26.00435,44.5833],[26.0051,44.58373],[26.00533,44.5838],[26.00563,44.58384],[26.00589,44.58383],[26.00654,44.5839],[26.00731,44.58395],[26.00947,44.58405],[26.00978,44.5841],[26.01,44.58416],[26.0121,44.58487],[26.01233,44.58492],[26.0141,44.58497],[26.01442,44.585],[26.01459,44.58504],[26.01526,44.58538],[26.01626,44.58593],[26.02121,44.58857],[26.02292,44.58951],[26.02461,44.59033],[26.02545,44.59079],[26.02593,44.59099],[26.02624,44.59119],[26.02642,44.59126],[26.03623,44.59399],[26.03645,44.59404],[26.03671,44.59407],[26.03748,44.59411],[26.03777,44.5941],[26.04162,44.59422],[26.04232,44.59414],[26.0427,44.59413],[26.04334,44.59426],[26.04498,44.59492],[26.04539,44.59505],[26.04614,44.59523],[26.0502,44.59608],[26.05071,44.59616],[26.05178,44.59641],[26.05484,44.59706],[26.05684,44.59743],[26.05765,44.59752],[26.05785,44.59756],[26.05808,44.59764],[26.05841,44.59778],[26.05945,44.59826],[26.06288,44.59997],[26.06373,44.60038],[26.06586,44.60147],[26.06618,44.60161],[26.06649,44.60162],[26.06715,44.60152],[26.06987,44.60125],[26.07089,44.60116],[26.07111,44.60116],[26.07141,44.6011],[26.07148,44.60106],[26.07151,44.60098],[26.07148,44.60065],[26.0714,44.60036],[26.07099,44.59281],[26.07043,44.58443],[26.07008,44.57668],[26.06997,44.57562],[26.06991,44.57327],[26.06991,44.57299],[26.06993,44.57284],[26.06985,44.57245],[26.06974,44.57023],[26.06977,44.56939],[26.0697,44.56856],[26.0696,44.56671],[26.06951,44.5644],[26.06927,44.55967],[26.06885,44.54964],[26.06856,44.54116],[26.06834,44.53391],[26.06837,44.53352],[26.06848,44.53291],[26.06867,44.53232],[26.06979,44.52935],[26.07107,44.52613],[26.07153,44.52536],[26.07214,44.52463],[26.07832,44.51784],[26.07873,44.51731],[26.07892,44.51711],[26.079,44.51695],[26.07917,44.51631],[26.07963,44.51503],[26.07995,44.51423],[26.08001,44.51387],[26.08006,44.51375],[26.08011,44.5137],[26.08023,44.51348],[26.08035,44.51319],[26.08118,44.511],[26.08157,44.51022],[26.0819,44.50919],[26.08199,44.50897],[26.08198,44.5082],[26.08166,44.50656],[26.08146,44.50575],[26.0814,44.50562],[26.08131,44.50515],[26.08054,44.50259],[26.08027,44.50129],[26.07945,44.49801],[26.07927,44.49756],[26.07904,44.49655],[26.07887,44.49606],[26.07891,44.49477],[26.07904,44.49333],[26.07906,44.49271],[26.07894,44.4902],[26.07875,44.48929],[26.07863,44.48894],[26.07797,44.48745],[26.07739,44.4863],[26.07712,44.48594],[26.07637,44.48466],[26.07588,44.48417],[26.07575,44.48401],[26.07573,44.48389],[26.07578,44.48373],[26.07576,44.48364],[26.07468,44.48181],[26.07427,44.48102],[26.0739,44.48041],[26.07355,44.47989],[26.07278,44.47864],[26.07271,44.47862],[26.07265,44.47864],[26.07256,44.47876],[26.07233,44.47927],[26.07185,44.47914],[26.07207,44.47869]],[[26.07207,44.47869],[26.07225,44.47839],[26.07219,44.47823],[26.0722,44.47804],[26.07224,44.47795],[26.0723,44.47788],[26.0724,44.47782],[26.07252,44.47778],[26.07266,44.47777],[26.07279,44.47779],[26.07292,44.47784],[26.07305,44.47797],[26.07309,44.47806],[26.07309,44.47816],[26.07301,44.47832],[26.073,44.47843],[26.07305,44.47865],[26.07316,44.4789],[26.07593,44.48356],[26.07615,44.48377],[26.07633,44.48387],[26.07651,44.48407],[26.07652,44.48452],[26.07687,44.48516],[26.07777,44.48671],[26.07885,44.48906],[26.07909,44.49016],[26.07922,44.49151],[26.07941,44.49256],[26.07941,44.49366],[26.07934,44.49396],[26.07926,44.49564],[26.07926,44.49582],[26.07931,44.4962],[26.0796,44.49743],[26.07967,44.49809],[26.07996,44.49917],[26.08061,44.50177],[26.08078,44.50211],[26.08094,44.50255],[26.08178,44.50519],[26.0819,44.50543],[26.08198,44.50551],[26.08201,44.50557],[26.08201,44.50563],[26.08197,44.50574],[26.082,44.50602],[26.08215,44.50681],[26.08223,44.50693],[26.08223,44.50708],[26.08241,44.508],[26.08243,44.50852],[26.08235,44.50897],[26.08207,44.50985],[26.08185,44.51043],[26.08175,44.5106],[26.08122,44.51214],[26.08062,44.51367],[26.08062,44.51383],[26.08056,44.51398],[26.08049,44.51407],[26.07982,44.51556],[26.07948,44.51656],[26.07917,44.51706],[26.07851,44.51792],[26.07789,44.51859],[26.07759,44.51898],[26.0774,44.51912],[26.07521,44.52156],[26.0739,44.52294],[26.0735,44.5234],[26.07198,44.52504],[26.07164,44.5255],[26.07135,44.52596],[26.07113,44.52643],[26.0702,44.52888],[26.06999,44.52949],[26.06991,44.5298],[26.06909,44.53171],[26.06875,44.53267],[26.0686,44.5333],[26.06855,44.53391],[26.06906,44.55002],[26.06949,44.55998],[26.06985,44.56749],[26.06999,44.56946],[26.07008,44.56984],[26.07018,44.57146],[26.07018,44.57209],[26.0702,44.57239],[26.07023,44.57247],[26.07037,44.57261],[26.07037,44.57268],[26.07033,44.57275],[26.07027,44.57279],[26.07024,44.57284],[26.07023,44.57291],[26.0703,44.57357],[26.07034,44.5756],[26.07022,44.57614],[26.07023,44.57679],[26.07034,44.5787],[26.07033,44.57902],[26.07057,44.58353],[26.07067,44.58365],[26.07092,44.58381],[26.07092,44.58391],[26.07066,44.5841],[26.07063,44.5843],[26.07066,44.58551],[26.07152,44.59899],[26.07164,44.60007],[26.07168,44.60115],[26.0716,44.60124],[26.07149,44.60128],[26.07134,44.60124],[26.071,44.60121],[26.06854,44.60139],[26.06728,44.60152],[26.06634,44.60167],[26.06623,44.60165],[26.06268,44.59994],[26.05924,44.59823],[26.05869,44.59797],[26.05813,44.59773],[26.05773,44.59758],[26.05663,44.59746],[26.0548,44.59709],[26.05032,44.59615],[26.0484,44.59573],[26.04647,44.59533],[26.04597,44.59524],[26.04547,44.59511],[26.04496,44.59494],[26.04455,44.59479],[26.04333,44.5943],[26.04309,44.59424],[26.04285,44.5942],[26.04247,44.59418],[26.04159,44.59425],[26.03749,44.59415],[26.03649,44.5941],[26.03598,44.594],[26.03192,44.59285],[26.02919,44.5921],[26.02646,44.59133],[26.01596,44.58583],[26.01464,44.58512],[26.01448,44.58506],[26.0141,44.58502],[26.01243,44.58498],[26.01221,44.58495],[26.01167,44.58479],[26.01104,44.58456],[26.00986,44.58416],[26.00954,44.58411],[26.00668,44.58396],[26.00602,44.5839],[26.00551,44.58388],[26.00518,44.58381],[26.00304,44.58267],[25.99966,44.58075],[25.99949,44.58063],[25.99887,44.58012],[25.99883,44.58005],[25.99885,44.57996],[25.9995,44.57776],[25.99949,44.57771],[25.99945,44.57766],[25.99907,44.57751],[25.99886,44.5774],[25.99878,44.57739]]]},"properties":{"route_id":"1008-874","line":"441b","name":"441b","ref":"441b","long_name":"Tamasi - Piata Presei","type":"bus","color":"#662483"}},{"type":"Feature","geometry":{"type":"MultiLineString","coordinates":[[[26.00108,44.38847],[26.00212,44.38879],[26.00483,44.38956],[26.00584,44.38982],[26.00849,44.39055],[26.00859,44.39055],[26.00871,44.39046],[26.01036,44.38827],[26.01037,44.38821],[26.01034,44.38813],[26.01039,44.38805],[26.01052,44.38802],[26.01064,44.38806],[26.01068,44.38814],[26.01082,44.38819],[26.0186,44.39031],[26.02597,44.39239],[26.03996,44.39628],[26.04478,44.39819],[26.04504,44.39829],[26.04519,44.39832],[26.04523,44.39841],[26.04522,44.39851],[26.04512,44.39858],[26.04502,44.3986],[26.04489,44.39856],[26.04479,44.39847],[26.04478,44.39841],[26.04469,44.39832],[26.04415,44.3981],[26.04407,44.39812],[26.044,44.39816],[26.04392,44.39825],[26.04387,44.39833],[26.04387,44.3984],[26.04392,44.39844],[26.0445,44.39862]],[[26.0445,44.39861],[26.04458,44.39865],[26.0447,44.39864],[26.04476,44.39858],[26.04479,44.39847],[26.04478,44.39841],[26.04469,44.39832],[26.04438,44.39817],[26.04284,44.39749],[26.03994,44.39637],[26.03906,44.3961],[26.03736,44.39565],[26.02506,44.39223],[26.02026,44.39088],[26.01948,44.39068],[26.01298,44.38886],[26.01138,44.38843],[26.01074,44.38824],[26.0106,44.38823],[26.01048,44.38825],[26.01028,44.38843],[26.00867,44.39056],[26.00858,44.39058],[26.00844,44.39057],[26.00548,44.38976],[26.00539,44.38983],[26.0053,44.38983],[26.00528,44.38971],[26.00444,44.38948],[26.00376,44.38927],[26.00307,44.38909],[26.00086,44.38845],[26.00079,44.38844],[26.0007,44.38856],[26.00064,44.38859],[26.00044,44.38853],[26.00042,44.38849],[26.00056,44.38833],[26.00108,44.38847]]]},"properties":{"route_id":"1008-884","line":"484b","name":"484b","ref":"484b","long_name":"Bragadiru Diamantului - Depoul Alexandria","type":"bus","color":"#662483"}},{"type":"Feature","geometry":{"type":"MultiLineString","coordinates":[[[26.0773,44.56921],[26.07723,44.56973],[26.07736,44.56989],[26.07736,44.5702],[26.07723,44.57047],[26.07699,44.57057],[26.07694,44.57154],[26.07675,44.57201],[26.07647,44.57224],[26.07617,44.57236],[26.07585,44.57235],[26.07553,44.57241],[26.07534,44.57252],[26.07523,44.57274],[26.07507,44.57299],[26.07505,44.57308],[26.07512,44.5732],[26.07521,44.57329],[26.07521,44.57342],[26.07519,44.57353],[26.07513,44.57363],[26.07503,44.57371],[26.0749,44.57376],[26.07473,44.57378],[26.07453,44.57377],[26.07425,44.57369],[26.07278,44.57339],[26.07049,44.5727],[26.0704,44.57272],[26.07028,44.57279],[26.07017,44.57281],[26.07008,44.57281],[26.06994,44.57275],[26.06989,44.57266],[26.06987,44.57252],[26.06976,44.57027],[26.06977,44.56946],[26.0697,44.56808],[26.0696,44.56683],[26.06938,44.56096],[26.06885,44.54964],[26.06875,44.54681],[26.06873,44.54567],[26.06838,44.53397],[26.06841,44.53343],[26.06849,44.53299],[26.0686,44.53256],[26.06891,44.53174],[26.06947,44.53042],[26.07089,44.52664],[26.07107,44.52624],[26.07131,44.5258],[26.0717,44.52521],[26.07195,44.5249],[26.074,44.52266],[26.07675,44.5196],[26.0783,44.51793],[26.07886,44.51722],[26.07903,44.51693],[26.07928,44.51639],[26.08048,44.51326],[26.08133,44.51113],[26.08157,44.51037],[26.08201,44.50913],[26.08206,44.50882],[26.082,44.50848],[26.08196,44.508],[26.08157,44.50611],[26.08138,44.50561],[26.08136,44.50531],[26.08122,44.50473],[26.08085,44.50358],[26.08045,44.50216],[26.08045,44.50179],[26.07952,44.49811],[26.0793,44.49759],[26.07897,44.49622],[26.07887,44.496],[26.07892,44.49598],[26.07891,44.49565],[26.07895,44.49462],[26.079,44.49424],[26.07905,44.49304],[26.07901,44.49193],[26.07907,44.49155],[26.07895,44.48998],[26.0788,44.4893],[26.07875,44.48915],[26.07841,44.48837],[26.07786,44.48718],[26.07731,44.48616],[26.07644,44.48469],[26.07636,44.48457],[26.07617,44.48435],[26.07611,44.48431],[26.07587,44.48389],[26.07579,44.4836],[26.0729,44.47878],[26.07279,44.47862],[26.07274,44.47858],[26.07253,44.47843],[26.07237,44.47838],[26.07226,44.47829],[26.0722,44.47814],[26.0722,44.47804],[26.07224,44.47795],[26.0723,44.47788],[26.07239,44.47782],[26.07252,44.47778],[26.07283,44.47742],[26.07303,44.47698],[26.07468,44.47376],[26.07551,44.47217],[26.07562,44.47204],[26.07642,44.47051],[26.07774,44.46784],[26.07779,44.46768],[26.07781,44.46751],[26.07779,44.46738],[26.07769,44.46725],[26.0777,44.46712],[26.07783,44.46699],[26.07801,44.46694],[26.07819,44.46681],[26.0783,44.46671],[26.07841,44.46653],[26.08285,44.45763],[26.08328,44.45682],[26.08346,44.45641],[26.08464,44.45439],[26.08514,44.4535],[26.08567,44.45237],[26.08589,44.45215],[26.08616,44.45193],[26.08634,44.45188],[26.08652,44.45187],[26.0867,44.45184],[26.08743,44.45151],[26.08842,44.45103],[26.0935,44.44847],[26.09618,44.44714],[26.09663,44.44689],[26.09703,44.44609],[26.0978,44.44472],[26.09932,44.4415],[26.10066,44.43887],[26.10217,44.43567],[26.10224,44.43557],[26.10223,44.43551],[26.10228,44.4354],[26.10235,44.43533],[26.10275,44.43462],[26.10286,44.43431],[26.1031,44.4338],[26.10322,44.43317],[26.10347,44.43214],[26.10356,44.43158],[26.10365,44.42941],[26.10362,44.42913],[26.10354,44.42896],[26.10331,44.42879],[26.10273,44.4287],[26.10186,44.42827],[26.10102,44.42779],[26.10094,44.42739],[26.10095,44.42611],[26.10126,44.426],[26.10178,44.4259],[26.10282,44.42583]],[[26.10282,44.42583],[26.1039,44.42583],[26.10399,44.42594],[26.10403,44.42605],[26.104,44.42781],[26.10394,44.42872],[26.10394,44.42941],[26.10383,44.43164],[26.10379,44.43197],[26.10342,44.43359],[26.10326,44.43393],[26.10314,44.43437],[26.10296,44.43479],[26.1028,44.43542],[26.1028,44.43553],[26.10275,44.43563],[26.1025,44.43587],[26.10137,44.43783],[26.09986,44.4408],[26.09765,44.44535],[26.09682,44.44698],[26.09471,44.44807],[26.09364,44.4486],[26.09224,44.44934],[26.0902,44.45034],[26.08842,44.45118],[26.08776,44.45159],[26.08637,44.45229],[26.08615,44.45349],[26.08614,44.45386],[26.08616,44.45702],[26.0862,44.45952],[26.08627,44.45977],[26.08625,44.45985],[26.0862,44.45991],[26.08635,44.46306],[26.08651,44.46546],[26.08656,44.46562],[26.08668,44.46578],[26.08685,44.46589],[26.08696,44.46605],[26.08698,44.4662],[26.0869,44.46635],[26.08677,44.46645],[26.08662,44.46651],[26.08643,44.46654],[26.08623,44.46651],[26.08604,44.46641],[26.08566,44.46631],[26.08226,44.46672],[26.07898,44.46714],[26.07882,44.46718],[26.0785,44.46736],[26.07835,44.46746],[26.07809,44.46767],[26.078,44.46777],[26.07581,44.4722],[26.07305,44.47767],[26.07305,44.47772],[26.07321,44.47791],[26.07324,44.47798],[26.07331,44.47802],[26.07329,44.47817],[26.07323,44.47831],[26.07306,44.47852],[26.07303,44.47859],[26.07316,44.4789],[26.07593,44.48356],[26.07615,44.48377],[26.07632,44.48406],[26.0764,44.48421],[26.07649,44.48453],[26.07656,44.48466],[26.07746,44.48618],[26.07791,44.487],[26.07853,44.48834],[26.07891,44.48922],[26.07906,44.4899],[26.07918,44.49132],[26.07931,44.49192],[26.07937,44.49318],[26.07926,44.49564],[26.07926,44.49582],[26.07931,44.4962],[26.0796,44.49743],[26.07967,44.49809],[26.08061,44.50177],[26.08071,44.50215],[26.08174,44.50548],[26.08198,44.50659],[26.08224,44.50793],[26.08228,44.50824],[26.08227,44.50881],[26.08222,44.50915],[26.08177,44.51042],[26.0812,44.51183],[26.07935,44.51655],[26.07908,44.51709],[26.07884,44.51745],[26.07853,44.51785],[26.07692,44.5196],[26.07471,44.52205],[26.07195,44.52507],[26.07145,44.5258],[26.0712,44.52626],[26.07102,44.52665],[26.06984,44.52977],[26.06898,44.53191],[26.06874,44.53258],[26.06862,44.533],[26.06854,44.53343],[26.06851,44.53396],[26.06852,44.53453],[26.06862,44.53781],[26.06871,44.54],[26.06871,44.54095],[26.06879,44.54374],[26.06895,44.54834],[26.06907,44.54991],[26.06906,44.55002],[26.06958,44.56138],[26.06975,44.56554],[26.06987,44.56733],[26.06996,44.56779],[26.07018,44.56804],[26.07043,44.56826],[26.07085,44.56849],[26.07117,44.56862],[26.07161,44.56868],[26.07457,44.56891],[26.07479,44.56889],[26.07504,44.56879],[26.07528,44.56872],[26.07557,44.5688],[26.07591,44.56875],[26.07617,44.56855],[26.07649,44.5684],[26.07685,44.56845],[26.07717,44.56858],[26.07737,44.56877],[26.07725,44.56971],[26.07735,44.56985],[26.07737,44.57018],[26.07723,44.57049],[26.07701,44.57058],[26.07701,44.57109],[26.07693,44.57158],[26.07676,44.572],[26.07646,44.57226],[26.07613,44.57236],[26.0759,44.57236],[26.07567,44.57238],[26.07536,44.5725],[26.07518,44.5728],[26.07507,44.57305],[26.07506,44.57314],[26.07518,44.57328],[26.07522,44.57344],[26.07516,44.57359],[26.07502,44.57372],[26.07474,44.57378],[26.0745,44.57374],[26.07431,44.57357],[26.07428,44.57339],[26.07432,44.57324],[26.07449,44.57299],[26.07502,44.56981],[26.07502,44.5695],[26.07499,44.56942],[26.07482,44.56922],[26.07451,44.56915],[26.07368,44.56907],[26.07358,44.56898],[26.0737,44.56883],[26.07466,44.56886],[26.07489,44.56884],[26.07502,44.56877],[26.07518,44.56874],[26.07534,44.56874],[26.07563,44.5688],[26.07579,44.56878],[26.07594,44.56874],[26.07607,44.56861],[26.07644,44.56845],[26.07661,44.56841],[26.07686,44.56845],[26.0773,44.56866],[26.07732,44.56893],[26.07728,44.56915],[26.07729,44.56921]]]},"properties":{"route_id":"1008-887","line":"100","name":"100","ref":"100","long_name":"Piata Unirii 2 - Aeroport Henri Coanda Sosiri","type":"bus","color":"#1D71B8"}},{"type":"Feature","geometry":{"type":"MultiLineString","coordinates":[[[25.98252,44.4464],[25.98302,44.44508],[25.98336,44.44392],[25.98353,44.44341],[25.98404,44.44208],[25.98417,44.44169],[25.98423,44.44166],[25.98686,44.44177],[25.98718,44.44176],[25.98722,44.44172],[25.98721,44.44157],[25.98733,44.43741],[25.98735,44.4353],[25.9873,44.43512],[25.98721,44.43491],[25.98718,44.43477],[25.98718,44.43465],[25.98723,44.43455],[25.98741,44.4345],[25.99699,44.43371],[25.99828,44.43369],[26.00164,44.43376],[26.00382,44.43378],[26.00516,44.43378],[26.00552,44.43376],[26.00565,44.43371],[26.00575,44.43364],[26.0058,44.43356],[26.00583,44.43343],[26.00581,44.43323],[26.00578,44.43316],[26.00486,44.43211],[26.00472,44.43201],[26.00446,44.43191],[26.0043,44.43188],[26.00349,44.43183],[26.00303,44.43182],[26.0029,44.43199],[26.00289,44.43213],[26.00303,44.43216],[26.00311,44.43231],[26.00312,44.43309],[26.003,44.43316],[26.00277,44.43317],[26.00267,44.43313],[26.00266,44.43224],[26.00282,44.43213],[26.00287,44.4318],[26.0029,44.43171],[26.00433,44.43174],[26.00452,44.43164],[26.00464,44.43164],[26.00472,44.43169],[26.00478,44.43175],[26.00479,44.43183],[26.00493,44.432],[26.0052,44.43223]],[[26.0052,44.43223],[26.00615,44.43333],[26.00643,44.43371],[26.00647,44.43381],[26.00645,44.43391],[26.00479,44.43396],[26.00089,44.43388],[25.99698,44.43386],[25.99215,44.43426],[25.99194,44.4343],[25.99039,44.43441],[25.98802,44.43461],[25.98756,44.43467],[25.98748,44.43469],[25.98743,44.43472],[25.98738,44.43477],[25.98737,44.43485],[25.98743,44.43533],[25.98729,44.43995],[25.98729,44.44144],[25.98749,44.44379],[25.98741,44.44495],[25.9872,44.44667],[25.98708,44.44792],[25.98706,44.44818],[25.98708,44.44841],[25.98707,44.44891],[25.98704,44.44904],[25.98699,44.44912],[25.98603,44.44928],[25.985,44.44948],[25.98453,44.44955],[25.98129,44.45014],[25.98119,44.45013],[25.98118,44.45003],[25.98181,44.44818],[25.98209,44.44758],[25.98252,44.4464]]]},"properties":{"route_id":"1008-888","line":"478","name":"478","ref":"478","long_name":"Bd. Preciziei - Chiajna-Militari","type":"bus","color":"#662483"}},{"type":"Feature","geometry":{"type":"MultiLineString","coordinates":[[[26.10736,44.42948],[26.1076,44.42926],[26.10795,44.42921],[26.10808,44.42905],[26.10838,44.42874],[26.1086,44.42855],[26.10909,44.42831],[26.10934,44.42825],[26.10985,44.4282],[26.11184,44.42814],[26.11204,44.42816],[26.11198,44.42838],[26.11155,44.42948],[26.11139,44.42981],[26.11136,44.43],[26.11142,44.43048],[26.11157,44.43119],[26.11162,44.43202],[26.11167,44.43232],[26.11171,44.43238],[26.11244,44.43277],[26.11255,44.43281],[26.11329,44.43287],[26.11478,44.43307],[26.11636,44.43326],[26.1201,44.43311],[26.12023,44.43308],[26.127,44.43216],[26.13246,44.43134],[26.13408,44.43139],[26.13807,44.43186],[26.13818,44.43185],[26.13831,44.43178],[26.13844,44.43174],[26.13898,44.43177],[26.13928,44.43186],[26.14012,44.43219],[26.14046,44.43225],[26.14091,44.4323],[26.14876,44.43289],[26.14942,44.43301],[26.15197,44.43321],[26.15347,44.43329],[26.15419,44.43337],[26.15608,44.43383],[26.15972,44.43477],[26.16459,44.43605],[26.16583,44.43633],[26.16711,44.43657],[26.16916,44.43699],[26.16951,44.43699],[26.16985,44.43694],[26.17333,44.43616],[26.17386,44.43603],[26.17429,44.43595],[26.17765,44.4352],[26.17833,44.43506],[26.1799,44.43485],[26.1827,44.43441],[26.18464,44.43402],[26.18557,44.4338],[26.18574,44.43362],[26.1859,44.43337],[26.1861,44.43323],[26.18626,44.43322],[26.1864,44.43324],[26.18648,44.43329],[26.18657,44.43339],[26.1866,44.43348],[26.18656,44.43362],[26.18638,44.43372],[26.18614,44.43382],[26.18527,44.43406]],[[26.18526,44.43406],[26.18319,44.43448],[26.17846,44.4352],[26.1781,44.43528],[26.17776,44.43533],[26.17227,44.43653],[26.16979,44.43709],[26.16948,44.43714],[26.16911,44.43714],[26.16849,44.43705],[26.16766,44.43688],[26.16707,44.43673],[26.16471,44.43622],[26.16219,44.43555],[26.15463,44.43359],[26.1543,44.43353],[26.15266,44.43341],[26.13997,44.43235],[26.13902,44.43224],[26.13811,44.43203],[26.13596,44.43174],[26.13433,44.43154],[26.13385,44.43151],[26.1326,44.43149],[26.13086,44.4317],[26.12586,44.43246],[26.12404,44.43269],[26.12352,44.4327],[26.12051,44.43313],[26.11983,44.43318],[26.11907,44.4332],[26.11638,44.43332],[26.11532,44.43322],[26.11377,44.43304],[26.11221,44.43282],[26.1105,44.43189],[26.10932,44.43127],[26.10691,44.43013],[26.10696,44.42996],[26.10716,44.4297],[26.10736,44.42948]]]},"properties":{"route_id":"1008-889","line":"640","name":"640","ref":"640","long_name":"M Republica - Piata Sf. Vineri","type":"bus","color":"#1D71B8"}},{"type":"Feature","geometry":{"type":"MultiLineString","coordinates":[[[25.97254,44.44149],[25.97237,44.44148],[25.97188,44.44135],[25.97191,44.44109],[25.97731,44.44132],[25.98099,44.44151],[25.98357,44.44162],[25.98423,44.44166],[25.98729,44.44177],[25.98732,44.4422],[25.98739,44.44263],[25.98749,44.44379],[25.98741,44.44495],[25.9872,44.44667],[25.98706,44.44818],[25.98711,44.44877],[25.98716,44.44888],[25.98729,44.44896],[25.98747,44.44897],[25.99145,44.44823],[25.99202,44.44811],[25.99225,44.44809],[25.99504,44.4475],[25.9954,44.44748],[25.99586,44.44741],[25.99844,44.44688],[25.99989,44.44655],[26.00002,44.44656],[25.99996,44.44717],[25.9999,44.44739],[25.99987,44.44761],[25.99983,44.44811],[25.99983,44.44849],[25.99989,44.44862],[26.00003,44.4488],[26.00115,44.44976],[26.00289,44.45132],[26.0038,44.45112],[26.00416,44.45107],[26.00457,44.45104],[26.00576,44.45099],[26.00612,44.45095],[26.0066,44.45093],[26.00679,44.45089],[26.00859,44.45029],[26.01366,44.44865],[26.01396,44.44854],[26.01418,44.44842],[26.01453,44.44816],[26.01708,44.44588],[26.01918,44.44405],[26.01981,44.44353],[26.02009,44.44327],[26.02052,44.44293],[26.02075,44.4427],[26.02107,44.44249],[26.02269,44.44177],[26.02893,44.43893],[26.02978,44.43856],[26.03441,44.43642],[26.03474,44.43624],[26.0349,44.43614],[26.03492,44.43606],[26.0347,44.43471],[26.03467,44.43461],[26.03456,44.43447],[26.03449,44.43442],[26.03436,44.4344],[26.03367,44.43439]],[[26.03367,44.43438],[26.02888,44.43429],[26.02861,44.4343],[26.02531,44.43426],[26.02406,44.43422],[26.02342,44.43423],[26.02093,44.43419],[26.02074,44.43425],[26.02068,44.4343],[26.02065,44.43435],[26.02065,44.43472],[26.02075,44.435],[26.02169,44.43606],[26.0225,44.43702],[26.02334,44.43794],[26.02551,44.44041],[26.02554,44.4405],[26.02551,44.44057],[26.02485,44.4409],[26.02458,44.44099],[26.02435,44.44112],[26.02112,44.44257],[26.02095,44.44269],[26.01792,44.44524],[26.01677,44.44626],[26.01635,44.44659],[26.0151,44.44772],[26.01429,44.44842],[26.01371,44.44897],[26.01352,44.44918],[26.01312,44.44948],[26.0128,44.44982],[26.01243,44.45031],[26.01216,44.45081],[26.01128,44.45203],[26.01092,44.45263],[26.01084,44.45273],[26.01075,44.45277],[26.01066,44.45275],[26.00939,44.45205],[26.00854,44.45168],[26.00646,44.45101],[26.00486,44.45107],[26.00409,44.45112],[26.00344,44.45125],[25.99634,44.45285],[25.99554,44.45302],[25.9954,44.45301],[25.99535,44.45298],[25.99415,44.45181],[25.99252,44.4503],[25.99119,44.44921],[25.99032,44.44853],[25.99026,44.44853],[25.98966,44.44865],[25.98453,44.44955],[25.97214,44.45167],[25.97064,44.45195],[25.97076,44.45056],[25.97146,44.44429],[25.97159,44.44318],[25.97188,44.4412],[25.97473,44.44133],[25.97481,44.44138],[25.97482,44.44145],[25.97474,44.44152],[25.97463,44.44152],[25.97453,44.44142],[25.97419,44.44151],[25.97405,44.44152],[25.97255,44.44149]]]},"properties":{"route_id":"1008-901","line":"483","name":"483","ref":"483","long_name":"Chiajna-Stelelor - M Lujerului","type":"bus","color":"#662483"}},{"type":"Feature","geometry":{"type":"MultiLineString","coordinates":[[[25.97628,44.68766],[25.97647,44.68765],[25.9765,44.68761],[25.97664,44.68696],[25.9769,44.68624],[25.97715,44.68567],[25.97761,44.68475],[25.97926,44.68234],[25.98061,44.68042],[25.98232,44.67865],[25.98266,44.67834],[25.98332,44.67677],[25.98342,44.67646],[25.98342,44.6757],[25.98348,44.67549],[25.98372,44.67523],[25.98401,44.67501],[25.98447,44.67497],[25.98577,44.67549],[25.98616,44.67568],[25.98632,44.67573],[25.98678,44.67582],[25.98706,44.67584],[25.98733,44.67583],[25.98761,44.67579],[25.98783,44.67573],[25.98804,44.67566],[25.98824,44.67556],[25.9889,44.67515],[25.98988,44.67451],[25.99018,44.67436],[25.99041,44.67428],[25.99067,44.67426],[25.99095,44.67428],[25.99453,44.67508],[25.99464,44.67509],[25.99476,44.67508],[25.99509,44.67502],[25.99542,44.67498],[25.99563,44.67501],[25.99574,44.67506],[25.99585,44.67514],[25.99707,44.67694],[25.99728,44.67723],[25.99749,44.67748],[25.99774,44.67785],[25.99784,44.67793],[25.99802,44.67797],[26.00504,44.67852],[26.01426,44.67915],[26.01475,44.6791],[26.01611,44.67882],[26.01681,44.67866],[26.0175,44.67855],[26.01962,44.67847],[26.02756,44.67803],[26.02888,44.67792],[26.02902,44.67794],[26.02913,44.67801],[26.02918,44.67815],[26.02924,44.67979],[26.0293,44.68033],[26.02936,44.68046],[26.02948,44.68059],[26.02971,44.68074],[26.02985,44.68091],[26.02993,44.68108],[26.02988,44.68226],[26.02996,44.68239],[26.03013,44.68247],[26.03044,44.68256],[26.03567,44.68369],[26.03619,44.68376],[26.03691,44.68377],[26.03801,44.68364],[26.04142,44.68315],[26.06667,44.67964],[26.07102,44.67903],[26.07341,44.67868],[26.07506,44.67846],[26.07513,44.67841],[26.07518,44.67834],[26.07505,44.67798],[26.07446,44.67548],[26.07442,44.6747],[26.07444,44.67294],[26.0745,44.6716],[26.07461,44.67114],[26.07475,44.67078],[26.07494,44.67042],[26.07599,44.66906],[26.07625,44.66869],[26.07644,44.66831],[26.07657,44.66789],[26.07662,44.66734],[26.0766,44.66695],[26.07655,44.66656],[26.07621,44.66408],[26.07602,44.66285],[26.07518,44.65665],[26.07408,44.64876],[26.07399,44.64843],[26.07388,44.64814],[26.07371,44.64778],[26.07333,44.64728],[26.07298,44.64697],[26.07249,44.64658],[26.07045,44.64517],[26.0698,44.64468],[26.06938,44.64431],[26.06915,44.64406],[26.06881,44.64358],[26.06859,44.64307],[26.06851,44.64282],[26.06844,44.64241],[26.06843,44.64205],[26.06848,44.6408],[26.06858,44.63881],[26.06883,44.6327],[26.06958,44.61778],[26.06954,44.61725],[26.06945,44.61667],[26.06941,44.61618],[26.06949,44.61559],[26.06966,44.6152],[26.06985,44.61488],[26.07004,44.61461],[26.0716,44.6128],[26.07195,44.6123],[26.07216,44.61186],[26.07232,44.61136],[26.07236,44.61086],[26.07228,44.60982],[26.07206,44.60779],[26.07208,44.60748],[26.07195,44.6057],[26.07166,44.60242],[26.0714,44.60036],[26.07099,44.59281],[26.07043,44.58443],[26.07008,44.57668],[26.06997,44.57562],[26.06991,44.57327],[26.06991,44.57299],[26.06993,44.57284],[26.06985,44.57245],[26.06974,44.57023],[26.06977,44.56939],[26.0697,44.56856],[26.0696,44.56671],[26.06951,44.5644],[26.06927,44.55967],[26.06885,44.54964],[26.06856,44.54116],[26.06834,44.53391],[26.06837,44.53352],[26.06848,44.53291],[26.06867,44.53232],[26.06979,44.52935],[26.07107,44.52613],[26.07153,44.52536],[26.07214,44.52463],[26.07832,44.51784],[26.07873,44.51731],[26.07892,44.51711],[26.079,44.51695],[26.07917,44.51631],[26.07963,44.51503],[26.07995,44.51423],[26.08001,44.51387],[26.08006,44.51375],[26.08011,44.5137],[26.08023,44.51348],[26.08035,44.51319],[26.08118,44.511],[26.08157,44.51022],[26.0819,44.50919],[26.08199,44.50897],[26.08198,44.5082],[26.08166,44.50656],[26.08146,44.50575],[26.0814,44.50562],[26.08131,44.50515],[26.08054,44.50259],[26.08027,44.50129],[26.07945,44.49801],[26.07927,44.49756],[26.07904,44.49655],[26.07887,44.49606],[26.07891,44.49477],[26.07904,44.49333],[26.07906,44.49271],[26.07894,44.4902],[26.07875,44.48929],[26.07863,44.48894],[26.07797,44.48745],[26.07739,44.4863],[26.07712,44.48594],[26.07637,44.48466],[26.07588,44.48417],[26.07575,44.48401],[26.07573,44.48389],[26.07578,44.48373],[26.07576,44.48364],[26.07468,44.48181],[26.07427,44.48102],[26.0739,44.48041],[26.07355,44.47989],[26.07278,44.47864],[26.07271,44.47862],[26.07265,44.47864],[26.07256,44.47876],[26.07233,44.47927],[26.07185,44.47914],[26.07207,44.47869]],[[26.07207,44.47869],[26.07225,44.47839],[26.07219,44.47823],[26.0722,44.47804],[26.07224,44.47795],[26.0723,44.47788],[26.0724,44.47782],[26.07252,44.47778],[26.07266,44.47777],[26.07279,44.47779],[26.07292,44.47784],[26.07305,44.47797],[26.07309,44.47806],[26.07309,44.47816],[26.07301,44.47832],[26.073,44.47843],[26.07305,44.47865],[26.07316,44.4789],[26.07593,44.48356],[26.07615,44.48377],[26.07633,44.48387],[26.07651,44.48407],[26.07652,44.48452],[26.07687,44.48516],[26.07777,44.48671],[26.07885,44.48906],[26.07909,44.49016],[26.07922,44.49151],[26.07941,44.49256],[26.07941,44.49366],[26.07934,44.49396],[26.07926,44.49564],[26.07926,44.49582],[26.07931,44.4962],[26.0796,44.49743],[26.07967,44.49809],[26.07996,44.49917],[26.08061,44.50177],[26.08078,44.50211],[26.08094,44.50255],[26.08178,44.50519],[26.0819,44.50543],[26.08198,44.50551],[26.08201,44.50557],[26.08201,44.50563],[26.08197,44.50574],[26.082,44.50602],[26.08215,44.50681],[26.08223,44.50693],[26.08223,44.50708],[26.08241,44.508],[26.08243,44.50825],[26.08243,44.50852],[26.08235,44.50897],[26.08207,44.50985],[26.08185,44.51043],[26.08175,44.5106],[26.08122,44.51214],[26.08062,44.51367],[26.08062,44.51383],[26.08056,44.51398],[26.08049,44.51407],[26.07982,44.51556],[26.07948,44.51656],[26.07917,44.51706],[26.07851,44.51792],[26.07789,44.51859],[26.07759,44.51898],[26.0774,44.51912],[26.07521,44.52156],[26.0739,44.52294],[26.0735,44.5234],[26.07198,44.52504],[26.07164,44.5255],[26.07135,44.52596],[26.07113,44.52643],[26.0702,44.52888],[26.06999,44.52949],[26.06991,44.5298],[26.06909,44.53171],[26.06875,44.53267],[26.0686,44.5333],[26.06855,44.53391],[26.06906,44.55002],[26.06949,44.55998],[26.06985,44.56749],[26.06999,44.56946],[26.07008,44.56984],[26.07018,44.57146],[26.07018,44.57209],[26.0702,44.57239],[26.07023,44.57247],[26.07037,44.57261],[26.07037,44.57268],[26.07033,44.57275],[26.07027,44.57279],[26.07024,44.57284],[26.07023,44.57291],[26.0703,44.57357],[26.07034,44.5756],[26.07022,44.57614],[26.07023,44.57679],[26.07034,44.5787],[26.07033,44.57902],[26.07077,44.58708],[26.07115,44.59351],[26.0717,44.60147],[26.07182,44.60201],[26.07182,44.60283],[26.07194,44.60484],[26.07244,44.60976],[26.07248,44.61103],[26.07237,44.61166],[26.07214,44.6122],[26.07132,44.61327],[26.0704,44.61432],[26.06988,44.61504],[26.06961,44.61578],[26.06958,44.61626],[26.06967,44.61726],[26.06964,44.62023],[26.06958,44.62077],[26.06933,44.6263],[26.06875,44.63819],[26.06861,44.6421],[26.06862,44.6425],[26.06869,44.64287],[26.06884,44.64332],[26.06905,44.64366],[26.06934,44.64406],[26.06967,44.64438],[26.07012,44.64475],[26.07253,44.64646],[26.07306,44.64687],[26.0735,44.64729],[26.07388,44.64781],[26.07402,44.64807],[26.07412,44.64833],[26.07429,44.64921],[26.07488,44.65332],[26.075,44.6544],[26.07669,44.66647],[26.07681,44.66735],[26.07683,44.66769],[26.07688,44.66791],[26.07684,44.66798],[26.07677,44.66802],[26.0767,44.66812],[26.07657,44.66839],[26.07629,44.66885],[26.07532,44.67009],[26.07501,44.67057],[26.07476,44.67105],[26.0746,44.67157],[26.07457,44.67209],[26.07454,44.67433],[26.07455,44.6748],[26.07459,44.67522],[26.07464,44.6756],[26.07495,44.67687],[26.07535,44.67835],[26.07529,44.67846],[26.07513,44.67851],[26.07464,44.67856],[26.05839,44.68085],[26.04134,44.68322],[26.03786,44.68369],[26.03694,44.68381],[26.03616,44.6838],[26.03537,44.68367],[26.03021,44.68256],[26.03002,44.6825],[26.02993,44.68244],[26.02982,44.68229],[26.02982,44.68199],[26.02989,44.68143],[26.02984,44.68097],[26.02938,44.68056],[26.02929,44.68043],[26.02923,44.68026],[26.02919,44.67988],[26.02911,44.67811],[26.02906,44.67803],[26.02895,44.67797],[26.02738,44.67807],[26.01946,44.67851],[26.01747,44.67858],[26.01705,44.67866],[26.01543,44.67902],[26.01465,44.67917],[26.01425,44.6792],[26.00059,44.67826],[25.99799,44.67805],[25.9977,44.67795],[25.99702,44.67698],[25.99604,44.67546],[25.99581,44.67515],[25.99573,44.67509],[25.99563,44.67504],[25.99541,44.67501],[25.99466,44.67513],[25.99452,44.67512],[25.99421,44.67506],[25.99098,44.67432],[25.99075,44.67429],[25.99051,44.6743],[25.99035,44.67433],[25.99016,44.67439],[25.98829,44.67556],[25.98802,44.6757],[25.98776,44.67578],[25.98745,44.67585],[25.98688,44.67587],[25.98667,44.67585],[25.98645,44.67581],[25.98627,44.67576],[25.98494,44.67523],[25.98444,44.67499],[25.98425,44.67502],[25.98407,44.67507],[25.98389,44.67517],[25.98364,44.67539],[25.98355,44.67554],[25.98352,44.67578],[25.98355,44.67635],[25.9835,44.6766],[25.98298,44.67801],[25.98275,44.67838],[25.98255,44.67861],[25.98189,44.67923],[25.98085,44.6803],[25.97895,44.68291],[25.97824,44.68398],[25.97769,44.68475],[25.97726,44.68554],[25.97702,44.68604],[25.97688,44.68638],[25.97671,44.68687],[25.97662,44.68717],[25.9765,44.68786],[25.97612,44.68784],[25.97614,44.68767],[25.97628,44.68766]]]},"properties":{"route_id":"1008-902","line":"443b","name":"443b","ref":"443b","long_name":"Peris Sat - Piata Presei","type":"bus","color":"#662483"}},{"type":"Feature","geometry":{"type":"MultiLineString","coordinates":[[[25.99828,44.43369],[26.00472,44.43377],[26.00589,44.43375],[26.00647,44.43372],[26.00706,44.43372],[26.0083,44.43376],[26.01176,44.43383],[26.01246,44.43383],[26.01559,44.43388],[26.01666,44.43388],[26.02354,44.43404],[26.02532,44.43404],[26.02733,44.43409],[26.0295,44.43411],[26.03357,44.43419],[26.03432,44.43414],[26.03617,44.43415],[26.0369,44.43418],[26.04293,44.43425],[26.04599,44.43431],[26.04983,44.43434],[26.05401,44.4344],[26.05479,44.43443],[26.05881,44.43448],[26.05898,44.43442],[26.05907,44.43432],[26.05913,44.43405],[26.05913,44.43221],[26.05919,44.43186],[26.05948,44.43128],[26.05993,44.43075],[26.06025,44.43041],[26.06049,44.43007],[26.06092,44.42961],[26.06106,44.42952],[26.06137,44.42939],[26.06169,44.42934],[26.06215,44.42957],[26.0624,44.42975],[26.0625,44.4298],[26.06266,44.42981],[26.06284,44.42973],[26.0631,44.42955],[26.06402,44.42899],[26.06463,44.42851],[26.06809,44.42642],[26.06861,44.42614],[26.06874,44.42603],[26.06958,44.42565],[26.07016,44.42537],[26.07074,44.42506],[26.07176,44.42429],[26.07215,44.42402],[26.07279,44.4234],[26.0732,44.42333],[26.07427,44.42372],[26.0759,44.42435],[26.07667,44.42461],[26.07778,44.4249],[26.07863,44.42507],[26.07921,44.42508],[26.08353,44.42485],[26.08581,44.42466],[26.09046,44.42442],[26.09065,44.42446],[26.09074,44.42455],[26.09084,44.42502],[26.09093,44.42617],[26.09117,44.42836],[26.09122,44.43011],[26.09107,44.43017],[26.09072,44.43021],[26.08703,44.43047],[26.08613,44.43057],[26.08509,44.43063],[26.0845,44.43053],[26.08413,44.4304],[26.08404,44.4304],[26.08387,44.43053],[26.08397,44.43091],[26.08405,44.43173],[26.08428,44.43327],[26.08433,44.43336],[26.0844,44.4334],[26.08454,44.43342],[26.08486,44.43336],[26.09069,44.43299]],[[26.09069,44.43299],[26.09132,44.43295],[26.09139,44.43286],[26.09132,44.43234],[26.09123,44.43122],[26.09097,44.42931],[26.09064,44.42486],[26.09058,44.42477],[26.09037,44.42464],[26.0902,44.42462],[26.08991,44.42465],[26.08416,44.42498],[26.08177,44.42509],[26.07953,44.42523],[26.07902,44.42525],[26.07805,44.42543],[26.07779,44.42552],[26.07755,44.42547],[26.07734,44.42536],[26.07672,44.4249],[26.07495,44.42414],[26.07433,44.42394],[26.07386,44.42383],[26.07346,44.42377],[26.07308,44.42384],[26.07274,44.42402],[26.07168,44.42476],[26.07094,44.42521],[26.06969,44.42587],[26.06789,44.42678],[26.06522,44.42835],[26.06398,44.42917],[26.05978,44.43177],[26.0595,44.43196],[26.05944,44.43219],[26.05943,44.43238],[26.05951,44.4342],[26.05954,44.43439],[26.05946,44.43462],[26.05932,44.43468],[26.05685,44.43466],[26.05403,44.43462],[26.05295,44.43458],[26.04835,44.43453],[26.0444,44.43444],[26.04268,44.43443],[26.04176,44.43441],[26.04058,44.43435],[26.03553,44.43432],[26.03491,44.43436],[26.03383,44.43438],[26.02979,44.43429],[26.02861,44.4343],[26.02531,44.43426],[26.02406,44.43422],[26.02342,44.43423],[26.02014,44.43415],[26.01545,44.43408],[26.01298,44.43402],[26.01234,44.43404],[26.01182,44.43403],[26.01144,44.43398],[26.00882,44.43393],[26.00676,44.43391],[26.00479,44.43396],[26.00089,44.43388],[25.99741,44.43386],[25.99712,44.43388],[25.99695,44.43408],[25.9969,44.4341],[25.99615,44.43416],[25.99603,44.43406],[25.99596,44.43395],[25.99595,44.43388],[25.99597,44.4338],[25.99684,44.43373],[25.99828,44.43369]]]},"properties":{"route_id":"1008-910","line":"63","name":"63","ref":"63","long_name":"Master - Pod Izvor","type":"trolleybus","color":"#008D36"}},{"type":"Feature","geometry":{"type":"MultiLineString","coordinates":[[[26.02345,44.48481],[26.0237,44.48471],[26.02412,44.48467],[26.02455,44.48451],[26.038,44.47909],[26.04366,44.47684],[26.04433,44.47668],[26.04462,44.47668],[26.04515,44.47671],[26.04523,44.47673],[26.04534,44.47679],[26.04543,44.47689],[26.04546,44.47697],[26.04542,44.47707],[26.04066,44.48317],[26.0406,44.48328],[26.04062,44.48337],[26.04066,44.48343],[26.04097,44.48356],[26.04115,44.48384],[26.04131,44.48396],[26.0458,44.48672],[26.04728,44.48766],[26.04777,44.48793],[26.04802,44.48797],[26.05148,44.48835],[26.05156,44.48835],[26.05209,44.48823],[26.05223,44.48827],[26.05228,44.48831],[26.05231,44.48837],[26.05231,44.48844],[26.05222,44.48855],[26.05215,44.48858],[26.05208,44.48859],[26.05191,44.48856],[26.05164,44.48842],[26.05157,44.4884],[26.05137,44.48837],[26.0512,44.48838],[26.05093,44.48835]],[[26.05093,44.48835],[26.05052,44.48828],[26.0479,44.48799],[26.04771,44.48794],[26.04757,44.48787],[26.04122,44.48393],[26.04108,44.48383],[26.04101,44.48374],[26.0409,44.48366],[26.04059,44.48351],[26.04053,44.48341],[26.04051,44.48334],[26.04053,44.48328],[26.04283,44.48031],[26.04528,44.4772],[26.04539,44.47702],[26.0454,44.47692],[26.04531,44.47682],[26.04508,44.47672],[26.04458,44.47671],[26.04437,44.47672],[26.04374,44.47684],[26.04318,44.47703],[26.0377,44.47925],[26.03352,44.48092],[26.02957,44.48252],[26.02615,44.48388],[26.02338,44.48501],[26.02324,44.48512],[26.02311,44.48534],[26.02306,44.48538],[26.02291,44.48542],[26.0228,44.48541],[26.0227,44.48536],[26.02265,44.48529],[26.02265,44.4852],[26.0227,44.48512],[26.02278,44.48507],[26.02287,44.48505],[26.02346,44.48481]]]},"properties":{"route_id":"1008-915","line":"53","name":"53","ref":"53","long_name":"Mezes - Cartier Damaroaia","type":"tram","color":"#BE1622"}},{"type":"Feature","geometry":{"type":"MultiLineString","coordinates":[[[26.02419,44.50336],[26.02419,44.50321],[26.0243,44.50308],[26.02443,44.50303],[26.02461,44.5031],[26.02484,44.50313],[26.02499,44.50309],[26.02519,44.50288],[26.0295,44.49733],[26.03067,44.49584],[26.03087,44.49561],[26.03095,44.49539],[26.03152,44.49472],[26.03695,44.48773],[26.03883,44.48534],[26.04007,44.48372],[26.04042,44.48332],[26.04065,44.48297],[26.04287,44.48015],[26.0438,44.48054],[26.04738,44.48197],[26.04776,44.48211],[26.04865,44.48231],[26.04914,44.48238],[26.05013,44.48255],[26.05214,44.48278],[26.05373,44.48294],[26.0539,44.48291],[26.05443,44.48274],[26.05463,44.48271],[26.05521,44.48277],[26.05533,44.48273],[26.05545,44.48229],[26.05552,44.4822],[26.05561,44.48219],[26.05586,44.4822],[26.05614,44.48224],[26.05619,44.48229],[26.05619,44.48235],[26.05608,44.48292],[26.0553,44.48284]],[[26.0553,44.48284],[26.05474,44.48278],[26.0545,44.4828],[26.05396,44.48296],[26.05376,44.48299],[26.05038,44.48263],[26.04868,44.48236],[26.048,44.48222],[26.04743,44.48204],[26.0468,44.48181],[26.04303,44.48028],[26.04107,44.48275],[26.03661,44.48855],[26.03444,44.49128],[26.03433,44.49146],[26.03146,44.49517],[26.02925,44.49798],[26.02705,44.50083],[26.02574,44.50246],[26.02577,44.50254],[26.02607,44.50287],[26.02579,44.50358],[26.02567,44.5037],[26.02551,44.50378],[26.02518,44.50381],[26.02471,44.50383],[26.02451,44.50377],[26.02435,44.50364],[26.02419,44.50336]]]},"properties":{"route_id":"1008-916","line":"95","name":"95","ref":"95","long_name":"M Straulesti - Cartier Pajura","type":"trolleybus","color":"#008D36"}},{"type":"Feature","geometry":{"type":"MultiLineString","coordinates":[[[26.12095,44.40426],[26.12098,44.40373],[26.12093,44.4021],[26.12079,44.39935],[26.12065,44.39591],[26.1206,44.39558],[26.12052,44.39432],[26.12053,44.39426],[26.12051,44.3942],[26.1204,44.39407],[26.12037,44.39399],[26.12037,44.39392],[26.12053,44.39369],[26.12058,44.39342],[26.1206,44.3931],[26.12056,44.39281],[26.12051,44.39265],[26.12039,44.39238],[26.11955,44.39098],[26.11936,44.39072],[26.11914,44.39047],[26.11878,44.39012],[26.11853,44.38989],[26.11794,44.38942],[26.11788,44.38935],[26.11784,44.38927],[26.11781,44.38864],[26.11776,44.38843],[26.11764,44.38821],[26.11749,44.388],[26.11744,44.38786],[26.1167,44.38666],[26.11582,44.38534],[26.11568,44.38503],[26.11532,44.38443],[26.11514,44.38407],[26.11504,44.38381],[26.11495,44.38315],[26.11502,44.38278],[26.11521,44.38224],[26.11539,44.38192],[26.11577,44.38147],[26.11696,44.38023],[26.11837,44.37868],[26.11926,44.37781],[26.11948,44.37749],[26.11967,44.37713],[26.11979,44.37702],[26.11988,44.377],[26.11999,44.37701],[26.12008,44.37705],[26.12009,44.37717],[26.11993,44.37733],[26.11984,44.37745],[26.11987,44.37745]],[[26.11987,44.37745],[26.11966,44.37764],[26.11878,44.37854],[26.11819,44.37921],[26.11787,44.3795],[26.11609,44.3814],[26.11587,44.38169],[26.11574,44.3819],[26.11558,44.38202],[26.11534,44.38238],[26.1152,44.3828],[26.11513,44.38308],[26.1152,44.38365],[26.11542,44.38425],[26.11631,44.38565],[26.11702,44.38685],[26.11778,44.38805],[26.11807,44.38843],[26.1186,44.38921],[26.1186,44.38934],[26.11872,44.3897],[26.11906,44.39021],[26.11926,44.39039],[26.11961,44.39082],[26.1204,44.39188],[26.12056,44.3921],[26.1208,44.39256],[26.12087,44.39263],[26.12093,44.39294],[26.12094,44.39311],[26.12092,44.39369],[26.12094,44.39376],[26.12102,44.39385],[26.12107,44.39396],[26.12104,44.39406],[26.12093,44.39428],[26.12099,44.39496],[26.12093,44.39633],[26.1211,44.39978],[26.12113,44.39998],[26.12119,44.40201],[26.12129,44.40397],[26.12131,44.40475],[26.12141,44.40541],[26.12145,44.40667],[26.12153,44.40695],[26.12162,44.40709],[26.12164,44.40715],[26.12164,44.40727],[26.12161,44.40734],[26.12151,44.40743],[26.12136,44.40749],[26.12113,44.40749],[26.12099,44.40742],[26.1209,44.40734],[26.12084,44.40721],[26.12085,44.40713],[26.121,44.40694],[26.12105,44.40675],[26.12099,44.40569],[26.12099,44.40542],[26.12102,44.40523],[26.12102,44.40505],[26.12097,44.40481],[26.12095,44.40426]]]},"properties":{"route_id":"1008-924","line":"72","name":"72","ref":"72","long_name":"Turnu Magurele - Costache Stamate","type":"trolleybus","color":"#008D36"}},{"type":"Feature","geometry":{"type":"MultiLineString","coordinates":[[[26.13022,44.36098],[26.1303,44.36104],[26.13032,44.36111],[26.13025,44.36117],[26.12952,44.3615],[26.12941,44.36159],[26.12705,44.36447],[26.12683,44.36459],[26.12656,44.36468],[26.12642,44.3648],[26.12629,44.36482],[26.12617,44.36488],[26.12608,44.36497],[26.12571,44.3658],[26.12524,44.36672],[26.12226,44.37295],[26.12049,44.37655],[26.12019,44.37705],[26.11987,44.37745],[26.11966,44.37764],[26.11878,44.37854],[26.11819,44.37921],[26.11787,44.3795],[26.11609,44.3814],[26.11587,44.38169],[26.11574,44.3819],[26.11558,44.38202],[26.11534,44.38238],[26.1152,44.3828],[26.11513,44.38308],[26.1152,44.38365],[26.11542,44.38425],[26.11631,44.38565],[26.11702,44.38685],[26.11778,44.38805],[26.11807,44.38843],[26.1186,44.38921],[26.1186,44.38934],[26.11872,44.3897],[26.11906,44.39021],[26.11926,44.39039],[26.11961,44.39082],[26.1204,44.39188],[26.12056,44.3921],[26.1208,44.39256],[26.12087,44.39263],[26.12093,44.39294],[26.12094,44.39311],[26.12092,44.39369],[26.12094,44.39376],[26.12102,44.39385],[26.12107,44.39396],[26.12104,44.39406],[26.12093,44.39428],[26.12099,44.39496],[26.12093,44.39633],[26.1211,44.39978],[26.12113,44.39998],[26.12119,44.40201],[26.12133,44.4051],[26.12138,44.40543],[26.12142,44.4065],[26.12147,44.40681],[26.12163,44.40717],[26.12162,44.40729],[26.12152,44.4074],[26.12136,44.40746],[26.12118,44.40748],[26.12097,44.40747],[26.12089,44.40751],[26.1207,44.40764],[26.12047,44.40786],[26.12024,44.408],[26.11955,44.40834],[26.11936,44.40845],[26.11918,44.40858],[26.11906,44.40863],[26.11896,44.40862],[26.11839,44.40848],[26.11816,44.40846],[26.11603,44.40851],[26.11554,44.40854],[26.11503,44.4086],[26.11454,44.4087],[26.11412,44.40881],[26.11367,44.40896],[26.11337,44.40908],[26.1127,44.40941],[26.11159,44.41007],[26.11116,44.41028],[26.11006,44.41076],[26.10925,44.41107],[26.107,44.412],[26.10667,44.41214],[26.10642,44.41228],[26.10619,44.41243],[26.10606,44.41254],[26.10579,44.41282],[26.10549,44.41321],[26.10479,44.41423],[26.10463,44.41457],[26.10427,44.4189],[26.10419,44.42062],[26.10424,44.42337],[26.10429,44.42492],[26.10429,44.42555],[26.10417,44.42641],[26.10418,44.42655],[26.10424,44.42661],[26.1044,44.42662],[26.10488,44.42658],[26.11176,44.42635],[26.11202,44.4265],[26.11208,44.42699],[26.11215,44.42779],[26.1115,44.42959],[26.1114,44.43007],[26.11155,44.43107],[26.11157,44.43196],[26.11147,44.43217],[26.11139,44.43226],[26.11129,44.4323],[26.11116,44.43227],[26.10851,44.43087],[26.10638,44.42992]],[[26.10639,44.42993],[26.10413,44.42898],[26.1039,44.4289],[26.10358,44.42885],[26.10336,44.42877],[26.10283,44.42868],[26.10247,44.42854],[26.10195,44.42827],[26.10151,44.42802],[26.10104,44.42779],[26.10095,44.42739],[26.10093,44.42625],[26.10099,44.42613],[26.1011,44.42607],[26.10147,44.42596],[26.10164,44.42589],[26.10178,44.42587],[26.10365,44.4258],[26.10376,44.42578],[26.10386,44.42573],[26.10392,44.42565],[26.10393,44.42541],[26.10391,44.42479],[26.10396,44.42293],[26.10394,44.42137],[26.10391,44.42092],[26.1039,44.4202],[26.10394,44.42015],[26.10405,44.41902],[26.10414,44.41777],[26.1044,44.41486],[26.10451,44.41434],[26.10456,44.41424],[26.10505,44.41366],[26.1055,44.41299],[26.10578,44.41266],[26.10593,44.41251],[26.10627,44.41227],[26.10655,44.4121],[26.11103,44.41025],[26.11132,44.41011],[26.1126,44.40932],[26.11362,44.40888],[26.11427,44.40868],[26.11485,44.40855],[26.11574,44.40842],[26.11824,44.40836],[26.11859,44.40833],[26.11926,44.40819],[26.11973,44.40806],[26.12004,44.40794],[26.12031,44.40776],[26.12045,44.40762],[26.12074,44.40725],[26.12086,44.40714],[26.12096,44.40702],[26.12101,44.40692],[26.12104,44.4068],[26.12099,44.40541],[26.12103,44.40518],[26.12095,44.40426],[26.12098,44.40373],[26.12093,44.4021],[26.12079,44.39935],[26.12065,44.39591],[26.1206,44.39558],[26.12052,44.39432],[26.12053,44.39426],[26.12051,44.3942],[26.1204,44.39407],[26.12037,44.39399],[26.12037,44.39392],[26.12053,44.39369],[26.12058,44.39342],[26.1206,44.3931],[26.12056,44.39281],[26.12051,44.39265],[26.12039,44.39238],[26.11955,44.39098],[26.11936,44.39072],[26.11914,44.39047],[26.11878,44.39012],[26.11853,44.38989],[26.11794,44.38942],[26.11788,44.38935],[26.11784,44.38927],[26.11781,44.38864],[26.11776,44.38843],[26.11764,44.38821],[26.11749,44.388],[26.11744,44.38786],[26.1167,44.38666],[26.11582,44.38534],[26.11568,44.38503],[26.11532,44.38443],[26.11514,44.38407],[26.11504,44.38381],[26.11495,44.38315],[26.11502,44.38278],[26.11521,44.38224],[26.11539,44.38192],[26.11577,44.38147],[26.11696,44.38023],[26.11836,44.37868],[26.11925,44.37778],[26.11943,44.37756],[26.11951,44.37729],[26.11966,44.37697],[26.1198,44.37683],[26.12018,44.37667],[26.12041,44.37651],[26.12052,44.37623],[26.12207,44.37301],[26.12564,44.3656],[26.126,44.3649],[26.12601,44.36453],[26.12608,44.36446],[26.12624,44.36442],[26.12641,44.36444],[26.12659,44.36452],[26.12669,44.36454],[26.12678,44.36454],[26.12692,44.36451],[26.12701,44.36444],[26.12795,44.36329],[26.12893,44.36213],[26.1299,44.36092],[26.12997,44.36087],[26.13022,44.36099]]]},"properties":{"route_id":"1008-925","line":"73","name":"73","ref":"73","long_name":"Piata de Gros - Piata Sf. Vineri","type":"trolleybus","color":"#008D36"}},{"type":"Feature","geometry":{"type":"MultiLineString","coordinates":[[[26.13889,44.41983],[26.13735,44.4202],[26.13702,44.42035],[26.13696,44.42049],[26.13706,44.42156],[26.13705,44.42175],[26.13738,44.42346],[26.13763,44.42356],[26.13786,44.42351],[26.13821,44.42307],[26.13857,44.42248],[26.13881,44.42192],[26.13923,44.42059],[26.13941,44.42016],[26.13952,44.41961],[26.13973,44.41942],[26.13993,44.41929],[26.14061,44.4191],[26.14568,44.41777],[26.14672,44.41742],[26.14997,44.41609],[26.15374,44.41458],[26.1548,44.41414],[26.15583,44.41381],[26.15673,44.4136],[26.15738,44.4135],[26.15822,44.4134],[26.1624,44.4131],[26.16323,44.41301],[26.16438,44.41282],[26.16496,44.41269],[26.16737,44.41208],[26.16833,44.41179],[26.17083,44.41112],[26.17153,44.41095],[26.17314,44.41067],[26.1737,44.41055],[26.17515,44.41037],[26.17775,44.40996],[26.17837,44.40985],[26.17995,44.40965],[26.18343,44.40911],[26.18395,44.40901],[26.18616,44.40867],[26.18971,44.40809],[26.19302,44.40751],[26.19402,44.40729],[26.19658,44.40689]],[[26.19658,44.40689],[26.20334,44.40581],[26.20366,44.40599],[26.2035,44.40628],[26.19845,44.4071],[26.19777,44.4072],[26.19655,44.40726],[26.19187,44.40805],[26.18874,44.40854],[26.18423,44.40928],[26.183,44.40943],[26.17208,44.41109],[26.17082,44.41141],[26.16559,44.41284],[26.16381,44.41324],[26.1622,44.41342],[26.15763,44.41376],[26.15679,44.41389],[26.15641,44.41397],[26.15587,44.41411],[26.15459,44.41457],[26.15286,44.41528],[26.14931,44.41666],[26.14667,44.41776],[26.1451,44.41825],[26.13909,44.41976],[26.13889,44.41983]]]},"properties":{"route_id":"1008-942","line":"627","name":"627","ref":"627","long_name":"M Nicolae Teclu - Dristorului","type":"bus","color":"#1D71B8"}},{"type":"Feature","geometry":{"type":"MultiLineString","coordinates":[[[26.08386,44.43651],[26.08399,44.43646],[26.08413,44.43643],[26.08459,44.43646],[26.08744,44.43605],[26.08759,44.43604],[26.08776,44.43612],[26.08827,44.4369],[26.08828,44.43702],[26.08821,44.43713],[26.0881,44.4372],[26.0868,44.43767],[26.08543,44.43812],[26.08475,44.43836],[26.08233,44.43924],[26.08218,44.43931],[26.08209,44.43937],[26.08193,44.43958],[26.08167,44.43998],[26.08156,44.44019],[26.08139,44.44068],[26.08101,44.44166],[26.08087,44.4421],[26.08088,44.44218],[26.08106,44.44277],[26.08111,44.44314],[26.08113,44.44366],[26.08122,44.44429],[26.08151,44.44574],[26.08156,44.4459],[26.08209,44.44733],[26.08248,44.448],[26.08276,44.44859],[26.08452,44.45163],[26.08461,44.45181],[26.08466,44.45196],[26.08467,44.45207],[26.08453,44.45227],[26.08434,44.45241],[26.08087,44.4555],[26.07824,44.45792],[26.0757,44.45986],[26.07284,44.46213],[26.07254,44.46234],[26.07028,44.46414],[26.06972,44.46445],[26.068,44.46517],[26.06752,44.46539],[26.06315,44.46715],[26.06177,44.46773],[26.05954,44.46864],[26.05939,44.46872],[26.05936,44.46878],[26.0593,44.46918],[26.0585,44.47064],[26.0583,44.47087],[26.058,44.47108],[26.05567,44.47252],[26.0556,44.47258],[26.05564,44.47265],[26.05621,44.47273],[26.05735,44.47292],[26.06119,44.47349],[26.06176,44.47355],[26.06281,44.47374],[26.06674,44.47432],[26.06815,44.47456],[26.06941,44.47475],[26.06985,44.47478],[26.07029,44.47486],[26.07045,44.47484],[26.07065,44.47478],[26.07089,44.4748],[26.07112,44.47491],[26.07116,44.47507],[26.07134,44.47514],[26.0715,44.47518],[26.0731,44.47546],[26.07312,44.47554],[26.07305,44.4756],[26.07292,44.47566],[26.07282,44.4758],[26.07272,44.47587],[26.0724,44.47584],[26.07174,44.47572]],[[26.07174,44.47572],[26.07161,44.47567],[26.07154,44.47559],[26.07156,44.47543],[26.0715,44.47532],[26.07114,44.47528],[26.07095,44.4753],[26.07087,44.47533],[26.07074,44.47534],[26.07059,44.47532],[26.07052,44.4753],[26.0704,44.47521],[26.07013,44.47511],[26.06981,44.47502],[26.0686,44.4748],[26.0668,44.47453],[26.06655,44.47442],[26.0665,44.47435],[26.06638,44.47432],[26.06097,44.47352],[26.05814,44.47305],[26.05661,44.47285],[26.05574,44.47272],[26.05542,44.47266],[26.05533,44.47258],[26.05543,44.47248],[26.05581,44.47232],[26.05815,44.47088],[26.0585,44.47047],[26.05919,44.46921],[26.05919,44.46901],[26.05907,44.46883],[26.05907,44.46873],[26.05915,44.46866],[26.05929,44.46858],[26.05994,44.46833],[26.06402,44.46667],[26.06562,44.46601],[26.06654,44.46561],[26.06712,44.4654],[26.06958,44.46436],[26.06983,44.46423],[26.07023,44.46396],[26.07065,44.46365],[26.07208,44.46246],[26.07371,44.46122],[26.07487,44.4603],[26.07535,44.4599],[26.07657,44.45898],[26.07866,44.45729],[26.08439,44.45214],[26.08447,44.45199],[26.08448,44.45187],[26.0829,44.44885],[26.08209,44.44741],[26.08201,44.44724],[26.08146,44.44576],[26.08114,44.44407],[26.0811,44.4438],[26.08104,44.44297],[26.08097,44.44265],[26.08084,44.44223],[26.08083,44.44209],[26.08096,44.44165],[26.08147,44.44028],[26.08165,44.43993],[26.08178,44.43975],[26.08217,44.43903],[26.08325,44.43681],[26.08333,44.43674],[26.08386,44.43651]]]},"properties":{"route_id":"1008-952","line":"642","name":"642","ref":"642","long_name":"Piata Presei - Vasile Parvan","type":"bus","color":"#1D71B8"}},{"type":"Feature","geometry":{"type":"MultiLineString","coordinates":[[[26.14197,44.55009],[26.14168,44.54929],[26.14142,44.5487],[26.14141,44.5485],[26.14148,44.5483],[26.14143,44.54817],[26.14145,44.54795],[26.14182,44.54631],[26.14194,44.5453],[26.14225,44.54376],[26.14229,44.54336],[26.14229,44.54192],[26.14234,44.54158],[26.14237,44.54102],[26.14238,44.54004],[26.14225,44.53962],[26.14215,44.53946],[26.14212,44.53937],[26.1423,44.53908],[26.14234,44.53893],[26.1424,44.53848],[26.14259,44.5375],[26.14248,44.5347],[26.14283,44.53192],[26.14292,44.53052],[26.14295,44.52913],[26.14323,44.52362],[26.14329,44.52315],[26.14327,44.52269],[26.14312,44.52105],[26.14299,44.52037],[26.14281,44.51974],[26.14259,44.51913],[26.14205,44.51777],[26.14147,44.51643],[26.14108,44.5156],[26.14035,44.51385],[26.14031,44.51372],[26.14021,44.5135],[26.14018,44.51345],[26.14013,44.51341],[26.14006,44.51338],[26.13998,44.51338],[26.12277,44.51444],[26.11853,44.51472],[26.10847,44.51531],[26.106,44.51546],[26.10492,44.51554],[26.10471,44.51554],[26.10449,44.51552],[26.103,44.51535],[26.10289,44.51538],[26.10277,44.51538],[26.1026,44.51531],[26.10244,44.51531],[26.09198,44.51641],[26.08433,44.51719],[26.08426,44.51718],[26.08418,44.5171],[26.08376,44.51506],[26.08352,44.51493],[26.08347,44.51486],[26.08347,44.51478],[26.08351,44.51468],[26.08366,44.51458],[26.08332,44.51283],[26.08311,44.51275],[26.08214,44.51257],[26.08201,44.5126],[26.0819,44.51266],[26.08179,44.51267],[26.08167,44.51264],[26.08158,44.51259],[26.08157,44.51243],[26.0816,44.51234],[26.0815,44.51218],[26.082,44.51088],[26.08215,44.51061],[26.08216,44.51053],[26.0821,44.51047],[26.08208,44.51039],[26.08209,44.51034],[26.08212,44.51029],[26.08227,44.51021],[26.08231,44.51009],[26.08233,44.50984],[26.08241,44.50959],[26.08258,44.50925],[26.08252,44.50896],[26.08253,44.50891],[26.08261,44.50883],[26.08278,44.50879],[26.08286,44.5088],[26.08301,44.50886],[26.08312,44.50886],[26.08322,44.50883],[26.08433,44.50768],[26.08452,44.50746],[26.08452,44.5074],[26.08443,44.50722],[26.08436,44.50717],[26.08269,44.50634],[26.08256,44.5062],[26.08238,44.50594],[26.08223,44.50584],[26.082,44.50578],[26.08192,44.50578],[26.08184,44.50581],[26.08172,44.50583],[26.08161,44.50583],[26.08152,44.50581],[26.08144,44.50576],[26.08141,44.50571],[26.08138,44.50561],[26.08135,44.50524],[26.08125,44.50482],[26.08076,44.50327],[26.08045,44.50216],[26.08045,44.50179],[26.07981,44.49921],[26.07952,44.49812],[26.07931,44.49759],[26.07904,44.49653],[26.07893,44.49602],[26.07891,44.49582],[26.07894,44.49488],[26.0791,44.49464],[26.07925,44.49452],[26.07944,44.4944],[26.08544,44.49366],[26.08564,44.49362],[26.08593,44.49351],[26.08663,44.49316],[26.08735,44.49275],[26.09035,44.49053],[26.0905,44.4904],[26.09063,44.49026],[26.09089,44.48985],[26.09105,44.48953],[26.09173,44.48765],[26.09182,44.48731],[26.09187,44.48702],[26.0921,44.48413],[26.09214,44.4834],[26.09225,44.48222],[26.09232,44.48108],[26.0924,44.48038],[26.09254,44.47688],[26.09262,44.47632],[26.09261,44.47619],[26.09252,44.47598],[26.09159,44.47519],[26.09074,44.47426],[26.09041,44.47409],[26.08948,44.4737],[26.08838,44.47327],[26.08805,44.47308],[26.08787,44.47293],[26.08777,44.47279],[26.08776,44.4727],[26.08786,44.47254],[26.08786,44.47245],[26.08759,44.47114],[26.08662,44.46712],[26.08648,44.46667],[26.08624,44.46641],[26.08606,44.46631],[26.08601,44.46616],[26.08606,44.46596],[26.08641,44.4658],[26.08696,44.46567],[26.08753,44.46532],[26.08774,44.46524],[26.08834,44.46496],[26.08953,44.46437],[26.0908,44.46371],[26.09116,44.4635],[26.09159,44.46321],[26.09192,44.46294],[26.09259,44.46228],[26.09301,44.46177],[26.09352,44.46111],[26.09387,44.46058],[26.094,44.46043],[26.09448,44.45975],[26.09622,44.45717],[26.09697,44.45609],[26.09732,44.45554],[26.09774,44.45476],[26.09814,44.45391],[26.09825,44.45362],[26.09867,44.45277],[26.0993,44.44894],[26.09936,44.4476],[26.09936,44.44713],[26.0994,44.44686],[26.09961,44.44605],[26.09972,44.44543],[26.09966,44.44531],[26.09951,44.44512],[26.09865,44.44434],[26.09858,44.4443],[26.09846,44.44419],[26.09826,44.44417],[26.09816,44.44427],[26.09723,44.44619]],[[26.09724,44.44619],[26.09704,44.44655],[26.09705,44.44668],[26.0972,44.44681],[26.0973,44.44685],[26.09917,44.44687],[26.09936,44.4469],[26.09948,44.44703],[26.09949,44.44721],[26.09944,44.44879],[26.09936,44.44933],[26.0989,44.45191],[26.09878,44.4528],[26.0986,44.4533],[26.09843,44.45367],[26.0977,44.45514],[26.0975,44.45552],[26.09569,44.45826],[26.09431,44.46039],[26.09386,44.46103],[26.09295,44.46225],[26.09237,44.46287],[26.09211,44.46311],[26.09186,44.4633],[26.09149,44.46355],[26.08993,44.46436],[26.08785,44.46539],[26.08718,44.46574],[26.08706,44.46587],[26.08692,44.46629],[26.08679,44.46646],[26.08671,44.46662],[26.08671,44.46675],[26.08751,44.47018],[26.08801,44.47242],[26.08829,44.47266],[26.08844,44.47292],[26.08859,44.47312],[26.08871,44.47324],[26.08925,44.47349],[26.09,44.47379],[26.09075,44.47416],[26.09093,44.47431],[26.09157,44.47503],[26.09248,44.47585],[26.09263,44.47604],[26.09269,44.47617],[26.0927,44.47635],[26.09251,44.47884],[26.09253,44.47896],[26.09259,44.47908],[26.09261,44.47924],[26.09261,44.47959],[26.09252,44.4804],[26.09238,44.48218],[26.09223,44.48458],[26.09212,44.48565],[26.09205,44.48688],[26.092,44.48725],[26.09216,44.48745],[26.09222,44.48757],[26.09196,44.48775],[26.09184,44.48793],[26.09176,44.48811],[26.09121,44.48965],[26.091,44.49004],[26.09087,44.49023],[26.09067,44.49045],[26.0901,44.49089],[26.08879,44.49181],[26.08747,44.49279],[26.08681,44.49317],[26.08622,44.49346],[26.08588,44.49361],[26.08556,44.49372],[26.08034,44.49439],[26.07989,44.49448],[26.07962,44.49458],[26.07951,44.49466],[26.07929,44.49486],[26.07926,44.49564],[26.07927,44.49592],[26.07931,44.4962],[26.0796,44.49743],[26.07967,44.49809],[26.08061,44.50177],[26.08078,44.50211],[26.08095,44.50255],[26.08178,44.50519],[26.08182,44.50527],[26.08193,44.50541],[26.08203,44.50548],[26.08232,44.50561],[26.08243,44.5057],[26.08255,44.50587],[26.08268,44.50612],[26.08284,44.50628],[26.08437,44.50704],[26.08459,44.50711],[26.08466,44.50709],[26.08476,44.5071],[26.08488,44.50715],[26.08493,44.50724],[26.08491,44.50732],[26.08484,44.50739],[26.08474,44.50742],[26.08453,44.50756],[26.08336,44.50881],[26.08327,44.50888],[26.08304,44.509],[26.08301,44.50906],[26.08295,44.50912],[26.08275,44.50917],[26.08261,44.50925],[26.08245,44.5096],[26.08239,44.50984],[26.08233,44.51022],[26.0825,44.51027],[26.08256,44.51037],[26.08256,44.51044],[26.08252,44.5105],[26.08244,44.51055],[26.08219,44.51066],[26.08206,44.51092],[26.08183,44.51149],[26.08179,44.51163],[26.08154,44.51218],[26.08158,44.51228],[26.08164,44.51232],[26.08183,44.51231],[26.08193,44.51234],[26.082,44.51238],[26.08214,44.51254],[26.0832,44.51274],[26.08331,44.51277],[26.08336,44.5128],[26.08373,44.51458],[26.08387,44.51462],[26.08394,44.51466],[26.08402,44.51474],[26.08402,44.51487],[26.08398,44.51493],[26.08384,44.51503],[26.08381,44.51509],[26.08421,44.51705],[26.08425,44.51711],[26.08434,44.51713],[26.09146,44.51638],[26.09184,44.51635],[26.09237,44.51628],[26.09748,44.51577],[26.10216,44.51527],[26.10243,44.51525],[26.10269,44.51525],[26.10285,44.51522],[26.10305,44.5153],[26.10437,44.51543],[26.10462,44.51548],[26.10491,44.51547],[26.10577,44.5154],[26.11,44.51514],[26.11487,44.51486],[26.11931,44.51456],[26.12347,44.51432],[26.13127,44.51384],[26.13753,44.51348],[26.14015,44.51331],[26.14022,44.51334],[26.14028,44.51338],[26.14164,44.51652],[26.14184,44.51687],[26.14275,44.51923],[26.14295,44.51982],[26.14328,44.52118],[26.14335,44.52173],[26.1434,44.5227],[26.14308,44.52944],[26.14288,44.53209],[26.14257,44.53473],[26.14257,44.53533],[26.14269,44.53729],[26.14267,44.5375],[26.14248,44.53842],[26.14242,44.53902],[26.14254,44.53942],[26.14254,44.53985],[26.14244,44.54084],[26.14241,44.5419],[26.14243,44.54212],[26.14232,44.54353],[26.14222,44.54437],[26.14199,44.54561],[26.14196,44.54565],[26.14163,44.54691],[26.14142,44.54808],[26.14162,44.54893],[26.14196,44.54979],[26.14201,44.54989],[26.1421,44.54992],[26.14219,44.55004],[26.14221,44.55011],[26.14216,44.55019],[26.14205,44.55022],[26.14197,44.5501]]]},"properties":{"route_id":"1008-980","line":"301b","name":"301b","ref":"301b","long_name":"Tunari - Piata Romana","type":"bus","color":"#1D71B8"}}]}