{
    "type":  "FeatureCollection",
    "name":  "Magistrale CFR",
    "features":  [
                     {
                         "type":  "Feature",
                         "properties":  {
                                            "magistrala":  "M100",
                                            "nr_segmente":  5,
                                            "culoare":  "#000000",
                                            "stroke":  "#000000",
                                            "stroke-width":  3,
                                            "stroke-opacity":  0.95
                                        },
                         "geometry":  {
                                          "type":  "MultiLineString",
                                          "coordinates":  [
                                                              [
                                                                  [
                                                                      23.212179,
                                                                      44.612695
                                                                  ],
                                                                  [
                                                                      23.205137,
                                                                      44.615694
                                                                  ],
                                                                  [
                                                                      23.200762,
                                                                      44.616507
                                                                  ],
                                                                  [
                                                                      23.193719,
                                                                      44.616232
                                                                  ],
                                                                  [
                                                                      23.174522,
                                                                      44.61001
                                                                  ],
                                                                  [
                                                                      23.168243,
                                                                      44.609332
                                                                  ],
                                                                  [
                                                                      23.159305,
                                                                      44.609466
                                                                  ],
                                                                  [
                                                                      23.13364,
                                                                      44.604458
                                                                  ],
                                                                  [
                                                                      23.095416,
                                                                      44.597416
                                                                  ],
                                                                  [
                                                                      23.041796,
                                                                      44.590783
                                                                  ],
                                                                  [
                                                                      23.002629,
                                                                      44.58997
                                                                  ],
                                                                  [
                                                                      22.99141,
                                                                      44.590507
                                                                  ],
                                                                  [
                                                                      22.976578,
                                                                      44.588204
                                                                  ],
                                                                  [
                                                                      22.973156,
                                                                      44.588479
                                                                  ],
                                                                  [
                                                                      22.929228,
                                                                      44.599853
                                                                  ],
                                                                  [
                                                                      22.916301,
                                                                      44.608513
                                                                  ],
                                                                  [
                                                                      22.912879,
                                                                      44.609057
                                                                  ],
                                                                  [
                                                                      22.899566,
                                                                      44.607023
                                                                  ],
                                                                  [
                                                                      22.886639,
                                                                      44.606351
                                                                  ],
                                                                  [
                                                                      22.87656,
                                                                      44.610547
                                                                  ],
                                                                  [
                                                                      22.863822,
                                                                      44.613117
                                                                  ],
                                                                  [
                                                                      22.858495,
                                                                      44.615145
                                                                  ],
                                                                  [
                                                                      22.847472,
                                                                      44.613386
                                                                  ],
                                                                  [
                                                                      22.842145,
                                                                      44.613655
                                                                  ],
                                                                  [
                                                                      22.833207,
                                                                      44.612171
                                                                  ],
                                                                  [
                                                                      22.826739,
                                                                      44.612708
                                                                  ],
                                                                  [
                                                                      22.821799,
                                                                      44.611896
                                                                  ],
                                                                  [
                                                                      22.793843,
                                                                      44.619883
                                                                  ],
                                                                  [
                                                                      22.791184,
                                                                      44.619474
                                                                  ],
                                                                  [
                                                                      22.790618,
                                                                      44.617715
                                                                  ],
                                                                  [
                                                                      22.792514,
                                                                      44.615957
                                                                  ],
                                                                  [
                                                                      22.79537,
                                                                      44.614742
                                                                  ],
                                                                  [
                                                                      22.796322,
                                                                      44.612842
                                                                  ],
                                                                  [
                                                                      22.795559,
                                                                      44.609057
                                                                  ],
                                                                  [
                                                                      22.793466,
                                                                      44.606889
                                                                  ],
                                                                  [
                                                                      22.794418,
                                                                      44.604855
                                                                  ],
                                                                  [
                                                                      22.796322,
                                                                      44.604183
                                                                  ],
                                                                  [
                                                                      22.8005,
                                                                      44.604043
                                                                  ],
                                                                  [
                                                                      22.801452,
                                                                      44.602827
                                                                  ],
                                                                  [
                                                                      22.800688,
                                                                      44.601471
                                                                  ],
                                                                  [
                                                                      22.795559,
                                                                      44.60039
                                                                  ],
                                                                  [
                                                                      22.793277,
                                                                      44.60039
                                                                  ],
                                                                  [
                                                                      22.791561,
                                                                      44.604043
                                                                  ],
                                                                  [
                                                                      22.787196,
                                                                      44.606889
                                                                  ],
                                                                  [
                                                                      22.787196,
                                                                      44.608244
                                                                  ],
                                                                  [
                                                                      22.789091,
                                                                      44.611084
                                                                  ],
                                                                  [
                                                                      22.786432,
                                                                      44.612574
                                                                  ],
                                                                  [
                                                                      22.78415,
                                                                      44.61244
                                                                  ],
                                                                  [
                                                                      22.780916,
                                                                      44.610272
                                                                  ],
                                                                  [
                                                                      22.778635,
                                                                      44.610681
                                                                  ],
                                                                  [
                                                                      22.777494,
                                                                      44.612574
                                                                  ],
                                                                  [
                                                                      22.777871,
                                                                      44.615822
                                                                  ],
                                                                  [
                                                                      22.776164,
                                                                      44.617037
                                                                  ],
                                                                  [
                                                                      22.772742,
                                                                      44.616769
                                                                  ],
                                                                  [
                                                                      22.772167,
                                                                      44.614332
                                                                  ],
                                                                  [
                                                                      22.764756,
                                                                      44.607023
                                                                  ],
                                                                  [
                                                                      22.754299,
                                                                      44.604043
                                                                  ],
                                                                  [
                                                                      22.749349,
                                                                      44.604043
                                                                  ],
                                                                  [
                                                                      22.735659,
                                                                      44.607292
                                                                  ],
                                                                  [
                                                                      22.70296,
                                                                      44.614198
                                                                  ],
                                                                  [
                                                                      22.697059,
                                                                      44.61501
                                                                  ],
                                                                  [
                                                                      22.690788,
                                                                      44.617849
                                                                  ],
                                                                  [
                                                                      22.685273,
                                                                      44.621373
                                                                  ],
                                                                  [
                                                                      22.671205,
                                                                      44.624346
                                                                  ],
                                                                  [
                                                                      22.663785,
                                                                      44.623399
                                                                  ],
                                                                  [
                                                                      22.65561,
                                                                      44.62191
                                                                  ],
                                                                  [
                                                                      22.651235,
                                                                      44.621641
                                                                  ],
                                                                  [
                                                                      22.632793,
                                                                      44.621366
                                                                  ],
                                                                  [
                                                                      22.628993,
                                                                      44.622453
                                                                  ],
                                                                  [
                                                                      22.608269,
                                                                      44.623399
                                                                  ],
                                                                  [
                                                                      22.601415,
                                                                      44.628003
                                                                  ],
                                                                  [
                                                                      22.590393,
                                                                      44.633142
                                                                  ],
                                                                  [
                                                                      22.57955,
                                                                      44.638416
                                                                  ],
                                                                  [
                                                                      22.570998,
                                                                      44.645185
                                                                  ],
                                                                  [
                                                                      22.561296,
                                                                      44.657225
                                                                  ],
                                                                  [
                                                                      22.554451,
                                                                      44.665199
                                                                  ],
                                                                  [
                                                                      22.547417,
                                                                      44.668987
                                                                  ],
                                                                  [
                                                                      22.540572,
                                                                      44.67169
                                                                  ],
                                                                  [
                                                                      22.528786,
                                                                      44.676832
                                                                  ],
                                                                  [
                                                                      22.518896,
                                                                      44.681834
                                                                  ],
                                                                  [
                                                                      22.511862,
                                                                      44.687377
                                                                  ],
                                                                  [
                                                                      22.504819,
                                                                      44.696701
                                                                  ],
                                                                  [
                                                                      22.494749,
                                                                      44.702512
                                                                  ],
                                                                  [
                                                                      22.488847,
                                                                      44.707109
                                                                  ],
                                                                  [
                                                                      22.485999,
                                                                      44.710218
                                                                  ],
                                                                  [
                                                                      22.480106,
                                                                      44.712784
                                                                  ],
                                                                  [
                                                                      22.473639,
                                                                      44.719404
                                                                  ],
                                                                  [
                                                                      22.463946,
                                                                      44.722104
                                                                  ],
                                                                  [
                                                                      22.448728,
                                                                      44.720891
                                                                  ],
                                                                  [
                                                                      22.441317,
                                                                      44.71724
                                                                  ],
                                                                  [
                                                                      22.428004,
                                                                      44.714406
                                                                  ],
                                                                  [
                                                                      22.424007,
                                                                      44.716704
                                                                  ],
                                                                  [
                                                                      22.422488,
                                                                      44.720483
                                                                  ],
                                                                  [
                                                                      22.413937,
                                                                      44.732373
                                                                  ],
                                                                  [
                                                                      22.412984,
                                                                      44.738722
                                                                  ],
                                                                  [
                                                                      22.41355,
                                                                      44.741019
                                                                  ],
                                                                  [
                                                                      22.410128,
                                                                      44.743852
                                                                  ],
                                                                  [
                                                                      22.402905,
                                                                      44.744261
                                                                  ],
                                                                  [
                                                                      22.397578,
                                                                      44.746825
                                                                  ],
                                                                  [
                                                                      22.393015,
                                                                      44.748312
                                                                  ],
                                                                  [
                                                                      22.392063,
                                                                      44.750877
                                                                  ],
                                                                  [
                                                                      22.396437,
                                                                      44.755872
                                                                  ],
                                                                  [
                                                                      22.395674,
                                                                      44.758436
                                                                  ],
                                                                  [
                                                                      22.389969,
                                                                      44.76114
                                                                  ],
                                                                  [
                                                                      22.389026,
                                                                      44.77167
                                                                  ],
                                                                  [
                                                                      22.391874,
                                                                      44.780305
                                                                  ],
                                                                  [
                                                                      22.393778,
                                                                      44.792858
                                                                  ],
                                                                  [
                                                                      22.393015,
                                                                      44.794611
                                                                  ],
                                                                  [
                                                                      22.389404,
                                                                      44.796364
                                                                  ],
                                                                  [
                                                                      22.381795,
                                                                      44.810393
                                                                  ],
                                                                  [
                                                                      22.385981,
                                                                      44.819028
                                                                  ],
                                                                  [
                                                                      22.386933,
                                                                      44.82159
                                                                  ],
                                                                  [
                                                                      22.381795,
                                                                      44.824692
                                                                  ],
                                                                  [
                                                                      22.385406,
                                                                      44.829006
                                                                  ],
                                                                  [
                                                                      22.38864,
                                                                      44.829955
                                                                  ],
                                                                  [
                                                                      22.391874,
                                                                      44.83265
                                                                  ],
                                                                  [
                                                                      22.38617,
                                                                      44.83737
                                                                  ],
                                                                  [
                                                                      22.380277,
                                                                      44.841957
                                                                  ],
                                                                  [
                                                                      22.380654,
                                                                      44.848288
                                                                  ],
                                                                  [
                                                                      22.386736,
                                                                      44.859343
                                                                  ],
                                                                  [
                                                                      22.386358,
                                                                      44.864061
                                                                  ],
                                                                  [
                                                                      22.385406,
                                                                      44.869314
                                                                  ],
                                                                  [
                                                                      22.378938,
                                                                      44.887239
                                                                  ],
                                                                  [
                                                                      22.375713,
                                                                      44.891949
                                                                  ],
                                                                  [
                                                                      22.37115,
                                                                      44.892489
                                                                  ],
                                                                  [
                                                                      22.360684,
                                                                      44.903803
                                                                  ],
                                                                  [
                                                                      22.355744,
                                                                      44.907036
                                                                  ],
                                                                  [
                                                                      22.353462,
                                                                      44.912558
                                                                  ],
                                                                  [
                                                                      22.350992,
                                                                      44.915656
                                                                  ],
                                                                  [
                                                                      22.350803,
                                                                      44.919021
                                                                  ],
                                                                  [
                                                                      22.343383,
                                                                      44.924135
                                                                  ],
                                                                  [
                                                                      22.33369,
                                                                      44.923734
                                                                  ],
                                                                  [
                                                                      22.327222,
                                                                      44.927366
                                                                  ],
                                                                  [
                                                                      22.327222,
                                                                      44.929789
                                                                  ],
                                                                  [
                                                                      22.328363,
                                                                      44.932619
                                                                  ],
                                                                  [
                                                                      22.327977,
                                                                      44.938139
                                                                  ],
                                                                  [
                                                                      22.32247,
                                                                      44.945
                                                                  ],
                                                                  [
                                                                      22.325318,
                                                                      44.947963
                                                                  ],
                                                                  [
                                                                      22.331211,
                                                                      44.949171
                                                                  ],
                                                                  [
                                                                      22.333492,
                                                                      44.950112
                                                                  ],
                                                                  [
                                                                      22.337104,
                                                                      44.958459
                                                                  ],
                                                                  [
                                                                      22.335585,
                                                                      44.963703
                                                                  ],
                                                                  [
                                                                      22.331786,
                                                                      44.971908
                                                                  ],
                                                                  [
                                                                      22.333492,
                                                                      44.975136
                                                                  ],
                                                                  [
                                                                      22.335397,
                                                                      44.983746
                                                                  ],
                                                                  [
                                                                      22.334822,
                                                                      44.987514
                                                                  ],
                                                                  [
                                                                      22.328552,
                                                                      44.994235
                                                                  ],
                                                                  [
                                                                      22.318661,
                                                                      45.000556
                                                                  ],
                                                                  [
                                                                      22.317709,
                                                                      45.001769
                                                                  ],
                                                                  [
                                                                      22.318661,
                                                                      45.004856
                                                                  ],
                                                                  [
                                                                      22.317332,
                                                                      45.007949
                                                                  ],
                                                                  [
                                                                      22.319425,
                                                                      45.012255
                                                                  ],
                                                                  [
                                                                      22.32132,
                                                                      45.013728
                                                                  ],
                                                                  [
                                                                      22.320754,
                                                                      45.01884
                                                                  ],
                                                                  [
                                                                      22.318661,
                                                                      45.023812
                                                                  ],
                                                                  [
                                                                      22.318473,
                                                                      45.02959
                                                                  ],
                                                                  [
                                                                      22.319425,
                                                                      45.032415
                                                                  ],
                                                                  [
                                                                      22.315805,
                                                                      45.036579
                                                                  ],
                                                                  [
                                                                      22.313909,
                                                                      45.040477
                                                                  ],
                                                                  [
                                                                      22.314475,
                                                                      45.048398
                                                                  ],
                                                                  [
                                                                      22.313334,
                                                                      45.052701
                                                                  ],
                                                                  [
                                                                      22.309157,
                                                                      45.055252
                                                                  ],
                                                                  [
                                                                      22.303641,
                                                                      45.062905
                                                                  ],
                                                                  [
                                                                      22.301926,
                                                                      45.064516
                                                                  ],
                                                                  [
                                                                      22.300407,
                                                                      45.06734
                                                                  ],
                                                                  [
                                                                      22.295844,
                                                                      45.068279
                                                                  ],
                                                                  [
                                                                      22.293751,
                                                                      45.071635
                                                                  ],
                                                                  [
                                                                      22.290517,
                                                                      45.073113
                                                                  ],
                                                                  [
                                                                      22.289753,
                                                                      45.07513
                                                                  ],
                                                                  [
                                                                      22.289565,
                                                                      45.076469
                                                                  ],
                                                                  [
                                                                      22.286331,
                                                                      45.08077
                                                                  ],
                                                                  [
                                                                      22.287669,
                                                                      45.083047
                                                                  ],
                                                                  [
                                                                      22.288424,
                                                                      45.086408
                                                                  ],
                                                                  [
                                                                      22.288613,
                                                                      45.088419
                                                                  ],
                                                                  [
                                                                      22.286906,
                                                                      45.091374
                                                                  ],
                                                                  [
                                                                      22.288047,
                                                                      45.093118
                                                                  ],
                                                                  [
                                                                      22.287283,
                                                                      45.096207
                                                                  ],
                                                                  [
                                                                      22.288999,
                                                                      45.099022
                                                                  ],
                                                                  [
                                                                      22.29508,
                                                                      45.112045
                                                                  ],
                                                                  [
                                                                      22.298314,
                                                                      45.112984
                                                                  ],
                                                                  [
                                                                      22.303066,
                                                                      45.11325
                                                                  ],
                                                                  [
                                                                      22.306112,
                                                                      45.113789
                                                                  ],
                                                                  [
                                                                      22.30763,
                                                                      45.115266
                                                                  ],
                                                                  [
                                                                      22.306866,
                                                                      45.128545
                                                                  ],
                                                                  [
                                                                      22.307253,
                                                                      45.131897
                                                                  ],
                                                                  [
                                                                      22.309337,
                                                                      45.135117
                                                                  ],
                                                                  [
                                                                      22.313334,
                                                                      45.13807
                                                                  ],
                                                                  [
                                                                      22.312571,
                                                                      45.139945
                                                                  ],
                                                                  [
                                                                      22.308582,
                                                                      45.142765
                                                                  ],
                                                                  [
                                                                      22.3063,
                                                                      45.147055
                                                                  ],
                                                                  [
                                                                      22.305537,
                                                                      45.151211
                                                                  ],
                                                                  [
                                                                      22.301926,
                                                                      45.156443
                                                                  ],
                                                                  [
                                                                      22.29641,
                                                                      45.162746
                                                                  ],
                                                                  [
                                                                      22.29888,
                                                                      45.171189
                                                                  ],
                                                                  [
                                                                      22.298692,
                                                                      45.173601
                                                                  ],
                                                                  [
                                                                      22.300973,
                                                                      45.179231
                                                                  ],
                                                                  [
                                                                      22.305537,
                                                                      45.180972
                                                                  ],
                                                                  [
                                                                      22.305537,
                                                                      45.183119
                                                                  ],
                                                                  [
                                                                      22.303255,
                                                                      45.190222
                                                                  ],
                                                                  [
                                                                      22.307819,
                                                                      45.193837
                                                                  ],
                                                                  [
                                                                      22.308007,
                                                                      45.196787
                                                                  ],
                                                                  [
                                                                      22.3063,
                                                                      45.199604
                                                                  ],
                                                                  [
                                                                      22.305914,
                                                                      45.204155
                                                                  ],
                                                                  [
                                                                      22.302492,
                                                                      45.207237
                                                                  ],
                                                                  [
                                                                      22.299069,
                                                                      45.215541
                                                                  ],
                                                                  [
                                                                      22.296599,
                                                                      45.218489
                                                                  ],
                                                                  [
                                                                      22.296787,
                                                                      45.221166
                                                                  ],
                                                                  [
                                                                      22.300785,
                                                                      45.224652
                                                                  ],
                                                                  [
                                                                      22.301351,
                                                                      45.226525
                                                                  ],
                                                                  [
                                                                      22.295835,
                                                                      45.232953
                                                                  ],
                                                                  [
                                                                      22.296976,
                                                                      45.238178
                                                                  ],
                                                                  [
                                                                      22.295835,
                                                                      45.242055
                                                                  ],
                                                                  [
                                                                      22.302114,
                                                                      45.248349
                                                                  ],
                                                                  [
                                                                      22.301351,
                                                                      45.255311
                                                                  ],
                                                                  [
                                                                      22.296787,
                                                                      45.272844
                                                                  ],
                                                                  [
                                                                      22.294694,
                                                                      45.286359
                                                                  ],
                                                                  [
                                                                      22.284049,
                                                                      45.29666
                                                                  ],
                                                                  [
                                                                      22.271302,
                                                                      45.327147
                                                                  ],
                                                                  [
                                                                      22.261034,
                                                                      45.341583
                                                                  ],
                                                                  [
                                                                      22.253246,
                                                                      45.350668
                                                                  ],
                                                                  [
                                                                      22.242026,
                                                                      45.368039
                                                                  ],
                                                                  [
                                                                      22.233088,
                                                                      45.382729
                                                                  ],
                                                                  [
                                                                      22.214645,
                                                                      45.388875
                                                                  ],
                                                                  [
                                                                      22.212166,
                                                                      45.390742
                                                                  ],
                                                                  [
                                                                      22.211025,
                                                                      45.399151
                                                                  ],
                                                                  [
                                                                      22.193346,
                                                                      45.418108
                                                                  ]
                                                              ],
                                                              [
                                                                  [
                                                                      25.999535,
                                                                      44.479543
                                                                  ],
                                                                  [
                                                                      25.997074,
                                                                      44.479453
                                                                  ],
                                                                  [
                                                                      25.991908,
                                                                      44.47903
                                                                  ],
                                                                  [
                                                                      25.989707,
                                                                      44.478691
                                                                  ],
                                                                  [
                                                                      25.987507,
                                                                      44.477928
                                                                  ],
                                                                  [
                                                                      25.985009,
                                                                      44.475973
                                                                  ],
                                                                  [
                                                                      25.970394,
                                                                      44.463466
                                                                  ],
                                                                  [
                                                                      25.967321,
                                                                      44.460722
                                                                  ],
                                                                  [
                                                                      25.966073,
                                                                      44.459023
                                                                  ],
                                                                  [
                                                                      25.964411,
                                                                      44.457535
                                                                  ],
                                                                  [
                                                                      25.961851,
                                                                      44.456432
                                                                  ],
                                                                  [
                                                                      25.957278,
                                                                      44.455669
                                                                  ],
                                                                  [
                                                                      25.955015,
                                                                      44.454316
                                                                  ],
                                                                  [
                                                                      25.953712,
                                                                      44.452701
                                                                  ],
                                                                  [
                                                                      25.943606,
                                                                      44.437687
                                                                  ],
                                                                  [
                                                                      25.9365,
                                                                      44.427539
                                                                  ],
                                                                  [
                                                                      25.934695,
                                                                      44.42591
                                                                  ],
                                                                  [
                                                                      25.930517,
                                                                      44.423799
                                                                  ],
                                                                  [
                                                                      25.88906,
                                                                      44.405191
                                                                  ],
                                                                  [
                                                                      25.865677,
                                                                      44.39806
                                                                  ],
                                                                  [
                                                                      25.843525,
                                                                      44.389228
                                                                  ],
                                                                  [
                                                                      25.809586,
                                                                      44.376388
                                                                  ],
                                                                  [
                                                                      25.772603,
                                                                      44.363744
                                                                  ],
                                                                  [
                                                                      25.722018,
                                                                      44.348791
                                                                  ],
                                                                  [
                                                                      25.687128,
                                                                      44.33866
                                                                  ],
                                                                  [
                                                                      25.582079,
                                                                      44.299069
                                                                  ],
                                                                  [
                                                                      25.572,
                                                                      44.295057
                                                                  ],
                                                                  [
                                                                      25.550602,
                                                                      44.290086
                                                                  ],
                                                                  [
                                                                      25.513717,
                                                                      44.275044
                                                                  ],
                                                                  [
                                                                      25.507725,
                                                                      44.272317
                                                                  ],
                                                                  [
                                                                      25.5045,
                                                                      44.268573
                                                                  ]
                                                              ],
                                                              [
                                                                  [
                                                                      25.5045,
                                                                      44.268573
                                                                  ],
                                                                  [
                                                                      25.470176,
                                                                      44.247805
                                                                  ],
                                                                  [
                                                                      25.381952,
                                                                      44.215242
                                                                  ],
                                                                  [
                                                                      25.352191,
                                                                      44.204134
                                                                  ],
                                                                  [
                                                                      25.248849,
                                                                      44.180818
                                                                  ],
                                                                  [
                                                                      25.222133,
                                                                      44.169775
                                                                  ],
                                                                  [
                                                                      25.203691,
                                                                      44.165684
                                                                  ],
                                                                  [
                                                                      25.165755,
                                                                      44.156951
                                                                  ],
                                                                  [
                                                                      25.132858,
                                                                      44.139896
                                                                  ],
                                                                  [
                                                                      25.130011,
                                                                      44.139148
                                                                  ],
                                                                  [
                                                                      25.03788,
                                                                      44.134983
                                                                  ],
                                                                  [
                                                                      25.033604,
                                                                      44.134094
                                                                  ],
                                                                  [
                                                                      25.010211,
                                                                      44.128497
                                                                  ],
                                                                  [
                                                                      24.994626,
                                                                      44.1229
                                                                  ],
                                                                  [
                                                                      24.990062,
                                                                      44.121539
                                                                  ],
                                                                  [
                                                                      24.955836,
                                                                      44.126176
                                                                  ],
                                                                  [
                                                                      24.952126,
                                                                      44.125634
                                                                  ],
                                                                  [
                                                                      24.92921,
                                                                      44.113278
                                                                  ],
                                                                  [
                                                                      24.927027,
                                                                      44.112388
                                                                  ],
                                                                  [
                                                                      24.924934,
                                                                      44.111846
                                                                  ],
                                                                  [
                                                                      24.905351,
                                                                      44.109318
                                                                  ],
                                                                  [
                                                                      24.902593,
                                                                      44.109318
                                                                  ],
                                                                  [
                                                                      24.898982,
                                                                      44.10966
                                                                  ],
                                                                  [
                                                                      24.829102,
                                                                      44.1229
                                                                  ],
                                                                  [
                                                                      24.826344,
                                                                      44.122971
                                                                  ],
                                                                  [
                                                                      24.772724,
                                                                      44.119353
                                                                  ],
                                                                  [
                                                                      24.708647,
                                                                      44.110885
                                                                  ],
                                                                  [
                                                                      24.705979,
                                                                      44.110679
                                                                  ],
                                                                  [
                                                                      24.69714,
                                                                      44.111775
                                                                  ],
                                                                  [
                                                                      24.695523,
                                                                      44.111775
                                                                  ],
                                                                  [
                                                                      24.681078,
                                                                      44.109589
                                                                  ],
                                                                  [
                                                                      24.677745,
                                                                      44.109453
                                                                  ],
                                                                  [
                                                                      24.659967,
                                                                      44.111498
                                                                  ],
                                                                  [
                                                                      24.606634,
                                                                      44.121875
                                                                  ],
                                                                  [
                                                                      24.60473,
                                                                      44.121875
                                                                  ],
                                                                  [
                                                                      24.601307,
                                                                      44.121327
                                                                  ],
                                                                  [
                                                                      24.598549,
                                                                      44.121327
                                                                  ],
                                                                  [
                                                                      24.596079,
                                                                      44.12201
                                                                  ],
                                                                  [
                                                                      24.593986,
                                                                      44.123442
                                                                  ],
                                                                  [
                                                                      24.591228,
                                                                      44.126311
                                                                  ],
                                                                  [
                                                                      24.588093,
                                                                      44.127266
                                                                  ],
                                                                  [
                                                                      24.583817,
                                                                      44.128085
                                                                  ],
                                                                  [
                                                                      24.575067,
                                                                      44.131631
                                                                  ],
                                                                  [
                                                                      24.573262,
                                                                      44.133133
                                                                  ],
                                                                  [
                                                                      24.570792,
                                                                      44.138181
                                                                  ],
                                                                  [
                                                                      24.564701,
                                                                      44.141392
                                                                  ],
                                                                  [
                                                                      24.560137,
                                                                      44.143571
                                                                  ],
                                                                  [
                                                                      24.55738,
                                                                      44.144595
                                                                  ],
                                                                  [
                                                                      24.553481,
                                                                      44.145485
                                                                  ],
                                                                  [
                                                                      24.551011,
                                                                      44.147187
                                                                  ],
                                                                  [
                                                                      24.548253,
                                                                      44.151692
                                                                  ],
                                                                  [
                                                                      24.545881,
                                                                      44.153258
                                                                  ],
                                                                  [
                                                                      24.540743,
                                                                      44.155031
                                                                  ],
                                                                  [
                                                                      24.536754,
                                                                      44.156262
                                                                  ],
                                                                  [
                                                                      24.533332,
                                                                      44.156191
                                                                  ],
                                                                  [
                                                                      24.529721,
                                                                      44.154554
                                                                  ],
                                                                  [
                                                                      24.527053,
                                                                      44.152234
                                                                  ],
                                                                  [
                                                                      24.515168,
                                                                      44.122416
                                                                  ],
                                                                  [
                                                                      24.513461,
                                                                      44.120643
                                                                  ],
                                                                  [
                                                                      24.510515,
                                                                      44.119141
                                                                  ],
                                                                  [
                                                                      24.507092,
                                                                      44.118734
                                                                  ],
                                                                  [
                                                                      24.499672,
                                                                      44.119276
                                                                  ],
                                                                  [
                                                                      24.48361,
                                                                      44.120849
                                                                  ],
                                                                  [
                                                                      24.471537,
                                                                      44.121733
                                                                  ],
                                                                  [
                                                                      24.403175,
                                                                      44.119889
                                                                  ],
                                                                  [
                                                                      24.385873,
                                                                      44.118392
                                                                  ],
                                                                  [
                                                                      24.383214,
                                                                      44.117502
                                                                  ],
                                                                  [
                                                                      24.376935,
                                                                      44.11293
                                                                  ],
                                                                  [
                                                                      24.374842,
                                                                      44.111975
                                                                  ],
                                                                  [
                                                                      24.372183,
                                                                      44.111633
                                                                  ],
                                                                  [
                                                                      24.368662,
                                                                      44.112175
                                                                  ],
                                                                  [
                                                                      24.365625,
                                                                      44.114297
                                                                  ],
                                                                  [
                                                                      24.358493,
                                                                      44.129174
                                                                  ],
                                                                  [
                                                                      24.356112,
                                                                      44.131083
                                                                  ],
                                                                  [
                                                                      24.353741,
                                                                      44.131831
                                                                  ],
                                                                  [
                                                                      24.344515,
                                                                      44.13245
                                                                  ],
                                                                  [
                                                                      24.34147,
                                                                      44.132991
                                                                  ],
                                                                  [
                                                                      24.338909,
                                                                      44.134629
                                                                  ],
                                                                  [
                                                                      24.335011,
                                                                      44.140296
                                                                  ],
                                                                  [
                                                                      24.333106,
                                                                      44.142069
                                                                  ],
                                                                  [
                                                                      24.311996,
                                                                      44.152981
                                                                  ],
                                                                  [
                                                                      24.308573,
                                                                      44.153735
                                                                  ],
                                                                  [
                                                                      24.28899,
                                                                      44.156462
                                                                  ],
                                                                  [
                                                                      24.281857,
                                                                      44.155779
                                                                  ],
                                                                  [
                                                                      24.279109,
                                                                      44.155031
                                                                  ],
                                                                  [
                                                                      24.262373,
                                                                      44.146368
                                                                  ],
                                                                  [
                                                                      24.259139,
                                                                      44.145343
                                                                  ],
                                                                  [
                                                                      24.255052,
                                                                      44.145208
                                                                  ],
                                                                  [
                                                                      24.146948,
                                                                      44.157416
                                                                  ],
                                                                  [
                                                                      24.143149,
                                                                      44.15844
                                                                  ],
                                                                  [
                                                                      23.994927,
                                                                      44.216111
                                                                  ],
                                                                  [
                                                                      23.953478,
                                                                      44.231986
                                                                  ],
                                                                  [
                                                                      23.925999,
                                                                      44.243152
                                                                  ],
                                                                  [
                                                                      23.922864,
                                                                      44.243699
                                                                  ],
                                                                  [
                                                                      23.9145,
                                                                      44.244446
                                                                  ],
                                                                  [
                                                                      23.903945,
                                                                      44.247445
                                                                  ],
                                                                  [
                                                                      23.90214,
                                                                      44.248397
                                                                  ],
                                                                  [
                                                                      23.895007,
                                                                      44.254799
                                                                  ],
                                                                  [
                                                                      23.882359,
                                                                      44.272638
                                                                  ],
                                                                  [
                                                                      23.866198,
                                                                      44.288633
                                                                  ],
                                                                  [
                                                                      23.83226,
                                                                      44.321156
                                                                  ],
                                                                  [
                                                                      23.811814,
                                                                      44.330474
                                                                  ],
                                                                  [
                                                                      23.76238,
                                                                      44.347744
                                                                  ],
                                                                  [
                                                                      23.758957,
                                                                      44.350056
                                                                  ],
                                                                  [
                                                                      23.724821,
                                                                      44.383014
                                                                  ],
                                                                  [
                                                                      23.717599,
                                                                      44.397829
                                                                  ],
                                                                  [
                                                                      23.711984,
                                                                      44.407475
                                                                  ],
                                                                  [
                                                                      23.711795,
                                                                      44.4125
                                                                  ],
                                                                  [
                                                                      23.709038,
                                                                      44.416915
                                                                  ],
                                                                  [
                                                                      23.706379,
                                                                      44.423497
                                                                  ],
                                                                  [
                                                                      23.694494,
                                                                      44.436468
                                                                  ],
                                                                  [
                                                                      23.688412,
                                                                      44.440541
                                                                  ],
                                                                  [
                                                                      23.682034,
                                                                      44.450719
                                                                  ],
                                                                  [
                                                                      23.678234,
                                                                      44.454387
                                                                  ],
                                                                  [
                                                                      23.674524,
                                                                      44.456355
                                                                  ],
                                                                  [
                                                                      23.653612,
                                                                      44.466665
                                                                  ],
                                                                  [
                                                                      23.616628,
                                                                      44.489868
                                                                  ],
                                                                  [
                                                                      23.608732,
                                                                      44.49468
                                                                  ],
                                                                  [
                                                                      23.603225,
                                                                      44.496308
                                                                  ],
                                                                  [
                                                                      23.594287,
                                                                      44.500787
                                                                  ],
                                                                  [
                                                                      23.588672,
                                                                      44.503292
                                                                  ],
                                                                  [
                                                                      23.583444,
                                                                      44.506277
                                                                  ],
                                                                  [
                                                                      23.5727,
                                                                      44.514682
                                                                  ],
                                                                  [
                                                                      23.568326,
                                                                      44.517392
                                                                  ],
                                                                  [
                                                                      23.555111,
                                                                      44.525257
                                                                  ],
                                                                  [
                                                                      23.502254,
                                                                      44.556086
                                                                  ],
                                                                  [
                                                                      23.498832,
                                                                      44.557238
                                                                  ],
                                                                  [
                                                                      23.491987,
                                                                      44.558122
                                                                  ],
                                                                  [
                                                                      23.488843,
                                                                      44.559479
                                                                  ],
                                                                  [
                                                                      23.48542,
                                                                      44.561847
                                                                  ],
                                                                  [
                                                                      23.478674,
                                                                      44.563876
                                                                  ],
                                                                  [
                                                                      23.454716,
                                                                      44.569297
                                                                  ],
                                                                  [
                                                                      23.448913,
                                                                      44.569706
                                                                  ],
                                                                  [
                                                                      23.440361,
                                                                      44.571261
                                                                  ],
                                                                  [
                                                                      23.42049,
                                                                      44.575529
                                                                  ],
                                                                  [
                                                                      23.35299,
                                                                      44.585952
                                                                  ],
                                                                  [
                                                                      23.347475,
                                                                      44.586906
                                                                  ],
                                                                  [
                                                                      23.324747,
                                                                      44.593405
                                                                  ],
                                                                  [
                                                                      23.315809,
                                                                      44.595843
                                                                  ],
                                                                  [
                                                                      23.275601,
                                                                      44.602271
                                                                  ],
                                                                  [
                                                                      23.27198,
                                                                      44.60254
                                                                  ],
                                                                  [
                                                                      23.2544,
                                                                      44.602066
                                                                  ],
                                                                  [
                                                                      23.250502,
                                                                      44.602137
                                                                  ],
                                                                  [
                                                                      23.238329,
                                                                      44.604912
                                                                  ],
                                                                  [
                                                                      23.220264,
                                                                      44.609715
                                                                  ],
                                                                  [
                                                                      23.212179,
                                                                      44.612695
                                                                  ]
                                                              ],
                                                              [
                                                                  [
                                                                      22.136941,
                                                                      45.548425
                                                                  ],
                                                                  [
                                                                      22.132683,
                                                                      45.558075
                                                                  ],
                                                                  [
                                                                      22.087237,
                                                                      45.587089
                                                                  ],
                                                                  [
                                                                      22.044837,
                                                                      45.605317
                                                                  ],
                                                                  [
                                                                      22.032853,
                                                                      45.617024
                                                                  ],
                                                                  [
                                                                      21.998816,
                                                                      45.63577
                                                                  ],
                                                                  [
                                                                      21.976951,
                                                                      45.647471
                                                                  ],
                                                                  [
                                                                      21.963261,
                                                                      45.650793
                                                                  ],
                                                                  [
                                                                      21.922567,
                                                                      45.66448
                                                                  ],
                                                                  [
                                                                      21.912299,
                                                                      45.668203
                                                                  ],
                                                                  [
                                                                      21.872944,
                                                                      45.694769
                                                                  ],
                                                                  [
                                                                      21.808858,
                                                                      45.737119
                                                                  ],
                                                                  [
                                                                      21.802965,
                                                                      45.739508
                                                                  ],
                                                                  [
                                                                      21.689832,
                                                                      45.751851
                                                                  ],
                                                                  [
                                                                      21.663017,
                                                                      45.754634
                                                                  ],
                                                                  [
                                                                      21.658265,
                                                                      45.758614
                                                                  ],
                                                                  [
                                                                      21.654842,
                                                                      45.764449
                                                                  ],
                                                                  [
                                                                      21.650845,
                                                                      45.767106
                                                                  ],
                                                                  [
                                                                      21.645715,
                                                                      45.768165
                                                                  ],
                                                                  [
                                                                      21.617382,
                                                                      45.768428
                                                                  ],
                                                                  [
                                                                      21.498922,
                                                                      45.793093
                                                                  ],
                                                                  [
                                                                      21.44036,
                                                                      45.794421
                                                                  ],
                                                                  [
                                                                      21.340342,
                                                                      45.784073
                                                                  ],
                                                                  [
                                                                      21.274927,
                                                                      45.773466
                                                                  ],
                                                                  [
                                                                      21.264659,
                                                                      45.772006
                                                                  ],
                                                                  [
                                                                      21.252109,
                                                                      45.771743
                                                                  ],
                                                                  [
                                                                      21.236335,
                                                                      45.763515
                                                                  ],
                                                                  [
                                                                      21.233236,
                                                                      45.762857
                                                                  ],
                                                                  [
                                                                      21.22534,
                                                                      45.761905
                                                                  ],
                                                                  [
                                                                      21.223076,
                                                                      45.761366
                                                                  ],
                                                                  [
                                                                      21.221414,
                                                                      45.760582
                                                                  ],
                                                                  [
                                                                      21.219393,
                                                                      45.758796
                                                                  ],
                                                                  [
                                                                      21.2188,
                                                                      45.757179
                                                                  ],
                                                                  [
                                                                      21.218324,
                                                                      45.754653
                                                                  ],
                                                                  [
                                                                      21.217964,
                                                                      45.753656
                                                                  ],
                                                                  [
                                                                      21.216842,
                                                                      45.752453
                                                                  ],
                                                                  [
                                                                      21.215647,
                                                                      45.752165
                                                                  ],
                                                                  [
                                                                      21.20537,
                                                                      45.750673
                                                                  ]
                                                              ],
                                                              [
                                                                  [
                                                                      22.193346,
                                                                      45.418108
                                                                  ],
                                                                  [
                                                                      22.185163,
                                                                      45.444264
                                                                  ],
                                                                  [
                                                                      22.179081,
                                                                      45.46107
                                                                  ],
                                                                  [
                                                                      22.163675,
                                                                      45.484
                                                                  ],
                                                                  [
                                                                      22.16045,
                                                                      45.488138
                                                                  ],
                                                                  [
                                                                      22.159309,
                                                                      45.503062
                                                                  ],
                                                                  [
                                                                      22.149985,
                                                                      45.518787
                                                                  ],
                                                                  [
                                                                      22.136941,
                                                                      45.548425
                                                                  ]
                                                              ]
                                                          ]
                                      }
                     },
                     {
                         "type":  "Feature",
                         "properties":  {
                                            "magistrala":  "M200",
                                            "nr_segmente":  5,
                                            "culoare":  "#F2A93B",
                                            "stroke":  "#F2A93B",
                                            "stroke-width":  3,
                                            "stroke-opacity":  0.95
                                        },
                         "geometry":  {
                                          "type":  "MultiLineString",
                                          "coordinates":  [
                                                              [
                                                                  [
                                                                      25.593155,
                                                                      45.666539
                                                                  ],
                                                                  [
                                                                      25.587873,
                                                                      45.666175
                                                                  ],
                                                                  [
                                                                      25.576941,
                                                                      45.663683
                                                                  ],
                                                                  [
                                                                      25.566951,
                                                                      45.66119
                                                                  ],
                                                                  [
                                                                      25.559109,
                                                                      45.660362
                                                                  ],
                                                                  [
                                                                      25.549605,
                                                                      45.661523
                                                                  ],
                                                                  [
                                                                      25.53772,
                                                                      45.662352
                                                                  ],
                                                                  [
                                                                      25.53154,
                                                                      45.662019
                                                                  ],
                                                                  [
                                                                      25.523931,
                                                                      45.663187
                                                                  ],
                                                                  [
                                                                      25.511813,
                                                                      45.667004
                                                                  ],
                                                                  [
                                                                      25.507537,
                                                                      45.669992
                                                                  ],
                                                                  [
                                                                      25.504447,
                                                                      45.670827
                                                                  ],
                                                                  [
                                                                      25.498024,
                                                                      45.670827
                                                                  ],
                                                                  [
                                                                      25.472592,
                                                                      45.680788
                                                                  ],
                                                                  [
                                                                      25.462136,
                                                                      45.683945
                                                                  ],
                                                                  [
                                                                      25.456198,
                                                                      45.686769
                                                                  ],
                                                                  [
                                                                      25.455479,
                                                                      45.690088
                                                                  ],
                                                                  [
                                                                      25.456432,
                                                                      45.731413
                                                                  ],
                                                                  [
                                                                      25.447161,
                                                                      45.754471
                                                                  ],
                                                                  [
                                                                      25.439552,
                                                                      45.760607
                                                                  ],
                                                                  [
                                                                      25.433614,
                                                                      45.762099
                                                                  ],
                                                                  [
                                                                      25.418397,
                                                                      45.762262
                                                                  ],
                                                                  [
                                                                      25.397251,
                                                                      45.76193
                                                                  ],
                                                                  [
                                                                      25.393208,
                                                                      45.761102
                                                                  ],
                                                                  [
                                                                      25.387504,
                                                                      45.762262
                                                                  ],
                                                                  [
                                                                      25.383228,
                                                                      45.762262
                                                                  ],
                                                                  [
                                                                      25.377757,
                                                                      45.76359
                                                                  ],
                                                                  [
                                                                      25.372053,
                                                                      45.763258
                                                                  ],
                                                                  [
                                                                      25.369439,
                                                                      45.762757
                                                                  ],
                                                                  [
                                                                      25.366349,
                                                                      45.763089
                                                                  ],
                                                                  [
                                                                      25.362073,
                                                                      45.764913
                                                                  ],
                                                                  [
                                                                      25.349469,
                                                                      45.772871
                                                                  ],
                                                                  [
                                                                      25.338537,
                                                                      45.772044
                                                                  ],
                                                                  [
                                                                      25.333075,
                                                                      45.768729
                                                                  ],
                                                                  [
                                                                      25.31501,
                                                                      45.755794
                                                                  ],
                                                                  [
                                                                      25.302892,
                                                                      45.745182
                                                                  ],
                                                                  [
                                                                      25.297654,
                                                                      45.744348
                                                                  ],
                                                                  [
                                                                      25.289336,
                                                                      45.74468
                                                                  ],
                                                                  [
                                                                      25.284826,
                                                                      45.746504
                                                                  ],
                                                                  [
                                                                      25.281018,
                                                                      45.749488
                                                                  ],
                                                                  [
                                                                      25.273175,
                                                                      45.750986
                                                                  ],
                                                                  [
                                                                      25.266285,
                                                                      45.749325
                                                                  ],
                                                                  [
                                                                      25.260814,
                                                                      45.749325
                                                                  ],
                                                                  [
                                                                      25.256781,
                                                                      45.750986
                                                                  ],
                                                                  [
                                                                      25.242749,
                                                                      45.755129
                                                                  ],
                                                                  [
                                                                      25.233488,
                                                                      45.759442
                                                                  ],
                                                                  [
                                                                      25.228017,
                                                                      45.762594
                                                                  ],
                                                                  [
                                                                      25.225403,
                                                                      45.763421
                                                                  ],
                                                                  [
                                                                      25.222079,
                                                                      45.762594
                                                                  ],
                                                                  [
                                                                      25.218037,
                                                                      45.764085
                                                                  ],
                                                                  [
                                                                      25.217318,
                                                                      45.767231
                                                                  ],
                                                                  [
                                                                      25.21518,
                                                                      45.769719
                                                                  ],
                                                                  [
                                                                      25.214946,
                                                                      45.772708
                                                                  ],
                                                                  [
                                                                      25.20829,
                                                                      45.777846
                                                                  ],
                                                                  [
                                                                      25.204724,
                                                                      45.778673
                                                                  ],
                                                                  [
                                                                      25.194267,
                                                                      45.788289
                                                                  ],
                                                                  [
                                                                      25.186425,
                                                                      45.78961
                                                                  ],
                                                                  [
                                                                      25.167641,
                                                                      45.795248
                                                                  ],
                                                                  [
                                                                      25.157185,
                                                                      45.799056
                                                                  ],
                                                                  [
                                                                      25.150295,
                                                                      45.800878
                                                                  ],
                                                                  [
                                                                      25.147681,
                                                                      45.806182
                                                                  ],
                                                                  [
                                                                      25.147914,
                                                                      45.82258
                                                                  ],
                                                                  [
                                                                      25.14459,
                                                                      45.824903
                                                                  ],
                                                                  [
                                                                      25.136506,
                                                                      45.824903
                                                                  ],
                                                                  [
                                                                      25.116779,
                                                                      45.824571
                                                                  ],
                                                                  [
                                                                      25.09539,
                                                                      45.826392
                                                                  ],
                                                                  [
                                                                      25.091347,
                                                                      45.824903
                                                                  ],
                                                                  [
                                                                      25.084215,
                                                                      45.823744
                                                                  ],
                                                                  [
                                                                      25.069716,
                                                                      45.821917
                                                                  ],
                                                                  [
                                                                      25.058307,
                                                                      45.823244
                                                                  ],
                                                                  [
                                                                      25.035733,
                                                                      45.82556
                                                                  ],
                                                                  [
                                                                      25.016006,
                                                                      45.831525
                                                                  ],
                                                                  [
                                                                      25.006969,
                                                                      45.830036
                                                                  ],
                                                                  [
                                                                      24.983918,
                                                                      45.828377
                                                                  ],
                                                                  [
                                                                      24.976785,
                                                                      45.828709
                                                                  ],
                                                                  [
                                                                      24.963715,
                                                                      45.834674
                                                                  ],
                                                                  [
                                                                      24.955872,
                                                                      45.839474
                                                                  ],
                                                                  [
                                                                      24.952306,
                                                                      45.8403
                                                                  ],
                                                                  [
                                                                      24.94565,
                                                                      45.83881
                                                                  ],
                                                                  [
                                                                      24.931384,
                                                                      45.83401
                                                                  ],
                                                                  [
                                                                      24.927584,
                                                                      45.834342
                                                                  ],
                                                                  [
                                                                      24.923542,
                                                                      45.835331
                                                                  ],
                                                                  [
                                                                      24.91808,
                                                                      45.834342
                                                                  ],
                                                                  [
                                                                      24.913086,
                                                                      45.83053
                                                                  ],
                                                                  [
                                                                      24.89502,
                                                                      45.826718
                                                                  ],
                                                                  [
                                                                      24.856752,
                                                                      45.822743
                                                                  ],
                                                                  [
                                                                      24.839639,
                                                                      45.822411
                                                                  ],
                                                                  [
                                                                      24.823479,
                                                                      45.815293
                                                                  ],
                                                                  [
                                                                      24.813732,
                                                                      45.813302
                                                                  ],
                                                                  [
                                                                      24.779273,
                                                                      45.811812
                                                                  ],
                                                                  [
                                                                      24.763112,
                                                                      45.807666
                                                                  ],
                                                                  [
                                                                      24.752655,
                                                                      45.8027
                                                                  ],
                                                                  [
                                                                      24.738866,
                                                                      45.79955
                                                                  ],
                                                                  [
                                                                      24.720325,
                                                                      45.799218
                                                                  ],
                                                                  [
                                                                      24.695846,
                                                                      45.793582
                                                                  ],
                                                                  [
                                                                      24.684195,
                                                                      45.791596
                                                                  ],
                                                                  [
                                                                      24.665663,
                                                                      45.792918
                                                                  ],
                                                                  [
                                                                      24.653059,
                                                                      45.790099
                                                                  ],
                                                                  [
                                                                      24.635003,
                                                                      45.783471
                                                                  ],
                                                                  [
                                                                      24.607191,
                                                                      45.783966
                                                                  ],
                                                                  [
                                                                      24.581041,
                                                                      45.784298
                                                                  ],
                                                                  [
                                                                      24.56179,
                                                                      45.781316
                                                                  ],
                                                                  [
                                                                      24.552996,
                                                                      45.784135
                                                                  ],
                                                                  [
                                                                      24.54801,
                                                                      45.784467
                                                                  ],
                                                                  [
                                                                      24.544444,
                                                                      45.782807
                                                                  ],
                                                                  [
                                                                      24.536835,
                                                                      45.77601
                                                                  ],
                                                                  [
                                                                      24.515922,
                                                                      45.763076
                                                                  ],
                                                                  [
                                                                      24.510928,
                                                                      45.762086
                                                                  ],
                                                                  [
                                                                      24.496195,
                                                                      45.762744
                                                                  ],
                                                                  [
                                                                      24.48122,
                                                                      45.763578
                                                                  ],
                                                                  [
                                                                      24.460065,
                                                                      45.76772
                                                                  ],
                                                                  [
                                                                      24.442719,
                                                                      45.76208
                                                                  ],
                                                                  [
                                                                      24.417045,
                                                                      45.748485
                                                                  ],
                                                                  [
                                                                      24.378543,
                                                                      45.736542
                                                                  ],
                                                                  [
                                                                      24.36523,
                                                                      45.72725
                                                                  ],
                                                                  [
                                                                      24.358816,
                                                                      45.699701
                                                                  ],
                                                                  [
                                                                      24.356436,
                                                                      45.696878
                                                                  ],
                                                                  [
                                                                      24.335047,
                                                                      45.685589
                                                                  ],
                                                                  [
                                                                      24.32079,
                                                                      45.680437
                                                                  ],
                                                                  [
                                                                      24.313891,
                                                                      45.665491
                                                                  ],
                                                                  [
                                                                      24.312939,
                                                                      45.662503
                                                                  ],
                                                                  [
                                                                      24.309849,
                                                                      45.660173
                                                                  ],
                                                                  [
                                                                      24.302483,
                                                                      45.661504
                                                                  ],
                                                                  [
                                                                      24.291317,
                                                                      45.661837
                                                                  ],
                                                                  [
                                                                      24.279432,
                                                                      45.661504
                                                                  ],
                                                                  [
                                                                      24.272066,
                                                                      45.657354
                                                                  ],
                                                                  [
                                                                      24.268499,
                                                                      45.657354
                                                                  ],
                                                                  [
                                                                      24.265643,
                                                                      45.659181
                                                                  ],
                                                                  [
                                                                      24.261367,
                                                                      45.660676
                                                                  ],
                                                                  [
                                                                      24.259229,
                                                                      45.665987
                                                                  ],
                                                                  [
                                                                      24.262319,
                                                                      45.668479
                                                                  ],
                                                                  [
                                                                      24.268733,
                                                                      45.670639
                                                                  ],
                                                                  [
                                                                      24.269209,
                                                                      45.673131
                                                                  ],
                                                                  [
                                                                      24.267305,
                                                                      45.677116
                                                                  ],
                                                                  [
                                                                      24.263738,
                                                                      45.680606
                                                                  ],
                                                                  [
                                                                      24.261843,
                                                                      45.687911
                                                                  ],
                                                                  [
                                                                      24.25162,
                                                                      45.692391
                                                                  ],
                                                                  [
                                                                      24.250192,
                                                                      45.696878
                                                                  ],
                                                                  [
                                                                      24.24544,
                                                                      45.699701
                                                                  ],
                                                                  [
                                                                      24.234031,
                                                                      45.709325
                                                                  ],
                                                                  [
                                                                      24.235217,
                                                                      45.713477
                                                                  ],
                                                                  [
                                                                      24.234031,
                                                                      45.715798
                                                                  ],
                                                                  [
                                                                      24.22856,
                                                                      45.71862
                                                                  ],
                                                                  [
                                                                      24.224284,
                                                                      45.723098
                                                                  ],
                                                                  [
                                                                      24.220961,
                                                                      45.728573
                                                                  ],
                                                                  [
                                                                      24.212876,
                                                                      45.736868
                                                                  ],
                                                                  [
                                                                      24.202895,
                                                                      45.754283
                                                                  ],
                                                                  [
                                                                      24.201467,
                                                                      45.760419
                                                                  ],
                                                                  [
                                                                      24.202895,
                                                                      45.764731
                                                                  ],
                                                                  [
                                                                      24.187202,
                                                                      45.778491
                                                                  ],
                                                                  [
                                                                      24.146086,
                                                                      45.811636
                                                                  ],
                                                                  [
                                                                      24.141091,
                                                                      45.811467
                                                                  ],
                                                                  [
                                                                      24.130878,
                                                                      45.805838
                                                                  ],
                                                                  [
                                                                      24.127069,
                                                                      45.794571
                                                                  ],
                                                                  [
                                                                      24.128973,
                                                                      45.791089
                                                                  ],
                                                                  [
                                                                      24.131111,
                                                                      45.788439
                                                                  ],
                                                                  [
                                                                      24.129449,
                                                                      45.784956
                                                                  ],
                                                                  [
                                                                      24.123502,
                                                                      45.777827
                                                                  ],
                                                                  [
                                                                      24.103542,
                                                                      45.770039
                                                                  ],
                                                                  [
                                                                      24.090229,
                                                                      45.767219
                                                                  ],
                                                                  [
                                                                      24.075496,
                                                                      45.766222
                                                                  ],
                                                                  [
                                                                      24.057665,
                                                                      45.769706
                                                                  ],
                                                                  [
                                                                      24.053865,
                                                                      45.77153
                                                                  ],
                                                                  [
                                                                      24.036995,
                                                                      45.776498
                                                                  ],
                                                                  [
                                                                      24.009892,
                                                                      45.775671
                                                                  ],
                                                                  [
                                                                      24.002526,
                                                                      45.772025
                                                                  ],
                                                                  [
                                                                      23.966639,
                                                                      45.760419
                                                                  ],
                                                                  [
                                                                      23.959982,
                                                                      45.755775
                                                                  ],
                                                                  [
                                                                      23.943345,
                                                                      45.757267
                                                                  ],
                                                                  [
                                                                      23.939303,
                                                                      45.759918
                                                                  ],
                                                                  [
                                                                      23.939303,
                                                                      45.767714
                                                                  ],
                                                                  [
                                                                      23.943579,
                                                                      45.772188
                                                                  ],
                                                                  [
                                                                      23.946669,
                                                                      45.779481
                                                                  ],
                                                                  [
                                                                      23.943579,
                                                                      45.786278
                                                                  ],
                                                                  [
                                                                      23.941917,
                                                                      45.787769
                                                                  ],
                                                                  [
                                                                      23.920528,
                                                                      45.792078
                                                                  ],
                                                                  [
                                                                      23.914824,
                                                                      45.793569
                                                                  ],
                                                                  [
                                                                      23.901511,
                                                                      45.799037
                                                                  ],
                                                                  [
                                                                      23.900082,
                                                                      45.805669
                                                                  ],
                                                                  [
                                                                      23.897235,
                                                                      45.808818
                                                                  ],
                                                                  [
                                                                      23.885107,
                                                                      45.812463
                                                                  ],
                                                                  [
                                                                      23.87917,
                                                                      45.813289
                                                                  ],
                                                                  [
                                                                      23.874175,
                                                                      45.817428
                                                                  ],
                                                                  [
                                                                      23.871327,
                                                                      45.81776
                                                                  ],
                                                                  [
                                                                      23.863009,
                                                                      45.814942
                                                                  ],
                                                                  [
                                                                      23.856586,
                                                                      45.815938
                                                                  ],
                                                                  [
                                                                      23.856586,
                                                                      45.820245
                                                                  ],
                                                                  [
                                                                      23.851834,
                                                                      45.825547
                                                                  ],
                                                                  [
                                                                      23.846606,
                                                                      45.824715
                                                                  ],
                                                                  [
                                                                      23.837811,
                                                                      45.826042
                                                                  ],
                                                                  [
                                                                      23.834487,
                                                                      45.824715
                                                                  ],
                                                                  [
                                                                      23.831631,
                                                                      45.822561
                                                                  ],
                                                                  [
                                                                      23.827355,
                                                                      45.82273
                                                                  ],
                                                                  [
                                                                      23.822836,
                                                                      45.824552
                                                                  ],
                                                                  [
                                                                      23.820465,
                                                                      45.82919
                                                                  ],
                                                                  [
                                                                      23.817608,
                                                                      45.830511
                                                                  ],
                                                                  [
                                                                      23.814994,
                                                                      45.828859
                                                                  ],
                                                                  [
                                                                      23.813566,
                                                                      45.827701
                                                                  ],
                                                                  [
                                                                      23.809523,
                                                                      45.828195
                                                                  ],
                                                                  [
                                                                      23.809047,
                                                                      45.831012
                                                                  ],
                                                                  [
                                                                      23.810475,
                                                                      45.832833
                                                                  ],
                                                                  [
                                                                      23.810475,
                                                                      45.835813
                                                                  ],
                                                                  [
                                                                      23.812856,
                                                                      45.838629
                                                                  ],
                                                                  [
                                                                      23.812856,
                                                                      45.842434
                                                                  ],
                                                                  [
                                                                      23.810475,
                                                                      45.845087
                                                                  ],
                                                                  [
                                                                      23.802876,
                                                                      45.844756
                                                                  ],
                                                                  [
                                                                      23.798115,
                                                                      45.842766
                                                                  ],
                                                                  [
                                                                      23.795024,
                                                                      45.844918
                                                                  ],
                                                                  [
                                                                      23.796695,
                                                                      45.847403
                                                                  ],
                                                                  [
                                                                      23.802867,
                                                                      45.853366
                                                                  ],
                                                                  [
                                                                      23.801681,
                                                                      45.859822
                                                                  ],
                                                                  [
                                                                      23.796929,
                                                                      45.863795
                                                                  ],
                                                                  [
                                                                      23.799067,
                                                                      45.866603
                                                                  ],
                                                                  [
                                                                      23.806199,
                                                                      45.865778
                                                                  ],
                                                                  [
                                                                      23.814042,
                                                                      45.862299
                                                                  ],
                                                                  [
                                                                      23.81856,
                                                                      45.859159
                                                                  ],
                                                                  [
                                                                      23.82545,
                                                                      45.857338
                                                                  ],
                                                                  [
                                                                      23.828541,
                                                                      45.858333
                                                                  ],
                                                                  [
                                                                      23.830445,
                                                                      45.862963
                                                                  ],
                                                                  [
                                                                      23.830445,
                                                                      45.865615
                                                                  ],
                                                                  [
                                                                      23.826636,
                                                                      45.867266
                                                                  ],
                                                                  [
                                                                      23.827112,
                                                                      45.871739
                                                                  ],
                                                                  [
                                                                      23.831388,
                                                                      45.87885
                                                                  ],
                                                                  [
                                                                      23.829969,
                                                                      45.881833
                                                                  ],
                                                                  [
                                                                      23.828064,
                                                                      45.883652
                                                                  ],
                                                                  [
                                                                      23.816889,
                                                                      45.883984
                                                                  ],
                                                                  [
                                                                      23.784568,
                                                                      45.897052
                                                                  ],
                                                                  [
                                                                      23.750342,
                                                                      45.899534
                                                                  ],
                                                                  [
                                                                      23.743452,
                                                                      45.90234
                                                                  ],
                                                                  [
                                                                      23.735601,
                                                                      45.910116
                                                                  ],
                                                                  [
                                                                      23.728953,
                                                                      45.915573
                                                                  ],
                                                                  [
                                                                      23.726573,
                                                                      45.919872
                                                                  ],
                                                                  [
                                                                      23.724668,
                                                                      45.924503
                                                                  ],
                                                                  [
                                                                      23.721821,
                                                                      45.926984
                                                                  ],
                                                                  [
                                                                      23.711598,
                                                                      45.929627
                                                                  ],
                                                                  [
                                                                      23.694485,
                                                                      45.926815
                                                                  ],
                                                                  [
                                                                      23.684738,
                                                                      45.927146
                                                                  ],
                                                                  [
                                                                      23.670958,
                                                                      45.923178
                                                                  ],
                                                                  [
                                                                      23.655983,
                                                                      45.925159
                                                                  ],
                                                                  [
                                                                      23.643146,
                                                                      45.921853
                                                                  ],
                                                                  [
                                                                      23.631738,
                                                                      45.921853
                                                                  ],
                                                                  [
                                                                      23.619853,
                                                                      45.928464
                                                                  ],
                                                                  [
                                                                      23.614391,
                                                                      45.929295
                                                                  ],
                                                                  [
                                                                      23.60274,
                                                                      45.937892
                                                                  ],
                                                                  [
                                                                      23.59656,
                                                                      45.940204
                                                                  ],
                                                                  [
                                                                      23.593236,
                                                                      45.947643
                                                                  ],
                                                                  [
                                                                      23.589903,
                                                                      45.949792
                                                                  ],
                                                                  [
                                                                      23.588241,
                                                                      45.952265
                                                                  ],
                                                                  [
                                                                      23.57968,
                                                                      45.955076
                                                                  ],
                                                                  [
                                                                      23.575171,
                                                                      45.96631
                                                                  ],
                                                                  [
                                                                      23.563286,
                                                                      45.971767
                                                                  ],
                                                                  [
                                                                      23.55592,
                                                                      45.971929
                                                                  ],
                                                                  [
                                                                      23.544502,
                                                                      45.980682
                                                                  ],
                                                                  [
                                                                      23.521451,
                                                                      45.994888
                                                                  ],
                                                                  [
                                                                      23.516699,
                                                                      45.995381
                                                                  ]
                                                              ],
                                                              [
                                                                  [
                                                                      21.577919,
                                                                      46.159567
                                                                  ],
                                                                  [
                                                                      21.558192,
                                                                      46.161378
                                                                  ],
                                                                  [
                                                                      21.491636,
                                                                      46.168129
                                                                  ],
                                                                  [
                                                                      21.342848,
                                                                      46.18261
                                                                  ],
                                                                  [
                                                                      21.33002,
                                                                      46.18409
                                                                  ],
                                                                  [
                                                                      21.326211,
                                                                      46.185738
                                                                  ],
                                                                  [
                                                                      21.319555,
                                                                      46.196925
                                                                  ],
                                                                  [
                                                                      21.322888,
                                                                      46.22439
                                                                  ],
                                                                  [
                                                                      21.303628,
                                                                      46.329531
                                                                  ]
                                                              ],
                                                              [
                                                                  [
                                                                      21.303628,
                                                                      46.329531
                                                                  ],
                                                                  [
                                                                      21.287943,
                                                                      46.354306
                                                                  ],
                                                                  [
                                                                      21.251337,
                                                                      46.409398
                                                                  ]
                                                              ],
                                                              [
                                                                  [
                                                                      23.224073,
                                                                      45.868311
                                                                  ],
                                                                  [
                                                                      23.214371,
                                                                      45.86163
                                                                  ],
                                                                  [
                                                                      23.207715,
                                                                      45.861299
                                                                  ],
                                                                  [
                                                                      23.182041,
                                                                      45.863288
                                                                  ],
                                                                  [
                                                                      23.178717,
                                                                      45.861799
                                                                  ],
                                                                  [
                                                                      23.171827,
                                                                      45.855505
                                                                  ],
                                                                  [
                                                                      23.154948,
                                                                      45.847396
                                                                  ],
                                                                  [
                                                                      23.151624,
                                                                      45.84607
                                                                  ],
                                                                  [
                                                                      23.130702,
                                                                      45.845244
                                                                  ],
                                                                  [
                                                                      23.124998,
                                                                      45.842759
                                                                  ],
                                                                  [
                                                                      23.118584,
                                                                      45.836632
                                                                  ],
                                                                  [
                                                                      23.101705,
                                                                      45.8358
                                                                  ],
                                                                  [
                                                                      23.082696,
                                                                      45.834479
                                                                  ],
                                                                  [
                                                                      23.072716,
                                                                      45.834974
                                                                  ],
                                                                  [
                                                                      23.05298,
                                                                      45.837459
                                                                  ],
                                                                  [
                                                                      23.034681,
                                                                      45.838948
                                                                  ],
                                                                  [
                                                                      23.008064,
                                                                      45.847722
                                                                  ],
                                                                  [
                                                                      22.983109,
                                                                      45.856168
                                                                  ],
                                                                  [
                                                                      22.913939,
                                                                      45.878675
                                                                  ],
                                                                  [
                                                                      22.902288,
                                                                      45.892738
                                                                  ],
                                                                  [
                                                                      22.874009,
                                                                      45.906629
                                                                  ],
                                                                  [
                                                                      22.86331,
                                                                      45.918041
                                                                  ],
                                                                  [
                                                                      22.858324,
                                                                      45.919691
                                                                  ],
                                                                  [
                                                                      22.835498,
                                                                      45.920854
                                                                  ],
                                                                  [
                                                                      22.827422,
                                                                      45.917873
                                                                  ],
                                                                  [
                                                                      22.795101,
                                                                      45.904647
                                                                  ],
                                                                  [
                                                                      22.785588,
                                                                      45.903985
                                                                  ],
                                                                  [
                                                                      22.78345,
                                                                      45.905303
                                                                  ],
                                                                  [
                                                                      22.776793,
                                                                      45.915392
                                                                  ],
                                                                  [
                                                                      22.758728,
                                                                      45.929283
                                                                  ],
                                                                  [
                                                                      22.752071,
                                                                      45.93077
                                                                  ],
                                                                  [
                                                                      22.740663,
                                                                      45.92614
                                                                  ],
                                                                  [
                                                                      22.674592,
                                                                      45.936718
                                                                  ],
                                                                  [
                                                                      22.645828,
                                                                      45.94184
                                                                  ],
                                                                  [
                                                                      22.621349,
                                                                      45.94234
                                                                  ],
                                                                  [
                                                                      22.57928,
                                                                      45.943496
                                                                  ],
                                                                  [
                                                                      22.544345,
                                                                      45.935562
                                                                  ],
                                                                  [
                                                                      22.54006,
                                                                      45.935062
                                                                  ],
                                                                  [
                                                                      22.510119,
                                                                      45.941016
                                                                  ],
                                                                  [
                                                                      22.501082,
                                                                      45.941678
                                                                  ],
                                                                  [
                                                                      22.484445,
                                                                      45.950435
                                                                  ],
                                                                  [
                                                                      22.471608,
                                                                      45.966628
                                                                  ],
                                                                  [
                                                                      22.464952,
                                                                      45.969763
                                                                  ],
                                                                  [
                                                                      22.450453,
                                                                      45.972572
                                                                  ],
                                                                  [
                                                                      22.440706,
                                                                      45.973403
                                                                  ],
                                                                  [
                                                                      22.429774,
                                                                      45.976206
                                                                  ],
                                                                  [
                                                                      22.426926,
                                                                      45.978853
                                                                  ],
                                                                  [
                                                                      22.426926,
                                                                      45.987273
                                                                  ],
                                                                  [
                                                                      22.437383,
                                                                      45.998832
                                                                  ],
                                                                  [
                                                                      22.440473,
                                                                      46.006263
                                                                  ],
                                                                  [
                                                                      22.436906,
                                                                      46.010225
                                                                  ],
                                                                  [
                                                                      22.410523,
                                                                      46.016333
                                                                  ],
                                                                  [
                                                                      22.381292,
                                                                      46.01138
                                                                  ],
                                                                  [
                                                                      22.331848,
                                                                      46.003456
                                                                  ],
                                                                  [
                                                                      22.313074,
                                                                      46.002295
                                                                  ],
                                                                  [
                                                                      22.308322,
                                                                      45.999493
                                                                  ],
                                                                  [
                                                                      22.302375,
                                                                      45.997178
                                                                  ],
                                                                  [
                                                                      22.299294,
                                                                      45.99553
                                                                  ],
                                                                  [
                                                                      22.293589,
                                                                      45.9947
                                                                  ],
                                                                  [
                                                                      22.281938,
                                                                      46.00081
                                                                  ],
                                                                  [
                                                                      22.270763,
                                                                      46.004111
                                                                  ],
                                                                  [
                                                                      22.218005,
                                                                      46.008903
                                                                  ],
                                                                  [
                                                                      22.204926,
                                                                      46.004772
                                                                  ],
                                                                  [
                                                                      22.180923,
                                                                      46.003949
                                                                  ],
                                                                  [
                                                                      22.174266,
                                                                      46.002295
                                                                  ],
                                                                  [
                                                                      22.166666,
                                                                      46.001634
                                                                  ],
                                                                  [
                                                                      22.160962,
                                                                      46.000317
                                                                  ],
                                                                  [
                                                                      22.145268,
                                                                      46.007081
                                                                  ],
                                                                  [
                                                                      22.125308,
                                                                      46.02045
                                                                  ],
                                                                  [
                                                                      22.098924,
                                                                      46.029364
                                                                  ],
                                                                  [
                                                                      22.066836,
                                                                      46.032993
                                                                  ],
                                                                  [
                                                                      22.057799,
                                                                      46.037945
                                                                  ],
                                                                  [
                                                                      22.05709,
                                                                      46.046687
                                                                  ],
                                                                  [
                                                                      22.054233,
                                                                      46.048832
                                                                  ],
                                                                  [
                                                                      22.049247,
                                                                      46.050976
                                                                  ],
                                                                  [
                                                                      22.041639,
                                                                      46.059554
                                                                  ],
                                                                  [
                                                                      22.04021,
                                                                      46.067632
                                                                  ],
                                                                  [
                                                                      22.033554,
                                                                      46.072749
                                                                  ],
                                                                  [
                                                                      22.020726,
                                                                      46.082969
                                                                  ],
                                                                  [
                                                                      22.020007,
                                                                      46.086595
                                                                  ],
                                                                  [
                                                                      22.015731,
                                                                      46.093685
                                                                  ],
                                                                  [
                                                                      22.005275,
                                                                      46.099453
                                                                  ],
                                                                  [
                                                                      21.988872,
                                                                      46.10357
                                                                  ],
                                                                  [
                                                                      21.926367,
                                                                      46.10258
                                                                  ],
                                                                  [
                                                                      21.91353,
                                                                      46.096812
                                                                  ],
                                                                  [
                                                                      21.885718,
                                                                      46.098955
                                                                  ],
                                                                  [
                                                                      21.8774,
                                                                      46.098625
                                                                  ],
                                                                  [
                                                                      21.860053,
                                                                      46.107363
                                                                  ],
                                                                  [
                                                                      21.854349,
                                                                      46.107687
                                                                  ],
                                                                  [
                                                                      21.79992,
                                                                      46.089723
                                                                  ],
                                                                  [
                                                                      21.794683,
                                                                      46.089891
                                                                  ],
                                                                  [
                                                                      21.762128,
                                                                      46.102742
                                                                  ],
                                                                  [
                                                                      21.758319,
                                                                      46.103732
                                                                  ],
                                                                  [
                                                                      21.749767,
                                                                      46.10324
                                                                  ],
                                                                  [
                                                                      21.743111,
                                                                      46.104392
                                                                  ],
                                                                  [
                                                                      21.732412,
                                                                      46.109008
                                                                  ],
                                                                  [
                                                                      21.725522,
                                                                      46.107687
                                                                  ],
                                                                  [
                                                                      21.717913,
                                                                      46.105053
                                                                  ],
                                                                  [
                                                                      21.712451,
                                                                      46.102088
                                                                  ],
                                                                  [
                                                                      21.702228,
                                                                      46.102412
                                                                  ],
                                                                  [
                                                                      21.697234,
                                                                      46.100929
                                                                  ],
                                                                  [
                                                                      21.692248,
                                                                      46.094999
                                                                  ],
                                                                  [
                                                                      21.681073,
                                                                      46.090383
                                                                  ],
                                                                  [
                                                                      21.676563,
                                                                      46.090053
                                                                  ],
                                                                  [
                                                                      21.627363,
                                                                      46.106205
                                                                  ],
                                                                  [
                                                                      21.608821,
                                                                      46.106535
                                                                  ],
                                                                  [
                                                                      21.595751,
                                                                      46.106205
                                                                  ],
                                                                  [
                                                                      21.587666,
                                                                      46.10983
                                                                  ],
                                                                  [
                                                                      21.584809,
                                                                      46.113286
                                                                  ],
                                                                  [
                                                                      21.581243,
                                                                      46.153476
                                                                  ],
                                                                  [
                                                                      21.581243,
                                                                      46.156276
                                                                  ],
                                                                  [
                                                                      21.577919,
                                                                      46.159567
                                                                  ]
                                                              ],
                                                              [
                                                                  [
                                                                      23.557321,
                                                                      46.044436
                                                                  ],
                                                                  [
                                                                      23.544251,
                                                                      46.028447
                                                                  ],
                                                                  [
                                                                      23.516699,
                                                                      45.995381
                                                                  ],
                                                                  [
                                                                      23.481045,
                                                                      45.983822
                                                                  ],
                                                                  [
                                                                      23.471541,
                                                                      45.97771
                                                                  ],
                                                                  [
                                                                      23.447053,
                                                                      45.972092
                                                                  ],
                                                                  [
                                                                      23.41616,
                                                                      45.950285
                                                                  ],
                                                                  [
                                                                      23.384548,
                                                                      45.941028
                                                                  ],
                                                                  [
                                                                      23.368864,
                                                                      45.934088
                                                                  ],
                                                                  [
                                                                      23.309683,
                                                                      45.926809
                                                                  ],
                                                                  [
                                                                      23.253825,
                                                                      45.888774
                                                                  ],
                                                                  [
                                                                      23.224073,
                                                                      45.868311
                                                                  ]
                                                              ]
                                                          ]
                                      }
                     },
                     {
                         "type":  "Feature",
                         "properties":  {
                                            "magistrala":  "M300",
                                            "nr_segmente":  3,
                                            "culoare":  "#F7E04A",
                                            "stroke":  "#F7E04A",
                                            "stroke-width":  3,
                                            "stroke-opacity":  0.95
                                        },
                         "geometry":  {
                                          "type":  "MultiLineString",
                                          "coordinates":  [
                                                              [
                                                                  [
                                                                      25.756792,
                                                                      45.084182
                                                                  ],
                                                                  [
                                                                      25.748627,
                                                                      45.086174
                                                                  ],
                                                                  [
                                                                      25.746246,
                                                                      45.087956
                                                                  ],
                                                                  [
                                                                      25.74506,
                                                                      45.08932
                                                                  ],
                                                                  [
                                                                      25.7455,
                                                                      45.096974
                                                                  ],
                                                                  [
                                                                      25.742976,
                                                                      45.100018
                                                                  ],
                                                                  [
                                                                      25.734218,
                                                                      45.107772
                                                                  ],
                                                                  [
                                                                      25.731541,
                                                                      45.111861
                                                                  ],
                                                                  [
                                                                      25.722926,
                                                                      45.118366
                                                                  ],
                                                                  [
                                                                      25.715344,
                                                                      45.127062
                                                                  ],
                                                                  [
                                                                      25.711041,
                                                                      45.131467
                                                                  ],
                                                                  [
                                                                      25.701384,
                                                                      45.137126
                                                                  ],
                                                                  [
                                                                      25.693515,
                                                                      45.14236
                                                                  ],
                                                                  [
                                                                      25.689499,
                                                                      45.151686
                                                                  ],
                                                                  [
                                                                      25.689796,
                                                                      45.15588
                                                                  ],
                                                                  [
                                                                      25.684002,
                                                                      45.170961
                                                                  ],
                                                                  [
                                                                      25.684451,
                                                                      45.173994
                                                                  ],
                                                                  [
                                                                      25.682367,
                                                                      45.176825
                                                                  ],
                                                                  [
                                                                      25.67925,
                                                                      45.180073
                                                                  ],
                                                                  [
                                                                      25.677318,
                                                                      45.186873
                                                                  ],
                                                                  [
                                                                      25.669593,
                                                                      45.195458
                                                                  ],
                                                                  [
                                                                      25.665281,
                                                                      45.198288
                                                                  ],
                                                                  [
                                                                      25.662316,
                                                                      45.202472
                                                                  ],
                                                                  [
                                                                      25.656962,
                                                                      45.204984
                                                                  ],
                                                                  [
                                                                      25.654294,
                                                                      45.208649
                                                                  ],
                                                                  [
                                                                      25.64612,
                                                                      45.215243
                                                                  ],
                                                                  [
                                                                      25.635717,
                                                                      45.225285
                                                                  ],
                                                                  [
                                                                      25.632897,
                                                                      45.228847
                                                                  ],
                                                                  [
                                                                      25.633049,
                                                                      45.234389
                                                                  ],
                                                                  [
                                                                      25.633642,
                                                                      45.23857
                                                                  ],
                                                                  [
                                                                      25.629034,
                                                                      45.245895
                                                                  ],
                                                                  [
                                                                      25.62889,
                                                                      45.249765
                                                                  ],
                                                                  [
                                                                      25.62651,
                                                                      45.255413
                                                                  ],
                                                                  [
                                                                      25.623096,
                                                                      45.260952
                                                                  ],
                                                                  [
                                                                      25.621901,
                                                                      45.265138
                                                                  ],
                                                                  [
                                                                      25.621901,
                                                                      45.268274
                                                                  ],
                                                                  [
                                                                      25.618784,
                                                                      45.274753
                                                                  ],
                                                                  [
                                                                      25.617742,
                                                                      45.276637
                                                                  ],
                                                                  [
                                                                      25.617005,
                                                                      45.279456
                                                                  ],
                                                                  [
                                                                      25.614921,
                                                                      45.283116
                                                                  ],
                                                                  [
                                                                      25.611355,
                                                                      45.285417
                                                                  ],
                                                                  [
                                                                      25.610169,
                                                                      45.287818
                                                                  ],
                                                                  [
                                                                      25.607196,
                                                                      45.289594
                                                                  ],
                                                                  [
                                                                      25.60363,
                                                                      45.290119
                                                                  ],
                                                                  [
                                                                      25.599767,
                                                                      45.292312
                                                                  ],
                                                                  [
                                                                      25.596353,
                                                                      45.292312
                                                                  ],
                                                                  [
                                                                      25.593829,
                                                                      45.293462
                                                                  ],
                                                                  [
                                                                      25.592347,
                                                                      45.295137
                                                                  ],
                                                                  [
                                                                      25.589221,
                                                                      45.296805
                                                                  ],
                                                                  [
                                                                      25.587145,
                                                                      45.298795
                                                                  ],
                                                                  [
                                                                      25.582985999999998,
                                                                      45.299629
                                                                  ],
                                                                  [
                                                                      25.575701,
                                                                      45.303389
                                                                  ],
                                                                  [
                                                                      25.567239,
                                                                      45.308406
                                                                  ],
                                                                  [
                                                                      25.5659,
                                                                      45.310073
                                                                  ],
                                                                  [
                                                                      25.562927,
                                                                      45.312373
                                                                  ],
                                                                  [
                                                                      25.561741,
                                                                      45.316656
                                                                  ],
                                                                  [
                                                                      25.563376,
                                                                      45.320629
                                                                  ],
                                                                  [
                                                                      25.563223,
                                                                      45.322196
                                                                  ],
                                                                  [
                                                                      25.56263,
                                                                      45.324703
                                                                  ],
                                                                  [
                                                                      25.563672,
                                                                      45.326686
                                                                  ],
                                                                  [
                                                                      25.564113,
                                                                      45.328252
                                                                  ],
                                                                  [
                                                                      25.562487,
                                                                      45.330652
                                                                  ],
                                                                  [
                                                                      25.555201,
                                                                      45.334517
                                                                  ],
                                                                  [
                                                                      25.551635,
                                                                      45.337024
                                                                  ],
                                                                  [
                                                                      25.549111,
                                                                      45.343812
                                                                  ],
                                                                  [
                                                                      25.549704,
                                                                      45.348717
                                                                  ],
                                                                  [
                                                                      25.55283,
                                                                      45.354248
                                                                  ],
                                                                  [
                                                                      25.554761,
                                                                      45.356962
                                                                  ],
                                                                  [
                                                                      25.553566,
                                                                      45.358843
                                                                  ],
                                                                  [
                                                                      25.550898,
                                                                      45.360617
                                                                  ],
                                                                  [
                                                                      25.543469,
                                                                      45.369074
                                                                  ],
                                                                  [
                                                                      25.542131,
                                                                      45.371788
                                                                  ],
                                                                  [
                                                                      25.538268,
                                                                      45.383682
                                                                  ],
                                                                  [
                                                                      25.539903,
                                                                      45.392338
                                                                  ],
                                                                  [
                                                                      25.534549,
                                                                      45.400166
                                                                  ],
                                                                  [
                                                                      25.534109,
                                                                      45.407672
                                                                  ],
                                                                  [
                                                                      25.533956,
                                                                      45.413303
                                                                  ],
                                                                  [
                                                                      25.539005,
                                                                      45.418518
                                                                  ],
                                                                  [
                                                                      25.547629,
                                                                      45.421229
                                                                  ],
                                                                  [
                                                                      25.551491,
                                                                      45.424464
                                                                  ],
                                                                  [
                                                                      25.552228,
                                                                      45.429255
                                                                  ],
                                                                  [
                                                                      25.548069,
                                                                      45.439058
                                                                  ],
                                                                  [
                                                                      25.552381,
                                                                      45.446457
                                                                  ],
                                                                  [
                                                                      25.555642,
                                                                      45.449375
                                                                  ],
                                                                  [
                                                                      25.560546,
                                                                      45.451877
                                                                  ],
                                                                  [
                                                                      25.564265,
                                                                      45.456357
                                                                  ],
                                                                  [
                                                                      25.564113,
                                                                      45.460837
                                                                  ],
                                                                  [
                                                                      25.558768,
                                                                      45.466048
                                                                  ],
                                                                  [
                                                                      25.557869,
                                                                      45.468442
                                                                  ],
                                                                  [
                                                                      25.560995,
                                                                      45.476883
                                                                  ],
                                                                  [
                                                                      25.564409,
                                                                      45.486778
                                                                  ],
                                                                  [
                                                                      25.569907,
                                                                      45.493541
                                                                  ],
                                                                  [
                                                                      25.570949,
                                                                      45.497395
                                                                  ],
                                                                  [
                                                                      25.57332,
                                                                      45.50031
                                                                  ],
                                                                  [
                                                                      25.574955,
                                                                      45.508747
                                                                  ],
                                                                  [
                                                                      25.577776,
                                                                      45.513953
                                                                  ],
                                                                  [
                                                                      25.579707,
                                                                      45.514576
                                                                  ],
                                                                  [
                                                                      25.584019,
                                                                      45.514368
                                                                  ],
                                                                  [
                                                                      25.586544,
                                                                      45.515306
                                                                  ],
                                                                  [
                                                                      25.588178,
                                                                      45.517698
                                                                  ],
                                                                  [
                                                                      25.591296,
                                                                      45.518428
                                                                  ],
                                                                  [
                                                                      25.593523,
                                                                      45.517698
                                                                  ],
                                                                  [
                                                                      25.596641,
                                                                      45.517283
                                                                  ],
                                                                  [
                                                                      25.60036,
                                                                      45.516244
                                                                  ],
                                                                  [
                                                                      25.60734,
                                                                      45.51603
                                                                  ],
                                                                  [
                                                                      25.608822,
                                                                      45.518013
                                                                  ],
                                                                  [
                                                                      25.608085,
                                                                      45.519781
                                                                  ],
                                                                  [
                                                                      25.605408,
                                                                      45.520927
                                                                  ],
                                                                  [
                                                                      25.600063,
                                                                      45.520298
                                                                  ],
                                                                  [
                                                                      25.597539,
                                                                      45.519366
                                                                  ],
                                                                  [
                                                                      25.581046,
                                                                      45.523526
                                                                  ],
                                                                  [
                                                                      25.57659,
                                                                      45.523319
                                                                  ],
                                                                  [
                                                                      25.574066,
                                                                      45.523942
                                                                  ],
                                                                  [
                                                                      25.57332,
                                                                      45.526126
                                                                  ],
                                                                  [
                                                                      25.574803,
                                                                      45.529562
                                                                  ],
                                                                  [
                                                                      25.578369,
                                                                      45.533413
                                                                  ],
                                                                  [
                                                                      25.583274,
                                                                      45.536226
                                                                  ],
                                                                  [
                                                                      25.586687,
                                                                      45.539863
                                                                  ],
                                                                  [
                                                                      25.586391,
                                                                      45.542153
                                                                  ],
                                                                  [
                                                                      25.58684,
                                                                      45.544235
                                                                  ],
                                                                  [
                                                                      25.585951,
                                                                      45.549331
                                                                  ],
                                                                  [
                                                                      25.58684,
                                                                      45.552766
                                                                  ],
                                                                  [
                                                                      25.590846,
                                                                      45.555993
                                                                  ],
                                                                  [
                                                                      25.594709,
                                                                      45.559628
                                                                  ],
                                                                  [
                                                                      25.600656,
                                                                      45.563062
                                                                  ],
                                                                  [
                                                                      25.60318,
                                                                      45.565245
                                                                  ],
                                                                  [
                                                                      25.605705,
                                                                      45.566911
                                                                  ],
                                                                  [
                                                                      25.607932,
                                                                      45.571489
                                                                  ],
                                                                  [
                                                                      25.612244,
                                                                      45.573149
                                                                  ],
                                                                  [
                                                                      25.615362,
                                                                      45.577205
                                                                  ],
                                                                  [
                                                                      25.617589,
                                                                      45.578972
                                                                  ],
                                                                  [
                                                                      25.621156,
                                                                      45.584071
                                                                  ],
                                                                  [
                                                                      25.623976,
                                                                      45.58729
                                                                  ],
                                                                  [
                                                                      25.62695,
                                                                      45.588333
                                                                  ],
                                                                  [
                                                                      25.634523,
                                                                      45.595292
                                                                  ],
                                                                  [
                                                                      25.644476,
                                                                      45.600698
                                                                  ],
                                                                  [
                                                                      25.652201,
                                                                      45.606938
                                                                  ],
                                                                  [
                                                                      25.656361,
                                                                      45.6113
                                                                  ],
                                                                  [
                                                                      25.655911,
                                                                      45.613794
                                                                  ],
                                                                  [
                                                                      25.651609,
                                                                      45.620027
                                                                  ],
                                                                  [
                                                                      25.644772,
                                                                      45.630732
                                                                  ],
                                                                  [
                                                                      25.628279,
                                                                      45.658874
                                                                  ],
                                                                  [
                                                                      25.625459,
                                                                      45.660431
                                                                  ],
                                                                  [
                                                                      25.619072,
                                                                      45.660638
                                                                  ],
                                                                  [
                                                                      25.612092,
                                                                      45.661573
                                                                  ],
                                                                  [
                                                                      25.601393,
                                                                      45.662609
                                                                  ],
                                                                  [
                                                                      25.597386,
                                                                      45.663231
                                                                  ],
                                                                  [
                                                                      25.589957,
                                                                      45.669044
                                                                  ],
                                                                  [
                                                                      25.589957,
                                                                      45.674863
                                                                  ],
                                                                  [
                                                                      25.592778,
                                                                      45.692191
                                                                  ],
                                                                  [
                                                                      25.610987,
                                                                      45.815906
                                                                  ],
                                                                  [
                                                                      25.609082,
                                                                      45.819719
                                                                  ],
                                                                  [
                                                                      25.605282,
                                                                      45.821704
                                                                  ],
                                                                  [
                                                                      25.596964,
                                                                      45.823857
                                                                  ],
                                                                  [
                                                                      25.58817,
                                                                      45.824853
                                                                  ],
                                                                  [
                                                                      25.578656,
                                                                      45.826674
                                                                  ],
                                                                  [
                                                                      25.572009,
                                                                      45.828164
                                                                  ],
                                                                  [
                                                                      25.567966,
                                                                      45.830818
                                                                  ],
                                                                  [
                                                                      25.561786,
                                                                      45.840919
                                                                  ],
                                                                  [
                                                                      25.544907,
                                                                      45.867404
                                                                  ],
                                                                  [
                                                                      25.536588,
                                                                      45.889574
                                                                  ],
                                                                  [
                                                                      25.537774,
                                                                      45.893544
                                                                  ],
                                                                  [
                                                                      25.541583,
                                                                      45.897183
                                                                  ],
                                                                  [
                                                                      25.544907,
                                                                      45.89884
                                                                  ],
                                                                  [
                                                                      25.546092,
                                                                      45.901984
                                                                  ],
                                                                  [
                                                                      25.543721,
                                                                      45.916204
                                                                  ],
                                                                  [
                                                                      25.53754,
                                                                      45.929433
                                                                  ],
                                                                  [
                                                                      25.532546,
                                                                      45.939517
                                                                  ],
                                                                  [
                                                                      25.532788,
                                                                      45.945301
                                                                  ],
                                                                  [
                                                                      25.53587,
                                                                      45.958854
                                                                  ],
                                                                  [
                                                                      25.534208,
                                                                      45.97025
                                                                  ],
                                                                  [
                                                                      25.538017,
                                                                      45.97884
                                                                  ],
                                                                  [
                                                                      25.537774,
                                                                      45.981812
                                                                  ],
                                                                  [
                                                                      25.539436,
                                                                      45.984789
                                                                  ],
                                                                  [
                                                                      25.540631,
                                                                      45.994201
                                                                  ],
                                                                  [
                                                                      25.541816,
                                                                      45.997172
                                                                  ],
                                                                  [
                                                                      25.544431,
                                                                      45.998326
                                                                  ],
                                                                  [
                                                                      25.552273,
                                                                      46.000142
                                                                  ],
                                                                  [
                                                                      25.556073,
                                                                      46.001297
                                                                  ],
                                                                  [
                                                                      25.557744,
                                                                      46.003119
                                                                  ],
                                                                  [
                                                                      25.56202,
                                                                      46.017974
                                                                  ],
                                                                  [
                                                                      25.562253,
                                                                      46.030517
                                                                  ],
                                                                  [
                                                                      25.560825,
                                                                      46.033155
                                                                  ],
                                                                  [
                                                                      25.557025,
                                                                      46.037777
                                                                  ],
                                                                  [
                                                                      25.557025,
                                                                      46.043551
                                                                  ],
                                                                  [
                                                                      25.554644,
                                                                      46.046357
                                                                  ],
                                                                  [
                                                                      25.548707,
                                                                      46.04784
                                                                  ],
                                                                  [
                                                                      25.541816,
                                                                      46.047342
                                                                  ],
                                                                  [
                                                                      25.534208,
                                                                      46.047011
                                                                  ],
                                                                  [
                                                                      25.526365,
                                                                      46.048501
                                                                  ],
                                                                  [
                                                                      25.517804,
                                                                      46.04784
                                                                  ],
                                                                  [
                                                                      25.507115,
                                                                      46.043052
                                                                  ],
                                                                  [
                                                                      25.492373,
                                                                      46.036947
                                                                  ],
                                                                  [
                                                                      25.486193,
                                                                      46.035962
                                                                  ],
                                                                  [
                                                                      25.479303,
                                                                      46.032332
                                                                  ],
                                                                  [
                                                                      25.471936,
                                                                      46.030349
                                                                  ],
                                                                  [
                                                                      25.46219,
                                                                      46.029027
                                                                  ],
                                                                  [
                                                                      25.458866,
                                                                      46.025066
                                                                  ],
                                                                  [
                                                                      25.453638,
                                                                      46.025565
                                                                  ],
                                                                  [
                                                                      25.450305,
                                                                      46.02705
                                                                  ],
                                                                  [
                                                                      25.431288,
                                                                      46.021436
                                                                  ],
                                                                  [
                                                                      25.403009,
                                                                      46.022097
                                                                  ],
                                                                  [
                                                                      25.39849,
                                                                      46.023419
                                                                  ],
                                                                  [
                                                                      25.394214,
                                                                      46.026551
                                                                  ],
                                                                  [
                                                                      25.362836,
                                                                      46.030511
                                                                  ],
                                                                  [
                                                                      25.351194,
                                                                      46.021766
                                                                  ],
                                                                  [
                                                                      25.349532,
                                                                      46.013676
                                                                  ],
                                                                  [
                                                                      25.346442,
                                                                      46.012191
                                                                  ],
                                                                  [
                                                                      25.343585,
                                                                      46.012358999999996
                                                                  ],
                                                                  [
                                                                      25.340738,
                                                                      46.016152
                                                                  ],
                                                                  [
                                                                      25.335267,
                                                                      46.018467
                                                                  ],
                                                                  [
                                                                      25.325287,
                                                                      46.013014
                                                                  ],
                                                                  [
                                                                      25.293908,
                                                                      46.006251
                                                                  ],
                                                                  [
                                                                      25.288923,
                                                                      46.006251
                                                                  ],
                                                                  [
                                                                      25.280838,
                                                                      46.008722
                                                                  ],
                                                                  [
                                                                      25.2749,
                                                                      46.012852
                                                                  ],
                                                                  [
                                                                      25.285356,
                                                                      46.039915
                                                                  ],
                                                                  [
                                                                      25.28488,
                                                                      46.043214
                                                                  ],
                                                                  [
                                                                      25.272996,
                                                                      46.062353
                                                                  ],
                                                                  [
                                                                      25.267767,
                                                                      46.097304
                                                                  ],
                                                                  [
                                                                      25.265863,
                                                                      46.100107
                                                                  ],
                                                                  [
                                                                      25.25493,
                                                                      46.105875
                                                                  ],
                                                                  [
                                                                      25.248031,
                                                                      46.107687
                                                                  ],
                                                                  [
                                                                      25.231395,
                                                                      46.116418
                                                                  ],
                                                                  [
                                                                      25.223795,
                                                                      46.11823
                                                                  ],
                                                                  [
                                                                      25.216896,
                                                                      46.122676
                                                                  ],
                                                                  [
                                                                      25.21642,
                                                                      46.126798
                                                                  ],
                                                                  [
                                                                      25.213572,
                                                                      46.129101
                                                                  ],
                                                                  [
                                                                      25.202873,
                                                                      46.136516
                                                                  ],
                                                                  [
                                                                      25.196935,
                                                                      46.140468
                                                                  ],
                                                                  [
                                                                      25.190755,
                                                                      46.149854
                                                                  ],
                                                                  [
                                                                      25.182194,
                                                                      46.153967
                                                                  ],
                                                                  [
                                                                      25.174118,
                                                                      46.156935
                                                                  ],
                                                                  [
                                                                      25.167695,
                                                                      46.158248
                                                                  ],
                                                                  [
                                                                      25.157005,
                                                                      46.16681
                                                                  ],
                                                                  [
                                                                      25.153196,
                                                                      46.168458
                                                                  ],
                                                                  [
                                                                      25.15201,
                                                                      46.17257
                                                                  ],
                                                                  [
                                                                      25.154625,
                                                                      46.175531
                                                                  ],
                                                                  [
                                                                      25.15272,
                                                                      46.177509
                                                                  ],
                                                                  [
                                                                      25.141788,
                                                                      46.181291
                                                                  ],
                                                                  [
                                                                      25.137269,
                                                                      46.18195
                                                                  ],
                                                                  [
                                                                      25.132517,
                                                                      46.185738
                                                                  ],
                                                                  [
                                                                      25.128717,
                                                                      46.186229
                                                                  ],
                                                                  [
                                                                      25.121351,
                                                                      46.185079
                                                                  ],
                                                                  [
                                                                      25.1059,
                                                                      46.18409
                                                                  ],
                                                                  [
                                                                      25.089263,
                                                                      46.18195
                                                                  ],
                                                                  [
                                                                      25.079993,
                                                                      46.183928
                                                                  ],
                                                                  [
                                                                      25.077136,
                                                                      46.186889
                                                                  ],
                                                                  [
                                                                      25.069294,
                                                                      46.189687
                                                                  ],
                                                                  [
                                                                      25.063589,
                                                                      46.190508
                                                                  ],
                                                                  [
                                                                      25.053609,
                                                                      46.194948
                                                                  ],
                                                                  [
                                                                      25.036972,
                                                                      46.199226
                                                                  ],
                                                                  [
                                                                      25.030316,
                                                                      46.204492
                                                                  ],
                                                                  [
                                                                      25.020335,
                                                                      46.205804
                                                                  ],
                                                                  [
                                                                      25.012493,
                                                                      46.212878
                                                                  ],
                                                                  [
                                                                      24.99918,
                                                                      46.220443
                                                                  ],
                                                                  [
                                                                      24.993,
                                                                      46.228336
                                                                  ],
                                                                  [
                                                                      24.988957,
                                                                      46.229815
                                                                  ],
                                                                  [
                                                                      24.981591,
                                                                      46.227186
                                                                  ],
                                                                  [
                                                                      24.97612,
                                                                      46.228995
                                                                  ],
                                                                  [
                                                                      24.955441,
                                                                      46.242478
                                                                  ],
                                                                  [
                                                                      24.946413,
                                                                      46.24264
                                                                  ],
                                                                  [
                                                                      24.935481,
                                                                      46.241652
                                                                  ],
                                                                  [
                                                                      24.921934,
                                                                      46.242801
                                                                  ],
                                                                  [
                                                                      24.896736,
                                                                      46.243957
                                                                  ],
                                                                  [
                                                                      24.88699,
                                                                      46.24264
                                                                  ],
                                                                  [
                                                                      24.879866,
                                                                      46.240011
                                                                  ],
                                                                  [
                                                                      24.834222,
                                                                      46.235078
                                                                  ],
                                                                  [
                                                                      24.825194,
                                                                      46.233922
                                                                  ],
                                                                  [
                                                                      24.816642,
                                                                      46.229976
                                                                  ],
                                                                  [
                                                                      24.808081,
                                                                      46.227677
                                                                  ],
                                                                  [
                                                                      24.795487,
                                                                      46.22603
                                                                  ],
                                                                  [
                                                                      24.789307,
                                                                      46.225378
                                                                  ],
                                                                  [
                                                                      24.78336,
                                                                      46.223563
                                                                  ],
                                                                  [
                                                                      24.779794,
                                                                      46.224222
                                                                  ],
                                                                  [
                                                                      24.779084,
                                                                      46.228168
                                                                  ],
                                                                  [
                                                                      24.779084,
                                                                      46.230803
                                                                  ],
                                                                  [
                                                                      24.775759999999998,
                                                                      46.231623
                                                                  ],
                                                                  [
                                                                      24.768861,
                                                                      46.230474
                                                                  ],
                                                                  [
                                                                      24.765771,
                                                                      46.232773
                                                                  ],
                                                                  [
                                                                      24.764585,
                                                                      46.238694
                                                                  ],
                                                                  [
                                                                      24.762681,
                                                                      46.241322
                                                                  ],
                                                                  [
                                                                      24.757452,
                                                                      46.242969
                                                                  ],
                                                                  [
                                                                      24.740816,
                                                                      46.241484
                                                                  ],
                                                                  [
                                                                      24.735111,
                                                                      46.239347
                                                                  ],
                                                                  [
                                                                      24.724889,
                                                                      46.228827
                                                                  ],
                                                                  [
                                                                      24.71966,
                                                                      46.226527
                                                                  ],
                                                                  [
                                                                      24.700652,
                                                                      46.224551
                                                                  ],
                                                                  [
                                                                      24.678544,
                                                                      46.222904
                                                                  ],
                                                                  [
                                                                      24.65288,
                                                                      46.220605
                                                                  ],
                                                                  [
                                                                      24.616507,
                                                                      46.219784
                                                                  ],
                                                                  [
                                                                      24.59678,
                                                                      46.219616
                                                                  ],
                                                                  [
                                                                      24.58989,
                                                                      46.21764
                                                                  ],
                                                                  [
                                                                      24.553283,
                                                                      46.215178
                                                                  ],
                                                                  [
                                                                      24.547345,
                                                                      46.21419
                                                                  ],
                                                                  [
                                                                      24.530942,
                                                                      46.209086
                                                                  ],
                                                                  [
                                                                      24.507415,
                                                                      46.204648
                                                                  ],
                                                                  [
                                                                      24.488164,
                                                                      46.202179
                                                                  ],
                                                                  [
                                                                      24.466299,
                                                                      46.194612
                                                                  ],
                                                                  [
                                                                      24.419946,
                                                                      46.174536
                                                                  ],
                                                                  [
                                                                      24.408062,
                                                                      46.174866
                                                                  ],
                                                                  [
                                                                      24.397129,
                                                                      46.173217
                                                                  ],
                                                                  [
                                                                      24.382397,
                                                                      46.173056
                                                                  ],
                                                                  [
                                                                      24.366703,
                                                                      46.166797
                                                                  ],
                                                                  [
                                                                      24.363622,
                                                                      46.164166
                                                                  ],
                                                                  [
                                                                      24.332954,
                                                                      46.156263
                                                                  ],
                                                                  [
                                                                      24.327725,
                                                                      46.153463
                                                                  ],
                                                                  [
                                                                      24.304675,
                                                                      46.136503
                                                                  ],
                                                                  [
                                                                      24.298494,
                                                                      46.134524
                                                                  ],
                                                                  [
                                                                      24.296114,
                                                                      46.13288
                                                                  ],
                                                                  [
                                                                      24.2935,
                                                                      46.129089
                                                                  ],
                                                                  [
                                                                      24.284948,
                                                                      46.126785
                                                                  ],
                                                                  [
                                                                      24.277105,
                                                                      46.122334
                                                                  ],
                                                                  [
                                                                      24.254764,
                                                                      46.11871
                                                                  ],
                                                                  [
                                                                      24.227186,
                                                                      46.113934
                                                                  ],
                                                                  [
                                                                      24.219586,
                                                                      46.113934
                                                                  ],
                                                                  [
                                                                      24.162543,
                                                                      46.108161
                                                                  ],
                                                                  [
                                                                      24.152554,
                                                                      46.106018
                                                                  ],
                                                                  [
                                                                      24.142097,
                                                                      46.100911
                                                                  ],
                                                                  [
                                                                      24.105976,
                                                                      46.087723
                                                                  ],
                                                                  [
                                                                      24.086959,
                                                                      46.085255
                                                                  ],
                                                                  [
                                                                      24.07008,
                                                                      46.087561
                                                                  ],
                                                                  [
                                                                      24.065327,
                                                                      46.089866
                                                                  ],
                                                                  [
                                                                      24.055581,
                                                                      46.096793
                                                                  ],
                                                                  [
                                                                      24.038944,
                                                                      46.114587
                                                                  ],
                                                                  [
                                                                      24.03562,
                                                                      46.11772
                                                                  ],
                                                                  [
                                                                      24.020645,
                                                                      46.123486
                                                                  ],
                                                                  [
                                                                      24.011375,
                                                                      46.131062
                                                                  ],
                                                                  [
                                                                      23.989986,
                                                                      46.13979
                                                                  ],
                                                                  [
                                                                      23.97334,
                                                                      46.145223
                                                                  ],
                                                                  [
                                                                      23.965974,
                                                                      46.147203
                                                                  ],
                                                                  [
                                                                      23.961222,
                                                                      46.149505
                                                                  ],
                                                                  [
                                                                      23.94958,
                                                                      46.158889
                                                                  ],
                                                                  [
                                                                      23.941728,
                                                                      46.169429
                                                                  ],
                                                                  [
                                                                      23.934362,
                                                                      46.17486
                                                                  ],
                                                                  [
                                                                      23.916063,
                                                                      46.177982
                                                                  ],
                                                                  [
                                                                      23.909407,
                                                                      46.176831
                                                                  ],
                                                                  [
                                                                      23.899184,
                                                                      46.172881
                                                                  ],
                                                                  [
                                                                      23.895142,
                                                                      46.171892
                                                                  ],
                                                                  [
                                                                      23.873995,
                                                                      46.170412
                                                                  ],
                                                                  [
                                                                      23.842141,
                                                                      46.17272
                                                                  ],
                                                                  [
                                                                      23.836203,
                                                                      46.172881
                                                                  ],
                                                                  [
                                                                      23.798411,
                                                                      46.183412
                                                                  ],
                                                                  [
                                                                      23.780822,
                                                                      46.187361
                                                                  ],
                                                                  [
                                                                      23.774399,
                                                                      46.18835
                                                                  ],
                                                                  [
                                                                      23.766323,
                                                                      46.186702
                                                                  ],
                                                                  [
                                                                      23.759433,
                                                                      46.182753
                                                                  ],
                                                                  [
                                                                      23.754672,
                                                                      46.181932
                                                                  ],
                                                                  [
                                                                      23.735664,
                                                                      46.183082
                                                                  ],
                                                                  [
                                                                      23.728531,
                                                                      46.180781
                                                                  ],
                                                                  [
                                                                      23.718075,
                                                                      46.176334
                                                                  ],
                                                                  [
                                                                      23.699767,
                                                                      46.172552
                                                                  ],
                                                                  [
                                                                      23.696677,
                                                                      46.172552
                                                                  ],
                                                                  [
                                                                      23.683373,
                                                                      46.177323
                                                                  ],
                                                                  [
                                                                      23.681235,
                                                                      46.181272
                                                                  ],
                                                                  [
                                                                      23.687173,
                                                                      46.19016
                                                                  ],
                                                                  [
                                                                      23.691215,
                                                                      46.216316
                                                                  ],
                                                                  [
                                                                      23.697395,
                                                                      46.261026
                                                                  ],
                                                                  [
                                                                      23.697629,
                                                                      46.268423
                                                                  ],
                                                                  [
                                                                      23.697153,
                                                                      46.274173
                                                                  ],
                                                                  [
                                                                      23.701195,
                                                                      46.278116
                                                                  ],
                                                                  [
                                                                      23.731855,
                                                                      46.305216
                                                                  ],
                                                                  [
                                                                      23.733759,
                                                                      46.308009
                                                                  ],
                                                                  [
                                                                      23.733041,
                                                                      46.316547
                                                                  ],
                                                                  [
                                                                      23.720922,
                                                                      46.329841
                                                                  ],
                                                                  [
                                                                      23.705705,
                                                                      46.346903
                                                                  ],
                                                                  [
                                                                      23.704753,
                                                                      46.350189
                                                                  ],
                                                                  [
                                                                      23.706657,
                                                                      46.352812
                                                                  ],
                                                                  [
                                                                      23.717356,
                                                                      46.360686
                                                                  ],
                                                                  [
                                                                      23.722818,
                                                                      46.362161
                                                                  ],
                                                                  [
                                                                      23.72686,
                                                                      46.36823
                                                                  ],
                                                                  [
                                                                      23.739221,
                                                                      46.371019
                                                                  ],
                                                                  [
                                                                      23.772261,
                                                                      46.379548
                                                                  ],
                                                                  [
                                                                      23.788655,
                                                                      46.38414
                                                                  ],
                                                                  [
                                                                      23.797216,
                                                                      46.389221
                                                                  ],
                                                                  [
                                                                      23.810996,
                                                                      46.392498
                                                                  ],
                                                                  [
                                                                      23.856155,
                                                                      46.403811
                                                                  ],
                                                                  [
                                                                      23.876358,
                                                                      46.408401
                                                                  ],
                                                                  [
                                                                      23.890381,
                                                                      46.418725
                                                                  ],
                                                                  [
                                                                      23.897513,
                                                                      46.423147
                                                                  ],
                                                                  [
                                                                      23.899175,
                                                                      46.429209
                                                                  ],
                                                                  [
                                                                      23.897037,
                                                                      46.434124
                                                                  ],
                                                                  [
                                                                      23.892995,
                                                                      46.438217
                                                                  ],
                                                                  [
                                                                      23.893947,
                                                                      46.444605
                                                                  ],
                                                                  [
                                                                      23.893947,
                                                                      46.450665
                                                                  ],
                                                                  [
                                                                      23.889904,
                                                                      46.454267
                                                                  ],
                                                                  [
                                                                      23.884919,
                                                                      46.460653
                                                                  ],
                                                                  [
                                                                      23.884676,
                                                                      46.464421
                                                                  ],
                                                                  [
                                                                      23.882538,
                                                                      46.469328
                                                                  ],
                                                                  [
                                                                      23.885152,
                                                                      46.47424
                                                                  ],
                                                                  [
                                                                      23.886814,
                                                                      46.482264
                                                                  ],
                                                                  [
                                                                      23.876124,
                                                                      46.497806
                                                                  ],
                                                                  [
                                                                      23.865183,
                                                                      46.514166
                                                                  ],
                                                                  [
                                                                      23.866854,
                                                                      46.518258
                                                                  ],
                                                                  [
                                                                      23.872082,
                                                                      46.519402
                                                                  ],
                                                                  [
                                                                      23.880158,
                                                                      46.526436
                                                                  ],
                                                                  [
                                                                      23.880158,
                                                                      46.53036
                                                                  ],
                                                                  [
                                                                      23.87731,
                                                                      46.544746
                                                                  ],
                                                                  [
                                                                      23.87802,
                                                                      46.556514
                                                                  ],
                                                                  [
                                                                      23.879206,
                                                                      46.565501
                                                                  ],
                                                                  [
                                                                      23.875172,
                                                                      46.569096
                                                                  ],
                                                                  [
                                                                      23.863045,
                                                                      46.577105
                                                                  ],
                                                                  [
                                                                      23.853774,
                                                                      46.597034
                                                                  ],
                                                                  [
                                                                      23.854726,
                                                                      46.599972
                                                                  ],
                                                                  [
                                                                      23.853541,
                                                                      46.604052
                                                                  ],
                                                                  [
                                                                      23.847836,
                                                                      46.605687
                                                                  ],
                                                                  [
                                                                      23.842132,
                                                                      46.611075
                                                                  ],
                                                                  [
                                                                      23.842366,
                                                                      46.617276
                                                                  ],
                                                                  [
                                                                      23.84189,
                                                                      46.621361
                                                                  ],
                                                                  [
                                                                      23.839985,
                                                                      46.624791
                                                                  ],
                                                                  [
                                                                      23.843075,
                                                                      46.633927
                                                                  ],
                                                                  [
                                                                      23.849022,
                                                                      46.63703
                                                                  ],
                                                                  [
                                                                      23.849974,
                                                                      46.640132
                                                                  ],
                                                                  [
                                                                      23.84807,
                                                                      46.644048
                                                                  ],
                                                                  [
                                                                      23.849974,
                                                                      46.646497
                                                                  ],
                                                                  [
                                                                      23.853541,
                                                                      46.646984
                                                                  ],
                                                                  [
                                                                      23.855436,
                                                                      46.648451
                                                                  ],
                                                                  [
                                                                      23.856864,
                                                                      46.652854
                                                                  ],
                                                                  [
                                                                      23.860907,
                                                                      46.65759
                                                                  ],
                                                                  [
                                                                      23.86114,
                                                                      46.659384
                                                                  ],
                                                                  [
                                                                      23.859002,
                                                                      46.663952
                                                                  ],
                                                                  [
                                                                      23.859955,
                                                                      46.66754
                                                                  ],
                                                                  [
                                                                      23.864707,
                                                                      46.670961
                                                                  ],
                                                                  [
                                                                      23.865659,
                                                                      46.673248
                                                                  ],
                                                                  [
                                                                      23.864707,
                                                                      46.675695
                                                                  ],
                                                                  [
                                                                      23.858293,
                                                                      46.677489
                                                                  ],
                                                                  [
                                                                      23.853298,
                                                                      46.682543
                                                                  ],
                                                                  [
                                                                      23.850208,
                                                                      46.685316
                                                                  ],
                                                                  [
                                                                      23.848303,
                                                                      46.685642
                                                                  ],
                                                                  [
                                                                      23.84427,
                                                                      46.685803
                                                                  ],
                                                                  [
                                                                      23.843075,
                                                                      46.686616
                                                                  ],
                                                                  [
                                                                      23.841413,
                                                                      46.688089
                                                                  ],
                                                                  [
                                                                      23.835476,
                                                                      46.689389
                                                                  ],
                                                                  [
                                                                      23.829529,
                                                                      46.691835
                                                                  ],
                                                                  [
                                                                      23.82121,
                                                                      46.692322
                                                                  ],
                                                                  [
                                                                      23.81812,
                                                                      46.694608
                                                                  ],
                                                                  [
                                                                      23.819072,
                                                                      46.697054
                                                                  ],
                                                                  [
                                                                      23.822396,
                                                                      46.697867
                                                                  ],
                                                                  [
                                                                      23.826205,
                                                                      46.697054
                                                                  ],
                                                                  [
                                                                      23.830005,
                                                                      46.695588
                                                                  ],
                                                                  [
                                                                      23.832619,
                                                                      46.695748
                                                                  ],
                                                                  [
                                                                      23.834523,
                                                                      46.697054
                                                                  ],
                                                                  [
                                                                      23.834281,
                                                                      46.700473
                                                                  ],
                                                                  [
                                                                      23.835709,
                                                                      46.702266
                                                                  ],
                                                                  [
                                                                      23.840461,
                                                                      46.703085
                                                                  ],
                                                                  [
                                                                      23.842366,
                                                                      46.703572
                                                                  ],
                                                                  [
                                                                      23.844261,
                                                                      46.704225
                                                                  ],
                                                                  [
                                                                      23.844737,
                                                                      46.706671
                                                                  ],
                                                                  [
                                                                      23.842842,
                                                                      46.708623
                                                                  ],
                                                                  [
                                                                      23.842366,
                                                                      46.711069
                                                                  ],
                                                                  [
                                                                      23.840937,
                                                                      46.713027
                                                                  ],
                                                                  [
                                                                      23.838557,
                                                                      46.714327
                                                                  ],
                                                                  [
                                                                      23.835233,
                                                                      46.714001
                                                                  ],
                                                                  [
                                                                      23.831667,
                                                                      46.716286
                                                                  ],
                                                                  [
                                                                      23.820025,
                                                                      46.716119
                                                                  ],
                                                                  [
                                                                      23.816216,
                                                                      46.718238
                                                                  ],
                                                                  [
                                                                      23.813602,
                                                                      46.71987
                                                                  ],
                                                                  [
                                                                      23.813844,
                                                                      46.723294
                                                                  ],
                                                                  [
                                                                      23.816458,
                                                                      46.725246
                                                                  ],
                                                                  [
                                                                      23.81503,
                                                                      46.729483
                                                                  ],
                                                                  [
                                                                      23.81123,
                                                                      46.73258
                                                                  ],
                                                                  [
                                                                      23.810035,
                                                                      46.736649
                                                                  ],
                                                                  [
                                                                      23.806945,
                                                                      46.737628
                                                                  ],
                                                                  [
                                                                      23.804331,
                                                                      46.736976
                                                                  ],
                                                                  [
                                                                      23.802669,
                                                                      46.735184
                                                                  ],
                                                                  [
                                                                      23.799579,
                                                                      46.735184
                                                                  ],
                                                                  [
                                                                      23.796965,
                                                                      46.736323
                                                                  ],
                                                                  [
                                                                      23.797441,
                                                                      46.738767
                                                                  ],
                                                                  [
                                                                      23.800055,
                                                                      46.740725
                                                                  ],
                                                                  [
                                                                      23.800531,
                                                                      46.744142
                                                                  ],
                                                                  [
                                                                      23.802912,
                                                                      46.745447
                                                                  ],
                                                                  [
                                                                      23.803379,
                                                                      46.747238
                                                                  ],
                                                                  [
                                                                      23.801007,
                                                                      46.751146
                                                                  ],
                                                                  [
                                                                      23.797674,
                                                                      46.752937
                                                                  ],
                                                                  [
                                                                      23.797198,
                                                                      46.755541
                                                                  ],
                                                                  [
                                                                      23.797674,
                                                                      46.75831
                                                                  ],
                                                                  [
                                                                      23.793875,
                                                                      46.762544
                                                                  ],
                                                                  [
                                                                      23.783894,
                                                                      46.770199
                                                                  ],
                                                                  [
                                                                      23.772243,
                                                                      46.774918
                                                                  ],
                                                                  [
                                                                      23.769872,
                                                                      46.779476
                                                                  ],
                                                                  [
                                                                      23.757744,
                                                                      46.783543
                                                                  ],
                                                                  [
                                                                      23.749902,
                                                                      46.79168
                                                                  ],
                                                                  [
                                                                      23.74586,
                                                                      46.793144
                                                                  ],
                                                                  [
                                                                      23.729941,
                                                                      46.787934
                                                                  ],
                                                                  [
                                                                      23.710924,
                                                                      46.782238
                                                                  ],
                                                                  [
                                                                      23.702363,
                                                                      46.780941
                                                                  ],
                                                                  [
                                                                      23.685726,
                                                                      46.779796
                                                                  ],
                                                                  [
                                                                      23.649605,
                                                                      46.77768
                                                                  ],
                                                                  [
                                                                      23.635816,
                                                                      46.783217
                                                                  ],
                                                                  [
                                                                      23.593505,
                                                                      46.785818
                                                                  ],
                                                                  [
                                                                      23.574497,
                                                                      46.782398
                                                                  ],
                                                                  [
                                                                      23.56166,
                                                                      46.780608
                                                                  ],
                                                                  [
                                                                      23.539553,
                                                                      46.780448
                                                                  ],
                                                                  [
                                                                      23.531944,
                                                                      46.782564
                                                                  ],
                                                                  [
                                                                      23.515307,
                                                                      46.794608
                                                                  ],
                                                                  [
                                                                      23.512217,
                                                                      46.795259
                                                                  ],
                                                                  [
                                                                      23.509127,
                                                                      46.796557
                                                                  ],
                                                                  [
                                                                      23.505093,
                                                                      46.796723
                                                                  ],
                                                                  [
                                                                      23.500332,
                                                                      46.798021
                                                                  ],
                                                                  [
                                                                      23.491538,
                                                                      46.795093
                                                                  ],
                                                                  [
                                                                      23.48798,
                                                                      46.795093
                                                                  ],
                                                                  [
                                                                      23.471811,
                                                                      46.801114
                                                                  ],
                                                                  [
                                                                      23.458507,
                                                                      46.801114
                                                                  ],
                                                                  [
                                                                      23.455174,
                                                                      46.801926
                                                                  ],
                                                                  [
                                                                      23.449712,
                                                                      46.805019
                                                                  ],
                                                                  [
                                                                      23.436875,
                                                                      46.80746
                                                                  ],
                                                                  [
                                                                      23.43188,
                                                                      46.807134
                                                                  ],
                                                                  [
                                                                      23.426419,
                                                                      46.808597
                                                                  ],
                                                                  [
                                                                      23.423562,
                                                                      46.814942
                                                                  ],
                                                                  [
                                                                      23.419762,
                                                                      46.816731
                                                                  ],
                                                                  [
                                                                      23.414291,
                                                                      46.815753
                                                                  ],
                                                                  [
                                                                      23.406449,
                                                                      46.812015
                                                                  ],
                                                                  [
                                                                      23.393855,
                                                                      46.810712
                                                                  ],
                                                                  [
                                                                      23.388627,
                                                                      46.812015
                                                                  ],
                                                                  [
                                                                      23.379356,
                                                                      46.815913
                                                                  ],
                                                                  [
                                                                      23.37508,
                                                                      46.818679
                                                                  ],
                                                                  [
                                                                      23.373409,
                                                                      46.82096
                                                                  ],
                                                                  [
                                                                      23.358677,
                                                                      46.829252
                                                                  ],
                                                                  [
                                                                      23.350834,
                                                                      46.835594
                                                                  ],
                                                                  [
                                                                      23.343226,
                                                                      46.837382
                                                                  ],
                                                                  [
                                                                      23.326822,
                                                                      46.846974
                                                                  ],
                                                                  [
                                                                      23.321118,
                                                                      46.846974
                                                                  ],
                                                                  [
                                                                      23.318028,
                                                                      46.846163
                                                                  ],
                                                                  [
                                                                      23.30829,
                                                                      46.847951
                                                                  ],
                                                                  [
                                                                      23.29902,
                                                                      46.859979
                                                                  ],
                                                                  [
                                                                      23.292839,
                                                                      46.863388
                                                                  ],
                                                                  [
                                                                      23.283569,
                                                                      46.864039
                                                                  ],
                                                                  [
                                                                      23.27525,
                                                                      46.865667
                                                                  ],
                                                                  [
                                                                      23.268118,
                                                                      46.86875
                                                                  ],
                                                                  [
                                                                      23.259799,
                                                                      46.868099
                                                                  ],
                                                                  [
                                                                      23.243162,
                                                                      46.873952
                                                                  ],
                                                                  [
                                                                      23.235554,
                                                                      46.876224
                                                                  ],
                                                                  [
                                                                      23.230802,
                                                                      46.875739
                                                                  ],
                                                                  [
                                                                      23.228664,
                                                                      46.872816
                                                                  ],
                                                                  [
                                                                      23.226049,
                                                                      46.871673
                                                                  ],
                                                                  [
                                                                      23.220821,
                                                                      46.87346
                                                                  ],
                                                                  [
                                                                      23.19539,
                                                                      46.869235
                                                                  ],
                                                                  [
                                                                      23.185167,
                                                                      46.872165
                                                                  ],
                                                                  [
                                                                      23.179939,
                                                                      46.87639
                                                                  ],
                                                                  [
                                                                      23.173992,
                                                                      46.879312
                                                                  ],
                                                                  [
                                                                      23.168288,
                                                                      46.880123
                                                                  ],
                                                                  [
                                                                      23.156403,
                                                                      46.878502
                                                                  ],
                                                                  [
                                                                      23.154508,
                                                                      46.876064
                                                                  ],
                                                                  [
                                                                      23.150465,
                                                                      46.874277
                                                                  ],
                                                                  [
                                                                      23.145713,
                                                                      46.873626
                                                                  ],
                                                                  [
                                                                      23.144285,
                                                                      46.872165
                                                                  ],
                                                                  [
                                                                      23.141671,
                                                                      46.870863
                                                                  ],
                                                                  [
                                                                      23.134538,
                                                                      46.873301
                                                                  ],
                                                                  [
                                                                      23.127414,
                                                                      46.872165
                                                                  ],
                                                                  [
                                                                      23.120758,
                                                                      46.871348
                                                                  ],
                                                                  [
                                                                      23.117425,
                                                                      46.86891
                                                                  ],
                                                                  [
                                                                      23.117425,
                                                                      46.866797
                                                                  ],
                                                                  [
                                                                      23.11553,
                                                                      46.864365
                                                                  ],
                                                                  [
                                                                      23.111011,
                                                                      46.86501
                                                                  ],
                                                                  [
                                                                      23.106969,
                                                                      46.864039
                                                                  ],
                                                                  [
                                                                      23.102217,
                                                                      46.864525
                                                                  ],
                                                                  [
                                                                      23.100555,
                                                                      46.867448
                                                                  ],
                                                                  [
                                                                      23.095327,
                                                                      46.867774
                                                                  ],
                                                                  [
                                                                      23.09247,
                                                                      46.865661
                                                                  ],
                                                                  [
                                                                      23.090808,
                                                                      46.862737
                                                                  ],
                                                                  [
                                                                      23.086056,
                                                                      46.861926
                                                                  ],
                                                                  [
                                                                      23.079633,
                                                                      46.861926
                                                                  ],
                                                                  [
                                                                      23.070605,
                                                                      46.861601
                                                                  ],
                                                                  [
                                                                      23.063948,
                                                                      46.859322
                                                                  ],
                                                                  [
                                                                      23.059196,
                                                                      46.859322
                                                                  ],
                                                                  [
                                                                      23.038993,
                                                                      46.863874
                                                                  ],
                                                                  [
                                                                      23.017128,
                                                                      46.870697
                                                                  ],
                                                                  [
                                                                      23.013086,
                                                                      46.870697
                                                                  ],
                                                                  [
                                                                      23.004767,
                                                                      46.870371
                                                                  ],
                                                                  [
                                                                      22.999539,
                                                                      46.872324
                                                                  ],
                                                                  [
                                                                      22.973632,
                                                                      46.873946
                                                                  ],
                                                                  [
                                                                      22.966733,
                                                                      46.872969
                                                                  ],
                                                                  [
                                                                      22.946772,
                                                                      46.875898
                                                                  ],
                                                                  [
                                                                      22.904462,
                                                                      46.882395
                                                                  ],
                                                                  [
                                                                      22.901847,
                                                                      46.884182
                                                                  ],
                                                                  [
                                                                      22.897805,
                                                                      46.884182
                                                                  ],
                                                                  [
                                                                      22.895191,
                                                                      46.883046
                                                                  ],
                                                                  [
                                                                      22.892101,
                                                                      46.884832
                                                                  ],
                                                                  [
                                                                      22.891391,
                                                                      46.887429
                                                                  ],
                                                                  [
                                                                      22.887115,
                                                                      46.890192
                                                                  ],
                                                                  [
                                                                      22.876416,
                                                                      46.893605
                                                                  ],
                                                                  [
                                                                      22.86905,
                                                                      46.895066
                                                                  ],
                                                                  [
                                                                      22.867864,
                                                                      46.897503
                                                                  ],
                                                                  [
                                                                      22.867864,
                                                                      46.899609
                                                                  ],
                                                                  [
                                                                      22.864774,
                                                                      46.904807
                                                                  ],
                                                                  [
                                                                      22.863579,
                                                                      46.909195
                                                                  ],
                                                                  [
                                                                      22.853833,
                                                                      46.919259
                                                                  ],
                                                                  [
                                                                      22.852413,
                                                                      46.925591
                                                                  ],
                                                                  [
                                                                      22.850033,
                                                                      46.931756
                                                                  ],
                                                                  [
                                                                      22.845514,
                                                                      46.933381
                                                                  ],
                                                                  [
                                                                      22.836962,
                                                                      46.935976
                                                                  ],
                                                                  [
                                                                      22.827215,
                                                                      46.934676
                                                                  ],
                                                                  [
                                                                      22.821511,
                                                                      46.934191
                                                                  ],
                                                                  [
                                                                      22.817945,
                                                                      46.936301
                                                                  ],
                                                                  [
                                                                      22.817469,
                                                                      46.943606
                                                                  ],
                                                                  [
                                                                      22.816283,
                                                                      46.945391
                                                                  ],
                                                                  [
                                                                      22.810579,
                                                                      46.948469
                                                                  ],
                                                                  [
                                                                      22.80915,
                                                                      46.953663
                                                                  ],
                                                                  [
                                                                      22.80535,
                                                                      46.957397
                                                                  ],
                                                                  [
                                                                      22.801308,
                                                                      46.957722
                                                                  ],
                                                                  [
                                                                      22.797266,
                                                                      46.956582
                                                                  ],
                                                                  [
                                                                      22.789423,
                                                                      46.956582
                                                                  ],
                                                                  [
                                                                      22.783009,
                                                                      46.954148
                                                                  ],
                                                                  [
                                                                      22.778491,
                                                                      46.950744
                                                                  ],
                                                                  [
                                                                      22.768744,
                                                                      46.950094
                                                                  ],
                                                                  [
                                                                      22.755674,
                                                                      46.952688
                                                                  ],
                                                                  [
                                                                      22.738085,
                                                                      46.958366
                                                                  ],
                                                                  [
                                                                      22.728814,
                                                                      46.9608
                                                                  ],
                                                                  [
                                                                      22.725248,
                                                                      46.961284
                                                                  ],
                                                                  [
                                                                      22.720972,
                                                                      46.959016
                                                                  ],
                                                                  [
                                                                      22.720262,
                                                                      46.956582
                                                                  ],
                                                                  [
                                                                      22.720262,
                                                                      46.951229
                                                                  ],
                                                                  [
                                                                      22.71931,
                                                                      46.94701
                                                                  ],
                                                                  [
                                                                      22.720019,
                                                                      46.94555
                                                                  ],
                                                                  [
                                                                      22.717172,
                                                                      46.943115
                                                                  ],
                                                                  [
                                                                      22.698631,
                                                                      46.94685
                                                                  ],
                                                                  [
                                                                      22.691974,
                                                                      46.94831
                                                                  ],
                                                                  [
                                                                      22.674385,
                                                                      46.948469
                                                                  ],
                                                                  [
                                                                      22.668923,
                                                                      46.947169
                                                                  ],
                                                                  [
                                                                      22.665591,
                                                                      46.941331
                                                                  ],
                                                                  [
                                                                      22.662743,
                                                                      46.935811
                                                                  ],
                                                                  [
                                                                      22.654425,
                                                                      46.928345
                                                                  ],
                                                                  [
                                                                      22.653472,
                                                                      46.925425
                                                                  ],
                                                                  [
                                                                      22.650382,
                                                                      46.924449
                                                                  ],
                                                                  [
                                                                      22.647292,
                                                                      46.925425
                                                                  ],
                                                                  [
                                                                      22.643959,
                                                                      46.928345
                                                                  ],
                                                                  [
                                                                      22.63945,
                                                                      46.929646
                                                                  ],
                                                                  [
                                                                      22.632317,
                                                                      46.929646
                                                                  ],
                                                                  [
                                                                      22.622094,
                                                                      46.921529
                                                                  ],
                                                                  [
                                                                      22.61948,
                                                                      46.920553
                                                                  ],
                                                                  [
                                                                      22.617585,
                                                                      46.920713
                                                                  ],
                                                                  [
                                                                      22.614962,
                                                                      46.923474
                                                                  ],
                                                                  [
                                                                      22.612824,
                                                                      46.925259
                                                                  ],
                                                                  [
                                                                      22.607838,
                                                                      46.926075
                                                                  ],
                                                                  [
                                                                      22.605457,
                                                                      46.92721
                                                                  ],
                                                                  [
                                                                      22.596663,
                                                                      46.929155
                                                                  ],
                                                                  [
                                                                      22.590482,
                                                                      46.92786
                                                                  ],
                                                                  [
                                                                      22.581688,
                                                                      46.928995
                                                                  ],
                                                                  [
                                                                      22.579792,
                                                                      46.93029
                                                                  ],
                                                                  [
                                                                      22.578364,
                                                                      46.9337
                                                                  ],
                                                                  [
                                                                      22.565294,
                                                                      46.937761
                                                                  ],
                                                                  [
                                                                      22.560533,
                                                                      46.93597
                                                                  ],
                                                                  [
                                                                      22.553409,
                                                                      46.936945
                                                                  ],
                                                                  [
                                                                      22.550076,
                                                                      46.937111
                                                                  ],
                                                                  [
                                                                      22.548414,
                                                                      46.939221
                                                                  ],
                                                                  [
                                                                      22.548414,
                                                                      46.941331
                                                                  ],
                                                                  [
                                                                      22.547229,
                                                                      46.943759
                                                                  ],
                                                                  [
                                                                      22.525355,
                                                                      46.952688
                                                                  ],
                                                                  [
                                                                      22.51965,
                                                                      46.952688
                                                                  ],
                                                                  [
                                                                      22.516326,
                                                                      46.954798
                                                                  ],
                                                                  [
                                                                      22.516326,
                                                                      46.956907
                                                                  ],
                                                                  [
                                                                      22.510622,
                                                                      46.9595
                                                                  ],
                                                                  [
                                                                      22.510622,
                                                                      46.964203
                                                                  ],
                                                                  [
                                                                      22.51276,
                                                                      46.966477
                                                                  ],
                                                                  [
                                                                      22.512051,
                                                                      46.970695
                                                                  ],
                                                                  [
                                                                      22.505628,
                                                                      46.975231
                                                                  ],
                                                                  [
                                                                      22.50658,
                                                                      46.978479
                                                                  ],
                                                                  [
                                                                      22.508008,
                                                                      46.981071
                                                                  ],
                                                                  [
                                                                      22.501828,
                                                                      46.989829
                                                                  ],
                                                                  [
                                                                      22.498028,
                                                                      46.992745
                                                                  ],
                                                                  [
                                                                      22.409131,
                                                                      47.033746
                                                                  ],
                                                                  [
                                                                      22.39986,
                                                                      47.036011
                                                                  ],
                                                                  [
                                                                      22.368482,
                                                                      47.038766
                                                                  ],
                                                                  [
                                                                      22.277689,
                                                                      47.045402
                                                                  ],
                                                                  [
                                                                      22.198538,
                                                                      47.054632
                                                                  ],
                                                                  [
                                                                      22.165031,
                                                                      47.058359
                                                                  ],
                                                                  [
                                                                      22.160989,
                                                                      47.058518
                                                                  ],
                                                                  [
                                                                      22.147676,
                                                                      47.056738
                                                                  ],
                                                                  [
                                                                      22.024319,
                                                                      47.038111
                                                                  ],
                                                                  [
                                                                      21.99604,
                                                                      47.03374
                                                                  ],
                                                                  [
                                                                      21.983913,
                                                                      47.030985
                                                                  ],
                                                                  [
                                                                      21.97298,
                                                                      47.032442
                                                                  ],
                                                                  [
                                                                      21.963952,
                                                                      47.036979
                                                                  ],
                                                                  [
                                                                      21.960386,
                                                                      47.042972
                                                                  ],
                                                                  [
                                                                      21.960144,
                                                                      47.044588
                                                                  ],
                                                                  [
                                                                      21.95373,
                                                                      47.052527
                                                                  ],
                                                                  [
                                                                      21.94684,
                                                                      47.056089
                                                                  ],
                                                                  [
                                                                      21.943983,
                                                                      47.059651
                                                                  ],
                                                                  [
                                                                      21.937802,
                                                                      47.063536
                                                                  ],
                                                                  [
                                                                      21.93376,
                                                                      47.070983
                                                                  ],
                                                                  [
                                                                      21.928056,
                                                                      47.078104
                                                                  ],
                                                                  [
                                                                      21.92378,
                                                                      47.081989
                                                                  ],
                                                                  [
                                                                      21.915461,
                                                                      47.083769
                                                                  ],
                                                                  [
                                                                      21.88694,
                                                                      47.094772
                                                                  ],
                                                                  [
                                                                      21.864356,
                                                                      47.103351
                                                                  ],
                                                                  [
                                                                      21.837065,
                                                                      47.113134
                                                                  ],
                                                                  [
                                                                      21.821138,
                                                                      47.119198
                                                                  ],
                                                                  [
                                                                      21.81591,
                                                                      47.120415
                                                                  ],
                                                                  [
                                                                      21.790362,
                                                                      47.124375
                                                                  ]
                                                              ],
                                                              [
                                                                  [
                                                                      26.03995,
                                                                      44.468229
                                                                  ],
                                                                  [
                                                                      25.981937,
                                                                      44.502145
                                                                  ],
                                                                  [
                                                                      25.973951,
                                                                      44.507437
                                                                  ],
                                                                  [
                                                                      25.968058,
                                                                      44.514215
                                                                  ]
                                                              ],
                                                              [
                                                                  [
                                                                      25.968058,
                                                                      44.514215
                                                                  ],
                                                                  [
                                                                      25.950182,
                                                                      44.584948
                                                                  ],
                                                                  [
                                                                      25.950182,
                                                                      44.589823
                                                                  ],
                                                                  [
                                                                      25.974643,
                                                                      44.640283
                                                                  ],
                                                                  [
                                                                      25.987004,
                                                                      44.664841
                                                                  ],
                                                                  [
                                                                      26.022622,
                                                                      44.721025
                                                                  ],
                                                                  [
                                                                      26.026422,
                                                                      44.801496
                                                                  ],
                                                                  [
                                                                      26.035737,
                                                                      44.821456
                                                                  ],
                                                                  [
                                                                      26.036123,
                                                                      44.827795
                                                                  ],
                                                                  [
                                                                      26.02458,
                                                                      44.864532
                                                                  ],
                                                                  [
                                                                      26.016405,
                                                                      44.892948
                                                                  ],
                                                                  [
                                                                      26.010638,
                                                                      44.910541
                                                                  ],
                                                                  [
                                                                      26.005329,
                                                                      44.915172
                                                                  ],
                                                                  [
                                                                      25.998942,
                                                                      44.921375
                                                                  ],
                                                                  [
                                                                      25.990471,
                                                                      44.925477
                                                                  ],
                                                                  [
                                                                      25.979476,
                                                                      44.932104
                                                                  ],
                                                                  [
                                                                      25.920798,
                                                                      44.965012
                                                                  ],
                                                                  [
                                                                      25.843848,
                                                                      45.009137
                                                                  ],
                                                                  [
                                                                      25.809982,
                                                                      45.028352
                                                                  ],
                                                                  [
                                                                      25.802849,
                                                                      45.032656
                                                                  ],
                                                                  [
                                                                      25.79913,
                                                                      45.035913
                                                                  ],
                                                                  [
                                                                      25.771947,
                                                                      45.076101
                                                                  ],
                                                                  [
                                                                      25.763476,
                                                                      45.081766
                                                                  ],
                                                                  [
                                                                      25.756792,
                                                                      45.084182
                                                                  ]
                                                              ]
                                                          ]
                                      }
                     },
                     {
                         "type":  "Feature",
                         "properties":  {
                                            "magistrala":  "M400",
                                            "nr_segmente":  3,
                                            "culoare":  "#2E8B3D",
                                            "stroke":  "#2E8B3D",
                                            "stroke-width":  3,
                                            "stroke-opacity":  0.95
                                        },
                         "geometry":  {
                                          "type":  "MultiLineString",
                                          "coordinates":  [
                                                              [
                                                                  [
                                                                      25.531791,
                                                                      46.740152
                                                                  ],
                                                                  [
                                                                      25.521613,
                                                                      46.744597
                                                                  ],
                                                                  [
                                                                      25.509827,
                                                                      46.74994
                                                                  ],
                                                                  [
                                                                      25.501078,
                                                                      46.758538
                                                                  ],
                                                                  [
                                                                      25.487388,
                                                                      46.772863
                                                                  ],
                                                                  [
                                                                      25.479779,
                                                                      46.780418
                                                                  ],
                                                                  [
                                                                      25.473697,
                                                                      46.800075
                                                                  ],
                                                                  [
                                                                      25.470652,
                                                                      46.81153
                                                                  ],
                                                                  [
                                                                      25.467993,
                                                                      46.81335
                                                                  ],
                                                                  [
                                                                      25.458677,
                                                                      46.815298
                                                                  ],
                                                                  [
                                                                      25.45468,
                                                                      46.818292
                                                                  ],
                                                                  [
                                                                      25.45088,
                                                                      46.82597
                                                                  ],
                                                                  [
                                                                      25.453162,
                                                                      46.835336
                                                                  ],
                                                                  [
                                                                      25.452209,
                                                                      46.837155
                                                                  ],
                                                                  [
                                                                      25.446317,
                                                                      46.84483
                                                                  ],
                                                                  [
                                                                      25.437944,
                                                                      46.849776
                                                                  ],
                                                                  [
                                                                      25.437378,
                                                                      46.851723
                                                                  ],
                                                                  [
                                                                      25.439085,
                                                                      46.855237
                                                                  ],
                                                                  [
                                                                      25.436803,
                                                                      46.860305
                                                                  ],
                                                                  [
                                                                      25.439849,
                                                                      46.863947
                                                                  ],
                                                                  [
                                                                      25.442894,
                                                                      46.866287
                                                                  ],
                                                                  [
                                                                      25.441753,
                                                                      46.868885
                                                                  ],
                                                                  [
                                                                      25.438331,
                                                                      46.871096
                                                                  ],
                                                                  [
                                                                      25.436992,
                                                                      46.874996
                                                                  ],
                                                                  [
                                                                      25.439085,
                                                                      46.877728
                                                                  ],
                                                                  [
                                                                      25.437756,
                                                                      46.882143
                                                                  ],
                                                                  [
                                                                      25.438133,
                                                                      46.885262
                                                                  ],
                                                                  [
                                                                      25.436803,
                                                                      46.887215
                                                                  ],
                                                                  [
                                                                      25.431674,
                                                                      46.889811
                                                                  ],
                                                                  [
                                                                      25.429581,
                                                                      46.894231
                                                                  ],
                                                                  [
                                                                      25.428629,
                                                                      46.898516
                                                                  ],
                                                                  [
                                                                      25.426158,
                                                                      46.900075
                                                                  ],
                                                                  [
                                                                      25.423113,
                                                                      46.899817
                                                                  ],
                                                                  [
                                                                      25.418927,
                                                                      46.899038
                                                                  ],
                                                                  [
                                                                      25.413986,
                                                                      46.899296
                                                                  ],
                                                                  [
                                                                      25.408282,
                                                                      46.901118
                                                                  ],
                                                                  [
                                                                      25.404096,
                                                                      46.905795
                                                                  ],
                                                                  [
                                                                      25.404482,
                                                                      46.910729
                                                                  ],
                                                                  [
                                                                      25.401814,
                                                                      46.913196
                                                                  ],
                                                                  [
                                                                      25.397637,
                                                                      46.914626
                                                                  ],
                                                                  [
                                                                      25.394214,
                                                                      46.918523
                                                                  ],
                                                                  [
                                                                      25.391169,
                                                                      46.918909
                                                                  ],
                                                                  [
                                                                      25.386606,
                                                                      46.916185
                                                                  ],
                                                                  [
                                                                      25.382608,
                                                                      46.916185
                                                                  ],
                                                                  [
                                                                      25.380138,
                                                                      46.918394
                                                                  ],
                                                                  [
                                                                      25.376715,
                                                                      46.918394
                                                                  ],
                                                                  [
                                                                      25.369681,
                                                                      46.917743
                                                                  ],
                                                                  [
                                                                      25.365693,
                                                                      46.919302
                                                                  ],
                                                                  [
                                                                      25.361129,
                                                                      46.91813
                                                                  ],
                                                                  [
                                                                      25.356368,
                                                                      46.915405
                                                                  ],
                                                                  [
                                                                      25.35105,
                                                                      46.916442
                                                                  ],
                                                                  [
                                                                      25.347628,
                                                                      46.91878
                                                                  ],
                                                                  [
                                                                      25.346298,
                                                                      46.921511
                                                                  ],
                                                                  [
                                                                      25.337549,
                                                                      46.926186
                                                                  ],
                                                                  [
                                                                      25.331467,
                                                                      46.929167
                                                                  ],
                                                                  [
                                                                      25.325951,
                                                                      46.929689
                                                                  ],
                                                                  [
                                                                      25.311686,
                                                                      46.934755
                                                                  ],
                                                                  [
                                                                      25.295148,
                                                                      46.939687
                                                                  ],
                                                                  [
                                                                      25.282212,
                                                                      46.95137
                                                                  ],
                                                                  [
                                                                      25.278978,
                                                                      46.951627
                                                                  ],
                                                                  [
                                                                      25.274226,
                                                                      46.951106
                                                                  ],
                                                                  [
                                                                      25.270426,
                                                                      46.951627
                                                                  ],
                                                                  [
                                                                      25.264722,
                                                                      46.95072
                                                                  ],
                                                                  [
                                                                      25.255407,
                                                                      46.950849
                                                                  ],
                                                                  [
                                                                      25.249702,
                                                                      46.953185
                                                                  ],
                                                                  [
                                                                      25.240764,
                                                                      46.953442
                                                                  ],
                                                                  [
                                                                      25.23753,
                                                                      46.9563
                                                                  ],
                                                                  [
                                                                      25.236955,
                                                                      46.960064
                                                                  ],
                                                                  [
                                                                      25.232967,
                                                                      46.961622
                                                                  ],
                                                                  [
                                                                      25.226121,
                                                                      46.959286
                                                                  ],
                                                                  [
                                                                      25.223265,
                                                                      46.956821
                                                                  ],
                                                                  [
                                                                      25.219088,
                                                                      46.95695
                                                                  ],
                                                                  [
                                                                      25.215279,
                                                                      46.959543
                                                                  ],
                                                                  [
                                                                      25.205963,
                                                                      46.962658
                                                                  ],
                                                                  [
                                                                      25.198741,
                                                                      46.966164
                                                                  ],
                                                                  [
                                                                      25.180298,
                                                                      46.965901
                                                                  ],
                                                                  [
                                                                      25.176112,
                                                                      46.964865
                                                                  ],
                                                                  [
                                                                      25.170408,
                                                                      46.965386
                                                                  ],
                                                                  [
                                                                      25.165656,
                                                                      46.967587
                                                                  ],
                                                                  [
                                                                      25.16014,
                                                                      46.966293
                                                                  ],
                                                                  [
                                                                      25.15272,
                                                                      46.966293
                                                                  ],
                                                                  [
                                                                      25.145309,
                                                                      46.96785
                                                                  ],
                                                                  [
                                                                      25.142075,
                                                                      46.969536
                                                                  ],
                                                                  [
                                                                      25.136559,
                                                                      46.968886
                                                                  ],
                                                                  [
                                                                      25.134664,
                                                                      46.966808
                                                                  ],
                                                                  [
                                                                      25.129714,
                                                                      46.965643
                                                                  ],
                                                                  [
                                                                      25.126867,
                                                                      46.960972
                                                                  ],
                                                                  [
                                                                      25.127621,
                                                                      46.956815
                                                                  ],
                                                                  [
                                                                      25.127433,
                                                                      46.955
                                                                  ],
                                                                  [
                                                                      25.125914,
                                                                      46.9537
                                                                  ],
                                                                  [
                                                                      25.119635,
                                                                      46.954742
                                                                  ],
                                                                  [
                                                                      25.113742,
                                                                      46.953835
                                                                  ],
                                                                  [
                                                                      25.105945,
                                                                      46.955129
                                                                  ],
                                                                  [
                                                                      25.098534,
                                                                      46.953571
                                                                  ],
                                                                  [
                                                                      25.093018,
                                                                      46.952277
                                                                  ],
                                                                  [
                                                                      25.08275,
                                                                      46.952142
                                                                  ],
                                                                  [
                                                                      25.076857,
                                                                      46.95007
                                                                  ],
                                                                  [
                                                                      25.07039,
                                                                      46.949027
                                                                  ],
                                                                  [
                                                                      25.06659,
                                                                      46.943189
                                                                  ],
                                                                  [
                                                                      25.061074,
                                                                      46.942146
                                                                  ],
                                                                  [
                                                                      25.054804,
                                                                      46.944225
                                                                  ],
                                                                  [
                                                                      25.051759,
                                                                      46.946562
                                                                  ],
                                                                  [
                                                                      25.04415,
                                                                      46.947083
                                                                  ],
                                                                  [
                                                                      25.041104,
                                                                      46.951235
                                                                  ],
                                                                  [
                                                                      25.0354,
                                                                      46.955779
                                                                  ],
                                                                  [
                                                                      25.033118,
                                                                      46.958765
                                                                  ],
                                                                  [
                                                                      25.029319,
                                                                      46.960972
                                                                  ],
                                                                  [
                                                                      25.026848,
                                                                      46.964865
                                                                  ],
                                                                  [
                                                                      25.024189,
                                                                      46.965772
                                                                  ],
                                                                  [
                                                                      25.019814,
                                                                      46.965509
                                                                  ],
                                                                  [
                                                                      25.014865,
                                                                      46.968886
                                                                  ],
                                                                  [
                                                                      25.005172,
                                                                      46.974464
                                                                  ],
                                                                  [
                                                                      25.000231,
                                                                      46.974072
                                                                  ],
                                                                  [
                                                                      24.998893,
                                                                      46.972386
                                                                  ],
                                                                  [
                                                                      24.996045,
                                                                      46.971093
                                                                  ],
                                                                  [
                                                                      24.993,
                                                                      46.968758
                                                                  ],
                                                                  [
                                                                      24.988248,
                                                                      46.968236
                                                                  ],
                                                                  [
                                                                      24.982921,
                                                                      46.969272
                                                                  ],
                                                                  [
                                                                      24.976264,
                                                                      46.972779
                                                                  ],
                                                                  [
                                                                      24.970182,
                                                                      46.972129
                                                                  ],
                                                                  [
                                                                      24.961433,
                                                                      46.970443
                                                                  ],
                                                                  [
                                                                      24.939954,
                                                                      46.971737
                                                                  ],
                                                                  [
                                                                      24.933298,
                                                                      46.97018
                                                                  ],
                                                                  [
                                                                      24.928734,
                                                                      46.968886
                                                                  ],
                                                                  [
                                                                      24.925878,
                                                                      46.967194
                                                                  ],
                                                                  [
                                                                      24.919796,
                                                                      46.967587
                                                                  ],
                                                                  [
                                                                      24.912376,
                                                                      46.965122
                                                                  ],
                                                                  [
                                                                      24.90306,
                                                                      46.957465
                                                                  ],
                                                                  [
                                                                      24.888418,
                                                                      46.95305
                                                                  ],
                                                                  [
                                                                      24.87815,
                                                                      46.947727
                                                                  ],
                                                                  [
                                                                      24.867694,
                                                                      46.941754
                                                                  ],
                                                                  [
                                                                      24.854003,
                                                                      46.937994
                                                                  ],
                                                                  [
                                                                      24.849063,
                                                                      46.938638
                                                                  ],
                                                                  [
                                                                      24.840699,
                                                                      46.933449
                                                                  ],
                                                                  [
                                                                      24.834995,
                                                                      46.932799
                                                                  ],
                                                                  [
                                                                      24.826811,
                                                                      46.928511
                                                                  ],
                                                                  [
                                                                      24.818071,
                                                                      46.92267
                                                                  ],
                                                                  [
                                                                      24.813319,
                                                                      46.921627
                                                                  ],
                                                                  [
                                                                      24.805899,
                                                                      46.922278
                                                                  ],
                                                                  [
                                                                      24.79449,
                                                                      46.920719
                                                                  ],
                                                                  [
                                                                      24.790879,
                                                                      46.917995
                                                                  ],
                                                                  [
                                                                      24.786693,
                                                                      46.917087
                                                                  ],
                                                                  [
                                                                      24.78327,
                                                                      46.918253
                                                                  ],
                                                                  [
                                                                      24.775473,
                                                                      46.926045
                                                                  ],
                                                                  [
                                                                      24.771484,
                                                                      46.926824
                                                                  ],
                                                                  [
                                                                      24.765968,
                                                                      46.925137
                                                                  ],
                                                                  [
                                                                      24.761782,
                                                                      46.9241
                                                                  ],
                                                                  [
                                                                      24.756464,
                                                                      46.925523
                                                                  ],
                                                                  [
                                                                      24.754183,
                                                                      46.931112
                                                                  ],
                                                                  [
                                                                      24.749044,
                                                                      46.935265
                                                                  ],
                                                                  [
                                                                      24.748478,
                                                                      46.937473
                                                                  ],
                                                                  [
                                                                      24.744481,
                                                                      46.941883
                                                                  ],
                                                                  [
                                                                      24.742199,
                                                                      46.943575
                                                                  ],
                                                                  [
                                                                      24.74087,
                                                                      46.946948
                                                                  ],
                                                                  [
                                                                      24.727943,
                                                                      46.950579
                                                                  ],
                                                                  [
                                                                      24.724898,
                                                                      46.953436
                                                                  ],
                                                                  [
                                                                      24.721286,
                                                                      46.953694
                                                                  ],
                                                                  [
                                                                      24.714055,
                                                                      46.952915
                                                                  ],
                                                                  [
                                                                      24.709878,
                                                                      46.955251
                                                                  ],
                                                                  [
                                                                      24.710632,
                                                                      46.960966
                                                                  ],
                                                                  [
                                                                      24.712348,
                                                                      46.963559
                                                                  ],
                                                                  [
                                                                      24.711962,
                                                                      46.965766
                                                                  ],
                                                                  [
                                                                      24.708351,
                                                                      46.967194
                                                                  ],
                                                                  [
                                                                      24.705117,
                                                                      46.965895
                                                                  ],
                                                                  [
                                                                      24.703033,
                                                                      46.961744
                                                                  ],
                                                                  [
                                                                      24.69961,
                                                                      46.955901
                                                                  ],
                                                                  [
                                                                      24.692001,
                                                                      46.953565
                                                                  ],
                                                                  [
                                                                      24.687815,
                                                                      46.954994
                                                                  ],
                                                                  [
                                                                      24.684779,
                                                                      46.956422
                                                                  ],
                                                                  [
                                                                      24.68097,
                                                                      46.95733
                                                                  ],
                                                                  [
                                                                      24.67964,
                                                                      46.960837
                                                                  ],
                                                                  [
                                                                      24.674511,
                                                                      46.96408
                                                                  ],
                                                                  [
                                                                      24.658728,
                                                                      46.968359
                                                                  ],
                                                                  [
                                                                      24.65226,
                                                                      46.973937
                                                                  ],
                                                                  [
                                                                      24.653212,
                                                                      46.978743
                                                                  ],
                                                                  [
                                                                      24.648262,
                                                                      46.980428
                                                                  ],
                                                                  [
                                                                      24.642369,
                                                                      46.977443
                                                                  ],
                                                                  [
                                                                      24.634572,
                                                                      46.977051
                                                                  ],
                                                                  [
                                                                      24.62469,
                                                                      46.985876
                                                                  ],
                                                                  [
                                                                      24.620504,
                                                                      46.998713
                                                                  ],
                                                                  [
                                                                      24.615752,
                                                                      47.001176
                                                                  ],
                                                                  [
                                                                      24.609473,
                                                                      47.001954
                                                                  ],
                                                                  [
                                                                      24.595028,
                                                                      47.006885
                                                                  ],
                                                                  [
                                                                      24.589126,
                                                                      47.006493
                                                                  ],
                                                                  [
                                                                      24.568402,
                                                                      47.012588
                                                                  ],
                                                                  [
                                                                      24.562509,
                                                                      47.012588
                                                                  ],
                                                                  [
                                                                      24.549196,
                                                                      47.015571
                                                                  ],
                                                                  [
                                                                      24.542737,
                                                                      47.014664
                                                                  ],
                                                                  [
                                                                      24.53741,
                                                                      47.015307
                                                                  ],
                                                                  [
                                                                      24.51117,
                                                                      47.012067
                                                                  ],
                                                                  [
                                                                      24.504702,
                                                                      47.013366
                                                                  ],
                                                                  [
                                                                      24.502609,
                                                                      47.016085
                                                                  ],
                                                                  [
                                                                      24.495962,
                                                                      47.020366
                                                                  ],
                                                                  [
                                                                      24.492917,
                                                                      47.028921
                                                                  ],
                                                                  [
                                                                      24.479415,
                                                                      47.035919
                                                                  ],
                                                                  [
                                                                      24.472192,
                                                                      47.042268
                                                                  ],
                                                                  [
                                                                      24.464772,
                                                                      47.043694
                                                                  ],
                                                                  [
                                                                      24.460398,
                                                                      47.047838
                                                                  ],
                                                                  [
                                                                      24.450516,
                                                                      47.04965
                                                                  ],
                                                                  [
                                                                      24.440248,
                                                                      47.056132
                                                                  ],
                                                                  [
                                                                      24.431499,
                                                                      47.05574
                                                                  ],
                                                                  [
                                                                      24.420279,
                                                                      47.054706
                                                                  ],
                                                                  [
                                                                      24.414197,
                                                                      47.055091
                                                                  ],
                                                                  [
                                                                      24.409634,
                                                                      47.05872
                                                                  ],
                                                                  [
                                                                      24.391569,
                                                                      47.062992
                                                                  ],
                                                                  [
                                                                      24.361143,
                                                                      47.097438
                                                                  ],
                                                                  [
                                                                      24.334714,
                                                                      47.107271
                                                                  ],
                                                                  [
                                                                      24.306381,
                                                                      47.118141
                                                                  ],
                                                                  [
                                                                      24.29782,
                                                                      47.137546
                                                                  ],
                                                                  [
                                                                      24.291362,
                                                                      47.140137
                                                                  ],
                                                                  [
                                                                      24.285846,
                                                                      47.148409
                                                                  ],
                                                                  [
                                                                      24.284894,
                                                                      47.161598
                                                                  ],
                                                                  [
                                                                      24.276908,
                                                                      47.17013
                                                                  ],
                                                                  [
                                                                      24.262642,
                                                                      47.180474
                                                                  ],
                                                                  [
                                                                      24.215867,
                                                                      47.183185
                                                                  ],
                                                                  [
                                                                      24.206174,
                                                                      47.182538
                                                                  ],
                                                                  [
                                                                      24.197802,
                                                                      47.185902
                                                                  ],
                                                                  [
                                                                      24.192673,
                                                                      47.185902
                                                                  ],
                                                                  [
                                                                      24.185253,
                                                                      47.178404
                                                                  ],
                                                                  [
                                                                      24.169469,
                                                                      47.173752
                                                                  ],
                                                                  [
                                                                      24.146463,
                                                                      47.172585
                                                                  ],
                                                                  [
                                                                      24.133348,
                                                                      47.173752
                                                                  ],
                                                                  [
                                                                      24.129539,
                                                                      47.176725
                                                                  ],
                                                                  [
                                                                      24.106533,
                                                                      47.184736
                                                                  ],
                                                                  [
                                                                      24.089995,
                                                                      47.190292
                                                                  ],
                                                                  [
                                                                      24.084093,
                                                                      47.190163
                                                                  ],
                                                                  [
                                                                      24.075919,
                                                                      47.193911
                                                                  ],
                                                                  [
                                                                      24.047774,
                                                                      47.19404
                                                                  ],
                                                                  [
                                                                      23.94719,
                                                                      47.166893
                                                                  ],
                                                                  [
                                                                      23.889581,
                                                                      47.14957
                                                                  ],
                                                                  [
                                                                      23.884443,
                                                                      47.148147
                                                                  ],
                                                                  [
                                                                      23.881972,
                                                                      47.148538
                                                                  ],
                                                                  [
                                                                      23.871327,
                                                                      47.153706
                                                                  ],
                                                                  [
                                                                      23.870752,
                                                                      47.163143
                                                                  ],
                                                                  [
                                                                      23.865623,
                                                                      47.173226
                                                                  ],
                                                                  [
                                                                      23.845088,
                                                                      47.192746
                                                                  ],
                                                                  [
                                                                      23.822261,
                                                                      47.200626
                                                                  ],
                                                                  [
                                                                      23.806487,
                                                                      47.205661
                                                                  ],
                                                                  [
                                                                      23.769979,
                                                                      47.213539
                                                                  ],
                                                                  [
                                                                      23.757807,
                                                                      47.224259
                                                                  ],
                                                                  [
                                                                      23.756666,
                                                                      47.22684
                                                                  ],
                                                                  [
                                                                      23.757421,
                                                                      47.236782
                                                                  ],
                                                                  [
                                                                      23.754573,
                                                                      47.240918
                                                                  ],
                                                                  [
                                                                      23.745635,
                                                                      47.243107
                                                                  ],
                                                                  [
                                                                      23.740308,
                                                                      47.246339
                                                                  ],
                                                                  [
                                                                      23.731379,
                                                                      47.247114
                                                                  ],
                                                                  [
                                                                      23.726618,
                                                                      47.249437
                                                                  ],
                                                                  [
                                                                      23.724722,
                                                                      47.255888
                                                                  ],
                                                                  [
                                                                      23.723195,
                                                                      47.263503
                                                                  ],
                                                                  [
                                                                      23.712173,
                                                                      47.273439
                                                                  ],
                                                                  [
                                                                      23.700764,
                                                                      47.278723
                                                                  ],
                                                                  [
                                                                      23.681747,
                                                                      47.282209
                                                                  ],
                                                                  [
                                                                      23.676231,
                                                                      47.280405
                                                                  ],
                                                                  [
                                                                      23.669197,
                                                                      47.269434
                                                                  ],
                                                                  [
                                                                      23.660834,
                                                                      47.264789
                                                                  ],
                                                                  [
                                                                      23.650557,
                                                                      47.266337
                                                                  ],
                                                                  [
                                                                      23.648276,
                                                                      47.27008
                                                                  ],
                                                                  [
                                                                      23.641817,
                                                                      47.284013
                                                                  ],
                                                                  [
                                                                      23.639149,
                                                                      47.285816
                                                                  ],
                                                                  [
                                                                      23.616718,
                                                                      47.285816
                                                                  ],
                                                                  [
                                                                      23.600934,
                                                                      47.279625
                                                                  ],
                                                                  [
                                                                      23.594655,
                                                                      47.280399
                                                                  ],
                                                                  [
                                                                      23.589337,
                                                                      47.286206
                                                                  ],
                                                                  [
                                                                      23.584576,
                                                                      47.293555
                                                                  ],
                                                                  [
                                                                      23.587055,
                                                                      47.29704
                                                                  ],
                                                                  [
                                                                      23.591808,
                                                                      47.300007
                                                                  ],
                                                                  [
                                                                      23.593901,
                                                                      47.304904
                                                                  ],
                                                                  [
                                                                      23.600548,
                                                                      47.31264
                                                                  ],
                                                                  [
                                                                      23.603216,
                                                                      47.315088
                                                                  ],
                                                                  [
                                                                      23.608534,
                                                                      47.330172
                                                                  ],
                                                                  [
                                                                      23.601689,
                                                                      47.341124
                                                                  ],
                                                                  [
                                                                      23.595032,
                                                                      47.342798
                                                                  ],
                                                                  [
                                                                      23.572979,
                                                                      47.346279
                                                                  ],
                                                                  [
                                                                      23.561382,
                                                                      47.348337
                                                                  ],
                                                                  [
                                                                      23.557959,
                                                                      47.350528
                                                                  ],
                                                                  [
                                                                      23.548643,
                                                                      47.351556
                                                                  ],
                                                                  [
                                                                      23.544457,
                                                                      47.351429
                                                                  ],
                                                                  [
                                                                      23.540657,
                                                                      47.352974
                                                                  ],
                                                                  [
                                                                      23.535519,
                                                                      47.358512
                                                                  ],
                                                                  [
                                                                      23.530578,
                                                                      47.359675
                                                                  ],
                                                                  [
                                                                      23.524685,
                                                                      47.357739
                                                                  ],
                                                                  [
                                                                      23.516313,
                                                                      47.356967
                                                                  ],
                                                                  [
                                                                      23.506234,
                                                                      47.353492
                                                                  ],
                                                                  [
                                                                      23.503952,
                                                                      47.352201
                                                                  ],
                                                                  [
                                                                      23.487792,
                                                                      47.348465
                                                                  ],
                                                                  [
                                                                      23.469726,
                                                                      47.341124
                                                                  ],
                                                                  [
                                                                      23.450529,
                                                                      47.330555
                                                                  ],
                                                                  [
                                                                      23.449002,
                                                                      47.327334
                                                                  ],
                                                                  [
                                                                      23.429796,
                                                                      47.324625
                                                                  ],
                                                                  [
                                                                      23.424478,
                                                                      47.323334
                                                                  ],
                                                                  [
                                                                      23.416492,
                                                                      47.322433
                                                                  ],
                                                                  [
                                                                      23.412118,
                                                                      47.319729
                                                                  ],
                                                                  [
                                                                      23.412118,
                                                                      47.316507
                                                                  ],
                                                                  [
                                                                      23.413447,
                                                                      47.309156
                                                                  ],
                                                                  [
                                                                      23.412881,
                                                                      47.304904
                                                                  ],
                                                                  [
                                                                      23.408884,
                                                                      47.299355
                                                                  ],
                                                                  [
                                                                      23.403943,
                                                                      47.297679
                                                                  ],
                                                                  [
                                                                      23.364579,
                                                                      47.294456
                                                                  ],
                                                                  [
                                                                      23.358497,
                                                                      47.293293
                                                                  ],
                                                                  [
                                                                      23.356404,
                                                                      47.290843
                                                                  ],
                                                                  [
                                                                      23.357734,
                                                                      47.280271
                                                                  ],
                                                                  [
                                                                      23.343477,
                                                                      47.260138
                                                                  ],
                                                                  [
                                                                      23.339866,
                                                                      47.250718
                                                                  ],
                                                                  [
                                                                      23.334162,
                                                                      47.245296
                                                                  ],
                                                                  [
                                                                      23.307922,
                                                                      47.234971
                                                                  ],
                                                                  [
                                                                      23.305065,
                                                                      47.234715
                                                                  ],
                                                                  [
                                                                      23.296513,
                                                                      47.237679
                                                                  ],
                                                                  [
                                                                      23.287575,
                                                                      47.238454
                                                                  ],
                                                                  [
                                                                      23.284718,
                                                                      47.24207
                                                                  ],
                                                                  [
                                                                      23.263231,
                                                                      47.249687
                                                                  ],
                                                                  [
                                                                      23.255056,
                                                                      47.255754
                                                                  ],
                                                                  [
                                                                      23.257913,
                                                                      47.260656
                                                                  ],
                                                                  [
                                                                      23.257913,
                                                                      47.267624
                                                                  ],
                                                                  [
                                                                      23.260949,
                                                                      47.289686
                                                                  ],
                                                                  [
                                                                      23.260194,
                                                                      47.300902
                                                                  ],
                                                                  [
                                                                      23.269124,
                                                                      47.32359
                                                                  ],
                                                                  [
                                                                      23.267983,
                                                                      47.333514
                                                                  ],
                                                                  [
                                                                      23.271792,
                                                                      47.346401
                                                                  ],
                                                                  [
                                                                      23.269887,
                                                                      47.358896
                                                                  ],
                                                                  [
                                                                      23.268746,
                                                                      47.361859
                                                                  ],
                                                                  [
                                                                      23.274262,
                                                                      47.375895
                                                                  ],
                                                                  [
                                                                      23.272933,
                                                                      47.379758
                                                                  ],
                                                                  [
                                                                      23.274639,
                                                                      47.382848
                                                                  ],
                                                                  [
                                                                      23.27711,
                                                                      47.384009
                                                                  ],
                                                                  [
                                                                      23.28091,
                                                                      47.393923
                                                                  ],
                                                                  [
                                                                      23.284144,
                                                                      47.396878
                                                                  ],
                                                                  [
                                                                      23.290989,
                                                                      47.410266
                                                                  ],
                                                                  [
                                                                      23.297457,
                                                                      47.414643
                                                                  ],
                                                                  [
                                                                      23.308488,
                                                                      47.415926
                                                                  ],
                                                                  [
                                                                      23.311147,
                                                                      47.41747
                                                                  ],
                                                                  [
                                                                      23.313429,
                                                                      47.423773
                                                                  ],
                                                                  [
                                                                      23.317803,
                                                                      47.427377
                                                                  ],
                                                                  [
                                                                      23.322178,
                                                                      47.429048
                                                                  ],
                                                                  [
                                                                      23.32446,
                                                                      47.431108
                                                                  ],
                                                                  [
                                                                      23.324837,
                                                                      47.433679
                                                                  ],
                                                                  [
                                                                      23.321981,
                                                                      47.436383
                                                                  ],
                                                                  [
                                                                      23.308677,
                                                                      47.441395
                                                                  ],
                                                                  [
                                                                      23.301068,
                                                                      47.4432
                                                                  ],
                                                                  [
                                                                      23.293845,
                                                                      47.451425
                                                                  ],
                                                                  [
                                                                      23.298597,
                                                                      47.467751
                                                                  ],
                                                                  [
                                                                      23.301445,
                                                                      47.472384
                                                                  ],
                                                                  [
                                                                      23.310195,
                                                                      47.473927
                                                                  ],
                                                                  [
                                                                      23.321603,
                                                                      47.474953
                                                                  ],
                                                                  [
                                                                      23.33206,
                                                                      47.483435
                                                                  ],
                                                                  [
                                                                      23.335294,
                                                                      47.49166
                                                                  ],
                                                                  [
                                                                      23.33586,
                                                                      47.495381
                                                                  ],
                                                                  [
                                                                      23.354311,
                                                                      47.514265
                                                                  ],
                                                                  [
                                                                      23.371038,
                                                                      47.533525
                                                                  ],
                                                                  [
                                                                      23.374837,
                                                                      47.545205
                                                                  ],
                                                                  [
                                                                      23.407922,
                                                                      47.573824
                                                                  ],
                                                                  [
                                                                      23.422754,
                                                                      47.581005
                                                                  ],
                                                                  [
                                                                      23.424092,
                                                                      47.583956
                                                                  ],
                                                                  [
                                                                      23.424469,
                                                                      47.588955
                                                                  ],
                                                                  [
                                                                      23.438537,
                                                                      47.598575
                                                                  ],
                                                                  [
                                                                      23.442723,
                                                                      47.605111
                                                                  ],
                                                                  [
                                                                      23.447664,
                                                                      47.609859
                                                                  ],
                                                                  [
                                                                      23.449182,
                                                                      47.614601
                                                                  ],
                                                                  [
                                                                      23.456791,
                                                                      47.62088
                                                                  ],
                                                                  [
                                                                      23.464965,
                                                                      47.623442
                                                                  ],
                                                                  [
                                                                      23.468388,
                                                                      47.624979
                                                                  ],
                                                                  [
                                                                      23.468011,
                                                                      47.628957
                                                                  ],
                                                                  [
                                                                      23.473526,
                                                                      47.636645
                                                                  ],
                                                                  [
                                                                      23.486642,
                                                                      47.638951
                                                                  ],
                                                                  [
                                                                      23.500907,
                                                                      47.640362
                                                                  ],
                                                                  [
                                                                      23.529994,
                                                                      47.646765
                                                                  ],
                                                                  [
                                                                      23.533372,
                                                                      47.648889
                                                                  ],
                                                                  [
                                                                      23.543622,
                                                                      47.650989
                                                                  ],
                                                                  [
                                                                      23.526239,
                                                                      47.647182
                                                                  ],
                                                                  [
                                                                      23.520598,
                                                                      47.646983
                                                                  ],
                                                                  [
                                                                      23.50574,
                                                                      47.655092
                                                                  ],
                                                                  [
                                                                      23.500539,
                                                                      47.655588
                                                                  ],
                                                                  [
                                                                      23.469493,
                                                                      47.65399
                                                                  ],
                                                                  [
                                                                      23.461624,
                                                                      47.651885
                                                                  ],
                                                                  [
                                                                      23.44469,
                                                                      47.652587
                                                                  ],
                                                                  [
                                                                      23.4386,
                                                                      47.654892
                                                                  ],
                                                                  [
                                                                      23.412297,
                                                                      47.6758
                                                                  ],
                                                                  [
                                                                      23.391654,
                                                                      47.691796
                                                                  ],
                                                                  [
                                                                      23.380811,
                                                                      47.698798
                                                                  ],
                                                                  [
                                                                      23.360312,
                                                                      47.709292
                                                                  ],
                                                                  [
                                                                      23.354661,
                                                                      47.709595
                                                                  ],
                                                                  [
                                                                      23.349613,
                                                                      47.709994
                                                                  ],
                                                                  [
                                                                      23.346046,
                                                                      47.71229
                                                                  ],
                                                                  [
                                                                      23.336839,
                                                                      47.721985
                                                                  ],
                                                                  [
                                                                      23.332679,
                                                                      47.722885
                                                                  ],
                                                                  [
                                                                      23.320795,
                                                                      47.726583
                                                                  ],
                                                                  [
                                                                      23.304005,
                                                                      47.732378
                                                                  ],
                                                                  [
                                                                      23.27207,
                                                                      47.74057
                                                                  ],
                                                                  [
                                                                      23.247708,
                                                                      47.759047
                                                                  ],
                                                                  [
                                                                      23.239686,
                                                                      47.76424
                                                                  ],
                                                                  [
                                                                      23.236416,
                                                                      47.765641
                                                                  ],
                                                                  [
                                                                      23.197348,
                                                                      47.768135
                                                                  ],
                                                                  [
                                                                      23.158577,
                                                                      47.767338
                                                                  ],
                                                                  [
                                                                      23.107768,
                                                                      47.777021
                                                                  ],
                                                                  [
                                                                      22.997392,
                                                                      47.797579
                                                                  ],
                                                                  [
                                                                      22.973623,
                                                                      47.807957
                                                                  ],
                                                                  [
                                                                      22.921485,
                                                                      47.831294
                                                                  ],
                                                                  [
                                                                      22.918664,
                                                                      47.831596
                                                                  ],
                                                                  [
                                                                      22.914801,
                                                                      47.8301
                                                                  ],
                                                                  [
                                                                      22.896377,
                                                                      47.800373
                                                                  ],
                                                                  [
                                                                      22.868152,
                                                                      47.771721
                                                                  ]
                                                              ],
                                                              [
                                                                  [
                                                                      25.887731,
                                                                      46.198859
                                                                  ],
                                                                  [
                                                                      25.887425,
                                                                      46.20282
                                                                  ],
                                                                  [
                                                                      25.887874,
                                                                      46.213767
                                                                  ],
                                                                  [
                                                                      25.885772,
                                                                      46.219082
                                                                  ],
                                                                  [
                                                                      25.877634,
                                                                      46.228771
                                                                  ],
                                                                  [
                                                                      25.877337,
                                                                      46.233146
                                                                  ],
                                                                  [
                                                                      25.880194,
                                                                      46.239601
                                                                  ],
                                                                  [
                                                                      25.886823,
                                                                      46.247933
                                                                  ],
                                                                  [
                                                                      25.885772,
                                                                      46.250535
                                                                  ],
                                                                  [
                                                                      25.882907,
                                                                      46.253244
                                                                  ],
                                                                  [
                                                                      25.883356,
                                                                      46.257828
                                                                  ],
                                                                  [
                                                                      25.883212,
                                                                      46.26574
                                                                  ],
                                                                  [
                                                                      25.882152,
                                                                      46.271987
                                                                  ],
                                                                  [
                                                                      25.872064,
                                                                      46.287596
                                                                  ],
                                                                  [
                                                                      25.865291,
                                                                      46.307159
                                                                  ],
                                                                  [
                                                                      25.862272,
                                                                      46.309653
                                                                  ],
                                                                  [
                                                                      25.859712,
                                                                      46.310069
                                                                  ],
                                                                  [
                                                                      25.846615,
                                                                      46.310801
                                                                  ],
                                                                  [
                                                                      25.834263,
                                                                      46.312774
                                                                  ],
                                                                  [
                                                                      25.829592,
                                                                      46.317769
                                                                  ],
                                                                  [
                                                                      25.824624,
                                                                      46.325363
                                                                  ],
                                                                  [
                                                                      25.81273,
                                                                      46.33004
                                                                  ],
                                                                  [
                                                                      25.80399,
                                                                      46.337836
                                                                  ],
                                                                  [
                                                                      25.801582,
                                                                      46.342723
                                                                  ],
                                                                  [
                                                                      25.80098,
                                                                      46.348962
                                                                  ],
                                                                  [
                                                                      25.78773,
                                                                      46.363822999999996
                                                                  ],
                                                                  [
                                                                      25.785466,
                                                                      46.379207
                                                                  ],
                                                                  [
                                                                      25.785772,
                                                                      46.401952
                                                                  ],
                                                                  [
                                                                      25.790434,
                                                                      46.407038
                                                                  ],
                                                                  [
                                                                      25.788476,
                                                                      46.410469
                                                                  ],
                                                                  [
                                                                      25.784568,
                                                                      46.414514
                                                                  ],
                                                                  [
                                                                      25.773869,
                                                                      46.426453
                                                                  ],
                                                                  [
                                                                      25.769351,
                                                                      46.434756
                                                                  ],
                                                                  [
                                                                      25.766036,
                                                                      46.437975
                                                                  ],
                                                                  [
                                                                      25.751582,
                                                                      46.447731
                                                                  ],
                                                                  [
                                                                      25.74586,
                                                                      46.45582
                                                                  ],
                                                                  [
                                                                      25.742249,
                                                                      46.469928
                                                                  ],
                                                                  [
                                                                      25.737128,
                                                                      46.478744
                                                                  ],
                                                                  [
                                                                      25.742249,
                                                                      46.495957
                                                                  ],
                                                                  [
                                                                      25.743946,
                                                                      46.502258
                                                                  ],
                                                                  [
                                                                      25.753217,
                                                                      46.517634
                                                                  ],
                                                                  [
                                                                      25.764868,
                                                                      46.531862
                                                                  ],
                                                                  [
                                                                      25.792437,
                                                                      46.564062
                                                                  ],
                                                                  [
                                                                      25.795052,
                                                                      46.571418
                                                                  ],
                                                                  [
                                                                      25.792914,
                                                                      46.573869
                                                                  ],
                                                                  [
                                                                      25.783167,
                                                                      46.576321
                                                                  ],
                                                                  [
                                                                      25.78031,
                                                                      46.581217
                                                                  ],
                                                                  [
                                                                      25.77722,
                                                                      46.585305
                                                                  ],
                                                                  [
                                                                      25.767006,
                                                                      46.588571
                                                                  ],
                                                                  [
                                                                      25.762721,
                                                                      46.589058
                                                                  ],
                                                                  [
                                                                      25.760583,
                                                                      46.593145
                                                                  ],
                                                                  [
                                                                      25.755121,
                                                                      46.593306
                                                                  ],
                                                                  [
                                                                      25.752031,
                                                                      46.595923
                                                                  ],
                                                                  [
                                                                      25.749175,
                                                                      46.598861
                                                                  ],
                                                                  [
                                                                      25.749417,
                                                                      46.602293
                                                                  ],
                                                                  [
                                                                      25.748698,
                                                                      46.604576
                                                                  ],
                                                                  [
                                                                      25.74418,
                                                                      46.60686
                                                                  ],
                                                                  [
                                                                      25.737532,
                                                                      46.607514
                                                                  ],
                                                                  [
                                                                      25.7342,
                                                                      46.609149
                                                                  ],
                                                                  [
                                                                      25.737532,
                                                                      46.613555
                                                                  ],
                                                                  [
                                                                      25.738718,
                                                                      46.619763
                                                                  ],
                                                                  [
                                                                      25.734442,
                                                                      46.623187
                                                                  ],
                                                                  [
                                                                      25.7304,
                                                                      46.624822
                                                                  ],
                                                                  [
                                                                      25.719225,
                                                                      46.623841
                                                                  ],
                                                                  [
                                                                      25.712811,
                                                                      46.627431
                                                                  ],
                                                                  [
                                                                      25.704492,
                                                                      46.630041
                                                                  ],
                                                                  [
                                                                      25.702354,
                                                                      46.630041
                                                                  ],
                                                                  [
                                                                      25.697602,
                                                                      46.628085
                                                                  ],
                                                                  [
                                                                      25.691179,
                                                                      46.628246
                                                                  ],
                                                                  [
                                                                      25.688808,
                                                                      46.62972
                                                                  ],
                                                                  [
                                                                      25.685951,
                                                                      46.63331
                                                                  ],
                                                                  [
                                                                      25.683103,
                                                                      46.633631
                                                                  ],
                                                                  [
                                                                      25.680013,
                                                                      46.633144
                                                                  ],
                                                                  [
                                                                      25.678109,
                                                                      46.630041
                                                                  ],
                                                                  [
                                                                      25.673833,
                                                                      46.629393
                                                                  ],
                                                                  [
                                                                      25.669548,
                                                                      46.62988
                                                                  ],
                                                                  [
                                                                      25.666224,
                                                                      46.630861
                                                                  ],
                                                                  [
                                                                      25.663134,
                                                                      46.634285
                                                                  ],
                                                                  [
                                                                      25.656954,
                                                                      46.634612
                                                                  ],
                                                                  [
                                                                      25.653863,
                                                                      46.633144
                                                                  ],
                                                                  [
                                                                      25.652201,
                                                                      46.631675
                                                                  ],
                                                                  [
                                                                      25.646973,
                                                                      46.630695
                                                                  ],
                                                                  [
                                                                      25.645069,
                                                                      46.629066
                                                                  ],
                                                                  [
                                                                      25.643407,
                                                                      46.627431
                                                                  ],
                                                                  [
                                                                      25.641026,
                                                                      46.627104
                                                                  ],
                                                                  [
                                                                      25.63746,
                                                                      46.628085
                                                                  ],
                                                                  [
                                                                      25.635322,
                                                                      46.631188
                                                                  ],
                                                                  [
                                                                      25.632951,
                                                                      46.631675
                                                                  ],
                                                                  [
                                                                      25.626528,
                                                                      46.631675
                                                                  ],
                                                                  [
                                                                      25.622961,
                                                                      46.632163
                                                                  ],
                                                                  [
                                                                      25.622494,
                                                                      46.634451
                                                                  ],
                                                                  [
                                                                      25.623348,
                                                                      46.636604
                                                                  ],
                                                                  [
                                                                      25.622207,
                                                                      46.638954
                                                                  ],
                                                                  [
                                                                      25.617832,
                                                                      46.641828
                                                                  ],
                                                                  [
                                                                      25.601474,
                                                                      46.67458
                                                                  ],
                                                                  [
                                                                      25.58817,
                                                                      46.683584
                                                                  ],
                                                                  [
                                                                      25.582079,
                                                                      46.692581
                                                                  ],
                                                                  [
                                                                      25.575045,
                                                                      46.712011
                                                                  ],
                                                                  [
                                                                      25.571434,
                                                                      46.720745
                                                                  ],
                                                                  [
                                                                      25.569529,
                                                                      46.723485
                                                                  ],
                                                                  [
                                                                      25.564966,
                                                                      46.725308
                                                                  ],
                                                                  [
                                                                      25.531791,
                                                                      46.740152
                                                                  ]
                                                              ],
                                                              [
                                                                  [
                                                                      25.619072,
                                                                      45.660638
                                                                  ],
                                                                  [
                                                                      25.624668,
                                                                      45.661567
                                                                  ],
                                                                  [
                                                                      25.629806,
                                                                      45.664957
                                                                  ],
                                                                  [
                                                                      25.64506,
                                                                      45.673526
                                                                  ],
                                                                  [
                                                                      25.647629,
                                                                      45.675823
                                                                  ],
                                                                  [
                                                                      25.693551,
                                                                      45.703214
                                                                  ],
                                                                  [
                                                                      25.7061,
                                                                      45.711382
                                                                  ],
                                                                  [
                                                                      25.711661,
                                                                      45.714173
                                                                  ],
                                                                  [
                                                                      25.741745,
                                                                      45.718652
                                                                  ],
                                                                  [
                                                                      25.761994,
                                                                      45.726115
                                                                  ],
                                                                  [
                                                                      25.779618,
                                                                      45.740937
                                                                  ],
                                                                  [
                                                                      25.78323,
                                                                      45.745451
                                                                  ],
                                                                  [
                                                                      25.789554,
                                                                      45.761742
                                                                  ],
                                                                  [
                                                                      25.792563,
                                                                      45.763108
                                                                  ],
                                                                  [
                                                                      25.796183,
                                                                      45.765314
                                                                  ],
                                                                  [
                                                                      25.797989,
                                                                      45.767519
                                                                  ],
                                                                  [
                                                                      25.832619,
                                                                      45.788733
                                                                  ],
                                                                  [
                                                                      25.840758,
                                                                      45.804172
                                                                  ],
                                                                  [
                                                                      25.840156,
                                                                      45.805957
                                                                  ],
                                                                  [
                                                                      25.807772,
                                                                      45.852127
                                                                  ],
                                                                  [
                                                                      25.809425,
                                                                      45.867122
                                                                  ],
                                                                  [
                                                                      25.812739,
                                                                      45.87247
                                                                  ],
                                                                  [
                                                                      25.815452,
                                                                      45.883477
                                                                  ],
                                                                  [
                                                                      25.81485,
                                                                      45.895532
                                                                  ],
                                                                  [
                                                                      25.826448,
                                                                      45.909579
                                                                  ],
                                                                  [
                                                                      25.8403,
                                                                      45.939642
                                                                  ],
                                                                  [
                                                                      25.844064,
                                                                      45.953677
                                                                  ],
                                                                  [
                                                                      25.847226,
                                                                      45.95713
                                                                  ],
                                                                  [
                                                                      25.846624,
                                                                      45.961421
                                                                  ],
                                                                  [
                                                                      25.852643,
                                                                      45.970112
                                                                  ],
                                                                  [
                                                                      25.853397,
                                                                      45.97723
                                                                  ],
                                                                  [
                                                                      25.852499,
                                                                      45.98047
                                                                  ],
                                                                  [
                                                                      25.847226,
                                                                      45.9857
                                                                  ],
                                                                  [
                                                                      25.844064,
                                                                      45.991037
                                                                  ],
                                                                  [
                                                                      25.843309,
                                                                      45.997421
                                                                  ],
                                                                  [
                                                                      25.836679,
                                                                      46.004641
                                                                  ],
                                                                  [
                                                                      25.830813,
                                                                      46.009976
                                                                  ],
                                                                  [
                                                                      25.830957,
                                                                      46.021897
                                                                  ],
                                                                  [
                                                                      25.823124,
                                                                      46.031309
                                                                  ],
                                                                  [
                                                                      25.825235,
                                                                      46.043226
                                                                  ],
                                                                  [
                                                                      25.822522,
                                                                      46.052111
                                                                  ],
                                                                  [
                                                                      25.819513,
                                                                      46.054405
                                                                  ],
                                                                  [
                                                                      25.81936,
                                                                      46.056706
                                                                  ],
                                                                  [
                                                                      25.825388,
                                                                      46.063394
                                                                  ],
                                                                  [
                                                                      25.825989,
                                                                      46.066529
                                                                  ],
                                                                  [
                                                                      25.832314,
                                                                      46.074787
                                                                  ],
                                                                  [
                                                                      25.834568,
                                                                      46.076139
                                                                  ],
                                                                  [
                                                                      25.838332,
                                                                      46.08753
                                                                  ],
                                                                  [
                                                                      25.838332,
                                                                      46.091081
                                                                  ],
                                                                  [
                                                                      25.840893,
                                                                      46.09338
                                                                  ],
                                                                  [
                                                                      25.843758,
                                                                      46.09442
                                                                  ],
                                                                  [
                                                                      25.846318,
                                                                      46.102356
                                                                  ],
                                                                  [
                                                                      25.844809,
                                                                      46.108516
                                                                  ],
                                                                  [
                                                                      25.848573,
                                                                      46.112694
                                                                  ],
                                                                  [
                                                                      25.851735,
                                                                      46.119582
                                                                  ],
                                                                  [
                                                                      25.851133,
                                                                      46.123448
                                                                  ],
                                                                  [
                                                                      25.852041,
                                                                      46.129394
                                                                  ],
                                                                  [
                                                                      25.85355,
                                                                      46.13138
                                                                  ],
                                                                  [
                                                                      25.853244,
                                                                      46.132837
                                                                  ],
                                                                  [
                                                                      25.851133,
                                                                      46.135134
                                                                  ],
                                                                  [
                                                                      25.851439,
                                                                      46.140456
                                                                  ],
                                                                  [
                                                                      25.854601,
                                                                      46.143798
                                                                  ],
                                                                  [
                                                                      25.854601,
                                                                      46.147134
                                                                  ],
                                                                  [
                                                                      25.859119,
                                                                      46.151098
                                                                  ],
                                                                  [
                                                                      25.86017,
                                                                      46.155585
                                                                  ],
                                                                  [
                                                                      25.871013,
                                                                      46.15986
                                                                  ],
                                                                  [
                                                                      25.871615,
                                                                      46.161951
                                                                  ],
                                                                  [
                                                                      25.871013,
                                                                      46.163929
                                                                  ],
                                                                  [
                                                                      25.873879,
                                                                      46.166331
                                                                  ],
                                                                  [
                                                                      25.87493,
                                                                      46.169566
                                                                  ],
                                                                  [
                                                                      25.877643,
                                                                      46.171127
                                                                  ],
                                                                  [
                                                                      25.879448,
                                                                      46.172794
                                                                  ],
                                                                  [
                                                                      25.882907,
                                                                      46.180825
                                                                  ],
                                                                  [
                                                                      25.881101,
                                                                      46.184476
                                                                  ],
                                                                  [
                                                                      25.882458,
                                                                      46.187081
                                                                  ],
                                                                  [
                                                                      25.889536,
                                                                      46.188748
                                                                  ],
                                                                  [
                                                                      25.892097,
                                                                      46.190415
                                                                  ],
                                                                  [
                                                                      25.893453,
                                                                      46.193754
                                                                  ],
                                                                  [
                                                                      25.892546,
                                                                      46.195837
                                                                  ],
                                                                  [
                                                                      25.887731,
                                                                      46.198859
                                                                  ]
                                                              ]
                                                          ]
                                      }
                     },
                     {
                         "type":  "Feature",
                         "properties":  {
                                            "magistrala":  "M500",
                                            "nr_segmente":  5,
                                            "culoare":  "#1F6FB5",
                                            "stroke":  "#1F6FB5",
                                            "stroke-width":  3,
                                            "stroke-opacity":  0.95
                                        },
                         "geometry":  {
                                          "type":  "MultiLineString",
                                          "coordinates":  [
                                                              [
                                                                  [
                                                                      27.179796,
                                                                      46.113666
                                                                  ],
                                                                  [
                                                                      27.129993,
                                                                      46.186024
                                                                  ],
                                                                  [
                                                                      27.114775,
                                                                      46.197342
                                                                  ],
                                                                  [
                                                                      27.112116,
                                                                      46.199842
                                                                  ],
                                                                  [
                                                                      27.093863,
                                                                      46.231157
                                                                  ],
                                                                  [
                                                                      27.09291,
                                                                      46.251144
                                                                  ],
                                                                  [
                                                                      27.091392,
                                                                      46.253778
                                                                  ],
                                                                  [
                                                                      27.087583,
                                                                      46.256008
                                                                  ],
                                                                  [
                                                                      27.081502,
                                                                      46.259033
                                                                  ],
                                                                  [
                                                                      27.052792,
                                                                      46.280593
                                                                  ],
                                                                  [
                                                                      27.009628,
                                                                      46.332999
                                                                  ],
                                                                  [
                                                                      26.996692,
                                                                      46.349011
                                                                  ],
                                                                  [
                                                                      26.978627,
                                                                      46.374075
                                                                  ],
                                                                  [
                                                                      26.965314,
                                                                      46.393229
                                                                  ],
                                                                  [
                                                                      26.959044,
                                                                      46.399258
                                                                  ],
                                                                  [
                                                                      26.953339,
                                                                      46.401358
                                                                  ],
                                                                  [
                                                                      26.948776,
                                                                      46.406734
                                                                  ],
                                                                  [
                                                                      26.949153,
                                                                      46.412501
                                                                  ],
                                                                  [
                                                                      26.941356,
                                                                      46.432818
                                                                  ],
                                                                  [
                                                                      26.93204,
                                                                      46.443039
                                                                  ],
                                                                  [
                                                                      26.930711,
                                                                      46.446709
                                                                  ],
                                                                  [
                                                                      26.932229,
                                                                      46.463475
                                                                  ],
                                                                  [
                                                                      26.932417,
                                                                      46.46806
                                                                  ],
                                                                  [
                                                                      26.935651,
                                                                      46.49621
                                                                  ],
                                                                  [
                                                                      26.936415,
                                                                      46.510735
                                                                  ],
                                                                  [
                                                                      26.934322,
                                                                      46.518852
                                                                  ],
                                                                  [
                                                                      26.924809,
                                                                      46.532981
                                                                  ],
                                                                  [
                                                                      26.888687,
                                                                      46.56959
                                                                  ],
                                                                  [
                                                                      26.890969,
                                                                      46.576389
                                                                  ],
                                                                  [
                                                                      26.901992,
                                                                      46.592201
                                                                  ],
                                                                  [
                                                                      26.901992,
                                                                      46.594034
                                                                  ],
                                                                  [
                                                                      26.897805,
                                                                      46.602132
                                                                  ],
                                                                  [
                                                                      26.89591,
                                                                      46.60631
                                                                  ],
                                                                  [
                                                                      26.896099,
                                                                      46.6101
                                                                  ],
                                                                  [
                                                                      26.908459,
                                                                      46.625383
                                                                  ],
                                                                  [
                                                                      26.909025,
                                                                      46.628647
                                                                  ],
                                                                  [
                                                                      26.890206,
                                                                      46.682937
                                                                  ],
                                                                  [
                                                                      26.885067,
                                                                      46.6982
                                                                  ],
                                                                  [
                                                                      26.888113,
                                                                      46.705894
                                                                  ],
                                                                  [
                                                                      26.88469,
                                                                      46.717758
                                                                  ],
                                                                  [
                                                                      26.876893,
                                                                      46.771442
                                                                  ],
                                                                  [
                                                                      26.86852,
                                                                      46.826892
                                                                  ],
                                                                  [
                                                                      26.868709,
                                                                      46.829362
                                                                  ],
                                                                  [
                                                                      26.886774,
                                                                      46.861484
                                                                  ],
                                                                  [
                                                                      26.899889,
                                                                      46.884102
                                                                  ],
                                                                  [
                                                                      26.900087,
                                                                      46.887356
                                                                  ],
                                                                  [
                                                                      26.895326,
                                                                      46.899566
                                                                  ],
                                                                  [
                                                                      26.892856,
                                                                      46.92321
                                                                  ],
                                                                  [
                                                                      26.898183,
                                                                      46.92983
                                                                  ],
                                                                  [
                                                                      26.902171,
                                                                      46.931001
                                                                  ],
                                                                  [
                                                                      26.909205,
                                                                      46.930351
                                                                  ],
                                                                  [
                                                                      26.913014,
                                                                      46.929701
                                                                  ],
                                                                  [
                                                                      26.917002,
                                                                      46.930351
                                                                  ],
                                                                  [
                                                                      26.918332,
                                                                      46.932431
                                                                  ],
                                                                  [
                                                                      26.917577,
                                                                      46.937234
                                                                  ],
                                                                  [
                                                                      26.915107,
                                                                      46.945538
                                                                  ],
                                                                  [
                                                                      26.911873,
                                                                      46.949825
                                                                  ],
                                                                  [
                                                                      26.904453,
                                                                      46.957741
                                                                  ],
                                                                  [
                                                                      26.878779,
                                                                      47.018186
                                                                  ],
                                                                  [
                                                                      26.872697,
                                                                      47.031278
                                                                  ],
                                                                  [
                                                                      26.835425999999998,
                                                                      47.066125
                                                                  ],
                                                                  [
                                                                      26.832767,
                                                                      47.076875
                                                                  ],
                                                                  [
                                                                      26.82877,
                                                                      47.082447
                                                                  ],
                                                                  [
                                                                      26.805575,
                                                                      47.105614
                                                                  ],
                                                                  [
                                                                      26.774961,
                                                                      47.126704
                                                                  ],
                                                                  [
                                                                      26.759941,
                                                                      47.146754
                                                                  ],
                                                                  [
                                                                      26.746817,
                                                                      47.165116
                                                                  ],
                                                                  [
                                                                      26.745676,
                                                                      47.168475
                                                                  ],
                                                                  [
                                                                      26.745487,
                                                                      47.175071
                                                                  ],
                                                                  [
                                                                      26.749287,
                                                                      47.199106
                                                                  ],
                                                                  [
                                                                      26.746817,
                                                                      47.201816
                                                                  ],
                                                                  [
                                                                      26.740537,
                                                                      47.204013
                                                                  ],
                                                                  [
                                                                      26.734267,
                                                                      47.211891
                                                                  ],
                                                                  [
                                                                      26.735408,
                                                                      47.218091
                                                                  ],
                                                                  [
                                                                      26.738642,
                                                                      47.221965
                                                                  ],
                                                                  [
                                                                      26.738642,
                                                                      47.231525
                                                                  ],
                                                                  [
                                                                      26.734267,
                                                                      47.237075
                                                                  ],
                                                                  [
                                                                      26.72514,
                                                                      47.253083
                                                                  ],
                                                                  [
                                                                      26.694903,
                                                                      47.303004
                                                                  ],
                                                                  [
                                                                      26.6641,
                                                                      47.356358
                                                                  ],
                                                                  [
                                                                      26.659536,
                                                                      47.363575
                                                                  ],
                                                                  [
                                                                      26.656868,
                                                                      47.378766
                                                                  ],
                                                                  [
                                                                      26.628347,
                                                                      47.39267
                                                                  ],
                                                                  [
                                                                      26.625876,
                                                                      47.397693
                                                                  ],
                                                                  [
                                                                      26.625499,
                                                                      47.403354
                                                                  ],
                                                                  [
                                                                      26.61922,
                                                                      47.406959
                                                                  ],
                                                                  [
                                                                      26.616938,
                                                                      47.41082
                                                                  ],
                                                                  [
                                                                      26.614468,
                                                                      47.418278
                                                                  ],
                                                                  [
                                                                      26.59545,
                                                                      47.440022
                                                                  ],
                                                                  [
                                                                      26.592405,
                                                                      47.442847
                                                                  ],
                                                                  [
                                                                      26.591839,
                                                                      47.445679
                                                                  ],
                                                                  [
                                                                      26.569588,
                                                                      47.468304
                                                                  ],
                                                                  [
                                                                      26.549241,
                                                                      47.489256
                                                                  ],
                                                                  [
                                                                      26.542207,
                                                                      47.504539
                                                                  ],
                                                                  [
                                                                      26.538407,
                                                                      47.509933
                                                                  ],
                                                                  [
                                                                      26.528328,
                                                                      47.521879
                                                                  ],
                                                                  [
                                                                      26.523576,
                                                                      47.535357
                                                                  ],
                                                                  [
                                                                      26.519201,
                                                                      47.539596
                                                                  ],
                                                                  [
                                                                      26.520154,
                                                                      47.543962
                                                                  ],
                                                                  [
                                                                      26.518627,
                                                                      47.551275
                                                                  ],
                                                                  [
                                                                      26.48326,
                                                                      47.588222
                                                                  ],
                                                                  [
                                                                      26.480026,
                                                                      47.590403
                                                                  ],
                                                                  [
                                                                      26.455879,
                                                                      47.601555
                                                                  ],
                                                                  [
                                                                      26.443518,
                                                                      47.606304
                                                                  ],
                                                                  [
                                                                      26.431732,
                                                                      47.609635
                                                                  ],
                                                                  [
                                                                      26.4034,
                                                                      47.614377
                                                                  ],
                                                                  [
                                                                      26.390662,
                                                                      47.620783
                                                                  ],
                                                                  [
                                                                      26.385334,
                                                                      47.623605
                                                                  ],
                                                                  [
                                                                      26.378489,
                                                                      47.625143
                                                                  ],
                                                                  [
                                                                      26.330762,
                                                                      47.639236
                                                                  ],
                                                                  [
                                                                      26.299581,
                                                                      47.653325
                                                                  ]
                                                              ],
                                                              [
                                                                  [
                                                                      26.03995,
                                                                      44.468229
                                                                  ],
                                                                  [
                                                                      26.001475,
                                                                      44.491803
                                                                  ],
                                                                  [
                                                                      25.996957,
                                                                      44.493847
                                                                  ],
                                                                  [
                                                                      25.984596,
                                                                      44.500383
                                                                  ],
                                                                  [
                                                                      25.973951,
                                                                      44.507437
                                                                  ],
                                                                  [
                                                                      25.968058,
                                                                      44.514215
                                                                  ],
                                                                  [
                                                                      25.966324,
                                                                      44.521811
                                                                  ]
                                                              ],
                                                              [
                                                                  [
                                                                      25.966324,
                                                                      44.521811
                                                                  ],
                                                                  [
                                                                      25.964447,
                                                                      44.530073
                                                                  ],
                                                                  [
                                                                      25.950182,
                                                                      44.584948
                                                                  ],
                                                                  [
                                                                      25.950182,
                                                                      44.589823
                                                                  ],
                                                                  [
                                                                      25.961402,
                                                                      44.612702
                                                                  ],
                                                                  [
                                                                      25.984596,
                                                                      44.661007
                                                                  ],
                                                                  [
                                                                      25.999805,
                                                                      44.685212
                                                                  ],
                                                                  [
                                                                      26.022622,
                                                                      44.721025
                                                                  ],
                                                                  [
                                                                      26.026422,
                                                                      44.801496
                                                                  ],
                                                                  [
                                                                      26.03156,
                                                                      44.813363
                                                                  ],
                                                                  [
                                                                      26.035737,
                                                                      44.821456
                                                                  ],
                                                                  [
                                                                      26.036123,
                                                                      44.827795
                                                                  ],
                                                                  [
                                                                      26.023763,
                                                                      44.867162
                                                                  ],
                                                                  [
                                                                      26.018624,
                                                                      44.886163
                                                                  ],
                                                                  [
                                                                      26.010638,
                                                                      44.910541
                                                                  ],
                                                                  [
                                                                      26.008168,
                                                                      44.914848
                                                                  ]
                                                              ],
                                                              [
                                                                  [
                                                                      26.008168,
                                                                      44.914848
                                                                  ],
                                                                  [
                                                                      26.012731,
                                                                      44.921445
                                                                  ],
                                                                  [
                                                                      26.070727,
                                                                      44.934368
                                                                  ],
                                                                  [
                                                                      26.098862,
                                                                      44.940295
                                                                  ],
                                                                  [
                                                                      26.112363,
                                                                      44.943391
                                                                  ],
                                                                  [
                                                                      26.122065,
                                                                      44.942984
                                                                  ],
                                                                  [
                                                                      26.159714,
                                                                      44.951332
                                                                  ],
                                                                  [
                                                                      26.165032,
                                                                      44.951733
                                                                  ],
                                                                  [
                                                                      26.224554,
                                                                      44.944873
                                                                  ],
                                                                  [
                                                                      26.242044,
                                                                      44.942984
                                                                  ],
                                                                  [
                                                                      26.41241,
                                                                      44.989134
                                                                  ],
                                                                  [
                                                                      26.443977,
                                                                      44.995322
                                                                  ],
                                                                  [
                                                                      26.46356,
                                                                      45.008902
                                                                  ],
                                                                  [
                                                                      26.537913,
                                                                      45.037665
                                                                  ],
                                                                  [
                                                                      26.651999,
                                                                      45.081988
                                                                  ],
                                                                  [
                                                                      26.761522,
                                                                      45.124134
                                                                  ],
                                                                  [
                                                                      26.795748,
                                                                      45.136878
                                                                  ],
                                                                  [
                                                                      26.815897,
                                                                      45.142512
                                                                  ],
                                                                  [
                                                                      26.840807,
                                                                      45.143316
                                                                  ],
                                                                  [
                                                                      26.8467,
                                                                      45.144121
                                                                  ],
                                                                  [
                                                                      26.856779,
                                                                      45.147473
                                                                  ],
                                                                  [
                                                                      26.935876,
                                                                      45.217034
                                                                  ],
                                                                  [
                                                                      26.970865,
                                                                      45.246894
                                                                  ],
                                                                  [
                                                                      27.00528,
                                                                      45.276877
                                                                  ],
                                                                  [
                                                                      27.019159,
                                                                      45.300021
                                                                  ],
                                                                  [
                                                                      27.059089,
                                                                      45.367389
                                                                  ],
                                                                  [
                                                                      27.056044,
                                                                      45.382212
                                                                  ],
                                                                  [
                                                                      27.05643,
                                                                      45.387953
                                                                  ],
                                                                  [
                                                                      27.073157,
                                                                      45.399176
                                                                  ],
                                                                  [
                                                                      27.08761,
                                                                      45.416929
                                                                  ],
                                                                  [
                                                                      27.120507,
                                                                      45.536792
                                                                  ],
                                                                  [
                                                                      27.152442,
                                                                      45.647364
                                                                  ],
                                                                  [
                                                                      27.182293,
                                                                      45.756652
                                                                  ],
                                                                  [
                                                                      27.192938,
                                                                      45.798298
                                                                  ],
                                                                  [
                                                                      27.204921,
                                                                      45.843354
                                                                  ],
                                                                  [
                                                                      27.211767,
                                                                      45.865865
                                                                  ],
                                                                  [
                                                                      27.212907,
                                                                      45.870631
                                                                  ],
                                                                  [
                                                                      27.213851,
                                                                      45.920785
                                                                  ],
                                                                  [
                                                                      27.214228,
                                                                      45.952259
                                                                  ],
                                                                  [
                                                                      27.213087,
                                                                      45.954639
                                                                  ],
                                                                  [
                                                                      27.209665,
                                                                      45.957811
                                                                  ],
                                                                  [
                                                                      27.208721,
                                                                      45.96019
                                                                  ],
                                                                  [
                                                                      27.210805,
                                                                      45.97314
                                                                  ],
                                                                  [
                                                                      27.211003,
                                                                      45.97869
                                                                  ],
                                                                  [
                                                                      27.189893,
                                                                      46.024524
                                                                  ],
                                                                  [
                                                                      27.189318,
                                                                      46.05726
                                                                  ],
                                                                  [
                                                                      27.192552,
                                                                      46.061219
                                                                  ],
                                                                  [
                                                                      27.200538,
                                                                      46.07045
                                                                  ],
                                                                  [
                                                                      27.204338,
                                                                      46.076127
                                                                  ],
                                                                  [
                                                                      27.202819,
                                                                      46.079816
                                                                  ],
                                                                  [
                                                                      27.20149,
                                                                      46.082059
                                                                  ],
                                                                  [
                                                                      27.179796,
                                                                      46.113666
                                                                  ]
                                                              ],
                                                              [
                                                                  [
                                                                      26.299581,
                                                                      47.653325
                                                                  ],
                                                                  [
                                                                      26.281705,
                                                                      47.663447
                                                                  ],
                                                                  [
                                                                      26.253749,
                                                                      47.674457
                                                                  ],
                                                                  [
                                                                      26.249186,
                                                                      47.675867
                                                                  ],
                                                                  [
                                                                      26.241586,
                                                                      47.675098
                                                                  ],
                                                                  [
                                                                      26.222569,
                                                                      47.678679
                                                                  ],
                                                                  [
                                                                      26.198224,
                                                                      47.689559
                                                                  ],
                                                                  [
                                                                      26.181498,
                                                                      47.695835
                                                                  ],
                                                                  [
                                                                      26.158106,
                                                                      47.70338
                                                                  ],
                                                                  [
                                                                      26.134148,
                                                                      47.715282
                                                                  ],
                                                                  [
                                                                      26.086995,
                                                                      47.740347
                                                                  ],
                                                                  [
                                                                      26.078245,
                                                                      47.747384
                                                                  ],
                                                                  [
                                                                      26.051431,
                                                                      47.771793
                                                                  ],
                                                                  [
                                                                      26.04154,
                                                                      47.7801
                                                                  ],
                                                                  [
                                                                      26.024625,
                                                                      47.80961
                                                                  ],
                                                                  [
                                                                      26.024239,
                                                                      47.813314
                                                                  ],
                                                                  [
                                                                      26.025191,
                                                                      47.817911
                                                                  ],
                                                                  [
                                                                      26.023098,
                                                                      47.826976
                                                                  ],
                                                                  [
                                                                      26.023286,
                                                                      47.843692
                                                                  ],
                                                                  [
                                                                      26.025002,
                                                                      47.849051
                                                                  ],
                                                                  [
                                                                      26.024427,
                                                                      47.851481
                                                                  ],
                                                                  [
                                                                      26.02025,
                                                                      47.856201
                                                                  ],
                                                                  [
                                                                      26.008078,
                                                                      47.861559
                                                                  ],
                                                                  [
                                                                      26.001044,
                                                                      47.866917
                                                                  ],
                                                                  [
                                                                      25.989249,
                                                                      47.88477
                                                                  ],
                                                                  [
                                                                      25.989061,
                                                                      47.895353
                                                                  ],
                                                                  [
                                                                      25.983545,
                                                                      47.913197
                                                                  ],
                                                                  [
                                                                      25.980122,
                                                                      47.915876
                                                                  ],
                                                                  [
                                                                      25.976888,
                                                                      47.91702
                                                                  ],
                                                                  [
                                                                      25.9729,
                                                                      47.924666
                                                                  ],
                                                                  [
                                                                      25.96928,
                                                                      47.934988
                                                                  ],
                                                                  [
                                                                      25.961105,
                                                                      47.948233
                                                                  ],
                                                                  [
                                                                      25.962632,
                                                                      47.952054
                                                                  ],
                                                                  [
                                                                      25.971184,
                                                                      47.962371
                                                                  ],
                                                                  [
                                                                      25.970618,
                                                                      47.965427
                                                                  ],
                                                                  [
                                                                      25.962821,
                                                                      47.972807
                                                                  ]
                                                              ]
                                                          ]
                                      }
                     },
                     {
                         "type":  "Feature",
                         "properties":  {
                                            "magistrala":  "M600",
                                            "nr_segmente":  3,
                                            "culoare":  "#E94CA3",
                                            "stroke":  "#E94CA3",
                                            "stroke-width":  3,
                                            "stroke-opacity":  0.95
                                        },
                         "geometry":  {
                                          "type":  "MultiLineString",
                                          "coordinates":  [
                                                              [
                                                                  [
                                                                      27.660816,
                                                                      46.210087
                                                                  ],
                                                                  [
                                                                      27.689338,
                                                                      46.222258
                                                                  ],
                                                                  [
                                                                      27.692428,
                                                                      46.226204
                                                                  ],
                                                                  [
                                                                      27.705984,
                                                                      46.241658
                                                                  ],
                                                                  [
                                                                      27.718336,
                                                                      46.263517
                                                                  ],
                                                                  [
                                                                      27.728792,
                                                                      46.268777
                                                                  ],
                                                                  [
                                                                      27.738063,
                                                                      46.282902
                                                                  ],
                                                                  [
                                                                      27.758508,
                                                                      46.300152
                                                                  ],
                                                                  [
                                                                      27.768246,
                                                                      46.313941
                                                                  ],
                                                                  [
                                                                      27.782987,
                                                                      46.324122
                                                                  ],
                                                                  [
                                                                      27.794872,
                                                                      46.344305
                                                                  ],
                                                                  [
                                                                      27.806514,
                                                                      46.355131
                                                                  ],
                                                                  [
                                                                      27.822199,
                                                                      46.379733
                                                                  ],
                                                                  [
                                                                      27.822675,
                                                                      46.386457
                                                                  ],
                                                                  [
                                                                      27.820779,
                                                                      46.394654
                                                                  ],
                                                                  [
                                                                      27.833607,
                                                                      46.43431
                                                                  ],
                                                                  [
                                                                      27.832655,
                                                                      46.438569
                                                                  ],
                                                                  [
                                                                      27.821965,
                                                                      46.456748
                                                                  ],
                                                                  [
                                                                      27.815542,
                                                                      46.470009
                                                                  ],
                                                                  [
                                                                      27.813404,
                                                                      46.47901
                                                                  ],
                                                                  [
                                                                      27.823385,
                                                                      46.498975
                                                                  ],
                                                                  [
                                                                      27.822199,
                                                                      46.512064
                                                                  ],
                                                                  [
                                                                      27.820537,
                                                                      46.518277
                                                                  ],
                                                                  [
                                                                      27.815066,
                                                                      46.524
                                                                  ],
                                                                  [
                                                                      27.809604,
                                                                      46.535286
                                                                  ],
                                                                  [
                                                                      27.804367,
                                                                      46.540192
                                                                  ],
                                                                  [
                                                                      27.768956,
                                                                      46.570102
                                                                  ],
                                                                  [
                                                                      27.754933,
                                                                      46.592645
                                                                  ],
                                                                  [
                                                                      27.747091,
                                                                      46.604891
                                                                  ],
                                                                  [
                                                                      27.712856,
                                                                      46.639009
                                                                  ],
                                                                  [
                                                                      27.703352,
                                                                      46.651738
                                                                  ],
                                                                  [
                                                                      27.700261,
                                                                      46.65516
                                                                  ],
                                                                  [
                                                                      27.679106,
                                                                      46.664298
                                                                  ],
                                                                  [
                                                                      27.671506,
                                                                      46.666091
                                                                  ],
                                                                  [
                                                                      27.664131,
                                                                      46.67392
                                                                  ],
                                                                  [
                                                                      27.64868,
                                                                      46.685008
                                                                  ],
                                                                  [
                                                                      27.632519,
                                                                      46.695766
                                                                  ],
                                                                  [
                                                                      27.615883,
                                                                      46.707502
                                                                  ],
                                                                  [
                                                                      27.612316,
                                                                      46.711093
                                                                  ],
                                                                  [
                                                                      27.577614,
                                                                      46.754587
                                                                  ],
                                                                  [
                                                                      27.562163,
                                                                      46.775102
                                                                  ],
                                                                  [
                                                                      27.558364,
                                                                      46.794792
                                                                  ],
                                                                  [
                                                                      27.555273,
                                                                      46.81887
                                                                  ],
                                                                  [
                                                                      27.562873,
                                                                      46.832042
                                                                  ],
                                                                  [
                                                                      27.560502,
                                                                      46.86017
                                                                  ],
                                                                  [
                                                                      27.56953,
                                                                      46.886005
                                                                  ],
                                                                  [
                                                                      27.56573,
                                                                      46.931627
                                                                  ],
                                                                  [
                                                                      27.560969,
                                                                      46.953209
                                                                  ],
                                                                  [
                                                                      27.554555,
                                                                      46.959537
                                                                  ],
                                                                  [
                                                                      27.551698,
                                                                      46.971056
                                                                  ],
                                                                  [
                                                                      27.547422,
                                                                      46.99084
                                                                  ],
                                                                  [
                                                                      27.54267,
                                                                      46.99538
                                                                  ],
                                                                  [
                                                                      27.54338,
                                                                      47.000563
                                                                  ],
                                                                  [
                                                                      27.552417,
                                                                      47.009642
                                                                  ],
                                                                  [
                                                                      27.556926,
                                                                      47.011265
                                                                  ],
                                                                  [
                                                                      27.562873,
                                                                      47.010775
                                                                  ],
                                                                  [
                                                                      27.567625,
                                                                      47.012233
                                                                  ],
                                                                  [
                                                                      27.575944,
                                                                      47.01791
                                                                  ],
                                                                  [
                                                                      27.58022,
                                                                      47.02066
                                                                  ],
                                                                  [
                                                                      27.580696,
                                                                      47.03573
                                                                  ],
                                                                  [
                                                                      27.581881,
                                                                      47.040266
                                                                  ],
                                                                  [
                                                                      27.578315,
                                                                      47.046094
                                                                  ],
                                                                  [
                                                                      27.573087,
                                                                      47.051119
                                                                  ],
                                                                  [
                                                                      27.567149,
                                                                      47.063744
                                                                  ],
                                                                  [
                                                                      27.568101,
                                                                      47.068768
                                                                  ],
                                                                  [
                                                                      27.565245,
                                                                      47.077505
                                                                  ],
                                                                  [
                                                                      27.564769,
                                                                      47.081065
                                                                  ],
                                                                  [
                                                                      27.56334,
                                                                      47.085273
                                                                  ],
                                                                  [
                                                                      27.567859,
                                                                      47.106635
                                                                  ],
                                                                  [
                                                                      27.569763,
                                                                      47.110352
                                                                  ],
                                                                  [
                                                                      27.574039,
                                                                      47.113592
                                                                  ],
                                                                  [
                                                                      27.575701,
                                                                      47.116826
                                                                  ],
                                                                  [
                                                                      27.575225,
                                                                      47.131056
                                                                  ],
                                                                  [
                                                                      27.577839,
                                                                      47.134777
                                                                  ],
                                                                  [
                                                                      27.582834,
                                                                      47.137527
                                                                  ],
                                                                  [
                                                                      27.584738,
                                                                      47.139788
                                                                  ],
                                                                  [
                                                                      27.588538,
                                                                      47.140436
                                                                  ],
                                                                  [
                                                                      27.594476,
                                                                      47.138334
                                                                  ],
                                                                  [
                                                                      27.604941,
                                                                      47.138658
                                                                  ],
                                                                  [
                                                                      27.608499,
                                                                      47.139788
                                                                  ],
                                                                  [
                                                                      27.618721,
                                                                      47.139788
                                                                  ],
                                                                  [
                                                                      27.621102,
                                                                      47.139464
                                                                  ],
                                                                  [
                                                                      27.668165,
                                                                      47.141566
                                                                  ],
                                                                  [
                                                                      27.682421,
                                                                      47.148037
                                                                  ],
                                                                  [
                                                                      27.70072,
                                                                      47.147389
                                                                  ],
                                                                  [
                                                                      27.708562,
                                                                      47.152564
                                                                  ],
                                                                  [
                                                                      27.720689,
                                                                      47.161934
                                                                  ],
                                                                  [
                                                                      27.724013,
                                                                      47.172762
                                                                  ],
                                                                  [
                                                                      27.729484,
                                                                      47.17987
                                                                  ],
                                                                  [
                                                                      27.775828,
                                                                      47.201352
                                                                  ],
                                                                  [
                                                                      27.785574,
                                                                      47.199899
                                                                  ]
                                                              ],
                                                              [
                                                                  [
                                                                      27.251292,
                                                                      45.078175
                                                                  ],
                                                                  [
                                                                      27.247996,
                                                                      45.081398
                                                                  ],
                                                                  [
                                                                      27.247645,
                                                                      45.088945
                                                                  ],
                                                                  [
                                                                      27.249424,
                                                                      45.117301
                                                                  ],
                                                                  [
                                                                      27.24752,
                                                                      45.121662
                                                                  ],
                                                                  [
                                                                      27.232311,
                                                                      45.145135
                                                                  ],
                                                                  [
                                                                      27.221136,
                                                                      45.161562
                                                                  ],
                                                                  [
                                                                      27.229221,
                                                                      45.18636
                                                                  ],
                                                                  [
                                                                      27.254176,
                                                                      45.253832
                                                                  ],
                                                                  [
                                                                      27.300044,
                                                                      45.380351
                                                                  ],
                                                                  [
                                                                      27.322143,
                                                                      45.439921
                                                                  ],
                                                                  [
                                                                      27.333785,
                                                                      45.51625
                                                                  ],
                                                                  [
                                                                      27.353754,
                                                                      45.651992
                                                                  ],
                                                                  [
                                                                      27.358264,
                                                                      45.680393
                                                                  ],
                                                                  [
                                                                      27.363968,
                                                                      45.685539
                                                                  ],
                                                                  [
                                                                      27.377757,
                                                                      45.695504
                                                                  ],
                                                                  [
                                                                      27.414597,
                                                                      45.719737
                                                                  ],
                                                                  [
                                                                      27.416969,
                                                                      45.721894
                                                                  ],
                                                                  [
                                                                      27.417687,
                                                                      45.726372
                                                                  ],
                                                                  [
                                                                      27.413402,
                                                                      45.737984
                                                                  ],
                                                                  [
                                                                      27.413879,
                                                                      45.74031
                                                                  ],
                                                                  [
                                                                      27.421254,
                                                                      45.758389
                                                                  ],
                                                                  [
                                                                      27.422197,
                                                                      45.76104
                                                                  ],
                                                                  [
                                                                      27.423149,
                                                                      45.776292
                                                                  ],
                                                                  [
                                                                      27.420059,
                                                                      45.780439
                                                                  ],
                                                                  [
                                                                      27.421245,
                                                                      45.788395
                                                                  ],
                                                                  [
                                                                      27.430039,
                                                                      45.806621
                                                                  ],
                                                                  [
                                                                      27.434082,
                                                                      45.814078
                                                                  ],
                                                                  [
                                                                      27.434324,
                                                                      45.818548
                                                                  ],
                                                                  [
                                                                      27.419583,
                                                                      45.837434
                                                                  ],
                                                                  [
                                                                      27.415783,
                                                                      45.841239
                                                                  ],
                                                                  [
                                                                      27.410555,
                                                                      45.842897
                                                                  ],
                                                                  [
                                                                      27.409126,
                                                                      45.845381
                                                                  ],
                                                                  [
                                                                      27.40936,
                                                                      45.848028
                                                                  ],
                                                                  [
                                                                      27.412819,
                                                                      45.868392
                                                                  ]
                                                              ],
                                                              [
                                                                  [
                                                                      27.412819,
                                                                      45.868392
                                                                  ],
                                                                  [
                                                                      27.41554,
                                                                      45.88444
                                                                  ],
                                                                  [
                                                                      27.420059,
                                                                      45.912723
                                                                  ],
                                                                  [
                                                                      27.422673,
                                                                      45.918348
                                                                  ],
                                                                  [
                                                                      27.434315,
                                                                      45.934219
                                                                  ],
                                                                  [
                                                                      27.435977,
                                                                      45.940166
                                                                  ],
                                                                  [
                                                                      27.434082,
                                                                      45.953721
                                                                  ],
                                                                  [
                                                                      27.432653,
                                                                      45.960328
                                                                  ],
                                                                  [
                                                                      27.434791,
                                                                      45.968427
                                                                  ],
                                                                  [
                                                                      27.439786,
                                                                      45.979827
                                                                  ],
                                                                  [
                                                                      27.440496,
                                                                      45.985607
                                                                  ],
                                                                  [
                                                                      27.435501,
                                                                      46.001459
                                                                  ],
                                                                  [
                                                                      27.435501,
                                                                      46.007898
                                                                  ],
                                                                  [
                                                                      27.455228,
                                                                      46.04206
                                                                  ],
                                                                  [
                                                                      27.469493,
                                                                      46.067128
                                                                  ],
                                                                  [
                                                                      27.484935,
                                                                      46.083286
                                                                  ],
                                                                  [
                                                                      27.492544,
                                                                      46.086421
                                                                  ],
                                                                  [
                                                                      27.532474,
                                                                      46.096644
                                                                  ],
                                                                  [
                                                                      27.546497,
                                                                      46.104224
                                                                  ],
                                                                  [
                                                                      27.569557,
                                                                      46.127452
                                                                  ],
                                                                  [
                                                                      27.57359,
                                                                      46.130421
                                                                  ],
                                                                  [
                                                                      27.584523,
                                                                      46.149854
                                                                  ],
                                                                  [
                                                                      27.601878,
                                                                      46.164178
                                                                  ],
                                                                  [
                                                                      27.646327,
                                                                      46.199394
                                                                  ],
                                                                  [
                                                                      27.660816,
                                                                      46.210087
                                                                  ]
                                                              ]
                                                          ]
                                      }
                     },
                     {
                         "type":  "Feature",
                         "properties":  {
                                            "magistrala":  "M700",
                                            "nr_segmente":  4,
                                            "culoare":  "#4A7C7E",
                                            "stroke":  "#4A7C7E",
                                            "stroke-width":  3,
                                            "stroke-opacity":  0.95
                                        },
                         "geometry":  {
                                          "type":  "MultiLineString",
                                          "coordinates":  [
                                                              [
                                                                  [
                                                                      27.24654,
                                                                      45.075828
                                                                  ],
                                                                  [
                                                                      27.251292,
                                                                      45.078175
                                                                  ],
                                                                  [
                                                                      27.288375,
                                                                      45.085559
                                                                  ],
                                                                  [
                                                                      27.332824,
                                                                      45.09412
                                                                  ],
                                                                  [
                                                                      27.369663,
                                                                      45.102174
                                                                  ],
                                                                  [
                                                                      27.481845,
                                                                      45.127499
                                                                  ],
                                                                  [
                                                                      27.487549,
                                                                      45.128678
                                                                  ],
                                                                  [
                                                                      27.519161,
                                                                      45.139407
                                                                  ],
                                                                  [
                                                                      27.5705,
                                                                      45.157178
                                                                  ],
                                                                  [
                                                                      27.622791,
                                                                      45.168744
                                                                  ],
                                                                  [
                                                                      27.69338,
                                                                      45.18315
                                                                  ],
                                                                  [
                                                                      27.737586,
                                                                      45.187842
                                                                  ],
                                                                  [
                                                                      27.819351,
                                                                      45.196724
                                                                  ],
                                                                  [
                                                                      27.822917,
                                                                      45.198231
                                                                  ],
                                                                  [
                                                                      27.858572,
                                                                      45.223849
                                                                  ],
                                                                  [
                                                                      27.865938,
                                                                      45.226525
                                                                  ],
                                                                  [
                                                                      27.889465,
                                                                      45.235565
                                                                  ],
                                                                  [
                                                                      27.927733,
                                                                      45.249291
                                                                  ],
                                                                  [
                                                                      27.94437,
                                                                      45.258998
                                                                  ],
                                                                  [
                                                                      27.950074,
                                                                      45.271207
                                                                  ],
                                                                  [
                                                                      27.957683,
                                                                      45.290941
                                                                  ],
                                                                  [
                                                                      27.955778,
                                                                      45.294953
                                                                  ],
                                                                  [
                                                                      27.938665,
                                                                      45.305322
                                                                  ],
                                                                  [
                                                                      27.927733,
                                                                      45.312171
                                                                  ],
                                                                  [
                                                                      27.91442,
                                                                      45.317692
                                                                  ],
                                                                  [
                                                                      27.901825,
                                                                      45.32788
                                                                  ],
                                                                  [
                                                                      27.893741,
                                                                      45.348263
                                                                  ],
                                                                  [
                                                                      27.897307,
                                                                      45.354948
                                                                  ],
                                                                  [
                                                                      27.903963,
                                                                      45.358123
                                                                  ],
                                                                  [
                                                                      27.921552,
                                                                      45.364801
                                                                  ],
                                                                  [
                                                                      27.940327,
                                                                      45.370481
                                                                  ],
                                                                  [
                                                                      27.952688,
                                                                      45.373485
                                                                  ],
                                                                  [
                                                                      27.96053,
                                                                      45.378325
                                                                  ],
                                                                  [
                                                                      27.965525,
                                                                      45.386673
                                                                  ],
                                                                  [
                                                                      27.983824,
                                                                      45.398192
                                                                  ],
                                                                  [
                                                                      27.988746,
                                                                      45.404001
                                                                  ],
                                                                  [
                                                                      27.998843,
                                                                      45.41003
                                                                  ],
                                                                  [
                                                                      27.999895,
                                                                      45.41225
                                                                  ],
                                                                  [
                                                                      27.999895,
                                                                      45.419861
                                                                  ],
                                                                  [
                                                                      27.999589,
                                                                      45.425889
                                                                  ],
                                                                  [
                                                                      27.998538,
                                                                      45.430327
                                                                  ],
                                                                  [
                                                                      28.005617,
                                                                      45.443533
                                                                  ]
                                                              ],
                                                              [
                                                                  [
                                                                      26.032494,
                                                                      44.472787
                                                                  ],
                                                                  [
                                                                      26.0078,
                                                                      44.487292
                                                                  ],
                                                                  [
                                                                      26.001475,
                                                                      44.491803
                                                                  ],
                                                                  [
                                                                      25.996957,
                                                                      44.493847
                                                                  ],
                                                                  [
                                                                      25.99605,
                                                                      44.498788
                                                                  ],
                                                                  [
                                                                      25.997559,
                                                                      44.500723
                                                                  ],
                                                                  [
                                                                      26.006596,
                                                                      44.519192
                                                                  ],
                                                                  [
                                                                      26.014231,
                                                                      44.526864
                                                                  ]
                                                              ],
                                                              [
                                                                  [
                                                                      26.014231,
                                                                      44.526864
                                                                  ],
                                                                  [
                                                                      26.017286,
                                                                      44.529932
                                                                  ],
                                                                  [
                                                                      26.061411,
                                                                      44.581224
                                                                  ],
                                                                  [
                                                                      26.065471,
                                                                      44.583157
                                                                  ],
                                                                  [
                                                                      26.120745,
                                                                      44.595811
                                                                  ],
                                                                  [
                                                                      26.136259,
                                                                      44.599457
                                                                  ],
                                                                  [
                                                                      26.202213,
                                                                      44.634619
                                                                  ],
                                                                  [
                                                                      26.20462,
                                                                      44.635476
                                                                  ],
                                                                  [
                                                                      26.293931,
                                                                      44.652087
                                                                  ],
                                                                  [
                                                                      26.457325,
                                                                      44.682721
                                                                  ],
                                                                  [
                                                                      26.460937,
                                                                      44.684325
                                                                  ],
                                                                  [
                                                                      26.467863,
                                                                      44.689466
                                                                  ],
                                                                  [
                                                                      26.5034,
                                                                      44.71505
                                                                  ],
                                                                  [
                                                                      26.529307,
                                                                      44.734096
                                                                  ],
                                                                  [
                                                                      26.533071,
                                                                      44.735698
                                                                  ],
                                                                  [
                                                                      26.536988,
                                                                      44.735914
                                                                  ],
                                                                  [
                                                                      26.541507,
                                                                      44.735698
                                                                  ],
                                                                  [
                                                                      26.557622,
                                                                      44.729603
                                                                  ],
                                                                  [
                                                                      26.582164,
                                                                      44.720827
                                                                  ],
                                                                  [
                                                                      26.584877,
                                                                      44.720291
                                                                  ],
                                                                  [
                                                                      26.587437,
                                                                      44.720189
                                                                  ],
                                                                  [
                                                                      26.625086,
                                                                      44.723827
                                                                  ],
                                                                  [
                                                                      26.629757,
                                                                      44.723502
                                                                  ],
                                                                  [
                                                                      26.648424,
                                                                      44.717189
                                                                  ],
                                                                  [
                                                                      26.658216,
                                                                      44.71355
                                                                  ],
                                                                  [
                                                                      26.664243,
                                                                      44.712695
                                                                  ],
                                                                  [
                                                                      26.669058,
                                                                      44.713448
                                                                  ],
                                                                  [
                                                                      26.675966,
                                                                      44.716965
                                                                  ]
                                                              ],
                                                              [
                                                                  [
                                                                      26.675966,
                                                                      44.716965
                                                                  ],
                                                                  [
                                                                      26.691947,
                                                                      44.72511
                                                                  ],
                                                                  [
                                                                      26.780575,
                                                                      44.77197
                                                                  ],
                                                                  [
                                                                      26.823649,
                                                                      44.794325
                                                                  ],
                                                                  [
                                                                      26.834645,
                                                                      44.799807
                                                                  ],
                                                                  [
                                                                      26.866436,
                                                                      44.81667
                                                                  ],
                                                                  [
                                                                      26.933873,
                                                                      44.851434
                                                                  ],
                                                                  [
                                                                      26.965368,
                                                                      44.867862
                                                                  ],
                                                                  [
                                                                      27.235132,
                                                                      45.006463
                                                                  ],
                                                                  [
                                                                      27.238105,
                                                                      45.009404
                                                                  ],
                                                                  [
                                                                      27.239291,
                                                                      45.012973
                                                                  ],
                                                                  [
                                                                      27.245112,
                                                                      45.072466
                                                                  ],
                                                                  [
                                                                      27.24654,
                                                                      45.075828
                                                                  ]
                                                              ]
                                                          ]
                                      }
                     },
                     {
                         "type":  "Feature",
                         "properties":  {
                                            "magistrala":  "M800",
                                            "nr_segmente":  3,
                                            "culoare":  "#C9B037",
                                            "stroke":  "#C9B037",
                                            "stroke-width":  3,
                                            "stroke-opacity":  0.95
                                        },
                         "geometry":  {
                                          "type":  "MultiLineString",
                                          "coordinates":  [
                                                              [
                                                                  [
                                                                      26.076314,
                                                                      44.485933
                                                                  ],
                                                                  [
                                                                      26.089717,
                                                                      44.488984
                                                                  ],
                                                                  [
                                                                      26.09243,
                                                                      44.489189
                                                                  ],
                                                                  [
                                                                      26.138783,
                                                                      44.483998
                                                                  ],
                                                                  [
                                                                      26.181992,
                                                                      44.478915
                                                                  ],
                                                                  [
                                                                      26.235756,
                                                                      44.4723
                                                                  ],
                                                                  [
                                                                      26.248728,
                                                                      44.470467
                                                                  ],
                                                                  [
                                                                      26.282531,
                                                                      44.465075
                                                                  ],
                                                                  [
                                                                      26.313766,
                                                                      44.4606
                                                                  ],
                                                                  [
                                                                      26.340859,
                                                                      44.458972
                                                                  ],
                                                                  [
                                                                      26.363101,
                                                                      44.45724
                                                                  ],
                                                                  [
                                                                      26.408601,
                                                                      44.456631
                                                                  ],
                                                                  [
                                                                      26.481472,
                                                                      44.455105
                                                                  ],
                                                                  [
                                                                      26.494731,
                                                                      44.452963
                                                                  ],
                                                                  [
                                                                      26.515842,
                                                                      44.450116
                                                                  ],
                                                                  [
                                                                      26.544507,
                                                                      44.445537
                                                                  ],
                                                                  [
                                                                      26.551352,
                                                                      44.444723
                                                                  ],
                                                                  [
                                                                      26.558907,
                                                                      44.444518
                                                                  ],
                                                                  [
                                                                      26.585434,
                                                                      44.447776
                                                                  ],
                                                                  [
                                                                      26.594417,
                                                                      44.447878
                                                                  ],
                                                                  [
                                                                      26.618519,
                                                                      44.449911
                                                                  ],
                                                                  [
                                                                      26.649888,
                                                                      44.445332
                                                                  ],
                                                                  [
                                                                      26.664154,
                                                                      44.443094
                                                                  ],
                                                                  [
                                                                      26.671286,
                                                                      44.443197
                                                                  ],
                                                                  [
                                                                      26.690825,
                                                                      44.44523
                                                                  ],
                                                                  [
                                                                      26.714495,
                                                                      44.447064
                                                                  ],
                                                                  [
                                                                      26.719912,
                                                                      44.447064
                                                                  ],
                                                                  [
                                                                      26.890188,
                                                                      44.43566
                                                                  ],
                                                                  [
                                                                      27.051058,
                                                                      44.43312
                                                                  ],
                                                                  [
                                                                      27.360231,
                                                                      44.427218
                                                                  ],
                                                                  [
                                                                      27.555462,
                                                                      44.423042
                                                                  ],
                                                                  [
                                                                      27.790623,
                                                                      44.417749
                                                                  ],
                                                                  [
                                                                      27.825999,
                                                                      44.417344
                                                                  ],
                                                                  [
                                                                      27.833122,
                                                                      44.416222
                                                                  ],
                                                                  [
                                                                      27.836832,
                                                                      44.412757
                                                                  ],
                                                                  [
                                                                      27.837686,
                                                                      44.410414
                                                                  ],
                                                                  [
                                                                      27.841539,
                                                                      44.392791
                                                                  ],
                                                                  [
                                                                      27.84268,
                                                                      44.386371
                                                                  ],
                                                                  [
                                                                      27.845537,
                                                                      44.3825
                                                                  ],
                                                                  [
                                                                      27.852095,
                                                                      44.38015
                                                                  ],
                                                                  [
                                                                      27.869064,
                                                                      44.376176
                                                                  ],
                                                                  [
                                                                      27.933096,
                                                                      44.360584
                                                                  ],
                                                                  [
                                                                      27.98315,
                                                                      44.347937
                                                                  ],
                                                                  [
                                                                      28.00939,
                                                                      44.341615
                                                                  ],
                                                                  [
                                                                      28.02308,
                                                                      44.338043
                                                                  ],
                                                                  [
                                                                      28.02494,
                                                                      44.336617
                                                                  ],
                                                                  [
                                                                      28.027078,
                                                                      44.331213
                                                                  ],
                                                                  [
                                                                      28.031354,
                                                                      44.321927
                                                                  ],
                                                                  [
                                                                      28.035064,
                                                                      44.317537
                                                                  ],
                                                                  [
                                                                      28.039627,
                                                                      44.315294
                                                                  ],
                                                                  [
                                                                      28.049607,
                                                                      44.314272
                                                                  ],
                                                                  [
                                                                      28.054314,
                                                                      44.312639
                                                                  ],
                                                                  [
                                                                      28.056596,
                                                                      44.309785
                                                                  ],
                                                                  [
                                                                      28.058312,
                                                                      44.30652
                                                                  ],
                                                                  [
                                                                      28.069433,
                                                                      44.29723
                                                                  ],
                                                                  [
                                                                      28.079701,
                                                                      44.281919
                                                                  ],
                                                                  [
                                                                      28.083411,
                                                                      44.27743
                                                                  ],
                                                                  [
                                                                      28.093247,
                                                                      44.273648
                                                                  ],
                                                                  [
                                                                      28.147587,
                                                                      44.265177
                                                                  ],
                                                                  [
                                                                      28.200488,
                                                                      44.261297
                                                                  ],
                                                                  [
                                                                      28.246985,
                                                                      44.254555
                                                                  ],
                                                                  [
                                                                      28.272937,
                                                                      44.251389
                                                                  ],
                                                                  [
                                                                      28.284921,
                                                                      44.250469
                                                                  ],
                                                                  [
                                                                      28.311583,
                                                                      44.250675
                                                                  ],
                                                                  [
                                                                      28.324276,
                                                                      44.251698
                                                                  ],
                                                                  [
                                                                      28.339682,
                                                                      44.251183
                                                                  ],
                                                                  [
                                                                      28.349375,
                                                                      44.248835
                                                                  ],
                                                                  [
                                                                      28.367341,
                                                                      44.237598
                                                                  ],
                                                                  [
                                                                      28.375193,
                                                                      44.232488
                                                                  ],
                                                                  [
                                                                      28.378454,
                                                                      44.227609
                                                                  ],
                                                                  [
                                                                      28.384921,
                                                                      44.221564
                                                                  ],
                                                                  [
                                                                      28.386278,
                                                                      44.217573
                                                                  ],
                                                                  [
                                                                      28.38688,
                                                                      44.213362
                                                                  ],
                                                                  [
                                                                      28.392611,
                                                                      44.193605
                                                                  ],
                                                                  [
                                                                      28.397875,
                                                                      44.179678
                                                                  ],
                                                                  [
                                                                      28.402394,
                                                                      44.174492
                                                                  ],
                                                                  [
                                                                      28.408718,
                                                                      44.172333
                                                                  ],
                                                                  [
                                                                      28.441551,
                                                                      44.168332
                                                                  ],
                                                                  [
                                                                      28.458116,
                                                                      44.164015
                                                                  ],
                                                                  [
                                                                      28.4792,
                                                                      44.163364
                                                                  ],
                                                                  [
                                                                      28.562024,
                                                                      44.161746
                                                                  ]
                                                              ],
                                                              [
                                                                  [
                                                                      26.03995,
                                                                      44.468229
                                                                  ],
                                                                  [
                                                                      26.039241,
                                                                      44.470056
                                                                  ],
                                                                  [
                                                                      26.04066,
                                                                      44.472095
                                                                  ],
                                                                  [
                                                                      26.044801,
                                                                      44.474941
                                                                  ],
                                                                  [
                                                                      26.054072,
                                                                      44.480639
                                                                  ],
                                                                  [
                                                                      26.061339,
                                                                      44.482267
                                                                  ],
                                                                  [
                                                                      26.076314,
                                                                      44.485933
                                                                  ]
                                                              ],
                                                              [
                                                                  [
                                                                      28.562024,
                                                                      44.161746
                                                                  ],
                                                                  [
                                                                      28.587177,
                                                                      44.165638
                                                                  ],
                                                                  [
                                                                      28.606751,
                                                                      44.16801
                                                                  ],
                                                                  [
                                                                      28.610821,
                                                                      44.167907
                                                                  ],
                                                                  [
                                                                      28.614136,
                                                                      44.170284
                                                                  ],
                                                                  [
                                                                      28.618654,
                                                                      44.171038
                                                                  ],
                                                                  [
                                                                      28.627233,
                                                                      44.17147
                                                                  ],
                                                                  [
                                                                      28.630099,
                                                                      44.169743
                                                                  ],
                                                                  [
                                                                      28.6307,
                                                                      44.166934
                                                                  ],
                                                                  [
                                                                      28.629793,
                                                                      44.164878
                                                                  ],
                                                                  [
                                                                      28.628589,
                                                                      44.163802
                                                                  ],
                                                                  [
                                                                      28.624826,
                                                                      44.161102
                                                                  ],
                                                                  [
                                                                      28.623469,
                                                                      44.156455
                                                                  ],
                                                                  [
                                                                      28.624224,
                                                                      44.150616
                                                                  ],
                                                                  [
                                                                      28.626182,
                                                                      44.141869
                                                                  ],
                                                                  [
                                                                      28.626784,
                                                                      44.140463
                                                                  ],
                                                                  [
                                                                      28.630853,
                                                                      44.13646
                                                                  ],
                                                                  [
                                                                      28.632353,
                                                                      44.133978
                                                                  ],
                                                                  [
                                                                      28.632353,
                                                                      44.130083
                                                                  ],
                                                                  [
                                                                      28.634015,
                                                                      44.124467
                                                                  ],
                                                                  [
                                                                      28.635066,
                                                                      44.113007
                                                                  ],
                                                                  [
                                                                      28.633108,
                                                                      44.110195
                                                                  ],
                                                                  [
                                                                      28.625284,
                                                                      44.107054
                                                                  ],
                                                                  [
                                                                      28.622265,
                                                                      44.104783
                                                                  ],
                                                                  [
                                                                      28.621969,
                                                                      44.098081
                                                                  ],
                                                                  [
                                                                      28.622571,
                                                                      44.0917
                                                                  ],
                                                                  [
                                                                      28.624224,
                                                                      44.080989
                                                                  ],
                                                                  [
                                                                      28.622723,
                                                                      44.07764
                                                                  ],
                                                                  [
                                                                      28.616543,
                                                                      44.069521
                                                                  ],
                                                                  [
                                                                      28.618807,
                                                                      44.062595
                                                                  ],
                                                                  [
                                                                      28.622867,
                                                                      44.060975
                                                                  ],
                                                                  [
                                                                      28.623927,
                                                                      44.057941
                                                                  ],
                                                                  [
                                                                      28.626937,
                                                                      44.057185
                                                                  ],
                                                                  [
                                                                      28.632964,
                                                                      44.057837
                                                                  ],
                                                                  [
                                                                      28.636423,
                                                                      44.057405
                                                                  ],
                                                                  [
                                                                      28.640043,
                                                                      44.053505
                                                                  ],
                                                                  [
                                                                      28.641399,
                                                                      44.04723
                                                                  ],
                                                                  [
                                                                      28.643501,
                                                                      44.041709
                                                                  ],
                                                                  [
                                                                      28.642145,
                                                                      44.038571
                                                                  ],
                                                                  [
                                                                      28.642747,
                                                                      44.034024
                                                                  ],
                                                                  [
                                                                      28.645307,
                                                                      44.031854
                                                                  ],
                                                                  [
                                                                      28.64546,
                                                                      44.0298
                                                                  ],
                                                                  [
                                                                      28.644103,
                                                                      44.02774
                                                                  ],
                                                                  [
                                                                      28.643501,
                                                                      44.025466
                                                                  ],
                                                                  [
                                                                      28.640798,
                                                                      44.023516
                                                                  ],
                                                                  [
                                                                      28.639288,
                                                                      44.013012
                                                                  ],
                                                                  [
                                                                      28.644256,
                                                                      44.002183
                                                                  ],
                                                                  [
                                                                      28.642603,
                                                                      43.9739
                                                                  ],
                                                                  [
                                                                      28.640941,
                                                                      43.968702
                                                                  ],
                                                                  [
                                                                      28.629802,
                                                                      43.950486
                                                                  ],
                                                                  [
                                                                      28.630404,
                                                                      43.94268
                                                                  ],
                                                                  [
                                                                      28.629048,
                                                                      43.933358
                                                                  ],
                                                                  [
                                                                      28.631311,
                                                                      43.924896
                                                                  ],
                                                                  [
                                                                      28.618205,
                                                                      43.90591
                                                                  ],
                                                                  [
                                                                      28.617307,
                                                                      43.903418
                                                                  ],
                                                                  [
                                                                      28.608719,
                                                                      43.89723
                                                                  ],
                                                                  [
                                                                      28.603446,
                                                                      43.885512
                                                                  ],
                                                                  [
                                                                      28.593358,
                                                                      43.871073
                                                                  ],
                                                                  [
                                                                      28.573181,
                                                                      43.856629
                                                                  ],
                                                                  [
                                                                      28.572732,
                                                                      43.855548
                                                                  ],
                                                                  [
                                                                      28.574385,
                                                                      43.836429
                                                                  ],
                                                                  [
                                                                      28.579209,
                                                                      43.826326
                                                                  ],
                                                                  [
                                                                      28.580413,
                                                                      43.821874
                                                                  ],
                                                                  [
                                                                      28.580413,
                                                                      43.817635
                                                                  ],
                                                                  [
                                                                      28.579056,
                                                                      43.816001
                                                                  ],
                                                                  [
                                                                      28.571978,
                                                                      43.813396
                                                                  ]
                                                              ]
                                                          ]
                                      }
                     }
                 ]
}